질문 ID,질문 문구,관심사 코드,관심사,레벨,상태,현재 Revision,현재 Revision 적용 시각,현재 Revision 노출,현재 Revision 답변,현재 Revision 답변율(%),현재 Revision 교체,현재 Revision 교체율(%),현재 Revision 미응답,전체 Revision 노출,전체 Revision 답변,전체 Revision 답변율(%),전체 Revision 교체,전체 Revision 미응답
43,"딱 한 권만 남길 수 있다면 어떤 책인가요?","PREFERENCE","취향",2,"ACTIVE",1,"2026-08-27T19:02:20.711831Z",5,0,0.0,5,100.0,0,5,0,0.0,5,0
347,"오늘 속으로 나를 가만히 안아준 적이 있다면, 어떤 순간이었나요?","EMOTION","감정",2,"ACTIVE",1,"2026-08-27T19:02:20.711831Z",5,0,0.0,5,100.0,0,5,0,0.0,5,0
38,"전시회에서 작품을 보는 나만의 방식이 있다면, 어떤 건가요?","PREFERENCE","취향",2,"ACTIVE",1,"2026-08-27T19:02:20.711831Z",4,0,0.0,4,100.0,0,4,0,0.0,4,0
602,"죽기 전에 꼭 해보고 싶은 건 무엇인가요?","VALUES","가치관",2,"ACTIVE",1,"2026-08-27T19:02:20.711831Z",4,0,0.0,4,100.0,0,4,0,0.0,4,0
798,"지금 아니면 못 갈 것 같다면, 여행과 커리어 중 뭐가 더 끌리나요?","VALUES","가치관",2,"ACTIVE",1,"2026-08-27T19:02:20.711831Z",4,0,0.0,4,100.0,0,4,0,0.0,4,0
23,"무인도에 딱 하나만 가져간다면 무엇인가요?","PREFERENCE","취향",2,"ACTIVE",1,"2026-08-27T19:02:20.711831Z",3,0,0.0,3,100.0,0,3,0,0.0,3,0
90,"지금 내가 가장 필요한 감정은 뭘까요?","EMOTION","감정",2,"ACTIVE",1,"2026-08-27T19:02:20.711831Z",3,0,0.0,3,100.0,0,3,0,0.0,3,0
99,"나에게 사랑이란 어떤 감정인가요?","EMOTION","감정",2,"ACTIVE",1,"2026-08-27T19:02:20.711831Z",3,0,0.0,3,100.0,0,3,0,0.0,3,0
127,"운동하기 싫을 때 나를 움직이게 하는 주문이 있다면, 어떤 건가요?","ROUTINE","루틴",2,"ACTIVE",1,"2026-08-27T19:02:20.711831Z",3,0,0.0,3,100.0,0,3,0,0.0,3,0
138,"새로운 취미를 시작할 때 거치는 과정이 있다면, 어떤 건가요?","ROUTINE","루틴",2,"ACTIVE",1,"2026-08-27T19:02:20.711831Z",3,0,0.0,3,100.0,0,3,0,0.0,3,0
167,"나랑 유머 코드가 가장 잘 맞는 사람은 누구인가요?","RELATIONSHIP","관계",1,"ACTIVE",1,"2026-08-27T19:02:20.711831Z",3,0,0.0,3,100.0,0,3,0,0.0,3,0
170,"나를 가장 잘 이해한다고 느끼는 사람은 누구인가요?","RELATIONSHIP","관계",2,"ACTIVE",1,"2026-08-27T19:02:20.711831Z",3,0,0.0,3,100.0,0,3,0,0.0,3,0
191,"나를 가장 힘들게 했던 인연은 누구였나요?","RELATIONSHIP","관계",2,"ACTIVE",1,"2026-08-27T19:02:20.711831Z",3,0,0.0,3,100.0,0,3,0,0.0,3,0
192,"사람들에게 듣고 싶은 진심 어린 말은 무엇인가요?","RELATIONSHIP","관계",2,"ACTIVE",1,"2026-08-27T19:02:20.711831Z",3,0,0.0,3,100.0,0,3,0,0.0,3,0
354,"오늘 하루 감정 그래프를 그리면 어떤 모양일까요?","EMOTION","감정",2,"ACTIVE",1,"2026-08-27T19:02:20.711831Z",3,0,0.0,3,100.0,0,3,0,0.0,3,0
412,"고마운 마음을 잘 표현하는 편인가요? ","EMOTION","감정",2,"ACTIVE",1,"2026-08-27T19:02:20.711831Z",3,0,0.0,3,100.0,0,3,0,0.0,3,0
434,"아침이나 저녁, 평소와 달랐던 순간은 언제였나요?","ROUTINE","루틴",2,"ACTIVE",1,"2026-08-27T19:02:20.711831Z",3,0,0.0,3,100.0,0,3,0,0.0,3,0
450,"집중이 안 될 때 나를 다시 잡아주는 나만의 방법이 있다면, 어떤 건가요?","ROUTINE","루틴",2,"ACTIVE",1,"2026-08-27T19:02:20.711831Z",3,0,0.0,3,100.0,0,3,0,0.0,3,0
453,"쉬고 있는데도 불안했던 적이 있다면, 그 불안은 어디에서 오는 걸까요?","ROUTINE","루틴",2,"ACTIVE",1,"2026-08-27T19:02:20.711831Z",3,0,0.0,3,100.0,0,3,0,0.0,3,0
536,"이번 주, 소중한 사람과 함께한 기억을 한 줄로 적어볼까요?","RELATIONSHIP","관계",2,"ACTIVE",1,"2026-08-27T19:02:20.711831Z",3,0,0.0,3,100.0,0,3,0,0.0,3,0
728,"나쁜 연애를 지속하는 삶과 평생 혼자 지내는 삶 중, 어떤 쪽이 더 낫다고 생각하시나요?","LOVE","사랑",2,"ACTIVE",1,"2026-08-27T19:02:20.711831Z",3,0,0.0,3,100.0,0,3,0,0.0,3,0
21,"남들은 모르지만 혼자 발견한 풍경이 있다면, 어떤 풍경인가요?","PREFERENCE","취향",2,"ACTIVE",1,"2026-08-27T19:02:20.711831Z",2,0,0.0,2,100.0,0,2,0,0.0,2,0
114,"하루 중 온전히 나만을 위해 쓰는 시간은 얼마나 되나요?","ROUTINE","루틴",2,"ACTIVE",1,"2026-08-27T19:02:20.711831Z",2,0,0.0,2,100.0,0,2,0,0.0,2,0
117,"새로운 루틴을 만들 때 가장 힘든 점은 무엇인가요?","ROUTINE","루틴",2,"ACTIVE",1,"2026-08-27T19:02:20.711831Z",2,0,0.0,2,100.0,0,2,0,0.0,2,0
121,"주말에 꼭 하는 일은 무엇인가요?","ROUTINE","루틴",2,"ACTIVE",1,"2026-08-27T19:02:20.711831Z",2,0,0.0,2,100.0,0,2,0,0.0,2,0
132,"중요한 일을 앞두고 지키는 징크스 같은 행동이 있다면, 어떤 건가요?","ROUTINE","루틴",2,"ACTIVE",1,"2026-08-27T19:02:20.711831Z",2,0,0.0,2,100.0,0,2,0,0.0,2,0
141,"지금의 습관이 10년 뒤 나를 어디로 데려갈까요?","ROUTINE","루틴",2,"ACTIVE",1,"2026-08-27T19:02:20.711831Z",2,0,0.0,2,100.0,0,2,0,0.0,2,0
150,"오늘 하루를 기록한다면 어떤 제목을 붙이고 싶나요?","ROUTINE","루틴",2,"ACTIVE",1,"2026-08-27T19:02:20.711831Z",2,0,0.0,2,100.0,0,2,0,0.0,2,0
155,"최근 누군가에게 받은 기분 좋은 문자는 무엇인가요?","RELATIONSHIP","관계",1,"ACTIVE",1,"2026-08-27T19:02:20.711831Z",2,0,0.0,2,100.0,0,2,0,0.0,2,0
157,"길에서 우연히 만나면 반가울 사람은 누구인가요?","RELATIONSHIP","관계",1,"ACTIVE",1,"2026-08-27T19:02:20.711831Z",2,0,0.0,2,100.0,0,2,0,0.0,2,0
183,"다투면 먼저 사과하는 편인가요? 사과할 때 나만의 방식이 있나요?","RELATIONSHIP","관계",2,"ACTIVE",1,"2026-08-27T19:02:20.711831Z",2,0,0.0,2,100.0,0,2,0,0.0,2,0
212,"좋아하는 사람에게 제일 먼저 보여주고 싶은 내 모습은 뭘까요?","LOVE","사랑",1,"ACTIVE",1,"2026-08-27T19:02:20.711831Z",2,0,0.0,2,100.0,0,2,0,0.0,2,0
214,"첫눈에 반한 적이 있다면, 어떤 느낌이었나요?","LOVE","사랑",2,"ACTIVE",1,"2026-08-27T19:02:20.711831Z",2,0,0.0,2,100.0,0,2,0,0.0,2,0
223,"사랑과 우정의 경계선은 어디라고 생각하나요?","LOVE","사랑",2,"ACTIVE",1,"2026-08-27T19:02:20.711831Z",2,0,0.0,2,100.0,0,2,0,0.0,2,0
289,"내가 가장 중요하게 생각하는 옮고 그름의 기준은 무엇인가요?","VALUES","가치관",2,"ACTIVE",1,"2026-08-27T19:02:20.711831Z",2,0,0.0,2,100.0,0,2,0,0.0,2,0
299,"인생의 마지막 날, 되돌아본다면 나에게 어떤 말을 할까요?","VALUES","가치관",2,"ACTIVE",1,"2026-08-27T19:02:20.711831Z",2,0,0.0,2,100.0,0,2,0,0.0,2,0
382,"가장 힘들었던 경험은 무엇이었나요?","EMOTION","감정",2,"ACTIVE",1,"2026-08-27T19:02:20.711831Z",2,0,0.0,2,100.0,0,2,0,0.0,2,0
388,"내 삶에서 가장 들키기 싫은 건 무엇인가요?","EMOTION","감정",2,"ACTIVE",1,"2026-08-27T19:02:20.711831Z",2,0,0.0,2,100.0,0,2,0,0.0,2,0
389,"감정을 숨기기 어려워하는 편인가요?","EMOTION","감정",2,"ACTIVE",1,"2026-08-27T19:02:20.711831Z",2,0,0.0,2,100.0,0,2,0,0.0,2,0
400,"혼자 울 때와 누군가 앞에서 울 때가 다른가요?","EMOTION","감정",2,"ACTIVE",1,"2026-08-27T19:02:20.711831Z",2,0,0.0,2,100.0,0,2,0,0.0,2,0
405,"걱정이 많은 편인가요? 요즘 가장 큰 걱정은 뭔가요?","EMOTION","감정",2,"ACTIVE",1,"2026-08-27T19:02:20.711831Z",2,0,0.0,2,100.0,0,2,0,0.0,2,0
435,"오늘 정리한 나의 생활이나 마음은 무엇이었나요?","ROUTINE","루틴",2,"ACTIVE",1,"2026-08-27T19:02:20.711831Z",2,0,0.0,2,100.0,0,2,0,0.0,2,0
465,"운동 전에 꼭 하는 루틴이 있다면, 어떤 건가요?","ROUTINE","루틴",2,"ACTIVE",1,"2026-08-27T19:02:20.711831Z",2,0,0.0,2,100.0,0,2,0,0.0,2,0
483,"꿈을 기록해본 적이 있다면, 어떤 경험이었나요?","ROUTINE","루틴",2,"ACTIVE",1,"2026-08-27T19:02:20.711831Z",2,0,0.0,2,100.0,0,2,0,0.0,2,0
487,"가장 귀찮은 루틴은 무엇인가요?","ROUTINE","루틴",1,"ACTIVE",1,"2026-08-27T19:02:20.711831Z",2,0,0.0,2,100.0,0,2,0,0.0,2,0
495,"오래된 관계와 새로운 관계 중 어디에 더 힘을 쓰나요?","RELATIONSHIP","관계",2,"ACTIVE",1,"2026-08-27T19:02:20.711831Z",2,0,0.0,2,100.0,0,2,0,0.0,2,0
515,"최근에 가장 기분 좋게 이야기를 나눈 사람은 누구인가요?","RELATIONSHIP","관계",1,"ACTIVE",1,"2026-08-27T19:02:20.711831Z",2,0,0.0,2,100.0,0,2,0,0.0,2,0
520,"나는 사람들에게 마음을 얼마나 열어두고 있나요?","RELATIONSHIP","관계",2,"ACTIVE",1,"2026-08-27T19:02:20.711831Z",2,0,0.0,2,100.0,0,2,0,0.0,2,0
529,"상대의 감정을 예민하게 읽어낸 순간이 있었나요?","RELATIONSHIP","관계",2,"ACTIVE",1,"2026-08-27T19:02:20.711831Z",2,0,0.0,2,100.0,0,2,0,0.0,2,0
548,"아버지와의 관계에 대해 어떻게 생각하나요?","RELATIONSHIP","관계",2,"ACTIVE",1,"2026-08-27T19:02:20.711831Z",2,0,0.0,2,100.0,0,2,0,0.0,2,0
588,"과거의 나에게 '괜찮아, 그럴 수 있어'라고 말해주고 싶은 순간이 있나요?","VALUES","가치관",2,"ACTIVE",1,"2026-08-27T19:02:20.711831Z",2,0,0.0,2,100.0,0,2,0,0.0,2,0
594,"성공은 어떤 의미인가요?","VALUES","가치관",2,"ACTIVE",1,"2026-08-27T19:02:20.711831Z",2,0,0.0,2,100.0,0,2,0,0.0,2,0
595,"꿈과 현실의 균형을 어떻게 맞추고 있나요?","VALUES","가치관",2,"ACTIVE",1,"2026-08-27T19:02:20.711831Z",2,0,0.0,2,100.0,0,2,0,0.0,2,0
607,"어떤 순간에 나를 더 안아주고 싶어지나요?","VALUES","가치관",2,"ACTIVE",1,"2026-08-27T19:02:20.711831Z",2,0,0.0,2,100.0,0,2,0,0.0,2,0
608,"채워지지 않는 결핍이 있다면 무엇인가요?","VALUES","가치관",2,"ACTIVE",1,"2026-08-27T19:02:20.711831Z",2,0,0.0,2,100.0,0,2,0,0.0,2,0
635,"지금 당장 감사하다고 말하고 싶은 단 한 가지는 무엇인가요?","VALUES","가치관",2,"ACTIVE",1,"2026-08-27T19:02:20.711831Z",2,0,0.0,2,100.0,0,2,0,0.0,2,0
640,"나의 생각과 삶의 태도에 가장 큰 변화를 준 사람은 누구인가요?","VALUES","가치관",2,"ACTIVE",1,"2026-08-27T19:02:20.711831Z",2,0,0.0,2,100.0,0,2,0,0.0,2,0
713,"널리 얕게 사랑받는 것과 미움받아도 깊은 관계 하나 중 뭐가 더 소중한가요?","RELATIONSHIP","관계",2,"ACTIVE",1,"2026-08-27T19:02:20.711831Z",2,0,0.0,2,100.0,0,2,0,0.0,2,0
715,"권위형 리더와 솔선수범형 리더 중 어느 쪽에 더 가깝나요?","RELATIONSHIP","관계",2,"ACTIVE",1,"2026-08-27T19:02:20.711831Z",2,0,0.0,2,100.0,0,2,0,0.0,2,0
716,"남의 운명을 좌우하는 것과 내 삶을 내 뜻대로 하는 것 중 뭐가 더 좋나요?","RELATIONSHIP","관계",2,"ACTIVE",1,"2026-08-27T19:02:20.711831Z",2,0,0.0,2,100.0,0,2,0,0.0,2,0
732,"돈 많고 성격 나쁜 사람과 가난해도 착한 사람 중 누가 더 끌리나요?","LOVE","사랑",2,"ACTIVE",1,"2026-08-27T19:02:20.711831Z",2,0,0.0,2,100.0,0,2,0,0.0,2,0
826,"아픈 진실을 말하는 것과 자비로운 거짓말을 하는 것 중 뭐가 더 옳은가요?","VALUES","가치관",2,"ACTIVE",1,"2026-08-27T19:02:20.711831Z",2,0,0.0,2,100.0,0,2,0,0.0,2,0
841,"거짓말을 알아채는 능력과 들키지 않는 능력 중 뭐가 더 탐나나요?","VALUES","가치관",2,"ACTIVE",1,"2026-08-27T19:02:20.711831Z",2,0,0.0,2,100.0,0,2,0,0.0,2,0
842,"꿈꾸던 일과 진정한 사랑 중 뭐가 더 이루고 싶나요?","VALUES","가치관",2,"ACTIVE",1,"2026-08-27T19:02:20.711831Z",2,0,0.0,2,100.0,0,2,0,0.0,2,0
843,"평범한 사람들 틈에서 돋보이는 삶과 천재들 틈에서 평범한 삶 중 뭐가 더 끌리나요?","VALUES","가치관",2,"ACTIVE",1,"2026-08-27T19:02:20.711831Z",2,0,0.0,2,100.0,0,2,0,0.0,2,0
863,"완전히 이해받는 것과 있는 그대로라도 받아들여지는 것 중 뭐가 더 필요한가요?","VALUES","가치관",2,"ACTIVE",1,"2026-08-27T19:02:20.711831Z",2,0,0.0,2,100.0,0,2,0,0.0,2,0
74,"최근에 느낀 감정 중 이름 붙이기 힘든 게 있었다면, 어떤 느낌이었나요?","EMOTION","감정",2,"ACTIVE",1,"2026-08-27T19:02:20.711831Z",1,0,0.0,1,100.0,0,1,0,0.0,1,0
100,"내 인생을 감정 한 줄로 요약하면 뭘까요?","EMOTION","감정",2,"ACTIVE",1,"2026-08-27T19:02:20.711831Z",1,0,0.0,1,100.0,0,1,0,0.0,1,0
120,"주말과 평일의 루틴 중 가장 큰 차이점은 무엇인가요?","ROUTINE","루틴",2,"ACTIVE",1,"2026-08-27T19:02:20.711831Z",1,0,0.0,1,100.0,0,1,0,0.0,1,0
130,"정리 정돈을 할 때 가장 먼저 하는 일은 무엇인가요?","ROUTINE","루틴",2,"ACTIVE",1,"2026-08-27T19:02:20.711831Z",1,0,0.0,1,100.0,0,1,0,0.0,1,0
133,"계절이 바뀔 때 집 안에서 바꾸는 게 있다면, 어떤 건가요?","ROUTINE","루틴",2,"ACTIVE",1,"2026-08-27T19:02:20.711831Z",1,0,0.0,1,100.0,0,1,0,0.0,1,0
140,"중요한 약속 전날 꼭 하는 준비가 있다면, 어떤 건가요?","ROUTINE","루틴",2,"ACTIVE",1,"2026-08-27T19:02:20.711831Z",1,0,0.0,1,100.0,0,1,0,0.0,1,0
145,"나에게 '규칙적인 하루'란 어떤 건가요?","ROUTINE","루틴",2,"ACTIVE",1,"2026-08-27T19:02:20.711831Z",1,0,0.0,1,100.0,0,1,0,0.0,1,0
149,"일상을 꾸려간다는 게 나에게 어떤 의미인가요?","ROUTINE","루틴",2,"ACTIVE",1,"2026-08-27T19:02:20.711831Z",1,0,0.0,1,100.0,0,1,0,0.0,1,0
159,"요즘 새로 알게 된 사람 중 호감이 가는 사람이 있다면, 어떤 점이 끌리나요?","RELATIONSHIP","관계",2,"ACTIVE",1,"2026-08-27T19:02:20.711831Z",1,0,0.0,1,100.0,0,1,0,0.0,1,0
162,"처음 만난 사람과 어색함을 풀기 위해 주로 어떤 말을 하나요?","RELATIONSHIP","관계",1,"ACTIVE",1,"2026-08-27T19:02:20.711831Z",1,0,0.0,1,100.0,0,1,0,0.0,1,0
175,"나를 힘들게 하는 사람과 거리를 두는 방법이 있다면, 어떤 건가요?","RELATIONSHIP","관계",2,"ACTIVE",1,"2026-08-27T19:02:20.711831Z",1,0,0.0,1,100.0,0,1,0,0.0,1,0
178,"나를 성장하게 한 인연이 있다면 누구인가요?","RELATIONSHIP","관계",2,"ACTIVE",1,"2026-08-27T19:02:20.711831Z",1,0,0.0,1,100.0,0,1,0,0.0,1,0
186,"나를 믿어주는 사람들의 공통점은 무엇인가요?","RELATIONSHIP","관계",2,"ACTIVE",1,"2026-08-27T19:02:20.711831Z",1,0,0.0,1,100.0,0,1,0,0.0,1,0
193,"누군가에게 배운 삶의 자세가 있다면 무엇인가요?","RELATIONSHIP","관계",2,"ACTIVE",1,"2026-08-27T19:02:20.711831Z",1,0,0.0,1,100.0,0,1,0,0.0,1,0
198,"진심이 통했다고 느꼈던 특별한 순간은 언제인가요?","RELATIONSHIP","관계",2,"ACTIVE",1,"2026-08-27T19:02:20.711831Z",1,0,0.0,1,100.0,0,1,0,0.0,1,0
199,"나를 진심으로 아껴주는 사람들의 행동은 무엇인가요?","RELATIONSHIP","관계",2,"ACTIVE",1,"2026-08-27T19:02:20.711831Z",1,0,0.0,1,100.0,0,1,0,0.0,1,0
204,"사람들과 헤어지고 집에 가는 길에 드는 생각은 무엇인가요?","RELATIONSHIP","관계",2,"ACTIVE",1,"2026-08-27T19:02:20.711831Z",1,0,0.0,1,100.0,0,1,0,0.0,1,0
209,"사람 사이의 진심은 언제 확인된다고 생각하나요?","RELATIONSHIP","관계",2,"ACTIVE",1,"2026-08-27T19:02:20.711831Z",1,0,0.0,1,100.0,0,1,0,0.0,1,0
216,"좋아하는 사람의 외모에서 끌리는 포인트는 무엇인가요?","LOVE","사랑",2,"ACTIVE",1,"2026-08-27T19:02:20.711831Z",1,0,0.0,1,100.0,0,1,0,0.0,1,0
231,"나만의 독특한 연애관이 있다면 무엇인가요?","LOVE","사랑",2,"ACTIVE",1,"2026-08-27T19:02:20.711831Z",1,0,0.0,1,100.0,0,1,0,0.0,1,0
243,"사랑에 빠졌을 때 가장 두려운 건 뭘까요?","LOVE","사랑",2,"ACTIVE",1,"2026-08-27T19:02:20.711831Z",1,0,0.0,1,100.0,0,1,0,0.0,1,0
247,"사랑하는 사람에게 끝내 하지 못한 말이 있다면, 어떤 말인가요?","LOVE","사랑",2,"ACTIVE",1,"2026-08-27T19:02:20.711831Z",1,0,0.0,1,100.0,0,1,0,0.0,1,0
257,"내가 생각하는 '부자'의 기준은 무엇인가요?","VALUES","가치관",2,"ACTIVE",1,"2026-08-27T19:02:20.711831Z",1,0,0.0,1,100.0,0,1,0,0.0,1,0
268,"나에게 '시간'은 어떤 의미인가요?","VALUES","가치관",2,"ACTIVE",1,"2026-08-27T19:02:20.711831Z",1,0,0.0,1,100.0,0,1,0,0.0,1,0
280,"요즘 나의 일상 균형은 잘 맞고 있나요? 어느 쪽으로 기울어져 있나요?","VALUES","가치관",2,"ACTIVE",1,"2026-08-27T19:02:20.711831Z",1,0,0.0,1,100.0,0,1,0,0.0,1,0
281,"나에게 '가족'이란 어떤 존재인가요?","VALUES","가치관",2,"ACTIVE",1,"2026-08-27T19:02:20.711831Z",1,0,0.0,1,100.0,0,1,0,0.0,1,0
285,"돈으로 살 수 없는 것 중 가장 아끼는 건 무엇인가요?","VALUES","가치관",2,"ACTIVE",1,"2026-08-27T19:02:20.711831Z",1,0,0.0,1,100.0,0,1,0,0.0,1,0
294,"억울한 일을 당했을 때 나는 어떻게 대처하나요?","VALUES","가치관",2,"ACTIVE",1,"2026-08-27T19:02:20.711831Z",1,0,0.0,1,100.0,0,1,0,0.0,1,0
336,"오늘 내 복잡한 마음을 잠시 쉬게 해준 건 무엇이었나요?","PREFERENCE","취향",2,"ACTIVE",1,"2026-08-27T19:02:20.711831Z",1,0,0.0,1,100.0,0,1,0,0.0,1,0
421,"지하철이나 버스에서 주로 무엇을 하며 시간을 보내나요?","ROUTINE","루틴",1,"ACTIVE",1,"2026-08-27T19:02:20.711831Z",1,0,0.0,1,100.0,0,1,0,0.0,1,0
425,"오늘 아무 생각 없이 기계적으로 반복한 행동은 무엇인가요?","ROUTINE","루틴",2,"ACTIVE",1,"2026-08-27T19:02:20.711831Z",1,0,0.0,1,100.0,0,1,0,0.0,1,0
428,"계속 미루고 있는 일 하나를 지금 꺼낸다면 무엇인가요?","ROUTINE","루틴",2,"ACTIVE",1,"2026-08-27T19:02:20.711831Z",1,0,0.0,1,100.0,0,1,0,0.0,1,0
430,"오늘 조금 과하다 싶었던 나의 행동은 무엇이었나요?","ROUTINE","루틴",2,"ACTIVE",1,"2026-08-27T19:02:20.711831Z",1,0,0.0,1,100.0,0,1,0,0.0,1,0
449,"타이머나 시간 관리 도구를 쓰나요?","ROUTINE","루틴",2,"ACTIVE",1,"2026-08-27T19:02:20.711831Z",1,0,0.0,1,100.0,0,1,0,0.0,1,0
454,"잘하고 싶은 마음 vs 해야 하는 마음, 뭐가 더 크나요?","ROUTINE","루틴",2,"ACTIVE",1,"2026-08-27T19:02:20.711831Z",1,0,0.0,1,100.0,0,1,0,0.0,1,0
461,"누군가 내 방에 오면 신경 쓰이나요?","ROUTINE","루틴",2,"ACTIVE",1,"2026-08-27T19:02:20.711831Z",1,0,0.0,1,100.0,0,1,0,0.0,1,0
470,"운동 목표가 있다면, 어떤 목표인가요?","ROUTINE","루틴",2,"ACTIVE",1,"2026-08-27T19:02:20.711831Z",1,0,0.0,1,100.0,0,1,0,0.0,1,0
476,"소비 습관 중 바꾸고 싶은 게 있다면, 어떤 건가요?","ROUTINE","루틴",2,"ACTIVE",1,"2026-08-27T19:02:20.711831Z",1,0,0.0,1,100.0,0,1,0,0.0,1,0
480,"10년 후 나의 경제적 모습은 어떨 것 같나요?","ROUTINE","루틴",2,"ACTIVE",1,"2026-08-27T19:02:20.711831Z",1,0,0.0,1,100.0,0,1,0,0.0,1,0
481,"지금 구독하고 있는 서비스는 무엇이 있나요?","ROUTINE","루틴",2,"ACTIVE",1,"2026-08-27T19:02:20.711831Z",1,0,0.0,1,100.0,0,1,0,0.0,1,0
485,"밤에 갑자기 마음이 무거워진 적이 있다면, 어떤 생각이 찾아왔나요?","ROUTINE","루틴",2,"ACTIVE",1,"2026-08-27T19:02:20.711831Z",1,0,0.0,1,100.0,0,1,0,0.0,1,0
488,"이불 속에서 눈을 감으면 가장 먼저 떠오르는 생각은 뭔가요?","ROUTINE","루틴",2,"ACTIVE",1,"2026-08-27T19:02:20.711831Z",1,0,0.0,1,100.0,0,1,0,0.0,1,0
489,"생각할 틈도 없이 자동으로 나오는 나만의 반응이 있다면, 어떤 건가요?","ROUTINE","루틴",2,"ACTIVE",1,"2026-08-27T19:02:20.711831Z",1,0,0.0,1,100.0,0,1,0,0.0,1,0
494,"친한 친구가 큰 잘못을 하고 숨겨달라고 하면 어떻게 할 것 같나요?","RELATIONSHIP","관계",2,"ACTIVE",1,"2026-08-27T19:02:20.711831Z",1,0,0.0,1,100.0,0,1,0,0.0,1,0
497,"관계에서 주고받는 것의 균형을 중요하게 생각하나요?","RELATIONSHIP","관계",2,"ACTIVE",1,"2026-08-27T19:02:20.711831Z",1,0,0.0,1,100.0,0,1,0,0.0,1,0
503,"관계가 자연스럽게 멀어질 때 어떻게 행동하나요?","RELATIONSHIP","관계",2,"ACTIVE",1,"2026-08-27T19:02:20.711831Z",1,0,0.0,1,100.0,0,1,0,0.0,1,0
508,"오래 알았는데 멀어진 사람이 있다면, 어떤 사이였나요?","RELATIONSHIP","관계",2,"ACTIVE",1,"2026-08-27T19:02:20.711831Z",1,0,0.0,1,100.0,0,1,0,0.0,1,0
513,"외로움이 무서워서 관계를 유지한 적이 있다면, 어떤 관계였나요?","RELATIONSHIP","관계",2,"ACTIVE",1,"2026-08-27T19:02:20.711831Z",1,0,0.0,1,100.0,0,1,0,0.0,1,0
523,"사람들과 이야기할 때 나는 사실 무엇을 원하나요?","RELATIONSHIP","관계",2,"ACTIVE",1,"2026-08-27T19:02:20.711831Z",1,0,0.0,1,100.0,0,1,0,0.0,1,0
525,"오늘 누군가에게 미안한 마음이 가볍게 스쳤나요?","RELATIONSHIP","관계",2,"ACTIVE",1,"2026-08-27T19:02:20.711831Z",1,0,0.0,1,100.0,0,1,0,0.0,1,0
531,"오늘 내가 누군가를 소리 내어 웃게 만들었나요?","RELATIONSHIP","관계",1,"ACTIVE",1,"2026-08-27T19:02:20.711831Z",1,0,0.0,1,100.0,0,1,0,0.0,1,0
535,"지금 이 순간, 문득 생각나서 연락하고 싶은 사람은 누구인가요?","RELATIONSHIP","관계",2,"ACTIVE",1,"2026-08-27T19:02:20.711831Z",1,0,0.0,1,100.0,0,1,0,0.0,1,0
543,"주변 사람을 덕질해 본 적이 있다면, 누구였나요?","RELATIONSHIP","관계",2,"ACTIVE",1,"2026-08-27T19:02:20.711831Z",1,0,0.0,1,100.0,0,1,0,0.0,1,0
551,"친한 친구가 된다면 그 사람이 알아야 할 중요한 사항은 무엇인가요?","RELATIONSHIP","관계",2,"ACTIVE",1,"2026-08-27T19:02:20.711831Z",1,0,0.0,1,100.0,0,1,0,0.0,1,0
552,"어린 시절이 행복했다고 느끼나요?","RELATIONSHIP","관계",2,"ACTIVE",1,"2026-08-27T19:02:20.711831Z",1,0,0.0,1,100.0,0,1,0,0.0,1,0
578,"나에게 좀 더 다정해지고 싶은 순간이 있나요?","VALUES","가치관",2,"ACTIVE",1,"2026-08-27T19:02:20.711831Z",1,0,0.0,1,100.0,0,1,0,0.0,1,0
581,"내가 틀렸다는 걸 인정하기 어려운 주제가 있다면 무엇인가요?","VALUES","가치관",2,"ACTIVE",1,"2026-08-27T19:02:20.711831Z",1,0,0.0,1,100.0,0,1,0,0.0,1,0
582,"내 한계를 인정하는 게 쉬운가요, 어려운가요?","VALUES","가치관",2,"ACTIVE",1,"2026-08-27T19:02:20.711831Z",1,0,0.0,1,100.0,0,1,0,0.0,1,0
591,"잊고 싶은 기억이 있다면, 어떤 종류의 기억인가요?","VALUES","가치관",2,"ACTIVE",1,"2026-08-27T19:02:20.711831Z",1,0,0.0,1,100.0,0,1,0,0.0,1,0
613,"예전엔 중요했는데 지금은 중요하지 않은 것이 있다면 무엇인가요?","VALUES","가치관",2,"ACTIVE",1,"2026-08-27T19:02:20.711831Z",1,0,0.0,1,100.0,0,1,0,0.0,1,0
618,"예전보다 조심스러워진 부분이 있다면, 어떤 건가요?","VALUES","가치관",2,"ACTIVE",1,"2026-08-27T19:02:20.711831Z",1,0,0.0,1,100.0,0,1,0,0.0,1,0
619,"확신이 무너졌던 경험이 있다면, 어떤 일이었나요?","VALUES","가치관",2,"ACTIVE",1,"2026-08-27T19:02:20.711831Z",1,0,0.0,1,100.0,0,1,0,0.0,1,0
622,"요즘 내 인생에서 과감히 덜어내기로 한 것은 무엇인가요?","VALUES","가치관",2,"ACTIVE",1,"2026-08-27T19:02:20.711831Z",1,0,0.0,1,100.0,0,1,0,0.0,1,0
628,"오늘 누구의 눈치도 보지 않고 오직 내 마음대로 정한 건 무엇인가요?","VALUES","가치관",2,"ACTIVE",1,"2026-08-27T19:02:20.711831Z",1,0,0.0,1,100.0,0,1,0,0.0,1,0
629,"예전에는 당연했는데 지금은 다르게 보이는 것이 있다면, 어떤 건가요?","VALUES","가치관",2,"ACTIVE",1,"2026-08-27T19:02:20.711831Z",1,0,0.0,1,100.0,0,1,0,0.0,1,0
637,"나를 키우는 가장 나다운 성장 방식은 무엇인가요?","VALUES","가치관",2,"ACTIVE",1,"2026-08-27T19:02:20.711831Z",1,0,0.0,1,100.0,0,1,0,0.0,1,0
650,"어떤 방식으로 유명해지고 싶나요?","VALUES","가치관",2,"ACTIVE",1,"2026-08-27T19:02:20.711831Z",1,0,0.0,1,100.0,0,1,0,0.0,1,0
656,"세상을 더 따뜻하게 만들기 위해서 하고 싶은 일은 무엇인가요?","VALUES","가치관",2,"ACTIVE",1,"2026-08-27T19:02:20.711831Z",1,0,0.0,1,100.0,0,1,0,0.0,1,0
657,"이 세상에서 가장 부러운 사람은 누구인가요?","VALUES","가치관",2,"ACTIVE",1,"2026-08-27T19:02:20.711831Z",1,0,0.0,1,100.0,0,1,0,0.0,1,0
659,"어떤 상황에서도 절대 하지 않을 것 같은 한 가지 일은 무엇인가요?","VALUES","가치관",2,"ACTIVE",1,"2026-08-27T19:02:20.711831Z",1,0,0.0,1,100.0,0,1,0,0.0,1,0
675,"감정을 강렬하게 느끼는 것과 잔잔하게 한결같이 느끼는 것 중 뭐가 더 나다운가요?","EMOTION","감정",2,"ACTIVE",1,"2026-08-27T19:02:20.711831Z",1,0,0.0,1,100.0,0,1,0,0.0,1,0
681,"복잡해도 빠른 출근길과 여유롭지만 긴 출근길 중 뭐가 더 나은가요?","ROUTINE","루틴",1,"ACTIVE",1,"2026-08-27T19:02:20.711831Z",1,0,0.0,1,100.0,0,1,0,0.0,1,0
696,"삶에서 일과 가족 중 뭐가 더 우선인가요?","RELATIONSHIP","관계",2,"ACTIVE",1,"2026-08-27T19:02:20.711831Z",1,0,0.0,1,100.0,0,1,0,0.0,1,0
700,"너무 솔직해서 상처받는 친구 그룹과 불편한 주제를 피하는 친구 그룹 중 뭐가 더 좋은가요?","RELATIONSHIP","관계",2,"ACTIVE",1,"2026-08-27T19:02:20.711831Z",1,0,0.0,1,100.0,0,1,0,0.0,1,0
703,"늘 들어주는 역할과 늘 털어놓는 역할 중 뭐가 더 편한가요?","RELATIONSHIP","관계",2,"ACTIVE",1,"2026-08-27T19:02:20.711831Z",1,0,0.0,1,100.0,0,1,0,0.0,1,0
706,"인성은 아쉽지만 능력 좋은 동료와 인성 좋지만 인성은 아쉬운 동료 중 누구와 함께하고 싶나요?","RELATIONSHIP","관계",2,"ACTIVE",1,"2026-08-27T19:02:20.711831Z",1,0,0.0,1,100.0,0,1,0,0.0,1,0
710,"어려울 때 먼저 떠오르는 친구와 기쁠 때 먼저 생각나는 친구 중 어느 쪽이 되고 싶나요?","RELATIONSHIP","관계",1,"ACTIVE",1,"2026-08-27T19:02:20.711831Z",1,0,0.0,1,100.0,0,1,0,0.0,1,0
714,"아무 문제 없는 세상과 내가 다스리는 세상 중 뭐가 더 좋은가요?","RELATIONSHIP","관계",2,"ACTIVE",1,"2026-08-27T19:02:20.711831Z",1,0,0.0,1,100.0,0,1,0,0.0,1,0
719,"연애할 때 외모와 유머 감각 중 뭐가 더 중요한가요?","LOVE","사랑",1,"ACTIVE",1,"2026-08-27T19:02:20.711831Z",1,0,0.0,1,100.0,0,1,0,0.0,1,0
739,"단짝 같은 연인과 매력적이지만 거리감이 있는 연인 중 누가 더 끌리나요?","LOVE","사랑",2,"ACTIVE",1,"2026-08-27T19:02:20.711831Z",1,0,0.0,1,100.0,0,1,0,0.0,1,0
745,"퇴사 못 하는 회사에서 월 600을 버는 것과 백수로 지내며 월 200을 받는 것 중 뭐가 더 나은가요?","VALUES","가치관",2,"ACTIVE",1,"2026-08-27T19:02:20.711831Z",1,0,0.0,1,100.0,0,1,0,0.0,1,0
766,"10년만 버티고 은퇴하는 끔찍한 일과 평생 할 꿈의 직업 중 뭐가 더 나은가요?","VALUES","가치관",2,"ACTIVE",1,"2026-08-27T19:02:20.711831Z",1,0,0.0,1,100.0,0,1,0,0.0,1,0
771,"유명해지는 부와 조용한 부 중 뭐가 더 편안한가요?","VALUES","가치관",1,"ACTIVE",1,"2026-08-27T19:02:20.711831Z",1,0,0.0,1,100.0,0,1,0,0.0,1,0
786,"여러 분야를 두루 하는 것과 한 우물 파는 것 중 뭐가 더 나에게 맞나요?","VALUES","가치관",1,"ACTIVE",1,"2026-08-27T19:02:20.711831Z",1,0,0.0,1,100.0,0,1,0,0.0,1,0
805,"일 안 해도 빠듯한 삶과 힘들어도 여유로운 삶 중 뭐가 더 나은가요?","VALUES","가치관",2,"ACTIVE",1,"2026-08-27T19:02:20.711831Z",1,0,0.0,1,100.0,0,1,0,0.0,1,0
807,"야근 잦은 회사와 강도 높아도 칼퇴하는 회사 중 뭐가 더 끌리나요?","VALUES","가치관",2,"ACTIVE",1,"2026-08-27T19:02:20.711831Z",1,0,0.0,1,100.0,0,1,0,0.0,1,0
808,"적은 월급에 좋아하는 일과 고액 연봉에 싫은 일 중 뭐가 더 만족스러운가요?","VALUES","가치관",2,"ACTIVE",1,"2026-08-27T19:02:20.711831Z",1,0,0.0,1,100.0,0,1,0,0.0,1,0
811,"평생 야근하는 것과 연봉이 동결되는 것 중 뭐가 더 견딜 만한가요?","VALUES","가치관",2,"ACTIVE",1,"2026-08-27T19:02:20.711831Z",1,0,0.0,1,100.0,0,1,0,0.0,1,0
814,"죽어서 기억되는 것과 살아서 사랑받는 것 중 뭐가 더 소중한가요?","VALUES","가치관",2,"ACTIVE",1,"2026-08-27T19:02:20.711831Z",1,0,0.0,1,100.0,0,1,0,0.0,1,0
828,"무고한 사람을 벌하는 것과 죄인을 풀어주는 것 중 뭐가 더 나은가요?","VALUES","가치관",2,"ACTIVE",1,"2026-08-27T19:02:20.711831Z",1,0,0.0,1,100.0,0,1,0,0.0,1,0
830,"결과를 미리 아는 것과 모른 채 결정하는 것 중 뭐가 더 나은가요?","VALUES","가치관",2,"ACTIVE",1,"2026-08-27T19:02:20.711831Z",1,0,0.0,1,100.0,0,1,0,0.0,1,0
839,"생각을 표현 못 하는 것과 조롱받는 것 중 뭐가 더 힘든가요?","VALUES","가치관",2,"ACTIVE",1,"2026-08-27T19:02:20.711831Z",1,0,0.0,1,100.0,0,1,0,0.0,1,0
844,"하나를 잃어야 한다면, 말하는 능력과 읽는 능력 중 뭐가 덜 아깝나요?","VALUES","가치관",2,"ACTIVE",1,"2026-08-27T19:02:20.711831Z",1,0,0.0,1,100.0,0,1,0,0.0,1,0
846,"웃긴 사람과 똑똑한 사람 중 누가 더 끌리나요?","VALUES","가치관",1,"ACTIVE",1,"2026-08-27T19:02:20.711831Z",1,0,0.0,1,100.0,0,1,0,0.0,1,0
848,"다른 삶으로 태어나는 것과 기억을 지킨 채 환생하는 것 중 뭐가 더 하고 싶나요?","VALUES","가치관",2,"ACTIVE",1,"2026-08-27T19:02:20.711831Z",1,0,0.0,1,100.0,0,1,0,0.0,1,0
850,"초능력이 생긴다면, 결정을 되돌리는 힘과 시간을 멈추는 힘 중 뭐가 더 탐나나요?","VALUES","가치관",1,"ACTIVE",1,"2026-08-27T19:02:20.711831Z",1,0,0.0,1,100.0,0,1,0,0.0,1,0
860,"수백 명이 깊이 읽는 것과 수백만 명이 스치듯 읽는 것 중 뭐가 더 뿌듯한가요?","VALUES","가치관",2,"ACTIVE",1,"2026-08-27T19:02:20.711831Z",1,0,0.0,1,100.0,0,1,0,0.0,1,0
861,"가난해도 행복한 삶과 부유해도 불행한 삶 중 뭐가 더 나은가요?","VALUES","가치관",2,"ACTIVE",1,"2026-08-27T19:02:20.711831Z",1,0,0.0,1,100.0,0,1,0,0.0,1,0
865,"도전과 안정 중 지금 뭐가 더 끌리나요?","VALUES","가치관",2,"ACTIVE",1,"2026-08-27T19:02:20.711831Z",1,0,0.0,1,100.0,0,1,0,0.0,1,0
866,"가짜 모습으로 사랑받는 것과 미움받아도 진짜 나로 사는 것 중 뭐가 더 끌리나요?","VALUES","가치관",2,"ACTIVE",1,"2026-08-27T19:02:20.711831Z",1,0,0.0,1,100.0,0,1,0,0.0,1,0
875,"선택지가 너무 많은 것과 하나의 길만 걷는 것 중 뭐가 더 답답한가요?","VALUES","가치관",2,"ACTIVE",1,"2026-08-27T19:02:20.711831Z",1,0,0.0,1,100.0,0,1,0,0.0,1,0
335,"오늘 쓴 돈이나 시간 중 가심비 최고였던 건 무엇이었나요?","PREFERENCE","취향",2,"ACTIVE",1,"2026-08-27T19:02:20.711831Z",7,1,14.3,6,85.7,0,7,1,14.3,6,0
93,"내가 세상에 태어나길 잘했다고 느낀 순간이 있다면, 어떤 때였나요?","EMOTION","감정",2,"ACTIVE",1,"2026-08-27T19:02:20.711831Z",6,0,0.0,5,83.3,1,6,0,0.0,5,1
350,"몸과 마음이 기분 좋게 늘어진 순간이 있었나요?","EMOTION","감정",2,"ACTIVE",1,"2026-08-27T19:02:20.711831Z",6,1,16.7,5,83.3,0,6,1,16.7,5,0
357,"축 처져 있다가 기분이 다시 살아난 계기가 있다면, 어떤 건가요?","EMOTION","감정",2,"ACTIVE",1,"2026-08-27T19:02:20.711831Z",6,1,16.7,5,83.3,0,6,1,16.7,5,0
386,"지금 겪고 있는 힘든 일이 있다면 무엇인가요?","EMOTION","감정",2,"ACTIVE",1,"2026-08-27T19:02:20.711831Z",6,1,16.7,5,83.3,0,6,1,16.7,5,0
338,"오늘 새롭게 알게 된 것 중 더 궁금해진 건 무엇이었나요?","PREFERENCE","취향",2,"ACTIVE",1,"2026-08-27T19:02:20.711831Z",10,1,10.0,8,80.0,1,10,1,10.0,8,1
50,"예전엔 좋아했는데 지금은 아닌 취향이 있다면, 어떤 건가요?","PREFERENCE","취향",2,"ACTIVE",1,"2026-08-27T19:02:20.711831Z",5,0,0.0,4,80.0,1,5,0,0.0,4,1
56,"오늘 나를 기운 나게 한 말은 무엇인가요?","EMOTION","감정",1,"ACTIVE",1,"2026-08-27T19:02:20.711831Z",5,1,20.0,4,80.0,0,5,1,20.0,4,0
67,"최근에 질투를 느꼈던 순간이 있다면 어떤 상황이었나요?","EMOTION","감정",2,"ACTIVE",1,"2026-08-27T19:02:20.711831Z",5,1,20.0,4,80.0,0,5,1,20.0,4,0
84,"남에게 말하지 못한 비밀스러운 걱정이 있다면, 어떤 건가요?","EMOTION","감정",2,"ACTIVE",1,"2026-08-27T19:02:20.711831Z",5,1,20.0,4,80.0,0,5,1,20.0,4,0
110,"하루를 시작할 때 듣는 음악 장르가 있다면, 어떤 장르인가요?","ROUTINE","루틴",2,"ACTIVE",1,"2026-08-27T19:02:20.711831Z",5,1,20.0,4,80.0,0,5,1,20.0,4,0
129,"기념일에 반복적으로 하는 일이 있다면, 어떤 건가요?","ROUTINE","루틴",2,"ACTIVE",1,"2026-08-27T19:02:20.711831Z",5,1,20.0,4,80.0,0,5,1,20.0,4,0
219,"사랑하는 사람의 습관 중 귀여운 점이 있다면, 어떤 건가요?","LOVE","사랑",2,"ACTIVE",1,"2026-08-27T19:02:20.711831Z",5,1,20.0,4,80.0,0,5,1,20.0,4,0
471,"나만의 작은 성취를 기록하는 방식이 있다면, 어떤 건가요?","ROUTINE","루틴",2,"ACTIVE",1,"2026-08-27T19:02:20.711831Z",5,1,20.0,4,80.0,0,5,1,20.0,4,0
315,"나만의 공부 스타일이 있다면, 어떤 건가요?","PREFERENCE","취향",2,"ACTIVE",1,"2026-08-27T19:02:20.711831Z",8,2,25.0,6,75.0,0,8,2,25.0,6,0
11,"최근 새로 시도해서 재밌던 일은 무엇인가요?","PREFERENCE","취향",2,"ACTIVE",1,"2026-08-27T19:02:20.711831Z",4,1,25.0,3,75.0,0,4,1,25.0,3,0
61,"최근 나를 가장 답답하게 만든 일은 무엇인가요?","EMOTION","감정",2,"ACTIVE",1,"2026-08-27T19:02:20.711831Z",4,1,25.0,3,75.0,0,4,1,25.0,3,0
73,"남들 시선을 많이 신경 쓰는 편인가요? 어떤 상황에서 특히 그런가요?","EMOTION","감정",2,"ACTIVE",1,"2026-08-27T19:02:20.711831Z",4,1,25.0,3,75.0,0,4,1,25.0,3,0
87,"다른 사람을 보며 멋지다고 느끼는 포인트는 무엇인가요?","EMOTION","감정",2,"ACTIVE",1,"2026-08-27T19:02:20.711831Z",4,1,25.0,3,75.0,0,4,1,25.0,3,0
94,"가장 힘들었던 순간에서 배운게 있다면 무엇인가요?","EMOTION","감정",2,"ACTIVE",1,"2026-08-27T19:02:20.711831Z",4,1,25.0,3,75.0,0,4,1,25.0,3,0
119,"내가 지키는 습관 중 남들에게 추천하고 싶은 게 있다면, 어떤 건가요?","ROUTINE","루틴",2,"ACTIVE",1,"2026-08-27T19:02:20.711831Z",4,1,25.0,3,75.0,0,4,1,25.0,3,0
293,"나의 인생을 한 단어로 표현한다면 무엇인가요?","VALUES","가치관",2,"ACTIVE",1,"2026-08-27T19:02:20.711831Z",4,1,25.0,3,75.0,0,4,1,25.0,3,0
331,"SNS에 일상을 올리는 편인가요? 올린다면 어떤 순간을 주로 올리나요?","PREFERENCE","취향",2,"ACTIVE",1,"2026-08-27T19:02:20.711831Z",4,0,0.0,3,75.0,1,4,0,0.0,3,1
351,"내 안에서 낯선 감정이 고개를 들었던 적이 있다면, 어떤 느낌이었나요?","EMOTION","감정",2,"ACTIVE",1,"2026-08-27T19:02:20.711831Z",4,1,25.0,3,75.0,0,4,1,25.0,3,0
362,"오늘 감정의 온도가 급격히 변한 시점이 있다면, 어떤 때였나요?","EMOTION","감정",2,"ACTIVE",1,"2026-08-27T19:02:20.711831Z",4,1,25.0,3,75.0,0,4,1,25.0,3,0
364,"최근 나를 가장 강하게 흔들어 놓은 감정은 무엇인가요?","EMOTION","감정",2,"ACTIVE",1,"2026-08-27T19:02:20.711831Z",4,1,25.0,3,75.0,0,4,1,25.0,3,0
563,"끌리는 사람과 좋은 사람 중 누가 더 좋은가요?","LOVE","사랑",2,"ACTIVE",1,"2026-08-27T19:02:20.711831Z",4,1,25.0,3,75.0,0,4,1,25.0,3,0
567,"이번 주, 마음이 몽글몽글한 순간은 언제였나요?","LOVE","사랑",2,"ACTIVE",1,"2026-08-27T19:02:20.711831Z",4,1,25.0,3,75.0,0,4,1,25.0,3,0
634,"관계에서 내가 절대 포기할 수 없는 0순위는 무엇인가요?","VALUES","가치관",2,"ACTIVE",1,"2026-08-27T19:02:20.711831Z",4,0,0.0,3,75.0,1,4,0,0.0,3,1
688,"위험해도 나을 가능성에 도전하는 것과 안전하게 지내는 것 중 뭐가 더 나은가요?","ROUTINE","루틴",2,"ACTIVE",1,"2026-08-27T19:02:20.711831Z",4,1,25.0,3,75.0,0,4,1,25.0,3,0
720,"사소한 기념일까지 챙기는 것과 중요한 날만 챙기는 것 중 뭐가 더 편한가요?","LOVE","사랑",1,"ACTIVE",1,"2026-08-27T19:02:20.711831Z",4,1,25.0,3,75.0,0,4,1,25.0,3,0
49,"누군가 나에 대한 책을 쓴다면 제목은 뭘까요?","PREFERENCE","취향",2,"ACTIVE",1,"2026-08-27T19:02:20.711831Z",7,2,28.6,5,71.4,0,7,2,28.6,5,0
60,"지금 당장 하고 싶은 말이 있다면 무엇인가요?","EMOTION","감정",2,"ACTIVE",1,"2026-08-27T19:02:20.711831Z",7,1,14.3,5,71.4,1,7,1,14.3,5,1
63,"내일 일어날 일 중 설레는 게 있다면, 어떤 건가요?","EMOTION","감정",2,"ACTIVE",1,"2026-08-27T19:02:20.711831Z",7,1,14.3,5,71.4,1,7,1,14.3,5,1
662,"전액 지원 세계 여행과 현금 4천만 원 중 뭐가 더 마음이 가나요?","PREFERENCE","취향",1,"ACTIVE",1,"2026-08-27T19:02:20.711831Z",7,2,28.6,5,71.4,0,7,2,28.6,5,0
332,"오늘 먹은 것 중 기분까지 완벽하게 충전해준 메뉴는 무엇인가요?","PREFERENCE","취향",1,"ACTIVE",1,"2026-08-27T19:02:20.711831Z",10,3,30.0,7,70.0,0,10,3,30.0,7,0
411,"감정의 회복 속도가 빠른 편인가요 혹은 느린편인가요?","EMOTION","감정",2,"ACTIVE",1,"2026-08-27T19:02:20.711831Z",10,3,30.0,7,70.0,0,10,3,30.0,7,0
333,"오늘 기억에 남는 소리나 향기가 있다면, 어떤 건가요?","PREFERENCE","취향",2,"ACTIVE",1,"2026-08-27T19:02:20.711831Z",12,1,8.3,8,66.7,3,12,1,8.3,8,3
330,"돈 걱정 없이 한 달 살기 한다면 어디로 가고 싶나요?","PREFERENCE","취향",2,"ACTIVE",1,"2026-08-27T19:02:20.711831Z",9,3,33.3,6,66.7,0,9,3,33.3,6,0
369,"오늘 내가 필사적으로 피하고 싶었던 감정은 무엇인가요?","EMOTION","감정",2,"ACTIVE",1,"2026-08-27T19:02:20.711831Z",9,3,33.3,6,66.7,0,9,3,33.3,6,0
323,"가장 좋아하는 브랜드는 무엇인가요?","PREFERENCE","취향",2,"ACTIVE",1,"2026-08-27T19:02:20.711831Z",6,2,33.3,4,66.7,0,6,2,33.3,4,0
325,"좋아하는 시의 제목이나 글귀가 있다면 어떤 건가요?","PREFERENCE","취향",2,"ACTIVE",1,"2026-08-27T19:02:20.711831Z",6,1,16.7,4,66.7,1,6,1,16.7,4,1
356,"오늘 아주 잠깐이라도 행복이 스친 순간이 있다면, 어떤 순간이었나요?","EMOTION","감정",1,"ACTIVE",1,"2026-08-27T19:02:20.711831Z",6,2,33.3,4,66.7,0,6,2,33.3,4,0
661,"여러 나라를 도는 여행과 한 곳에 머무는 여행 중 뭐가 더 마음이 가나요?","PREFERENCE","취향",1,"ACTIVE",1,"2026-08-27T19:02:20.711831Z",6,2,33.3,4,66.7,0,6,2,33.3,4,0
663,"손에 남는 선물과 마음에 남는 경험 중 뭐가 더 기억에 남나요?","PREFERENCE","취향",1,"ACTIVE",1,"2026-08-27T19:02:20.711831Z",6,2,33.3,4,66.7,0,6,2,33.3,4,0
670,"단순하게 사는 것과 복잡해도 풍부하게 사는 것 중 뭐가 더 나다운가요?","PREFERENCE","취향",1,"ACTIVE",1,"2026-08-27T19:02:20.711831Z",6,2,33.3,4,66.7,0,6,2,33.3,4,0
58,"지금 내 마음의 온도는 몇 도쯤 될까요?","EMOTION","감정",1,"ACTIVE",1,"2026-08-27T19:02:20.711831Z",3,1,33.3,2,66.7,0,3,1,33.3,2,0
98,"나만 아는 내 마음의 모양은 어떤 걸까요?","EMOTION","감정",2,"ACTIVE",1,"2026-08-27T19:02:20.711831Z",3,1,33.3,2,66.7,0,3,1,33.3,2,0
124,"약속 시간에 늦지 않기 위해 하는 준비가 있다면, 어떤 건가요?","ROUTINE","루틴",2,"ACTIVE",1,"2026-08-27T19:02:20.711831Z",3,1,33.3,2,66.7,0,3,1,33.3,2,0
143,"나를 가장 잘 보여주는 생활 습관은 무엇인가요?","ROUTINE","루틴",2,"ACTIVE",1,"2026-08-27T19:02:20.711831Z",3,1,33.3,2,66.7,0,3,1,33.3,2,0
147,"반복되는 일상 속, 나를 가장 뿌듯하게 만드는 루틴은 무엇인가요?","ROUTINE","루틴",2,"ACTIVE",1,"2026-08-27T19:02:20.711831Z",3,1,33.3,2,66.7,0,3,1,33.3,2,0
148,"과거의 나보다 좋아진 습관이 있다면 무엇인가요?","ROUTINE","루틴",2,"ACTIVE",1,"2026-08-27T19:02:20.711831Z",3,1,33.3,2,66.7,0,3,1,33.3,2,0
176,"내가 생각하는 '좋은 사람'의 기준은 무엇인가요?","RELATIONSHIP","관계",2,"ACTIVE",1,"2026-08-27T19:02:20.711831Z",3,1,33.3,2,66.7,0,3,1,33.3,2,0
180,"다른 사람 칭찬을 잘해주는 편인가요? ","RELATIONSHIP","관계",2,"ACTIVE",1,"2026-08-27T19:02:20.711831Z",3,1,33.3,2,66.7,0,3,1,33.3,2,0
190,"관계를 정리할 때 나만의 기준이 있다면, 어떤 건가요?","RELATIONSHIP","관계",2,"ACTIVE",1,"2026-08-27T19:02:20.711831Z",3,1,33.3,2,66.7,0,3,1,33.3,2,0
227,"사랑하는 사람과 다툼이 생기면 어떻게 해결하나요?","LOVE","사랑",2,"ACTIVE",1,"2026-08-27T19:02:20.711831Z",3,1,33.3,2,66.7,0,3,1,33.3,2,0
246,"영원한 사랑이 있다고 생각하나요?","LOVE","사랑",2,"ACTIVE",1,"2026-08-27T19:02:20.711831Z",3,1,33.3,2,66.7,0,3,1,33.3,2,0
254,"5년 뒤 '잘 살고 있다'고 느끼려면 뭐가 필요할까요?","VALUES","가치관",2,"ACTIVE",1,"2026-08-27T19:02:20.711831Z",3,1,33.3,2,66.7,0,3,1,33.3,2,0
255,"가장 존경하는 인물은 누구인가요?","VALUES","가치관",1,"ACTIVE",1,"2026-08-27T19:02:20.711831Z",3,0,0.0,2,66.7,1,3,0,0.0,2,1
271,"내가 생각하는 '공정하다'는 건 어떤 건가요?","VALUES","가치관",2,"ACTIVE",1,"2026-08-27T19:02:20.711831Z",3,1,33.3,2,66.7,0,3,1,33.3,2,0
291,"과거로 돌아갈 수 있다면 바꾸고 싶은 선택이 있다면, 어떤 건가요?","VALUES","가치관",2,"ACTIVE",1,"2026-08-27T19:02:20.711831Z",3,1,33.3,2,66.7,0,3,1,33.3,2,0
328,"꾸준히 수집하는 물건이 있다면 무엇인가요?","PREFERENCE","취향",2,"ACTIVE",1,"2026-08-27T19:02:20.711831Z",3,1,33.3,2,66.7,0,3,1,33.3,2,0
348,"오늘 하루를 관통한 감정에 이름을 붙인다면 무엇일까요?","EMOTION","감정",2,"ACTIVE",1,"2026-08-27T19:02:20.711831Z",3,1,33.3,2,66.7,0,3,1,33.3,2,0
355,"오늘 감정을 억누르기 힘든 순간이 있었나요?","EMOTION","감정",2,"ACTIVE",1,"2026-08-27T19:02:20.711831Z",3,1,33.3,2,66.7,0,3,1,33.3,2,0
361,"오늘 감정이 내 예상과 전혀 다르게 흘러갔나요?","EMOTION","감정",2,"ACTIVE",1,"2026-08-27T19:02:20.711831Z",3,1,33.3,2,66.7,0,3,1,33.3,2,0
375,"이번 주 통틀어 가장 환하게 웃었던 기쁜 순간은 언제인가요?","EMOTION","감정",2,"ACTIVE",1,"2026-08-27T19:02:20.711831Z",3,1,33.3,2,66.7,0,3,1,33.3,2,0
398,"화난 감정이 얼마나 오래가나요?","EMOTION","감정",2,"ACTIVE",1,"2026-08-27T19:02:20.711831Z",3,1,33.3,2,66.7,0,3,1,33.3,2,0
416,"워라밸이 얼마나 중요한가요?","ROUTINE","루틴",2,"ACTIVE",1,"2026-08-27T19:02:20.711831Z",3,1,33.3,2,66.7,0,3,1,33.3,2,0
423,"오늘 나를 정신없이 달리게 만든 주범은 무엇인가요?","ROUTINE","루틴",2,"ACTIVE",1,"2026-08-27T19:02:20.711831Z",3,1,33.3,2,66.7,0,3,1,33.3,2,0
443,"집중이 잘 되는 시간대가 있다면, 언제인가요?","ROUTINE","루틴",2,"ACTIVE",1,"2026-08-27T19:02:20.711831Z",3,1,33.3,2,66.7,0,3,1,33.3,2,0
474,"한 달에 가장 많이 쓰는 카테고리가 뭔가요?","ROUTINE","루틴",2,"ACTIVE",1,"2026-08-27T19:02:20.711831Z",3,1,33.3,2,66.7,0,3,1,33.3,2,0
475,"누군가에게 돈을 쓸 때 기분이 어떤가요?","ROUTINE","루틴",2,"ACTIVE",1,"2026-08-27T19:02:20.711831Z",3,1,33.3,2,66.7,0,3,1,33.3,2,0
500,"의견이 다를 때 어떻게 대화를 풀어나가나요?","RELATIONSHIP","관계",2,"ACTIVE",1,"2026-08-27T19:02:20.711831Z",3,1,33.3,2,66.7,0,3,1,33.3,2,0
509,"부모님한테 인정받고 싶은 마음이 있다면, 어떤 부분에서 인정받고 싶나요?","RELATIONSHIP","관계",2,"ACTIVE",1,"2026-08-27T19:02:20.711831Z",3,1,33.3,2,66.7,0,3,1,33.3,2,0
519,"나의 말이나 행동이 타인에게 기분 좋은 울림을 줬나요?","RELATIONSHIP","관계",2,"ACTIVE",1,"2026-08-27T19:02:20.711831Z",3,0,0.0,2,66.7,1,3,0,0.0,2,1
521,"누군가와 '진짜 함께 있다'는 건 어떤 느낌일까요?","RELATIONSHIP","관계",2,"ACTIVE",1,"2026-08-27T19:02:20.711831Z",3,1,33.3,2,66.7,0,3,1,33.3,2,0
524,"말을 건네고 싶었지만 꾹 참은 사람이 있다면, 어떤 말을 하고 싶었나요?","RELATIONSHIP","관계",2,"ACTIVE",1,"2026-08-27T19:02:20.711831Z",3,1,33.3,2,66.7,0,3,1,33.3,2,0
528,"오늘 누군가와 진심이 닿는 대화를 나눴나요?","RELATIONSHIP","관계",2,"ACTIVE",1,"2026-08-27T19:02:20.711831Z",3,0,0.0,2,66.7,1,3,0,0.0,2,1
542,"남이 말해줘서 알게 된 나의 특징은 무엇인가요?","RELATIONSHIP","관계",2,"ACTIVE",1,"2026-08-27T19:02:20.711831Z",3,0,0.0,2,66.7,1,3,0,0.0,2,1
553,"연애할 때 혼자만의 시간은 어떤 의미인가요?","LOVE","사랑",2,"ACTIVE",1,"2026-08-27T19:02:20.711831Z",3,1,33.3,2,66.7,0,3,1,33.3,2,0
561,"전 애인과 친구가 될 수 있다고 생각하나요? ","LOVE","사랑",2,"ACTIVE",1,"2026-08-27T19:02:20.711831Z",3,1,33.3,2,66.7,0,3,1,33.3,2,0
564,"이상형과 실제 사귄 사람이 같은 편인가요? 다르다면 어떤 점이 다른가요?","LOVE","사랑",2,"ACTIVE",1,"2026-08-27T19:02:20.711831Z",3,1,33.3,2,66.7,0,3,1,33.3,2,0
565,"이상형의 조건 중 양보할 수 있는 것과 없는 것은 무엇인가요?","LOVE","사랑",2,"ACTIVE",1,"2026-08-27T19:02:20.711831Z",3,1,33.3,2,66.7,0,3,1,33.3,2,0
569,"내 인생에서 사랑은 어떤 의미인가요?","LOVE","사랑",2,"ACTIVE",1,"2026-08-27T19:02:20.711831Z",3,1,33.3,2,66.7,0,3,1,33.3,2,0
593,"돈과 시간 중 더 소중한 건 무엇인가요?","VALUES","가치관",1,"ACTIVE",1,"2026-08-27T19:02:20.711831Z",3,0,0.0,2,66.7,1,3,0,0.0,2,1
647,"모든 물건이 있는 집에 불이 났을 때, 소중한 가족과 애완동물을 대피시킨 후 하나의 물건만 가져나올 수 있다면 뭘 고를 것인가요?","VALUES","가치관",2,"ACTIVE",1,"2026-08-27T19:02:20.711831Z",3,1,33.3,2,66.7,0,3,1,33.3,2,0
674,"몸의 아픔을 못 느끼는 것과 마음의 아픔을 못 느끼는 것 중 뭐가 더 나은가요?","EMOTION","감정",2,"ACTIVE",1,"2026-08-27T19:02:20.711831Z",3,1,33.3,2,66.7,0,3,1,33.3,2,0
679,"감정을 못 드러내는 것과 못 숨기는 것 중 뭐가 덜 힘든가요?","EMOTION","감정",2,"ACTIVE",1,"2026-08-27T19:02:20.711831Z",3,1,33.3,2,66.7,0,3,1,33.3,2,0
689,"친구 한 명을 잃는 것과 나머지 모든 친구를 잃는 것 중 뭐가 더 아픈가요?","RELATIONSHIP","관계",2,"ACTIVE",1,"2026-08-27T19:02:20.711831Z",3,1,33.3,2,66.7,0,3,1,33.3,2,0
753,"남 밑에서 편하게 일하는 것과 내 사업을 하는 것 중 뭐가 더 나은가요?","VALUES","가치관",2,"ACTIVE",1,"2026-08-27T19:02:20.711831Z",3,1,33.3,2,66.7,0,3,1,33.3,2,0
774,"노숙자를 돕는 일과 아이들을 가르치는 일 중 뭐가 더 마음이 가나요?","VALUES","가치관",2,"ACTIVE",1,"2026-08-27T19:02:20.711831Z",3,1,33.3,2,66.7,0,3,1,33.3,2,0
794,"먼 미래를 계획하는 연애와 지금을 즐기는 연애 중 뭐가 더 편한가요?","VALUES","가치관",2,"ACTIVE",1,"2026-08-27T19:02:20.711831Z",3,0,0.0,2,66.7,1,3,0,0.0,2,1
799,"늘 옳은 결정을 내리는 힘과 실수에서 빨리 배우는 힘 중 뭐가 더 필요한가요?","VALUES","가치관",2,"ACTIVE",1,"2026-08-27T19:02:20.711831Z",3,1,33.3,2,66.7,0,3,1,33.3,2,0
824,"한 달을 슬퍼하고 달라지는 것과 1년을 무감각하게 사는 것 중 뭐가 더 나은가요?","VALUES","가치관",2,"ACTIVE",1,"2026-08-27T19:02:20.711831Z",3,1,33.3,2,66.7,0,3,1,33.3,2,0
835,"우주의 비밀과 내 선택의 결과 중 뭐가 더 궁금한가요?","VALUES","가치관",1,"ACTIVE",1,"2026-08-27T19:02:20.711831Z",3,1,33.3,2,66.7,0,3,1,33.3,2,0
869,"규칙이 하나도 없는 세상과 너무 많은 세상 중 뭐가 더 답답한가요?","VALUES","가치관",2,"ACTIVE",1,"2026-08-27T19:02:20.711831Z",3,1,33.3,2,66.7,0,3,1,33.3,2,0
365,"오늘 나를 가장 진 빠지게 만든 감정은 무엇인가요?","EMOTION","감정",2,"ACTIVE",1,"2026-08-27T19:02:20.711831Z",10,3,30.0,6,60.0,1,10,3,30.0,6,1
80,"최근에 누군가를 용서했던 경험이 있다면, 어떤 일이었나요?","EMOTION","감정",2,"ACTIVE",1,"2026-08-27T19:02:20.711831Z",5,2,40.0,3,60.0,0,5,2,40.0,3,0
115,"미루고 싶을 때 나를 움직이게 하는 나만의 방법이 있다면, 어떤 건가요?","ROUTINE","루틴",2,"ACTIVE",1,"2026-08-27T19:02:20.711831Z",5,2,40.0,3,60.0,0,5,2,40.0,3,0
213,"내가 생각하는 사랑은 어떤 느낌인가요?","LOVE","사랑",1,"ACTIVE",1,"2026-08-27T19:02:20.711831Z",5,2,40.0,3,60.0,0,5,2,40.0,3,0
304,"사진을 많이 찍나요, 눈으로만 담는 것을 즐기나요?","PREFERENCE","취향",2,"ACTIVE",1,"2026-08-27T19:02:20.711831Z",5,2,40.0,3,60.0,0,5,2,40.0,3,0
342,"감정이 격해질 때 말이 많아지나요 적어지나요?","EMOTION","감정",2,"ACTIVE",1,"2026-08-27T19:02:20.711831Z",5,1,20.0,3,60.0,1,5,1,20.0,3,1
360,"오늘 하루 중 가장 단골손님처럼 찾아온 감정은 무엇인가요?","EMOTION","감정",2,"ACTIVE",1,"2026-08-27T19:02:20.711831Z",5,1,20.0,3,60.0,1,5,1,20.0,3,1
374,"오늘 느낀 감정 중 다시 느끼고 싶지 않은 건 무엇인가요?","EMOTION","감정",2,"ACTIVE",1,"2026-08-27T19:02:20.711831Z",5,2,40.0,3,60.0,0,5,2,40.0,3,0
378,"하나의 감정만 느낄 수 있다면 무엇을 남기고 싶나요?","EMOTION","감정",2,"ACTIVE",1,"2026-08-27T19:02:20.711831Z",5,2,40.0,3,60.0,0,5,2,40.0,3,0
385,"나의 어떤 면을 아직 받아들이지 못하고 있나요?","EMOTION","감정",2,"ACTIVE",1,"2026-08-27T19:02:20.711831Z",5,2,40.0,3,60.0,0,5,2,40.0,3,0
396,"참다 참다 폭발한 적이 있다면, 어떤 상황이었나요?","EMOTION","감정",2,"ACTIVE",1,"2026-08-27T19:02:20.711831Z",5,1,20.0,3,60.0,1,5,1,20.0,3,1
404,"실패가 두려운 편인가요? 어떤 실패가 가장 무서운가요?","EMOTION","감정",2,"ACTIVE",1,"2026-08-27T19:02:20.711831Z",5,2,40.0,3,60.0,0,5,2,40.0,3,0
623,"돌아보니 칭찬해주고 싶은 오늘의 선택은 무엇인가요?","VALUES","가치관",2,"ACTIVE",1,"2026-08-27T19:02:20.711831Z",5,1,20.0,3,60.0,1,5,1,20.0,3,1
632,"문득 나 자신이 어른스러워졌다고 느낀 최근의 순간은 언제인가요?","VALUES","가치관",2,"ACTIVE",1,"2026-08-27T19:02:20.711831Z",5,1,20.0,3,60.0,1,5,1,20.0,3,1
664,"도시의 작은 아파트와 시골의 넓은 집 중 뭐가 더 마음이 가나요?","PREFERENCE","취향",1,"ACTIVE",1,"2026-08-27T19:02:20.711831Z",5,2,40.0,3,60.0,0,5,2,40.0,3,0
669,"예술 없는 삶과 과학 없는 삶 중 뭐가 더 힘드나요?","PREFERENCE","취향",2,"ACTIVE",1,"2026-08-27T19:02:20.711831Z",5,2,40.0,3,60.0,0,5,2,40.0,3,0
671,"물건을 소유하는 삶과 경험을 쌓는 삶 중 뭐가 더 남나요?","PREFERENCE","취향",2,"ACTIVE",1,"2026-08-27T19:02:20.711831Z",5,2,40.0,3,60.0,0,5,2,40.0,3,0
337,"오늘 온전한 휴식시간을 보냈나요?","PREFERENCE","취향",2,"ACTIVE",1,"2026-08-27T19:02:20.711831Z",12,4,33.3,7,58.3,1,12,4,33.3,7,1
25,"나만 알고 있는 맛집이 있다면, 어떤 곳인가요?","PREFERENCE","취향",2,"ACTIVE",1,"2026-08-27T19:02:20.711831Z",7,2,28.6,4,57.1,1,7,2,28.6,4,1
301,"최근에 꼭 필요하지 않지만 산 물건은 무엇인가요?","PREFERENCE","취향",2,"ACTIVE",1,"2026-08-27T19:02:20.711831Z",7,3,42.9,4,57.1,0,7,3,42.9,4,0
341,"평소 어떤 상상을 가장 자주 하나요?","PREFERENCE","취향",2,"ACTIVE",1,"2026-08-27T19:02:20.711831Z",7,1,14.3,4,57.1,2,7,1,14.3,4,2
397,"나만의 짜증이 나는 포인트는 무엇인가요?","EMOTION","감정",2,"ACTIVE",1,"2026-08-27T19:02:20.711831Z",7,3,42.9,4,57.1,0,7,3,42.9,4,0
667,"작은 도시에서 사는 것과 대도시에서 사는 것 중 뭐가 더 나에게 맞나요?","PREFERENCE","취향",1,"ACTIVE",1,"2026-08-27T19:02:20.711831Z",7,3,42.9,4,57.1,0,7,3,42.9,4,0
34,"어떤 라이프스타일로 살고 싶나요?","PREFERENCE","취향",2,"ACTIVE",1,"2026-08-27T19:02:20.711831Z",9,4,44.4,5,55.6,0,9,4,44.4,5,0
305,"위시리스트에서 가장 사고 싶은 것은 무엇인가요?","PREFERENCE","취향",2,"ACTIVE",1,"2026-08-27T19:02:20.711831Z",9,3,33.3,5,55.6,1,9,3,33.3,5,1
8,"요즘 자주 보는 영상의 주제는 무엇인가요?","PREFERENCE","취향",1,"ACTIVE",1,"2026-08-27T19:02:20.711831Z",11,5,45.5,6,54.5,0,11,5,45.5,6,0
36,"나만의 특별한 요리 레시피가 있다면, 어떤 건가요?","PREFERENCE","취향",2,"ACTIVE",1,"2026-08-27T19:02:20.711831Z",8,2,25.0,4,50.0,2,8,2,25.0,4,2
68,"나를 가장 편안하게 해주는 소리는 무엇인가요?","EMOTION","감정",1,"ACTIVE",1,"2026-08-27T19:02:20.711831Z",8,2,25.0,4,50.0,2,8,2,25.0,4,2
668,"전기·인터넷 같은 기술을 포기하는 것과 영화·TV·책 같은 오락을 포기하는 것 중 뭐가 덜 아쉬운가요?","PREFERENCE","취향",1,"ACTIVE",1,"2026-08-27T19:02:20.711831Z",8,4,50.0,4,50.0,0,8,4,50.0,4,0
19,"가장 아끼는 옷은 어떤 스타일인가요?","PREFERENCE","취향",2,"ACTIVE",1,"2026-08-27T19:02:20.711831Z",6,3,50.0,3,50.0,0,6,3,50.0,3,0
22,"서점에서 제목만 보고 고르는 분야는 무엇인가요?","PREFERENCE","취향",2,"ACTIVE",1,"2026-08-27T19:02:20.711831Z",6,2,33.3,3,50.0,1,6,2,33.3,3,1
24,"입었을 때 가장 나다운 옷차림은 무엇인가요?","PREFERENCE","취향",2,"ACTIVE",1,"2026-08-27T19:02:20.711831Z",6,3,50.0,3,50.0,0,6,3,50.0,3,0
31,"좋아하는 목소리나 말투가 있다면, 어떤 느낌인가요?","PREFERENCE","취향",2,"ACTIVE",1,"2026-08-27T19:02:20.711831Z",6,3,50.0,3,50.0,0,6,3,50.0,3,0
47,"상상 속 완벽한 하루는 어떤 모습인가요?","PREFERENCE","취향",2,"ACTIVE",1,"2026-08-27T19:02:20.711831Z",6,0,0.0,3,50.0,3,6,0,0.0,3,3
78,"과거의 나에게 해주고 싶은 위로가 있다면, 어떤 말인가요?","EMOTION","감정",2,"ACTIVE",1,"2026-08-27T19:02:20.711831Z",6,2,33.3,3,50.0,1,6,2,33.3,3,1
406,"혼자 있을 때 불안함을 어느정도 느끼나요?","EMOTION","감정",2,"ACTIVE",1,"2026-08-27T19:02:20.711831Z",6,3,50.0,3,50.0,0,6,3,50.0,3,0
37,"가장 좋아하는 요일은 언제인가요?","PREFERENCE","취향",2,"ACTIVE",1,"2026-08-27T19:02:20.711831Z",4,2,50.0,2,50.0,0,4,2,50.0,2,0
44,"나를 가장 잘 표현하는 단어 하나는 무엇인가요?","PREFERENCE","취향",2,"ACTIVE",1,"2026-08-27T19:02:20.711831Z",4,2,50.0,2,50.0,0,4,2,50.0,2,0
46,"내 취향이 남들과 가장 다른 점은 뭘까요?","PREFERENCE","취향",2,"ACTIVE",1,"2026-08-27T19:02:20.711831Z",4,2,50.0,2,50.0,0,4,2,50.0,2,0
64,"칭찬을 들었을 때 어떤 반응을 보이나요?","EMOTION","감정",2,"ACTIVE",1,"2026-08-27T19:02:20.711831Z",4,2,50.0,2,50.0,0,4,2,50.0,2,0
181,"나를 있는 그대로 봐주는 사람은 누구인가요?","RELATIONSHIP","관계",2,"ACTIVE",1,"2026-08-27T19:02:20.711831Z",4,2,50.0,2,50.0,0,4,2,50.0,2,0
283,"나의 가치관과 충돌하는 상황에서 나는 어떻게 하나요?","VALUES","가치관",2,"ACTIVE",1,"2026-08-27T19:02:20.711831Z",4,2,50.0,2,50.0,0,4,2,50.0,2,0
419,"잠 들기 전 꼭 하는 일이 있다면, 어떤 건가요?","ROUTINE","루틴",2,"ACTIVE",1,"2026-08-27T19:02:20.711831Z",4,1,25.0,2,50.0,1,4,1,25.0,2,1
507,"가족이라서 참고 있는 게 있다면, 어떤 건가요?","RELATIONSHIP","관계",2,"ACTIVE",1,"2026-08-27T19:02:20.711831Z",4,1,25.0,2,50.0,1,4,1,25.0,2,1
571,"데이트 중 가장 창피했던 일은 무엇인가요?","LOVE","사랑",2,"ACTIVE",1,"2026-08-27T19:02:20.711831Z",4,0,0.0,2,50.0,2,4,0,0.0,2,2
605,"괜찮지 않은데 '괜찮아'라고 넘긴 적이 있다면, 어떤 순간이었나요?","VALUES","가치관",2,"ACTIVE",1,"2026-08-27T19:02:20.711831Z",4,1,25.0,2,50.0,1,4,1,25.0,2,1
676,"내 감정을 다스리는 것과 생각을 다스리는 것 중 뭐가 더 하고 싶나요?","EMOTION","감정",2,"ACTIVE",1,"2026-08-27T19:02:20.711831Z",4,2,50.0,2,50.0,0,4,2,50.0,2,0
764,"후회 없는 20년과 후회 많은 50년 중 뭐가 더 나은가요?","VALUES","가치관",2,"ACTIVE",1,"2026-08-27T19:02:20.711831Z",4,2,50.0,2,50.0,0,4,2,50.0,2,0
773,"같은 월급이면 몸을 움직이는 일과 사무직 중 뭐가 더 마음이 가나요?","VALUES","가치관",1,"ACTIVE",1,"2026-08-27T19:02:20.711831Z",4,1,25.0,2,50.0,1,4,1,25.0,2,1
789,"관계 문제는 커플 상담과 자기계발서 중 뭐가 더 효과적인가요?","VALUES","가치관",1,"ACTIVE",1,"2026-08-27T19:02:20.711831Z",4,1,25.0,2,50.0,1,4,1,25.0,2,1
816,"신중히 곱씹는 삶과 후회 없이 실수하는 삶 중 뭐가 더 나다운가요?","VALUES","가치관",2,"ACTIVE",1,"2026-08-27T19:02:20.711831Z",4,1,25.0,2,50.0,1,4,1,25.0,2,1
820,"남의 마음을 읽는 것과 내 마음을 나누는 것 중 뭐가 더 하고 싶나요?","VALUES","가치관",2,"ACTIVE",1,"2026-08-27T19:02:20.711831Z",4,2,50.0,2,50.0,0,4,2,50.0,2,0
855,"가장 행복할 날과 가장 불행할 날 중 뭐가 더 궁금한가요?","VALUES","가치관",2,"ACTIVE",1,"2026-08-27T19:02:20.711831Z",4,2,50.0,2,50.0,0,4,2,50.0,2,0
10,"빵집에 가면 가장 먼저 집는 빵은 무엇인가요?","PREFERENCE","취향",2,"ACTIVE",1,"2026-08-27T19:02:20.711831Z",2,1,50.0,1,50.0,0,2,1,50.0,1,0
53,"오늘 하루 중 가장 차분했던 때는 언제인가요?","EMOTION","감정",2,"ACTIVE",1,"2026-08-27T19:02:20.711831Z",2,1,50.0,1,50.0,0,2,1,50.0,1,0
54,"최근에 눈물이 났던 적이 있다면, 어떤 순간이었나요?","EMOTION","감정",2,"ACTIVE",1,"2026-08-27T19:02:20.711831Z",2,1,50.0,1,50.0,0,2,1,50.0,1,0
62,"불안한 마음이 들 때 나를 잡아주는 문장이 있다면, 어떤 문장인가요?","EMOTION","감정",2,"ACTIVE",1,"2026-08-27T19:02:20.711831Z",2,1,50.0,1,50.0,0,2,1,50.0,1,0
76,"실수했을 때 나 자신에게 어떤 말을 해주나요?","EMOTION","감정",2,"ACTIVE",1,"2026-08-27T19:02:20.711831Z",2,1,50.0,1,50.0,0,2,1,50.0,1,0
83,"내 감정을 다스리는 나만의 루틴이 있다면, 어떤 건가요?","EMOTION","감정",2,"ACTIVE",1,"2026-08-27T19:02:20.711831Z",2,1,50.0,1,50.0,0,2,1,50.0,1,0
96,"내 인생에 가장 큰 영향을 준 감정은 뭘까요?","EMOTION","감정",2,"ACTIVE",1,"2026-08-27T19:02:20.711831Z",2,1,50.0,1,50.0,0,2,1,50.0,1,0
111,"나에게 주는 확실한 보상은 무엇인가요?","ROUTINE","루틴",2,"ACTIVE",1,"2026-08-27T19:02:20.711831Z",2,1,50.0,1,50.0,0,2,1,50.0,1,0
116,"반복되는 일상에서 가장 지루하게 느끼는 순간은 언제인가요?","ROUTINE","루틴",2,"ACTIVE",1,"2026-08-27T19:02:20.711831Z",2,0,0.0,1,50.0,1,2,0,0.0,1,1
125,"가계부를 쓰거나 돈을 관리하는 방법이 있다면, 어떤 건가요?","ROUTINE","루틴",2,"ACTIVE",1,"2026-08-27T19:02:20.711831Z",2,0,0.0,1,50.0,1,2,0,0.0,1,1
128,"여행 가방을 싸는 나만의 규칙이 있다면, 어떤 건가요?","ROUTINE","루틴",2,"ACTIVE",1,"2026-08-27T19:02:20.711831Z",2,0,0.0,1,50.0,1,2,0,0.0,1,1
156,"내 생일에 가장 먼저 축하해준 사람은 누구인가요?","RELATIONSHIP","관계",2,"ACTIVE",1,"2026-08-27T19:02:20.711831Z",2,1,50.0,1,50.0,0,2,1,50.0,1,0
165,"주변 사람들로부터 자주 듣는 부탁이 있다면, 어떤 건가요?","RELATIONSHIP","관계",2,"ACTIVE",1,"2026-08-27T19:02:20.711831Z",2,1,50.0,1,50.0,0,2,1,50.0,1,0
171,"친구 사이에도 꼭 지켜야 하는 선은 무엇인가요?","RELATIONSHIP","관계",2,"ACTIVE",1,"2026-08-27T19:02:20.711831Z",2,1,50.0,1,50.0,0,2,1,50.0,1,0
197,"사람들에게 내가 줄 수 있는 도움은 무엇인가요?","RELATIONSHIP","관계",2,"ACTIVE",1,"2026-08-27T19:02:20.711831Z",2,1,50.0,1,50.0,0,2,1,50.0,1,0
202,"다른 사람의 성공을 축하해줄 때, 진심으로 기뻐할 수 있나요?","RELATIONSHIP","관계",2,"ACTIVE",1,"2026-08-27T19:02:20.711831Z",2,1,50.0,1,50.0,0,2,1,50.0,1,0
205,"내가 생각하는 믿음의 무게는 어느 정도인가요?","RELATIONSHIP","관계",2,"ACTIVE",1,"2026-08-27T19:02:20.711831Z",2,1,50.0,1,50.0,0,2,1,50.0,1,0
225,"연애할 때 가장 중요하게 보는 성격은 무엇인가요?","LOVE","사랑",1,"ACTIVE",1,"2026-08-27T19:02:20.711831Z",2,1,50.0,1,50.0,0,2,1,50.0,1,0
228,"사랑하는 사람과 나누고 싶은 깊은 대화 주제가 있다면, 어떤 건가요?","LOVE","사랑",2,"ACTIVE",1,"2026-08-27T19:02:20.711831Z",2,1,50.0,1,50.0,0,2,1,50.0,1,0
249,"사랑하는 사람과 단둘이 보내는 시간이 왜 소중한가요?","LOVE","사랑",2,"ACTIVE",1,"2026-08-27T19:02:20.711831Z",2,1,50.0,1,50.0,0,2,1,50.0,1,0
253,"가장 보람을 느끼는 순간은 언제인가요?","VALUES","가치관",1,"ACTIVE",1,"2026-08-27T19:02:20.711831Z",2,1,50.0,1,50.0,0,2,1,50.0,1,0
272,"인생에서 '운'이 차지하는 비중은 어느 정도일까요?","VALUES","가치관",2,"ACTIVE",1,"2026-08-27T19:02:20.711831Z",2,1,50.0,1,50.0,0,2,1,50.0,1,0
277,"내가 가장 자유롭다고 느끼는 순간은 언제인가요?","VALUES","가치관",2,"ACTIVE",1,"2026-08-27T19:02:20.711831Z",2,1,50.0,1,50.0,0,2,1,50.0,1,0
287,"나에게 '일'은 어떤 의미인가요?","VALUES","가치관",2,"ACTIVE",1,"2026-08-27T19:02:20.711831Z",2,1,50.0,1,50.0,0,2,1,50.0,1,0
288,"더 나은 세상을 위해 소소하게라도 하고 있는 행동이 있나요?","VALUES","가치관",2,"ACTIVE",1,"2026-08-27T19:02:20.711831Z",2,0,0.0,1,50.0,1,2,0,0.0,1,1
290,"사람은 원래 착하다고 생각하나요, 아니면 노력해야 착해질 수 있다고 생각하나요?","VALUES","가치관",2,"ACTIVE",1,"2026-08-27T19:02:20.711831Z",2,1,50.0,1,50.0,0,2,1,50.0,1,0
368,"지금 내 기분을 딱 한 단어로 정의한다면 뭘까요?","EMOTION","감정",2,"ACTIVE",1,"2026-08-27T19:02:20.711831Z",2,1,50.0,1,50.0,0,2,1,50.0,1,0
373,"오늘이 지나도 꼭 간직하고 싶은 감정이 있다면, 어떤 건가요?","EMOTION","감정",2,"ACTIVE",1,"2026-08-27T19:02:20.711831Z",2,1,50.0,1,50.0,0,2,1,50.0,1,0
377,"오늘 완전히 방전됐다가 다시 충전된 순간이 있다면, 어떤 때였나요?","EMOTION","감정",2,"ACTIVE",1,"2026-08-27T19:02:20.711831Z",2,1,50.0,1,50.0,0,2,1,50.0,1,0
455,"시험이나 발표 전에 긴장하는 편이에요?","ROUTINE","루틴",2,"ACTIVE",1,"2026-08-27T19:02:20.711831Z",2,1,50.0,1,50.0,0,2,1,50.0,1,0
469,"운동하기 싫은 날은 어떻게 하나요?","ROUTINE","루틴",2,"ACTIVE",1,"2026-08-27T19:02:20.711831Z",2,1,50.0,1,50.0,0,2,1,50.0,1,0
472,"운동으로 성취감을 느낀 적이 있다면, 어떤 순간이었나요?","ROUTINE","루틴",2,"ACTIVE",1,"2026-08-27T19:02:20.711831Z",2,1,50.0,1,50.0,0,2,1,50.0,1,0
479,"나에게 투자할 가치가 있는 분야는 무엇인가요?","ROUTINE","루틴",2,"ACTIVE",1,"2026-08-27T19:02:20.711831Z",2,1,50.0,1,50.0,0,2,1,50.0,1,0
484,"자기 전에 하루를 돌아보면 어떤 장면이 주로 떠오르나요?","ROUTINE","루틴",2,"ACTIVE",1,"2026-08-27T19:02:20.711831Z",2,1,50.0,1,50.0,0,2,1,50.0,1,0
493,"절친을 이성에게 소개한다면 누구인가요?","RELATIONSHIP","관계",2,"ACTIVE",1,"2026-08-27T19:02:20.711831Z",2,0,0.0,1,50.0,1,2,0,0.0,1,1
512,"상황이 사람을 바꾼다고 느꼈던 적이 있다면, 어떤 경험이었나요?","RELATIONSHIP","관계",2,"ACTIVE",1,"2026-08-27T19:02:20.711831Z",2,0,0.0,1,50.0,1,2,0,0.0,1,1
539,"인생에 가장 영향력 있던 사람은 누구인가요?","RELATIONSHIP","관계",2,"ACTIVE",1,"2026-08-27T19:02:20.711831Z",2,1,50.0,1,50.0,0,2,1,50.0,1,0
547,"어머니와의 관계에 대해 어떻게 생각하나요?","RELATIONSHIP","관계",2,"ACTIVE",1,"2026-08-27T19:02:20.711831Z",2,1,50.0,1,50.0,0,2,1,50.0,1,0
554,"사랑과 좋아함의 차이는 무엇인가요?","LOVE","사랑",2,"ACTIVE",1,"2026-08-27T19:02:20.711831Z",2,0,0.0,1,50.0,1,2,0,0.0,1,1
555,"싸운 뒤 바로 풀려고 하는 편인가요 아니면 시간을 두고 대화하는 편인가요?","LOVE","사랑",2,"ACTIVE",1,"2026-08-27T19:02:20.711831Z",2,1,50.0,1,50.0,0,2,1,50.0,1,0
559,"사랑받고 있다고 느끼는 순간은 언제인가요?","LOVE","사랑",1,"ACTIVE",1,"2026-08-27T19:02:20.711831Z",2,0,0.0,1,50.0,1,2,0,0.0,1,1
560,"이별 후 얼마나 지나야 새 연애를 시작할 수 있을 것 같나요?","LOVE","사랑",2,"ACTIVE",1,"2026-08-27T19:02:20.711831Z",2,1,50.0,1,50.0,0,2,1,50.0,1,0
562,"연인에게 절대 져줄 수 없는 것이 무엇인가요?","LOVE","사랑",2,"ACTIVE",1,"2026-08-27T19:02:20.711831Z",2,0,0.0,1,50.0,1,2,0,0.0,1,1
573,"가장 좋아했던 사람은 누구인가요?","LOVE","사랑",2,"ACTIVE",1,"2026-08-27T19:02:20.711831Z",2,1,50.0,1,50.0,0,2,1,50.0,1,0
575,"거절을 해야 할 때 나는 어떻게 하나요?","VALUES","가치관",2,"ACTIVE",1,"2026-08-27T19:02:20.711831Z",2,1,50.0,1,50.0,0,2,1,50.0,1,0
586,"언제 가장 살아있다고 느끼나요?","VALUES","가치관",2,"ACTIVE",1,"2026-08-27T19:02:20.711831Z",2,1,50.0,1,50.0,0,2,1,50.0,1,0
587,"가장 간절히 원했던 것은 무엇이었나요?","VALUES","가치관",2,"ACTIVE",1,"2026-08-27T19:02:20.711831Z",2,1,50.0,1,50.0,0,2,1,50.0,1,0
612,"절대 바뀌지 않을 것 같은 생각이 있다면, 어떤 건가요?","VALUES","가치관",2,"ACTIVE",1,"2026-08-27T19:02:20.711831Z",2,1,50.0,1,50.0,0,2,1,50.0,1,0
617,"과정이 나빠도 결과가 좋으면 괜찮나요?","VALUES","가치관",2,"ACTIVE",1,"2026-08-27T19:02:20.711831Z",2,1,50.0,1,50.0,0,2,1,50.0,1,0
630,"어제보다 나아졌다고 느낀 점은 뭔가요?","VALUES","가치관",2,"ACTIVE",1,"2026-08-27T19:02:20.711831Z",2,1,50.0,1,50.0,0,2,1,50.0,1,0
641,"오늘의 작은 선택이 미래의 나를 어떻게 바꿀까요?","VALUES","가치관",2,"ACTIVE",1,"2026-08-27T19:02:20.711831Z",2,1,50.0,1,50.0,0,2,1,50.0,1,0
643,"이번 주, 나에 대해 새롭게 발견한 의외의 면은 무엇인가요?","VALUES","가치관",2,"ACTIVE",1,"2026-08-27T19:02:20.711831Z",2,1,50.0,1,50.0,0,2,1,50.0,1,0
644,"무언가를 포기했던 순간, 내 마음은 어땠나요?","VALUES","가치관",2,"ACTIVE",1,"2026-08-27T19:02:20.711831Z",2,1,50.0,1,50.0,0,2,1,50.0,1,0
646,"지금보다 나은 나를 위해 요즘 시도하고 있는 것이 있다면, 어떤 건가요?","VALUES","가치관",2,"ACTIVE",1,"2026-08-27T19:02:20.711831Z",2,1,50.0,1,50.0,0,2,1,50.0,1,0
648,"절대 장난스럽게 얘기할 수 없는 진지한 주제가 있다면, 무엇인가요?","VALUES","가치관",2,"ACTIVE",1,"2026-08-27T19:02:20.711831Z",2,1,50.0,1,50.0,0,2,1,50.0,1,0
683,"몸의 컨디션과 마음의 안정 중 뭐가 더 먼저인가요?","ROUTINE","루틴",2,"ACTIVE",1,"2026-08-27T19:02:20.711831Z",2,1,50.0,1,50.0,0,2,1,50.0,1,0
684,"당장 소원 하나와 10년 후 소원 세 개 중 뭐가 더 좋은가요?","ROUTINE","루틴",1,"ACTIVE",1,"2026-08-27T19:02:20.711831Z",2,1,50.0,1,50.0,0,2,1,50.0,1,0
691,"두려움의 대상과 사랑받는 사람 중 누가 더 되고 싶나요?","RELATIONSHIP","관계",2,"ACTIVE",1,"2026-08-27T19:02:20.711831Z",2,1,50.0,1,50.0,0,2,1,50.0,1,0
695,"5년을 혼자 지내는 것과 늘 사람들과 붙어 지내는 것 중 뭐가 더 편안한가요?","RELATIONSHIP","관계",1,"ACTIVE",1,"2026-08-27T19:02:20.711831Z",2,1,50.0,1,50.0,0,2,1,50.0,1,0
701,"모임을 이끄는 것과 따르는 것 중 어디에 더 가까운 편인가요?","RELATIONSHIP","관계",1,"ACTIVE",1,"2026-08-27T19:02:20.711831Z",2,0,0.0,1,50.0,1,2,0,0.0,1,1
704,"순간의 행복을 주는 힘과 오래가는 관계를 만드는 힘 중 뭐가 더 갖고 싶나요?","RELATIONSHIP","관계",2,"ACTIVE",1,"2026-08-27T19:02:20.711831Z",2,0,0.0,1,50.0,1,2,0,0.0,1,1
709,"늘 웃게 해주는 친구와 생각하게 만드는 친구 중 누가 더 끌리나요?","RELATIONSHIP","관계",1,"ACTIVE",1,"2026-08-27T19:02:20.711831Z",2,1,50.0,1,50.0,0,2,1,50.0,1,0
711,"관계를 정리할 때 주로 어떻게 하는 편인가요?","RELATIONSHIP","관계",2,"ACTIVE",1,"2026-08-27T19:02:20.711831Z",2,1,50.0,1,50.0,0,2,1,50.0,1,0
725,"연락이 끊기는 애인과 술을 자주 마시는 애인 중 누가 더 아픈가요?","LOVE","사랑",2,"ACTIVE",1,"2026-08-27T19:02:20.711831Z",2,1,50.0,1,50.0,0,2,1,50.0,1,0
726,"매일 만나고 싶어 하는 애인과 만날 시간 잡기 어려운 애인 중 누가 더 좋은가요?","LOVE","사랑",1,"ACTIVE",1,"2026-08-27T19:02:20.711831Z",2,1,50.0,1,50.0,0,2,1,50.0,1,0
734,"무뚝뚝한 연인과 애정 표현이 과한 연인 중 누가 더 힘든가요?","LOVE","사랑",2,"ACTIVE",1,"2026-08-27T19:02:20.711831Z",2,1,50.0,1,50.0,0,2,1,50.0,1,0
736,"더 사랑받는 관계와 더 많이 사랑하는 관계 중 뭐가 더 좋은가요?","LOVE","사랑",2,"ACTIVE",1,"2026-08-27T19:02:20.711831Z",2,1,50.0,1,50.0,0,2,1,50.0,1,0
741,"우연히 본 연인의 사생활을 솔직히 말하는 것과 모르는 척 넘어가는 것 중 뭐가 더 맞나요?","LOVE","사랑",2,"ACTIVE",1,"2026-08-27T19:02:20.711831Z",2,1,50.0,1,50.0,0,2,1,50.0,1,0
754,"지금 당장 꿈의 직업과 매년 한 달 휴가 중 뭐가 더 나은가요?","VALUES","가치관",2,"ACTIVE",1,"2026-08-27T19:02:20.711831Z",2,1,50.0,1,50.0,0,2,1,50.0,1,0
777,"인간은 원래 착한 쪽인가요, 나쁜 쪽인가요?","VALUES","가치관",2,"ACTIVE",1,"2026-08-27T19:02:20.711831Z",2,1,50.0,1,50.0,0,2,1,50.0,1,0
792,"사람을 만나면 일단 믿는 것과 의심하는 것 중 뭐가 더 나에게 맞나요?","VALUES","가치관",1,"ACTIVE",1,"2026-08-27T19:02:20.711831Z",2,1,50.0,1,50.0,0,2,1,50.0,1,0
802,"망해가는 회사의 사장과 잘나가는 대기업의 평사원 중 뭐가 더 편한가요?","VALUES","가치관",2,"ACTIVE",1,"2026-08-27T19:02:20.711831Z",2,0,0.0,1,50.0,1,2,0,0.0,1,1
803,"외로운 천재와 단순해도 행복한 사람 중 누가 더 나에게 가깝나요?","VALUES","가치관",2,"ACTIVE",1,"2026-08-27T19:02:20.711831Z",2,0,0.0,1,50.0,1,2,0,0.0,1,1
825,"거짓말을 항상 알아채는 것과 전혀 못 알아채는 것 중 뭐가 더 나은가요?","VALUES","가치관",2,"ACTIVE",1,"2026-08-27T19:02:20.711831Z",2,0,0.0,1,50.0,1,2,0,0.0,1,1
827,"평소 '법을 어기더라도 불의에 맞서야 한다'고 생각하시나요, 아니면 '부당해도 법은 지켜야 한다'고 생각하시나요?","VALUES","가치관",2,"ACTIVE",1,"2026-08-27T19:02:20.711831Z",2,1,50.0,1,50.0,0,2,1,50.0,1,0
836,"안 한 일로 기억되는 것과 한 일이 잊히는 것 중 뭐가 더 억울한가요?","VALUES","가치관",2,"ACTIVE",1,"2026-08-27T19:02:20.711831Z",2,1,50.0,1,50.0,0,2,1,50.0,1,0
864,"후회 없이 사는 것과 두려움 없이 사는 것 중 뭐가 더 중요한가요?","VALUES","가치관",2,"ACTIVE",1,"2026-08-27T19:02:20.711831Z",2,1,50.0,1,50.0,0,2,1,50.0,1,0
868,"과거의 모든 일과 미래의 모든 일 중 뭐가 더 궁금한가요?","VALUES","가치관",2,"ACTIVE",1,"2026-08-27T19:02:20.711831Z",2,0,0.0,1,50.0,1,2,0,0.0,1,1
871,"완벽한 하루가 반복되는 삶과 굴곡 있는 진짜 삶 중 뭐가 더 나은가요?","VALUES","가치관",2,"ACTIVE",1,"2026-08-27T19:02:20.711831Z",2,1,50.0,1,50.0,0,2,1,50.0,1,0
874,"완벽한 하루가 반복되는 삶과 굴곡 있는 진짜 삶 중 뭐가 더 나은가요?","VALUES","가치관",2,"ACTIVE",1,"2026-08-27T19:02:20.711831Z",2,1,50.0,1,50.0,0,2,1,50.0,1,0
16,"가장 좋아하는 신발은 무엇인가요?","PREFERENCE","취향",2,"ACTIVE",1,"2026-08-27T19:02:20.711831Z",11,6,54.5,5,45.5,0,11,6,54.5,5,0
319,"반대되는 성격이 좋나요 아니면 비슷한 성격이 좋나요?","PREFERENCE","취향",2,"ACTIVE",1,"2026-08-27T19:02:20.711831Z",9,4,44.4,4,44.4,1,9,4,44.4,4,1
326,"평소 좋아하는 메이크업 분위기는 무엇인가요?","PREFERENCE","취향",2,"ACTIVE",1,"2026-08-27T19:02:20.711831Z",9,4,44.4,4,44.4,1,9,4,44.4,4,1
329,"하루만 다른 사람으로 살 수 있다면 어떤 사람으로 살고 싶나요?","PREFERENCE","취향",2,"ACTIVE",1,"2026-08-27T19:02:20.711831Z",9,5,55.6,4,44.4,0,9,5,55.6,4,0
29,"사진 찍을 때 주로 담는 장면은 무엇인가요?","PREFERENCE","취향",2,"ACTIVE",1,"2026-08-27T19:02:20.711831Z",14,7,50.0,6,42.9,1,14,7,50.0,6,1
7,"집에서 가장 좋아하는 컵은 무엇인가요?","PREFERENCE","취향",2,"ACTIVE",1,"2026-08-27T19:02:20.711831Z",7,3,42.9,3,42.9,1,7,3,42.9,3,1
15,"주말 아침에 가장 하고 싶은 일은 무엇인가요?","PREFERENCE","취향",2,"ACTIVE",1,"2026-08-27T19:02:20.711831Z",7,4,57.1,3,42.9,0,7,4,57.1,3,0
27,"자기 전 머릿속으로 그리는 상상은 무엇인가요?","PREFERENCE","취향",2,"ACTIVE",1,"2026-08-27T19:02:20.711831Z",7,1,14.3,3,42.9,3,7,1,14.3,3,3
409,"나이가 들면서 감정이 변했나요?","EMOTION","감정",2,"ACTIVE",1,"2026-08-27T19:02:20.711831Z",7,3,42.9,3,42.9,1,7,3,42.9,3,1
666,"번화한 도시와 고요한 숲속 중 뭐가 더 끌리나요?","PREFERENCE","취향",1,"ACTIVE",1,"2026-08-27T19:02:20.711831Z",12,6,50.0,5,41.7,1,12,6,50.0,5,1
14,"집에서 가장 편한 자리는 어디인가요?","PREFERENCE","취향",2,"ACTIVE",1,"2026-08-27T19:02:20.711831Z",10,5,50.0,4,40.0,1,10,5,50.0,4,1
339,"유튜버가 된다면 어떤 콘텐츠를 올리고 싶나요?","PREFERENCE","취향",1,"ACTIVE",1,"2026-08-27T19:02:20.711831Z",10,5,50.0,4,40.0,1,10,5,50.0,4,1
17,"여행지에서 꼭 들르는 곳은 어디인가요?","PREFERENCE","취향",2,"ACTIVE",1,"2026-08-27T19:02:20.711831Z",5,1,20.0,2,40.0,2,5,1,20.0,2,2
45,"어떤 공간에 있을 때 가장 나답다고 느끼나요?","PREFERENCE","취향",2,"ACTIVE",1,"2026-08-27T19:02:20.711831Z",5,3,60.0,2,40.0,0,5,3,60.0,2,0
311,"취미에 일주일에 얼마나 시간을 쓰나요?","PREFERENCE","취향",2,"ACTIVE",1,"2026-08-27T19:02:20.711831Z",5,2,40.0,2,40.0,1,5,2,40.0,2,1
316,"가장 좋아하는 유튜버는 누구인가요?","PREFERENCE","취향",2,"ACTIVE",1,"2026-08-27T19:02:20.711831Z",5,3,60.0,2,40.0,0,5,3,60.0,2,0
318,"가장 좋아하는 게임은 무엇인가요?","PREFERENCE","취향",2,"ACTIVE",1,"2026-08-27T19:02:20.711831Z",5,2,40.0,2,40.0,1,5,2,40.0,2,1
320,"힘들 때마다 찾게 되는 곳이 있다면, 어디인가요?","PREFERENCE","취향",2,"ACTIVE",1,"2026-08-27T19:02:20.711831Z",5,1,20.0,2,40.0,2,5,1,20.0,2,2
344,"오늘 갑자기 멍해진 순간이 있었나요?","EMOTION","감정",2,"ACTIVE",1,"2026-08-27T19:02:20.711831Z",5,2,40.0,2,40.0,1,5,2,40.0,2,1
353,"오늘 내 자신에게 칭찬 한 마디를 남긴다면 무엇일까요?","EMOTION","감정",2,"ACTIVE",1,"2026-08-27T19:02:20.711831Z",5,1,20.0,2,40.0,2,5,1,20.0,2,2
363,"감정이 멈추거나 굳어버린 것 같은 기분이 들었나요?","EMOTION","감정",2,"ACTIVE",1,"2026-08-27T19:02:20.711831Z",5,2,40.0,2,40.0,1,5,2,40.0,2,1
13,"가방 속에 늘 챙기는 물건은 무엇인가요?","PREFERENCE","취향",2,"ACTIVE",1,"2026-08-27T19:02:20.711831Z",8,4,50.0,3,37.5,1,8,4,50.0,3,1
42,"내가 모은 물건들의 공통점은 무엇인가요?","PREFERENCE","취향",2,"ACTIVE",1,"2026-08-27T19:02:20.711831Z",8,5,62.5,3,37.5,0,8,5,62.5,3,0
327,"유독 마음이 끌리는 외국어가 있다면 무엇인가요?","PREFERENCE","취향",2,"ACTIVE",1,"2026-08-27T19:02:20.711831Z",8,5,62.5,3,37.5,0,8,5,62.5,3,0
18,"책을 고를 때 가장 먼저 보는 것은 무엇인가요?","PREFERENCE","취향",2,"ACTIVE",1,"2026-08-27T19:02:20.711831Z",9,4,44.4,3,33.3,2,9,4,44.4,3,2
28,"가장 좋아하는 꽃의 이름은 무엇인가요?","PREFERENCE","취향",2,"ACTIVE",1,"2026-08-27T19:02:20.711831Z",9,5,55.6,3,33.3,1,9,5,55.6,3,1
672,"스트레스 없는 삶과 지루함 없는 삶 중 뭐가 더 끌리나요?","PREFERENCE","취향",1,"ACTIVE",1,"2026-08-27T19:02:20.711831Z",9,4,44.4,3,33.3,2,9,4,44.4,3,2
12,"혼자 시간을 보낼 때 찾는 장소는 어디인가요?","PREFERENCE","취향",2,"ACTIVE",1,"2026-08-27T19:02:20.711831Z",6,4,66.7,2,33.3,0,6,4,66.7,2,0
39,"가장 좋아하는 계절의 풍경은 무엇인가요?","PREFERENCE","취향",2,"ACTIVE",1,"2026-08-27T19:02:20.711831Z",6,3,50.0,2,33.3,1,6,3,50.0,2,1
302,"평생 한 가지 음식만 먹을 수 있다면 뭘 고르겠어요?","PREFERENCE","취향",2,"ACTIVE",1,"2026-08-27T19:02:20.711831Z",6,4,66.7,2,33.3,0,6,4,66.7,2,0
306,"최근 산 것 중 가장 만족스러운 건 무엇인가요?","PREFERENCE","취향",2,"ACTIVE",1,"2026-08-27T19:02:20.711831Z",6,1,16.7,2,33.3,3,6,1,16.7,2,3
345,"최근 나에게 고생했다고 토닥여주고 싶은 날은 언제였나요?","EMOTION","감정",2,"ACTIVE",1,"2026-08-27T19:02:20.711831Z",6,4,66.7,2,33.3,0,6,4,66.7,2,0
381,"가장 소중한 기억은 무엇인가요?","EMOTION","감정",2,"ACTIVE",1,"2026-08-27T19:02:20.711831Z",6,3,50.0,2,33.3,1,6,3,50.0,2,1
391,"가장 실망하는 순간은 어떤 때인가요?","EMOTION","감정",2,"ACTIVE",1,"2026-08-27T19:02:20.711831Z",6,4,66.7,2,33.3,0,6,4,66.7,2,0
402,"가장 위로가 되는 말은 무엇인가요?","EMOTION","감정",1,"ACTIVE",1,"2026-08-27T19:02:20.711831Z",6,2,33.3,2,33.3,2,6,2,33.3,2,2
829,"하지 않은 일로 인정받는 것과 억울하게 비난받는 것 중 뭐가 더 불편한가요?","VALUES","가치관",2,"ACTIVE",1,"2026-08-27T19:02:20.711831Z",6,3,50.0,2,33.3,1,6,3,50.0,2,1
6,"가장 좋아하는 과일은 무엇인가요?","PREFERENCE","취향",2,"ACTIVE",1,"2026-08-27T19:02:20.711831Z",3,2,66.7,1,33.3,0,3,2,66.7,1,0
32,"오래된 물건 중 버리지 못하는 게 있다면, 어떤 물건인가요?","PREFERENCE","취향",2,"ACTIVE",1,"2026-08-27T19:02:20.711831Z",3,1,33.3,1,33.3,1,3,1,33.3,1,1
69,"최근에 용기를 냈던 경험이 있다면, 어떤 순간이었나요?","EMOTION","감정",2,"ACTIVE",1,"2026-08-27T19:02:20.711831Z",3,2,66.7,1,33.3,0,3,2,66.7,1,0
112,"집중력이 필요할 때 찾는 장소는 어디인가요?","ROUTINE","루틴",2,"ACTIVE",1,"2026-08-27T19:02:20.711831Z",3,2,66.7,1,33.3,0,3,2,66.7,1,0
169,"다른 사람의 고민을 잘 들어주는 편인가요? ","RELATIONSHIP","관계",2,"ACTIVE",1,"2026-08-27T19:02:20.711831Z",3,1,33.3,1,33.3,1,3,1,33.3,1,1
200,"내가 꿈꾸는 이상적인 관계는 어떤 모습인가요?","RELATIONSHIP","관계",2,"ACTIVE",1,"2026-08-27T19:02:20.711831Z",3,2,66.7,1,33.3,0,3,2,66.7,1,0
256,"돈을 쓸 때 가장 아깝지 않은 곳은 어디인가요?","VALUES","가치관",2,"ACTIVE",1,"2026-08-27T19:02:20.711831Z",3,0,0.0,1,33.3,2,3,0,0.0,1,2
275,"내가 생각하는 행복은 어떤 상태인가요?","VALUES","가치관",2,"ACTIVE",1,"2026-08-27T19:02:20.711831Z",3,1,33.3,1,33.3,1,3,1,33.3,1,1
359,"요즘 나를 든든하게 지탱해주는 감정은 무엇인가요?","EMOTION","감정",2,"ACTIVE",1,"2026-08-27T19:02:20.711831Z",3,2,66.7,1,33.3,0,3,2,66.7,1,0
370,"오늘 아침, 눈을 떴을 때 가장 먼저 든 기분은 무엇인가요?","EMOTION","감정",2,"ACTIVE",1,"2026-08-27T19:02:20.711831Z",3,2,66.7,1,33.3,0,3,2,66.7,1,0
380,"하나의 감정을 더 이상 느끼지 않을 수 있다면 무엇을 고르고 싶나요?","EMOTION","감정",2,"ACTIVE",1,"2026-08-27T19:02:20.711831Z",3,2,66.7,1,33.3,0,3,2,66.7,1,0
383,"내 모습을 숨김없이 다 보여준다면 어떤 일이 벌어질 것 같나요?","EMOTION","감정",2,"ACTIVE",1,"2026-08-27T19:02:20.711831Z",3,1,33.3,1,33.3,1,3,1,33.3,1,1
384,"나도 이해 안 되는 내 모습이 있다면, 어떤 모습인가요?","EMOTION","감정",2,"ACTIVE",1,"2026-08-27T19:02:20.711831Z",3,1,33.3,1,33.3,1,3,1,33.3,1,1
387,"싫어하는 것이 나에게 주는 의외의 이점이 있을까요?","EMOTION","감정",2,"ACTIVE",1,"2026-08-27T19:02:20.711831Z",3,2,66.7,1,33.3,0,3,2,66.7,1,0
401,"슬픈 영화나 노래를 일부러 찾아보며 감정을 쏟아내고 싶었던 적이 있나요?","EMOTION","감정",2,"ACTIVE",1,"2026-08-27T19:02:20.711831Z",3,2,66.7,1,33.3,0,3,2,66.7,1,0
417,"최근에 시작한 일 중 루틴에 넣고 싶은 일이 있다면, 어떤 건가요?","ROUTINE","루틴",2,"ACTIVE",1,"2026-08-27T19:02:20.711831Z",3,2,66.7,1,33.3,0,3,2,66.7,1,0
424,"딱 5분만 투자해서 매일 하고 싶은 작은 습관은 무엇인가요?","ROUTINE","루틴",2,"ACTIVE",1,"2026-08-27T19:02:20.711831Z",3,1,33.3,1,33.3,1,3,1,33.3,1,1
467,"운동할 때 혼자하는 것과 같이 하는 것 중 무엇이 더 좋은가요?","ROUTINE","루틴",2,"ACTIVE",1,"2026-08-27T19:02:20.711831Z",3,1,33.3,1,33.3,1,3,1,33.3,1,1
597,"재능과 노력 중 무엇이 더 중요하다고 생각하나요?","VALUES","가치관",2,"ACTIVE",1,"2026-08-27T19:02:20.711831Z",3,0,0.0,1,33.3,2,3,0,0.0,1,2
598,"좋은 의도의 나쁜 결과와 나쁜 의도의 좋은 결과, 뭐가 더 나쁜가요?","VALUES","가치관",2,"ACTIVE",1,"2026-08-27T19:02:20.711831Z",3,1,33.3,1,33.3,1,3,1,33.3,1,1
606,"내가 생각하는 나와 남이 보는 나, 뭐가 다른가요?","VALUES","가치관",2,"ACTIVE",1,"2026-08-27T19:02:20.711831Z",3,2,66.7,1,33.3,0,3,2,66.7,1,0
610,"가장 최근에 생각이 바뀐 주제가 있다면, 어떤 건가요?","VALUES","가치관",2,"ACTIVE",1,"2026-08-27T19:02:20.711831Z",3,2,66.7,1,33.3,0,3,2,66.7,1,0
625,"예전이라면 크게 흔들렸을 상황에서, 의외로 덤덤해진 나를 발견한 순간이 있었나요?","VALUES","가치관",2,"ACTIVE",1,"2026-08-27T19:02:20.711831Z",3,2,66.7,1,33.3,0,3,2,66.7,1,0
645,"성장했다고 느낀 순간이 있다면, 어떤 때였나요?","VALUES","가치관",2,"ACTIVE",1,"2026-08-27T19:02:20.711831Z",3,2,66.7,1,33.3,0,3,2,66.7,1,0
677,"평생 남을 후회와 한순간의 창피함 중 뭐가 더 두렵나요?","EMOTION","감정",2,"ACTIVE",1,"2026-08-27T19:02:20.711831Z",3,2,66.7,1,33.3,0,3,2,66.7,1,0
687,"잠들지 못하는 것과 깨지 못하는 것 중 뭐가 더 두렵나요?","ROUTINE","루틴",2,"ACTIVE",1,"2026-08-27T19:02:20.711831Z",3,2,66.7,1,33.3,0,3,2,66.7,1,0
718,"친구의 착각을 바로잡는 것과 관계를 위해 그냥 두는 것 중 뭐가 더 맞나요?","RELATIONSHIP","관계",1,"ACTIVE",1,"2026-08-27T19:02:20.711831Z",3,2,66.7,1,33.3,0,3,2,66.7,1,0
721,"빠른 답장과 느려도 정성 담긴 답장 중 뭐가 더 좋은가요?","LOVE","사랑",1,"ACTIVE",1,"2026-08-27T19:02:20.711831Z",3,2,66.7,1,33.3,0,3,2,66.7,1,0
738,"한 사람에게 깊이 이해받는 것과 여럿에게 사랑받는 것 중 뭐가 더 끌리나요?","LOVE","사랑",2,"ACTIVE",1,"2026-08-27T19:02:20.711831Z",3,2,66.7,1,33.3,0,3,2,66.7,1,0
744,"매번 늦는 사람과 재촉하는 사람 중 누가 더 미운가요?","VALUES","가치관",1,"ACTIVE",1,"2026-08-27T19:02:20.711831Z",3,2,66.7,1,33.3,0,3,2,66.7,1,0
746,"연봉 2천에 매일 칼퇴근하는 것과 연봉 6천에 주 7일 일하는 것 중 뭐가 더 나에게 맞나요?","VALUES","가치관",2,"ACTIVE",1,"2026-08-27T19:02:20.711831Z",3,2,66.7,1,33.3,0,3,2,66.7,1,0
778,"성격은 타고난 본성과 자란 환경 중 뭐가 더 크게 좌우하나요?","VALUES","가치관",2,"ACTIVE",1,"2026-08-27T19:02:20.711831Z",3,2,66.7,1,33.3,0,3,2,66.7,1,0
783,"편안함을 추구하는 삶과 끊임없이 애쓰는 삶 중 뭐가 더 나다운가요?","VALUES","가치관",1,"ACTIVE",1,"2026-08-27T19:02:20.711831Z",3,2,66.7,1,33.3,0,3,2,66.7,1,0
812,"하루 종일 말하는 것과 듣기만 하는 것 중 뭐가 더 나다운가요?","VALUES","가치관",1,"ACTIVE",1,"2026-08-27T19:02:20.711831Z",3,2,66.7,1,33.3,0,3,2,66.7,1,0
823,"확고한 정체성과 계속 변하는 자유 중 뭐가 더 나에게 가깝나요?","VALUES","가치관",2,"ACTIVE",1,"2026-08-27T19:02:20.711831Z",3,2,66.7,1,33.3,0,3,2,66.7,1,0
853,"죽는 시점과 죽는 방식 중 뭐가 더 알고 싶나요?","VALUES","가치관",2,"ACTIVE",1,"2026-08-27T19:02:20.711831Z",3,2,66.7,1,33.3,0,3,2,66.7,1,0
20,"좋아하는 향이 있다면, 어떤 향인가요?","PREFERENCE","취향",2,"ACTIVE",1,"2026-08-27T19:02:20.711831Z",7,5,71.4,2,28.6,0,7,5,71.4,2,0
41,"10년 뒤에는 어떤 분위기의 사람이고 싶나요?","PREFERENCE","취향",2,"ACTIVE",1,"2026-08-27T19:02:20.711831Z",7,3,42.9,2,28.6,2,7,3,42.9,2,2
310,"최애 잠옷은 무엇인가요?","PREFERENCE","취향",2,"ACTIVE",1,"2026-08-27T19:02:20.711831Z",7,5,71.4,2,28.6,0,7,5,71.4,2,0
317,"노래방에 가면 꼭 부르는 노래는 무엇인가요?","PREFERENCE","취향",1,"ACTIVE",1,"2026-08-27T19:02:20.711831Z",7,5,71.4,2,28.6,0,7,5,71.4,2,0
334,"이번 주 가장 꽂혔던 키워드는 뭐였나요?","PREFERENCE","취향",2,"ACTIVE",1,"2026-08-27T19:02:20.711831Z",7,3,42.9,2,28.6,2,7,3,42.9,2,2
371,"지금 내 마음의 색깔을 고른다면 어떤 색인가요?","EMOTION","감정",2,"ACTIVE",1,"2026-08-27T19:02:20.711831Z",7,5,71.4,2,28.6,0,7,5,71.4,2,0
393,"감정을 정리한 뒤에 대화하는 편인가요, 대화하면서 정리하는 편인가요?","EMOTION","감정",2,"ACTIVE",1,"2026-08-27T19:02:20.711831Z",7,5,71.4,2,28.6,0,7,5,71.4,2,0
760,"인간관계 없는 숲속의 고요함과 소란한 도시의 삶 중 뭐가 더 편안한가요?","VALUES","가치관",2,"ACTIVE",1,"2026-08-27T19:02:20.711831Z",7,4,57.1,2,28.6,1,7,4,57.1,2,1
665,"인터넷 없이 사는 것과 냉난방 없이 사는 것 중 뭐가 더 나은가요?","PREFERENCE","취향",1,"ACTIVE",1,"2026-08-27T19:02:20.711831Z",12,6,50.0,3,25.0,3,12,6,50.0,3,3
30,"가장 좋아하는 영화 장르는 무엇인가요?","PREFERENCE","취향",1,"ACTIVE",1,"2026-08-27T19:02:20.711831Z",8,4,50.0,2,25.0,2,8,4,50.0,2,2
40,"수집하고 싶은 물건이 있다면 무엇인가요?","PREFERENCE","취향",2,"ACTIVE",1,"2026-08-27T19:02:20.711831Z",8,5,62.5,2,25.0,1,8,5,62.5,2,1
3,"비 올 때 듣고 싶은 노래가 있다면, 어떤 노래인가요?","PREFERENCE","취향",2,"ACTIVE",1,"2026-08-27T19:02:20.711831Z",4,3,75.0,1,25.0,0,4,3,75.0,1,0
52,"오늘 나를 웃게 만든 장면은 무엇인가요?","EMOTION","감정",1,"ACTIVE",1,"2026-08-27T19:02:20.711831Z",4,2,50.0,1,25.0,1,4,2,50.0,1,1
77,"내가 가장 예민하게 반응하는 포인트는 무엇인가요?","EMOTION","감정",2,"ACTIVE",1,"2026-08-27T19:02:20.711831Z",4,3,75.0,1,25.0,0,4,3,75.0,1,0
79,"행복의 기준이 있다면 무엇인가요?","EMOTION","감정",2,"ACTIVE",1,"2026-08-27T19:02:20.711831Z",4,2,50.0,1,25.0,1,4,2,50.0,1,1
91,"내 성격 중 가장 소중히 여기는 모습은 무엇인가요?","EMOTION","감정",2,"ACTIVE",1,"2026-08-27T19:02:20.711831Z",4,3,75.0,1,25.0,0,4,3,75.0,1,0
123,"건강을 위해 매일 챙겨 먹는 게 있다면, 어떤 건가요?","ROUTINE","루틴",2,"ACTIVE",1,"2026-08-27T19:02:20.711831Z",4,3,75.0,1,25.0,0,4,3,75.0,1,0
206,"사람들에게 어떤 부분에서 인정받고 싶나요?","RELATIONSHIP","관계",2,"ACTIVE",1,"2026-08-27T19:02:20.711831Z",4,3,75.0,1,25.0,0,4,3,75.0,1,0
215,"사랑하는 사람과 매일 하고 싶은 사소한 일은 무엇인가요?","LOVE","사랑",1,"ACTIVE",1,"2026-08-27T19:02:20.711831Z",4,3,75.0,1,25.0,0,4,3,75.0,1,0
313,"이동하는 시간에 나는 주로 무슨 생각을 하나요?","PREFERENCE","취향",2,"ACTIVE",1,"2026-08-27T19:02:20.711831Z",4,3,75.0,1,25.0,0,4,3,75.0,1,0
322,"좋아하는 계절과 시간대는 언제인가요?","PREFERENCE","취향",2,"ACTIVE",1,"2026-08-27T19:02:20.711831Z",4,3,75.0,1,25.0,0,4,3,75.0,1,0
349,"울컥하거나 감정이 터질 뻔한 순간, 어떻게 넘겼나요?","EMOTION","감정",2,"ACTIVE",1,"2026-08-27T19:02:20.711831Z",4,2,50.0,1,25.0,1,4,2,50.0,1,1
394,"다른 사람의 감정에 얼마나 예민하게 반응하는 편인가요?","EMOTION","감정",2,"ACTIVE",1,"2026-08-27T19:02:20.711831Z",4,3,75.0,1,25.0,0,4,3,75.0,1,0
395,"화가 나면 어떻게 표현하나요?","EMOTION","감정",1,"ACTIVE",1,"2026-08-27T19:02:20.711831Z",4,3,75.0,1,25.0,0,4,3,75.0,1,0
439,"좋아하는 운동은 어떤 운동인가요?","ROUTINE","루틴",1,"ACTIVE",1,"2026-08-27T19:02:20.711831Z",4,2,50.0,1,25.0,1,4,2,50.0,1,1
452,"공부하다 잠깐 쉴 때 주로 뭘 하나요?","ROUTINE","루틴",2,"ACTIVE",1,"2026-08-27T19:02:20.711831Z",4,3,75.0,1,25.0,0,4,3,75.0,1,0
463,"공간이 깨끗해지면 마음도 달라지나요?","ROUTINE","루틴",2,"ACTIVE",1,"2026-08-27T19:02:20.711831Z",4,2,50.0,1,25.0,1,4,2,50.0,1,1
464,"운동할 때 꼭 듣는 음악이 있다면, 어떤 건가요?","ROUTINE","루틴",2,"ACTIVE",1,"2026-08-27T19:02:20.711831Z",4,3,75.0,1,25.0,0,4,3,75.0,1,0
574,"남의 시선을 얼마나 의식하나요?","VALUES","가치관",1,"ACTIVE",1,"2026-08-27T19:02:20.711831Z",4,2,50.0,1,25.0,1,4,2,50.0,1,1
649,"어떻게 죽게 될지에 대한 나만의 예감이 있나요?","VALUES","가치관",2,"ACTIVE",1,"2026-08-27T19:02:20.711831Z",4,3,75.0,1,25.0,0,4,3,75.0,1,0
673,"아파도 감정을 그대로 느끼는 것과 부정적인 감정을 안 느끼는 것 중 뭐가 더 좋나요?","EMOTION","감정",2,"ACTIVE",1,"2026-08-27T19:02:20.711831Z",4,3,75.0,1,25.0,0,4,3,75.0,1,0
705,"10억을 준다면, 절친을 배신하는 것과 의리를 지키는 것 중 뭐가 더 끌리나요?","RELATIONSHIP","관계",2,"ACTIVE",1,"2026-08-27T19:02:20.711831Z",4,3,75.0,1,25.0,0,4,3,75.0,1,0
740,"쉽게 용서하는 사람과 서운함을 같이 풀어가는 사람 중 누가 더 편한가요?","LOVE","사랑",2,"ACTIVE",1,"2026-08-27T19:02:20.711831Z",4,3,75.0,1,25.0,0,4,3,75.0,1,0
750,"바빠서 지치는 것과 한가해서 지치는 것 중 뭐가 더 버거운가요?","VALUES","가치관",1,"ACTIVE",1,"2026-08-27T19:02:20.711831Z",4,3,75.0,1,25.0,0,4,3,75.0,1,0
770,"가장 인기 있는 사람과 가장 똑똑한 사람 중 누가 더 되고 싶나요?","VALUES","가치관",1,"ACTIVE",1,"2026-08-27T19:02:20.711831Z",4,2,50.0,1,25.0,1,4,2,50.0,1,1
822,"내 무의식을 다 아는 것과 미스터리로 남겨두는 것 중 뭐가 더 끌리나요?","VALUES","가치관",2,"ACTIVE",1,"2026-08-27T19:02:20.711831Z",4,3,75.0,1,25.0,0,4,3,75.0,1,0
867,"완전한 자유와 무조건적인 권력 중 뭐가 더 갖고 싶나요?","VALUES","가치관",2,"ACTIVE",1,"2026-08-27T19:02:20.711831Z",4,3,75.0,1,25.0,0,4,3,75.0,1,0
4,"카페에서 항상 고르는 메뉴는 무엇인가요?","PREFERENCE","취향",1,"ACTIVE",1,"2026-08-27T19:02:20.711831Z",9,7,77.8,2,22.2,0,9,7,77.8,2,0
307,"인생 드라마는 무엇인가요?","PREFERENCE","취향",1,"ACTIVE",1,"2026-08-27T19:02:20.711831Z",9,5,55.6,2,22.2,2,9,5,55.6,2,2
48,"내가 좋아하는 사람들의 공통점은 무엇인가요?","PREFERENCE","취향",2,"ACTIVE",1,"2026-08-27T19:02:20.711831Z",5,3,60.0,1,20.0,1,5,3,60.0,1,1
70,"기분이 울적할 때 찾게 되는 음식은 무엇인가요?","EMOTION","감정",2,"ACTIVE",1,"2026-08-27T19:02:20.711831Z",5,4,80.0,1,20.0,0,5,4,80.0,1,0
86,"한참 슬펐을 때 나를 건져준 건 무엇인가요?","EMOTION","감정",2,"ACTIVE",1,"2026-08-27T19:02:20.711831Z",5,2,40.0,1,20.0,2,5,2,40.0,1,2
89,"나를 가장 미소 짓게 하는 추억은 무엇인가요?","EMOTION","감정",2,"ACTIVE",1,"2026-08-27T19:02:20.711831Z",5,3,60.0,1,20.0,1,5,3,60.0,1,1
312,"낮잠 자는 걸 좋아하나요?","PREFERENCE","취향",2,"ACTIVE",1,"2026-08-27T19:02:20.711831Z",5,4,80.0,1,20.0,0,5,4,80.0,1,0
410,"감정을 글로 쓰면 정리가 되나요? 쓰고 나면 뭐가 달라지나요?","EMOTION","감정",2,"ACTIVE",1,"2026-08-27T19:02:20.711831Z",5,3,60.0,1,20.0,1,5,3,60.0,1,1
678,"사랑을 못 느끼는 것과 두려움을 못 느끼는 것 중 뭐가 덜 두렵나요?","EMOTION","감정",2,"ACTIVE",1,"2026-08-27T19:02:20.711831Z",5,4,80.0,1,20.0,0,5,4,80.0,1,0
785,"무리에 자연스럽게 섞이는 것과 확실히 돋보이는 것 중 뭐가 더 편한가요?","VALUES","가치관",1,"ACTIVE",1,"2026-08-27T19:02:20.711831Z",5,3,60.0,1,20.0,1,5,3,60.0,1,1
1,"요즘 자주 찾는 색깔은 무엇인가요?","PREFERENCE","취향",2,"ACTIVE",1,"2026-08-27T19:02:20.711831Z",6,2,33.3,1,16.7,3,6,2,33.3,1,3
2,"가장 자주 듣는 노래는 무엇인가요?","PREFERENCE","취향",1,"ACTIVE",1,"2026-08-27T19:02:20.711831Z",6,4,66.7,1,16.7,1,6,4,66.7,1,1
33,"누군가에게 선물할 때 가장 신경 쓰는 건 무엇인가요?","PREFERENCE","취향",2,"ACTIVE",1,"2026-08-27T19:02:20.711831Z",6,4,66.7,1,16.7,1,6,4,66.7,1,1
303,"야심 차게 시작했다가 금방 포기한 취미가 있다면, 어떤 건가요?","PREFERENCE","취향",2,"ACTIVE",1,"2026-08-27T19:02:20.711831Z",6,5,83.3,1,16.7,0,6,5,83.3,1,0
309,"언젠가 살아보고 싶은 곳이 있다면, 어디인가요?","PREFERENCE","취향",2,"ACTIVE",1,"2026-08-27T19:02:20.711831Z",6,5,83.3,1,16.7,0,6,5,83.3,1,0
51,"지금 기분을 날씨로 말하면 어떤가요?","EMOTION","감정",1,"ACTIVE",1,"2026-08-27T19:02:20.711831Z",7,3,42.9,1,14.3,3,7,3,42.9,1,3
66,"최근에 가장 뿌듯했던 순간은 언제인가요?","EMOTION","감정",1,"ACTIVE",1,"2026-08-27T19:02:20.711831Z",7,5,71.4,1,14.3,1,7,5,71.4,1,1
308,"쉴 때마다 구경하는 앱은 무엇인가요?","PREFERENCE","취향",2,"ACTIVE",1,"2026-08-27T19:02:20.711831Z",7,4,57.1,1,14.3,2,7,4,57.1,1,2
390,"감정에 쉽게 휘둘리는 편인가요? ","EMOTION","감정",2,"ACTIVE",1,"2026-08-27T19:02:20.711831Z",7,5,71.4,1,14.3,1,7,5,71.4,1,1
35,"가장 좋아하는 작가나 아티스트는 누구인가요?","PREFERENCE","취향",2,"ACTIVE",1,"2026-08-27T19:02:20.711831Z",8,6,75.0,1,12.5,1,8,6,75.0,1,1
57,"최근에 가장 크게 웃었던 일은 무엇인가요?","EMOTION","감정",1,"ACTIVE",1,"2026-08-27T19:02:20.711831Z",8,5,62.5,1,12.5,2,8,5,62.5,1,2
321,"한 번쯤은 시도해보고 싶은 패션 스타일이 있다면, 어떤 건가요?","PREFERENCE","취향",2,"ACTIVE",1,"2026-08-27T19:02:20.711831Z",8,6,75.0,1,12.5,1,8,6,75.0,1,1
9,"가장 좋아하는 날씨는 어떤 건가요?","PREFERENCE","취향",1,"ACTIVE",1,"2026-08-27T19:02:20.711831Z",5,5,100.0,0,0.0,0,5,5,100.0,0,0
65,"혼자 있을 때 주로 어떤 감정을 느끼나요?","EMOTION","감정",2,"ACTIVE",1,"2026-08-27T19:02:20.711831Z",5,5,100.0,0,0.0,0,5,5,100.0,0,0
81,"감정을 솔직하게 표현해서 후련했던 순간이 있다면, 어떤 때였나요?","EMOTION","감정",2,"ACTIVE",1,"2026-08-27T19:02:20.711831Z",5,3,60.0,0,0.0,2,5,3,60.0,0,2
97,"마지막 순간에 느끼고 싶은 감정이 있다면, 어떤 감정인가요?","EMOTION","감정",2,"ACTIVE",1,"2026-08-27T19:02:20.711831Z",5,5,100.0,0,0.0,0,5,5,100.0,0,0
346,"지금 내 머릿속에 흐르는 BGM은 무엇인가요?","EMOTION","감정",2,"ACTIVE",1,"2026-08-27T19:02:20.711831Z",5,5,100.0,0,0.0,0,5,5,100.0,0,0
407,"미래가 불안할 때, 어떤 부분이 가장 걱정되나요?","EMOTION","감정",2,"ACTIVE",1,"2026-08-27T19:02:20.711831Z",5,5,100.0,0,0.0,0,5,5,100.0,0,0
873,"과거 기억을 잃는 것과 새 기억을 못 만드는 것 중 뭐가 더 두렵나요?","VALUES","가치관",2,"ACTIVE",1,"2026-08-27T19:02:20.711831Z",5,5,100.0,0,0.0,0,5,5,100.0,0,0
26,"스트레스를 받을 때 찾게 되는 노래는 어떤 분위기인가요?","PREFERENCE","취향",2,"ACTIVE",1,"2026-08-27T19:02:20.711831Z",4,4,100.0,0,0.0,0,4,4,100.0,0,0
104,"휴식을 취할 때 몸이 가장 좋아하는 자세는 무엇인가요?","ROUTINE","루틴",1,"ACTIVE",1,"2026-08-27T19:02:20.711831Z",4,2,50.0,0,0.0,2,4,2,50.0,0,2
261,"돈을 기분 좋게 썼던 기억은 무엇인가요?","VALUES","가치관",2,"ACTIVE",1,"2026-08-27T19:02:20.711831Z",4,4,100.0,0,0.0,0,4,4,100.0,0,0
324,"지금 당장 떠나고 싶은 여행지는 어디인가요?","PREFERENCE","취향",2,"ACTIVE",1,"2026-08-27T19:02:20.711831Z",4,4,100.0,0,0.0,0,4,4,100.0,0,0
340,"집에 방이 하나 더 생긴다면 무엇을 하는 장소로 만들고 싶나요?","PREFERENCE","취향",2,"ACTIVE",1,"2026-08-27T19:02:20.711831Z",4,4,100.0,0,0.0,0,4,4,100.0,0,0
408,"만약 감정이 사라진다면 어떨까요?","EMOTION","감정",2,"ACTIVE",1,"2026-08-27T19:02:20.711831Z",4,4,100.0,0,0.0,0,4,4,100.0,0,0
413,"미안하다는 표현을 잘하는 편인가요? ","EMOTION","감정",2,"ACTIVE",1,"2026-08-27T19:02:20.711831Z",4,3,75.0,0,0.0,1,4,3,75.0,0,1
557,"좋아할 때 숨기기 어려운 건 무엇인가요?","LOVE","사랑",1,"ACTIVE",1,"2026-08-27T19:02:20.711831Z",4,4,100.0,0,0.0,0,4,4,100.0,0,0
558,"좋아하는 사람에게 먼저 연락하나요, 기다리나요?","LOVE","사랑",2,"ACTIVE",1,"2026-08-27T19:02:20.711831Z",4,4,100.0,0,0.0,0,4,4,100.0,0,0
757,"개인적인 삶의 성공과 커리어의 성공 중 뭐가 더 중요한가요?","VALUES","가치관",2,"ACTIVE",1,"2026-08-27T19:02:20.711831Z",4,4,100.0,0,0.0,0,4,4,100.0,0,0
801,"내 의도와 행동 중 뭐가 더 중요하게 평가받길 바라나요?","VALUES","가치관",2,"ACTIVE",1,"2026-08-27T19:02:20.711831Z",4,4,100.0,0,0.0,0,4,4,100.0,0,0
856,"평온한 삶과 위험한 도전이 가득한 삶 중 뭐가 더 끌리나요?","VALUES","가치관",2,"ACTIVE",1,"2026-08-27T19:02:20.711831Z",4,3,75.0,0,0.0,1,4,3,75.0,0,1
92,"오늘 밤 잠들기 전 나에게 해주고 싶은 말은 무엇인가요?","EMOTION","감정",2,"ACTIVE",1,"2026-08-27T19:02:20.711831Z",3,3,100.0,0,0.0,0,3,3,100.0,0,0
108,"집에 도착하자마자 가장 먼저 하는 일은 무엇인가요?","ROUTINE","루틴",1,"ACTIVE",1,"2026-08-27T19:02:20.711831Z",3,1,33.3,0,0.0,2,3,1,33.3,0,2
151,"가족 중 가장 편하게 대화하는 사람은 누구인가요?","RELATIONSHIP","관계",1,"ACTIVE",1,"2026-08-27T19:02:20.711831Z",3,2,66.7,0,0.0,1,3,2,66.7,0,1
196,"새로운 사람을 만나는 게 설레나요 혹은 부담되나요?","RELATIONSHIP","관계",2,"ACTIVE",1,"2026-08-27T19:02:20.711831Z",3,3,100.0,0,0.0,0,3,3,100.0,0,0
232,"결혼에 대한 나의 생각은 어떤가요?","LOVE","사랑",2,"ACTIVE",1,"2026-08-27T19:02:20.711831Z",3,3,100.0,0,0.0,0,3,3,100.0,0,0
251,"인생에서 가장 소중한 단어 3개는 무엇인가요?","VALUES","가치관",1,"ACTIVE",1,"2026-08-27T19:02:20.711831Z",3,2,66.7,0,0.0,1,3,2,66.7,0,1
278,"내가 주변 사람들에게 줄 수 있는 좋은 영향은 뭘까요?","VALUES","가치관",2,"ACTIVE",1,"2026-08-27T19:02:20.711831Z",3,2,66.7,0,0.0,1,3,2,66.7,0,1
314,"여행 갈 때 계획파인가요 무계획파인가요?","PREFERENCE","취향",2,"ACTIVE",1,"2026-08-27T19:02:20.711831Z",3,3,100.0,0,0.0,0,3,3,100.0,0,0
343,"내가 느끼는 감정과 남들이 보는 내 감정, 얼마나 다른가요?","EMOTION","감정",2,"ACTIVE",1,"2026-08-27T19:02:20.711831Z",3,2,66.7,0,0.0,1,3,2,66.7,0,1
372,"지금 내 마음이 가장 간절하게 외치는 소망은 무엇인가요?","EMOTION","감정",2,"ACTIVE",1,"2026-08-27T19:02:20.711831Z",3,3,100.0,0,0.0,0,3,3,100.0,0,0
392,"남들보다 자주 느끼는 감정은 무엇인가요?","EMOTION","감정",2,"ACTIVE",1,"2026-08-27T19:02:20.711831Z",3,2,66.7,0,0.0,1,3,2,66.7,0,1
458,"물건의 자리가 정해져 있는 편인가요? 나만의 정리 규칙이 있다면 어떤 건가요?","ROUTINE","루틴",2,"ACTIVE",1,"2026-08-27T19:02:20.711831Z",3,2,66.7,0,0.0,1,3,2,66.7,0,1
490,"겉으론 '응'이라고 하지만 속으론 '싫어' 하는 게 있다면, 어떤 건가요?","ROUTINE","루틴",2,"ACTIVE",1,"2026-08-27T19:02:20.711831Z",3,2,66.7,0,0.0,1,3,2,66.7,0,1
537,"곁에 있어줘서 가장 고마운 사람은 누구인가요?","RELATIONSHIP","관계",2,"ACTIVE",1,"2026-08-27T19:02:20.711831Z",3,3,100.0,0,0.0,0,3,3,100.0,0,0
576,"포기가 빠른 편인가요, 늦은 편인가요?","VALUES","가치관",2,"ACTIVE",1,"2026-08-27T19:02:20.711831Z",3,3,100.0,0,0.0,0,3,3,100.0,0,0
577,"내 인생에서 가장 비싸게 얻은 깨달음은 무엇인가요?","VALUES","가치관",2,"ACTIVE",1,"2026-08-27T19:02:20.711831Z",3,2,66.7,0,0.0,1,3,2,66.7,0,1
596,"다수의 의견과 내 생각이 다를 때 어떻게 하나요?","VALUES","가치관",2,"ACTIVE",1,"2026-08-27T19:02:20.711831Z",3,1,33.3,0,0.0,2,3,1,33.3,0,2
615,"통제할 수 없는 상황에서 어떻게 하나요?","VALUES","가치관",2,"ACTIVE",1,"2026-08-27T19:02:20.711831Z",3,3,100.0,0,0.0,0,3,3,100.0,0,0
699,"무모한 결정에도 무조건 지지해주는 것과 말려주는 것 중 뭐가 더 좋은가요?","RELATIONSHIP","관계",1,"ACTIVE",1,"2026-08-27T19:02:20.711831Z",3,3,100.0,0,0.0,0,3,3,100.0,0,0
722,"자주 삐지지만 금방 푸는 애인과 가끔 삐지지만 오래가는 애인 중 누가 더 힘든가요?","LOVE","사랑",1,"ACTIVE",1,"2026-08-27T19:02:20.711831Z",3,3,100.0,0,0.0,0,3,3,100.0,0,0
730,"사랑은 말로 표현하는 것과 행동으로 보여주는 것 중 뭐가 더 중요하다고 생각하나요?","LOVE","사랑",1,"ACTIVE",1,"2026-08-27T19:02:20.711831Z",3,3,100.0,0,0.0,0,3,3,100.0,0,0
749,"퇴사 날 아무도 모르게 조용히 나가는 것과 배웅받으며 화려하게 나가는 것 중 뭐가 더 하고 싶나요?","VALUES","가치관",1,"ACTIVE",1,"2026-08-27T19:02:20.711831Z",3,3,100.0,0,0.0,0,3,3,100.0,0,0
759,"당장의 빚과 평생 이어지는 소득 한계 중 뭐가 더 견디기 쉬운가요?","VALUES","가치관",2,"ACTIVE",1,"2026-08-27T19:02:20.711831Z",3,3,100.0,0,0.0,0,3,3,100.0,0,0
763,"위안이 되는 거짓말과 불편한 진실 중 뭐가 더 나은가요?","VALUES","가치관",2,"ACTIVE",1,"2026-08-27T19:02:20.711831Z",3,1,33.3,0,0.0,2,3,1,33.3,0,2
800,"단 하나만 고를 수 있다면, 세상을 지키는 것과 나 자신을 지키는 것 중 뭐가 더 끌리나요?","VALUES","가치관",2,"ACTIVE",1,"2026-08-27T19:02:20.711831Z",3,3,100.0,0,0.0,0,3,3,100.0,0,0
55,"지금 가장 보고 싶은 사람은 누구인가요?","EMOTION","감정",2,"ACTIVE",1,"2026-08-27T19:02:20.711831Z",2,2,100.0,0,0.0,0,2,2,100.0,0,0
59,"오늘 하루 중 가장 아쉬웠던 순간은 언제인가요?","EMOTION","감정",2,"ACTIVE",1,"2026-08-27T19:02:20.711831Z",2,2,100.0,0,0.0,0,2,2,100.0,0,0
71,"화가 났을 때 마음을 가라앉히는 방법은 무엇인가요?","EMOTION","감정",2,"ACTIVE",1,"2026-08-27T19:02:20.711831Z",2,2,100.0,0,0.0,0,2,2,100.0,0,0
72,"슬픈 감정을 실컷 쏟아내고 나면 어떤가요?","EMOTION","감정",2,"ACTIVE",1,"2026-08-27T19:02:20.711831Z",2,2,100.0,0,0.0,0,2,2,100.0,0,0
75,"내가 생각하는 나만의 장점은 무엇인가요?","EMOTION","감정",2,"ACTIVE",1,"2026-08-27T19:02:20.711831Z",2,1,50.0,0,0.0,1,2,1,50.0,0,1
82,"두려움을 극복하고 무언가 해낸 적이 있다면, 어떤 일이었나요?","EMOTION","감정",2,"ACTIVE",1,"2026-08-27T19:02:20.711831Z",2,2,100.0,0,0.0,0,2,2,100.0,0,0
95,"내가 생각하는 진짜 용기란 무엇인가요?","EMOTION","감정",2,"ACTIVE",1,"2026-08-27T19:02:20.711831Z",2,2,100.0,0,0.0,0,2,2,100.0,0,0
109,"매일 사용하는 물건 중 가장 아끼는 것은 무엇인가요?","ROUTINE","루틴",1,"ACTIVE",1,"2026-08-27T19:02:20.711831Z",2,2,100.0,0,0.0,0,2,2,100.0,0,0
122,"할 일이 많을 때 어떤 순서로 처리하나요?","ROUTINE","루틴",2,"ACTIVE",1,"2026-08-27T19:02:20.711831Z",2,2,100.0,0,0.0,0,2,2,100.0,0,0
134,"스마트폰 없이 보내는 시간이 하루에 얼마나 되나요?","ROUTINE","루틴",2,"ACTIVE",1,"2026-08-27T19:02:20.711831Z",2,2,100.0,0,0.0,0,2,2,100.0,0,0
139,"집 청소를 가장 꼼꼼히 하는 날은 언제인가요?","ROUTINE","루틴",2,"ACTIVE",1,"2026-08-27T19:02:20.711831Z",2,2,100.0,0,0.0,0,2,2,100.0,0,0
174,"관계에서 오는 스트레스를 어떻게 해결하나요?","RELATIONSHIP","관계",2,"ACTIVE",1,"2026-08-27T19:02:20.711831Z",2,1,50.0,0,0.0,1,2,1,50.0,0,1
184,"사람들에게 내 이야기를 잘 하는 편인가요?","RELATIONSHIP","관계",2,"ACTIVE",1,"2026-08-27T19:02:20.711831Z",2,2,100.0,0,0.0,0,2,2,100.0,0,0
189,"나를 바꾸려 하는 사람을 만나면 어떻게 하나요?","RELATIONSHIP","관계",2,"ACTIVE",1,"2026-08-27T19:02:20.711831Z",2,1,50.0,0,0.0,1,2,1,50.0,0,1
211,"사랑이 시작될 때 나만 아는 신호가 있다면, 어떤 건가요?","LOVE","사랑",2,"ACTIVE",1,"2026-08-27T19:02:20.711831Z",2,2,100.0,0,0.0,0,2,2,100.0,0,0
229,"사랑이 나를 더 나은 사람으로 만든 적이 있다면, 어떻게 달라졌나요?","LOVE","사랑",2,"ACTIVE",1,"2026-08-27T19:02:20.711831Z",2,2,100.0,0,0.0,0,2,2,100.0,0,0
234,"사랑하는 사람에게 서운할 때 나는 어떻게 행동하나요?","LOVE","사랑",2,"ACTIVE",1,"2026-08-27T19:02:20.711831Z",2,1,50.0,0,0.0,1,2,1,50.0,0,1
238,"사랑에서 '진심을 다한다'는 건 어떤 건가요?","LOVE","사랑",2,"ACTIVE",1,"2026-08-27T19:02:20.711831Z",2,2,100.0,0,0.0,0,2,2,100.0,0,0
242,"사랑하는 사람과 함께 꿈꾸는 노후의 모습은 무엇인가요?","LOVE","사랑",2,"ACTIVE",1,"2026-08-27T19:02:20.711831Z",2,2,100.0,0,0.0,0,2,2,100.0,0,0
258,"무엇을 가장 배우고 싶나요?","VALUES","가치관",2,"ACTIVE",1,"2026-08-27T19:02:20.711831Z",2,1,50.0,0,0.0,1,2,1,50.0,0,1
262,"내가 생각하는 멋진 어른은 어떤 모습인가요?","VALUES","가치관",2,"ACTIVE",1,"2026-08-27T19:02:20.711831Z",2,1,50.0,0,0.0,1,2,1,50.0,0,1
264,"실패했을 때 나를 일으켜 세우는 생각은 무엇인가요?","VALUES","가치관",2,"ACTIVE",1,"2026-08-27T19:02:20.711831Z",2,1,50.0,0,0.0,1,2,1,50.0,0,1
284,"삶의 의미를 어디에서 찾나요?","VALUES","가치관",2,"ACTIVE",1,"2026-08-27T19:02:20.711831Z",2,2,100.0,0,0.0,0,2,2,100.0,0,0
296,"나를 기억하는 사람들에게 어떤 인상을 남기고 싶나요?","VALUES","가치관",2,"ACTIVE",1,"2026-08-27T19:02:20.711831Z",2,2,100.0,0,0.0,0,2,2,100.0,0,0
297,"도전을 해야할 때 나의 마음은 어떤가요?","VALUES","가치관",2,"ACTIVE",1,"2026-08-27T19:02:20.711831Z",2,2,100.0,0,0.0,0,2,2,100.0,0,0
415,"계획이 바뀌었을 때 어떻게 행동하나요?","ROUTINE","루틴",2,"ACTIVE",1,"2026-08-27T19:02:20.711831Z",2,2,100.0,0,0.0,0,2,2,100.0,0,0
442,"공부나 작업을 시작하기 전에 꼭 하는 게 있다면, 어떤 건가요?","ROUTINE","루틴",2,"ACTIVE",1,"2026-08-27T19:02:20.711831Z",2,2,100.0,0,0.0,0,2,2,100.0,0,0
456,"공부나 작업할 때 옆에 꼭 있어야 편한 것이 있다면, 어떤 건가요?","ROUTINE","루틴",2,"ACTIVE",1,"2026-08-27T19:02:20.711831Z",2,2,100.0,0,0.0,0,2,2,100.0,0,0
473,"물건을 살 때 가격을 꼼꼼히 따져보는 편인가요, 아니면 가격보다 더 중요하게 여기는 나만의 기준이 있나요?","ROUTINE","루틴",2,"ACTIVE",1,"2026-08-27T19:02:20.711831Z",2,2,100.0,0,0.0,0,2,2,100.0,0,0
499,"넓고 얕은 관계와 좁고 깊은 관계 중 뭐가 더 좋나요?","RELATIONSHIP","관계",2,"ACTIVE",1,"2026-08-27T19:02:20.711831Z",2,1,50.0,0,0.0,1,2,1,50.0,0,1
501,"인간관계에 쏟는 에너지는 어느 정도인가요?","RELATIONSHIP","관계",2,"ACTIVE",1,"2026-08-27T19:02:20.711831Z",2,2,100.0,0,0.0,0,2,2,100.0,0,0
504,"친해지고 싶은 사람이 생기면 어떻게 하나요?","RELATIONSHIP","관계",2,"ACTIVE",1,"2026-08-27T19:02:20.711831Z",2,1,50.0,0,0.0,1,2,1,50.0,0,1
516,"지금 가장 보고 싶은 존재는 무엇인가요?","RELATIONSHIP","관계",2,"ACTIVE",1,"2026-08-27T19:02:20.711831Z",2,2,100.0,0,0.0,0,2,2,100.0,0,0
526,"오늘 관계 때문에 마음이 조금 무거웠다면, 어떤 일이었나요?","RELATIONSHIP","관계",2,"ACTIVE",1,"2026-08-27T19:02:20.711831Z",2,1,50.0,0,0.0,1,2,1,50.0,0,1
541,"그때 하지 못한 말이 있다면, 지금은 할 수 있을까요?","RELATIONSHIP","관계",2,"ACTIVE",1,"2026-08-27T19:02:20.711831Z",2,1,50.0,0,0.0,1,2,1,50.0,0,1
546,"우정에서 무엇을 가장 중요하게 생각하나요?","RELATIONSHIP","관계",2,"ACTIVE",1,"2026-08-27T19:02:20.711831Z",2,0,0.0,0,0.0,2,2,0,0.0,0,2
550,"나의 가족은 얼마나 가깝고 따뜻한가요? ","RELATIONSHIP","관계",2,"ACTIVE",1,"2026-08-27T19:02:20.711831Z",2,1,50.0,0,0.0,1,2,1,50.0,0,1
568,"지금까지 만난 사람들의 공통점은 무엇인가요?","LOVE","사랑",2,"ACTIVE",1,"2026-08-27T19:02:20.711831Z",2,2,100.0,0,0.0,0,2,2,100.0,0,0
583,"편안함이 성장을 막고 있다고 느낀 적이 있다면, 어떤 순간이었나요?","VALUES","가치관",2,"ACTIVE",1,"2026-08-27T19:02:20.711831Z",2,2,100.0,0,0.0,0,2,2,100.0,0,0
589,"과거로 돌아가고 싶은 순간이 있나요?","VALUES","가치관",2,"ACTIVE",1,"2026-08-27T19:02:20.711831Z",2,2,100.0,0,0.0,0,2,2,100.0,0,0
600,"가장 이기고 싶을 땐 언제인가요?","VALUES","가치관",2,"ACTIVE",1,"2026-08-27T19:02:20.711831Z",2,1,50.0,0,0.0,1,2,1,50.0,0,1
620,"나와 가장 닮은 영화, 책, 드라마 속 인물은 누구인가요?","VALUES","가치관",1,"ACTIVE",1,"2026-08-27T19:02:20.711831Z",2,2,100.0,0,0.0,0,2,2,100.0,0,0
655,"지니를 만난다면 빌고 싶은 세 가지 소원은 무엇인가요?","VALUES","가치관",1,"ACTIVE",1,"2026-08-27T19:02:20.711831Z",2,2,100.0,0,0.0,0,2,2,100.0,0,0
680,"내 감정을 완전히 다스리는 능력과 타인의 감정을 읽는 능력 중 뭐가 더 갖고 싶나요?","EMOTION","감정",2,"ACTIVE",1,"2026-08-27T19:02:20.711831Z",2,1,50.0,0,0.0,1,2,1,50.0,0,1
682,"10분 늦는 것과 20분 일찍 오는 것 중 뭐가 더 편한가요?","ROUTINE","루틴",1,"ACTIVE",1,"2026-08-27T19:02:20.711831Z",2,2,100.0,0,0.0,0,2,2,100.0,0,0
685,"많은 시간과 많은 에너지 중 뭐가 더 좋은가요?","ROUTINE","루틴",2,"ACTIVE",1,"2026-08-27T19:02:20.711831Z",2,2,100.0,0,0.0,0,2,2,100.0,0,0
686,"언제 죽을지와 어떻게 죽을지 중 뭐가 더 궁금한가요?","ROUTINE","루틴",2,"ACTIVE",1,"2026-08-27T19:02:20.711831Z",2,2,100.0,0,0.0,0,2,2,100.0,0,0
692,"친구들에게 인정받는 것과 부모님께 인정받는 것 중 뭐가 더 중요한가요?","RELATIONSHIP","관계",2,"ACTIVE",1,"2026-08-27T19:02:20.711831Z",2,2,100.0,0,0.0,0,2,2,100.0,0,0
723,"전 애인과 밤새 술 마시는 것과 이성 친구와 단둘이 여행 가는 것 중 뭐가 더 불안한가요?","LOVE","사랑",2,"ACTIVE",1,"2026-08-27T19:02:20.711831Z",2,2,100.0,0,0.0,0,2,2,100.0,0,0
727,"사랑을 찾는 것과 큰돈을 찾는 것 중 뭐가 더 중요한가요?","LOVE","사랑",2,"ACTIVE",1,"2026-08-27T19:02:20.711831Z",2,1,50.0,0,0.0,1,2,1,50.0,0,1
733,"지나간 첫사랑과 새로운 사랑 중 누가 더 끌리나요?","LOVE","사랑",2,"ACTIVE",1,"2026-08-27T19:02:20.711831Z",2,2,100.0,0,0.0,0,2,2,100.0,0,0
735,"안 싸우는 무난한 연애와 부딪혀도 솔직한 연애 중 더 선호하는 것은 무엇인가요?","LOVE","사랑",2,"ACTIVE",1,"2026-08-27T19:02:20.711831Z",2,2,100.0,0,0.0,0,2,2,100.0,0,0
742,"무너져가는 관계를 붙잡는 것과 정직하게 이별하는 것 중 뭐가 더 나은가요?","LOVE","사랑",2,"ACTIVE",1,"2026-08-27T19:02:20.711831Z",2,2,100.0,0,0.0,0,2,2,100.0,0,0
752,"확실한 10억과 반반 확률의 50억 중 뭐가 더 나은가요?","VALUES","가치관",2,"ACTIVE",1,"2026-08-27T19:02:20.711831Z",2,2,100.0,0,0.0,0,2,2,100.0,0,0
761,"평생 다달이 받는 200만 원과 지금 당장의 5억 중 뭐가 더 든든한가요?","VALUES","가치관",2,"ACTIVE",1,"2026-08-27T19:02:20.711831Z",2,1,50.0,0,0.0,1,2,1,50.0,0,1
775,"짧더라도 부유한 삶과 길고 가난한 삶 중 뭐가 더 나에게 맞나요?","VALUES","가치관",2,"ACTIVE",1,"2026-08-27T19:02:20.711831Z",2,2,100.0,0,0.0,0,2,2,100.0,0,0
780,"미리 허락을 구하는 것과 일단 저지르는 것 중 뭐가 더 편한가요?","VALUES","가치관",1,"ACTIVE",1,"2026-08-27T19:02:20.711831Z",2,2,100.0,0,0.0,0,2,2,100.0,0,0
797,"역사에 이름을 남기는 삶과 행복한 평범함 중 뭐가 더 나은가요?","VALUES","가치관",2,"ACTIVE",1,"2026-08-27T19:02:20.711831Z",2,2,100.0,0,0.0,0,2,2,100.0,0,0
810,"싫은 상사와 일하는 것과 친한 동료와 떨어지는 것 중 뭐가 더 나은가요?","VALUES","가치관",1,"ACTIVE",1,"2026-08-27T19:02:20.711831Z",2,2,100.0,0,0.0,0,2,2,100.0,0,0
831,"경직돼도 공정한 법과 유연해서 가끔 불공정한 법 중 뭐가 더 옳다고 생각하나요?","VALUES","가치관",2,"ACTIVE",1,"2026-08-27T19:02:20.711831Z",2,0,0.0,0,0.0,2,2,0,0.0,0,2
833,"과거를 바꾸는 능력과 미래를 보는 능력 중 뭐가 더 갖고 싶나요?","VALUES","가치관",1,"ACTIVE",1,"2026-08-27T19:02:20.711831Z",2,2,100.0,0,0.0,0,2,2,100.0,0,0
849,"속마음을 다 말하는 것과 평생 입을 다무는 것 중 뭐가 더 나은가요?","VALUES","가치관",2,"ACTIVE",1,"2026-08-27T19:02:20.711831Z",2,1,50.0,0,0.0,1,2,1,50.0,0,1
859,"늘 관심의 중심이 되는 것과 아무도 모르게 지내는 것 중 뭐가 더 끌리나요?","VALUES","가치관",1,"ACTIVE",1,"2026-08-27T19:02:20.711831Z",2,1,50.0,0,0.0,1,2,1,50.0,0,1
85,"누군가에게 깊은 감동을 받았던 순간은 언제인가요?","EMOTION","감정",2,"ACTIVE",1,"2026-08-27T19:02:20.711831Z",1,1,100.0,0,0.0,0,1,1,100.0,0,0
105,"외출하기 전 꼭 챙기는 물건은 무엇인가요?","ROUTINE","루틴",2,"ACTIVE",1,"2026-08-27T19:02:20.711831Z",1,1,100.0,0,0.0,0,1,1,100.0,0,0
106,"식사 후에 습관적으로 하는 행동이 있다면, 어떤 건가요?","ROUTINE","루틴",2,"ACTIVE",1,"2026-08-27T19:02:20.711831Z",1,1,100.0,0,0.0,0,1,1,100.0,0,0
107,"하루 중 스마트폰을 가장 많이 보는 시간은 언제인가요?","ROUTINE","루틴",2,"ACTIVE",1,"2026-08-27T19:02:20.711831Z",1,1,100.0,0,0.0,0,1,1,100.0,0,0
113,"스트레스가 쌓였을 때 나도 모르게 하는 행동이 있다면, 어떤 건가요?","ROUTINE","루틴",2,"ACTIVE",1,"2026-08-27T19:02:20.711831Z",1,1,100.0,0,0.0,0,1,1,100.0,0,0
126,"업무나 공부를 시작하기 전 마음을 가다듬는 행동이 있다면, 어떤 건가요?","ROUTINE","루틴",2,"ACTIVE",1,"2026-08-27T19:02:20.711831Z",1,1,100.0,0,0.0,0,1,1,100.0,0,0
131,"망가진 하루를 바로잡는 나만의 방법은 무엇인가요?","ROUTINE","루틴",2,"ACTIVE",1,"2026-08-27T19:02:20.711831Z",1,0,0.0,0,0.0,1,1,0,0.0,0,1
146,"지루한 반복을 견디게 하는 생각은 무엇인가요?","ROUTINE","루틴",2,"ACTIVE",1,"2026-08-27T19:02:20.711831Z",1,1,100.0,0,0.0,0,1,1,100.0,0,0
152,"고민이 있을 때 가장 먼저 생각나는 친구는 누구인가요?","RELATIONSHIP","관계",1,"ACTIVE",1,"2026-08-27T19:02:20.711831Z",1,1,100.0,0,0.0,0,1,1,100.0,0,0
160,"연락처 목록에서 가장 의외의 인물은 누구인가요?","RELATIONSHIP","관계",2,"ACTIVE",1,"2026-08-27T19:02:20.711831Z",1,0,0.0,0,0.0,1,1,0,0.0,0,1
161,"사람들이 말하는 나의 첫인상은 어떤가요?","RELATIONSHIP","관계",2,"ACTIVE",1,"2026-08-27T19:02:20.711831Z",1,1,100.0,0,0.0,0,1,1,100.0,0,0
163,"친구를 사귀 때 가장 중요하게 보는 점은 무엇인가요?","RELATIONSHIP","관계",2,"ACTIVE",1,"2026-08-27T19:02:20.711831Z",1,0,0.0,0,0.0,1,1,0,0.0,0,1
173,"진정한 친구는 몇 명이면 충분하다고 생각하나요?","RELATIONSHIP","관계",2,"ACTIVE",1,"2026-08-27T19:02:20.711831Z",1,1,100.0,0,0.0,0,1,1,100.0,0,0
179,"사람들과 어울리는 것과 혼자 있는 것 중 무엇이 더 좋나요?","RELATIONSHIP","관계",2,"ACTIVE",1,"2026-08-27T19:02:20.711831Z",1,1,100.0,0,0.0,0,1,1,100.0,0,0
182,"오해가 생겼을 때 어떻게 대처하나요?","RELATIONSHIP","관계",2,"ACTIVE",1,"2026-08-27T19:02:20.711831Z",1,0,0.0,0,0.0,1,1,0,0.0,0,1
188,"누군가에게 의도치 않게 상처를 준 적이 있다면, 어떤 일이었나요?","RELATIONSHIP","관계",2,"ACTIVE",1,"2026-08-27T19:02:20.711831Z",1,1,100.0,0,0.0,0,1,1,100.0,0,0
207,"나를 기억할 때 사람들이 떠올렸으면 하는 이미지는 무엇인가요?","RELATIONSHIP","관계",2,"ACTIVE",1,"2026-08-27T19:02:20.711831Z",1,1,100.0,0,0.0,0,1,1,100.0,0,0
218,"연애할 때 나의 연락 스타일은 어떤가요?","LOVE","사랑",2,"ACTIVE",1,"2026-08-27T19:02:20.711831Z",1,1,100.0,0,0.0,0,1,1,100.0,0,0
221,"좋아하는 사람에게 주고 싶은 선물은 무엇인가요?","LOVE","사랑",1,"ACTIVE",1,"2026-08-27T19:02:20.711831Z",1,0,0.0,0,0.0,1,1,0,0.0,0,1
222,"이상형과 실제 연인은 얼마나 닮았나요?","LOVE","사랑",2,"ACTIVE",1,"2026-08-27T19:02:20.711831Z",1,1,100.0,0,0.0,0,1,1,100.0,0,0
230,"사랑하는 사람이 슬플 때 나는 어떻게 대처하나요?","LOVE","사랑",2,"ACTIVE",1,"2026-08-27T19:02:20.711831Z",1,1,100.0,0,0.0,0,1,1,100.0,0,0
236,"나 자신을 사랑하는 방법은 무엇인가요?","LOVE","사랑",2,"ACTIVE",1,"2026-08-27T19:02:20.711831Z",1,1,100.0,0,0.0,0,1,1,100.0,0,0
237,"사랑에 대해 내가 가진 가장 큰 두려움은 무엇인가요?","LOVE","사랑",2,"ACTIVE",1,"2026-08-27T19:02:20.711831Z",1,1,100.0,0,0.0,0,1,1,100.0,0,0
241,"사랑이 변한다고 믿나요 아니면 사람이 변한다고 믿나요?","LOVE","사랑",2,"ACTIVE",1,"2026-08-27T19:02:20.711831Z",1,1,100.0,0,0.0,0,1,1,100.0,0,0
252,"지칠 때 힘이 되는 나만의 문장이 있다면, 어떤 문장인가요?","VALUES","가치관",2,"ACTIVE",1,"2026-08-27T19:02:20.711831Z",1,1,100.0,0,0.0,0,1,1,100.0,0,0
259,"나를 가장 설레게 하는 단어는 무엇인가요?","VALUES","가치관",1,"ACTIVE",1,"2026-08-27T19:02:20.711831Z",1,1,100.0,0,0.0,0,1,1,100.0,0,0
260,"나의 좌우명은 무엇인가요?","VALUES","가치관",2,"ACTIVE",1,"2026-08-27T19:02:20.711831Z",1,1,100.0,0,0.0,0,1,1,100.0,0,0
263,"매일 지키고 싶은 나만의 마음가짐이 있다면, 어떤 건가요?","VALUES","가치관",2,"ACTIVE",1,"2026-08-27T19:02:20.711831Z",1,1,100.0,0,0.0,0,1,1,100.0,0,0
267,"사람들에게 보여주고 싶은 나의 모습은 무엇인가요?","VALUES","가치관",2,"ACTIVE",1,"2026-08-27T19:02:20.711831Z",1,1,100.0,0,0.0,0,1,1,100.0,0,0
273,"나는 '직감'을 믿는 편인가요?","VALUES","가치관",2,"ACTIVE",1,"2026-08-27T19:02:20.711831Z",1,1,100.0,0,0.0,0,1,1,100.0,0,0
274,"손해를 봐도 지키고 싶은 원칙은 무엇인가요?","VALUES","가치관",2,"ACTIVE",1,"2026-08-27T19:02:20.711831Z",1,0,0.0,0,0.0,1,1,0,0.0,0,1
276,"죽음 너머에는 무엇이 기다리고 있다고 생각하나요?","VALUES","가치관",2,"ACTIVE",1,"2026-08-27T19:02:20.711831Z",1,1,100.0,0,0.0,0,1,1,100.0,0,0
279,"100억이 생긴다면 내 삶의 목표가 바뀔까요?","VALUES","가치관",2,"ACTIVE",1,"2026-08-27T19:02:20.711831Z",1,1,100.0,0,0.0,0,1,1,100.0,0,0
295,"힘든 시간을 보내고 있는 사람에게, 어떤 말을 건네고 싶나요?","VALUES","가치관",2,"ACTIVE",1,"2026-08-27T19:02:20.711831Z",1,1,100.0,0,0.0,0,1,1,100.0,0,0
298,"남과 나를 비교하게 될 때 어떤 생각이 드나요?","VALUES","가치관",2,"ACTIVE",1,"2026-08-27T19:02:20.711831Z",1,1,100.0,0,0.0,0,1,1,100.0,0,0
300,"내 인생에서 꼭 한 번은 경험하고 싶은 순간이 있다면, 어떤 건가요?","VALUES","가치관",2,"ACTIVE",1,"2026-08-27T19:02:20.711831Z",1,1,100.0,0,0.0,0,1,1,100.0,0,0
352,"나를 가장 잘 설명해주는 노래 한 소절이 있다면, 어떤 노래인가요?","EMOTION","감정",2,"ACTIVE",1,"2026-08-27T19:02:20.711831Z",1,1,100.0,0,0.0,0,1,1,100.0,0,0
366,"마음이 무거울 때, 어떻게 행동하나요?","EMOTION","감정",2,"ACTIVE",1,"2026-08-27T19:02:20.711831Z",1,1,100.0,0,0.0,0,1,1,100.0,0,0
367,"이번 주에 아직 꺼내지 못한 감정이 있다면, 무엇인가요?","EMOTION","감정",2,"ACTIVE",1,"2026-08-27T19:02:20.711831Z",1,0,0.0,0,0.0,1,1,0,0.0,0,1
376,"오늘 감정을 말로 설명하기 참 어려웠던 순간이 있다면, 어떤 때였나요?","EMOTION","감정",2,"ACTIVE",1,"2026-08-27T19:02:20.711831Z",1,1,100.0,0,0.0,0,1,1,100.0,0,0
379,"가장 많이 울었던 날은 언제였나요?","EMOTION","감정",2,"ACTIVE",1,"2026-08-27T19:02:20.711831Z",1,1,100.0,0,0.0,0,1,1,100.0,0,0
399,"울고 싶어도 꾹 참아야만 했던 순간, 주저하게 만든 건 무엇이었나요?","EMOTION","감정",2,"ACTIVE",1,"2026-08-27T19:02:20.711831Z",1,0,0.0,0,0.0,1,1,0,0.0,0,1
403,"밤에 갑자기 불안해진 적이 있다면, 어떤 생각이 찾아왔나요?","EMOTION","감정",2,"ACTIVE",1,"2026-08-27T19:02:20.711831Z",1,1,100.0,0,0.0,0,1,1,100.0,0,0
420,"약속 없는 휴일엔 무엇을 하나요?","ROUTINE","루틴",1,"ACTIVE",1,"2026-08-27T19:02:20.711831Z",1,1,100.0,0,0.0,0,1,1,100.0,0,0
422,"나도 모르게 반복하는, 조금 신경 쓰이는 버릇은 무엇인가요?","ROUTINE","루틴",2,"ACTIVE",1,"2026-08-27T19:02:20.711831Z",1,1,100.0,0,0.0,0,1,1,100.0,0,0
426,"오늘 나의 에너지를 가장 많이 잡아먹은 일은 무엇인가요?","ROUTINE","루틴",2,"ACTIVE",1,"2026-08-27T19:02:20.711831Z",1,0,0.0,0,0.0,1,1,0,0.0,0,1
429,"요즘 내 삶에 기분 좋게 스며든 나만의 루틴은 무엇인가요?","ROUTINE","루틴",2,"ACTIVE",1,"2026-08-27T19:02:20.711831Z",1,1,100.0,0,0.0,0,1,1,100.0,0,0
431,"오늘 하루 종일 가장 많이 반복한 행동은 무엇이었나요?","ROUTINE","루틴",2,"ACTIVE",1,"2026-08-27T19:02:20.711831Z",1,1,100.0,0,0.0,0,1,1,100.0,0,0
433,"오늘 루틴 중에서 나를 칭찬해주고 싶은 순간은 무엇인가요?","ROUTINE","루틴",2,"ACTIVE",1,"2026-08-27T19:02:20.711831Z",1,1,100.0,0,0.0,0,1,1,100.0,0,0
436,"계획보다 시간이 훨씬 더 오래 걸린 일은 무엇인가요?","ROUTINE","루틴",2,"ACTIVE",1,"2026-08-27T19:02:20.711831Z",1,1,100.0,0,0.0,0,1,1,100.0,0,0
441,"몸을 움직이고 난 뒤의 기분은 어떤가요?","ROUTINE","루틴",2,"ACTIVE",1,"2026-08-27T19:02:20.711831Z",1,0,0.0,0,0.0,1,1,0,0.0,0,1
445,"공부할 때 음악을 듣는 편인가요? 어떤 분위기의 음악인가요?","ROUTINE","루틴",2,"ACTIVE",1,"2026-08-27T19:02:20.711831Z",1,1,100.0,0,0.0,0,1,1,100.0,0,0
446,"무언가에 한 번 몰입하면 집중력은 보통 얼마나 지속되나요?","ROUTINE","루틴",2,"ACTIVE",1,"2026-08-27T19:02:20.711831Z",1,1,100.0,0,0.0,0,1,1,100.0,0,0
460,"주변이 어수선할 때 그대로 두는 편인가요, 아니면 정리를 해야만 마음이 편해지나요?","ROUTINE","루틴",2,"ACTIVE",1,"2026-08-27T19:02:20.711831Z",1,1,100.0,0,0.0,0,1,1,100.0,0,0
482,"꿈을 자주 꾸나요?","ROUTINE","루틴",2,"ACTIVE",1,"2026-08-27T19:02:20.711831Z",1,1,100.0,0,0.0,0,1,1,100.0,0,0
486,"잠들기 전 핸드폰을 얼마나 보나요?","ROUTINE","루틴",2,"ACTIVE",1,"2026-08-27T19:02:20.711831Z",1,1,100.0,0,0.0,0,1,1,100.0,0,0
491,"오늘 충분히 휴식했나요?","ROUTINE","루틴",2,"ACTIVE",1,"2026-08-27T19:02:20.711831Z",1,1,100.0,0,0.0,0,1,1,100.0,0,0
505,"친구들이 말하는 나는 어떤 사람인가요?","RELATIONSHIP","관계",1,"ACTIVE",1,"2026-08-27T19:02:20.711831Z",1,0,0.0,0,0.0,1,1,0,0.0,0,1
506,"나만 노력하는 것 같은 관계가 있다면, 어떤 관계인가요?","RELATIONSHIP","관계",2,"ACTIVE",1,"2026-08-27T19:02:20.711831Z",1,0,0.0,0,0.0,1,1,0,0.0,0,1
510,"실망해도 기회를 또 주는 편인가요? ","RELATIONSHIP","관계",2,"ACTIVE",1,"2026-08-27T19:02:20.711831Z",1,1,100.0,0,0.0,0,1,1,100.0,0,0
514,"요즘 가장 신경쓰이는 사람이 있다면, 어떤 이유인가요?","RELATIONSHIP","관계",2,"ACTIVE",1,"2026-08-27T19:02:20.711831Z",1,1,100.0,0,0.0,0,1,1,100.0,0,0
522,"사람들과 더 가까워지는 걸 방해하는 게 있다면요?","RELATIONSHIP","관계",2,"ACTIVE",1,"2026-08-27T19:02:20.711831Z",1,0,0.0,0,0.0,1,1,0,0.0,0,1
527,"지금 내 곁에서 가장 소중하게 느껴지는 사람은 누구인가요?","RELATIONSHIP","관계",2,"ACTIVE",1,"2026-08-27T19:02:20.711831Z",1,0,0.0,0,0.0,1,1,0,0.0,0,1
540,"나에게 상처를 줬지만 덕분에 강해진 경험이 있나요?","RELATIONSHIP","관계",2,"ACTIVE",1,"2026-08-27T19:02:20.711831Z",1,1,100.0,0,0.0,0,1,1,100.0,0,0
549,"내가 자란 환경에서 바꾸 수 있다면, 뭘 바꾸고 싶나요?","RELATIONSHIP","관계",2,"ACTIVE",1,"2026-08-27T19:02:20.711831Z",1,1,100.0,0,0.0,0,1,1,100.0,0,0
556,"사랑에 빠지는 것과 사랑을 유지하는 것 중 무엇이 더 어려운가요?","LOVE","사랑",2,"ACTIVE",1,"2026-08-27T19:02:20.711831Z",1,1,100.0,0,0.0,0,1,1,100.0,0,0
570,"이상형 중 특이한 조건이 있다면, 어떤 건가요?","LOVE","사랑",1,"ACTIVE",1,"2026-08-27T19:02:20.711831Z",1,1,100.0,0,0.0,0,1,1,100.0,0,0
572,"살면서 가장 설레었던 추억은 무엇인가요?","LOVE","사랑",1,"ACTIVE",1,"2026-08-27T19:02:20.711831Z",1,1,100.0,0,0.0,0,1,1,100.0,0,0
579,"나의 생각과 감정 중 뭘 더 믿나요?","VALUES","가치관",2,"ACTIVE",1,"2026-08-27T19:02:20.711831Z",1,1,100.0,0,0.0,0,1,1,100.0,0,0
584,"삶에서 놓치고 있는 게 있다면 무엇인가요?","VALUES","가치관",2,"ACTIVE",1,"2026-08-27T19:02:20.711831Z",1,1,100.0,0,0.0,0,1,1,100.0,0,0
590,"과거에 받은 상처 중 아직 아물지 않은 게 있다면, 어떤 건가요?","VALUES","가치관",2,"ACTIVE",1,"2026-08-27T19:02:20.711831Z",1,0,0.0,0,0.0,1,1,0,0.0,0,1
601,"겉과 속이 다를 때, 나는 어떤 마음인가요?","VALUES","가치관",2,"ACTIVE",1,"2026-08-27T19:02:20.711831Z",1,1,100.0,0,0.0,0,1,1,100.0,0,0
611,"사람은 변할 수 있다고 생각하나요?","VALUES","가치관",2,"ACTIVE",1,"2026-08-27T19:02:20.711831Z",1,1,100.0,0,0.0,0,1,1,100.0,0,0
614,"절대 되고 싶지 않은 사람의 모습은 무엇인가요?","VALUES","가치관",2,"ACTIVE",1,"2026-08-27T19:02:20.711831Z",1,1,100.0,0,0.0,0,1,1,100.0,0,0
616,"자존심 때문에 놓친 게 있다면, 어떤 건가요?","VALUES","가치관",2,"ACTIVE",1,"2026-08-27T19:02:20.711831Z",1,1,100.0,0,0.0,0,1,1,100.0,0,0
621,"5년 뒤 나는 어떤 사람이 되어 있을까요?","VALUES","가치관",2,"ACTIVE",1,"2026-08-27T19:02:20.711831Z",1,1,100.0,0,0.0,0,1,1,100.0,0,0
624,"이번 주가 나에게 조용히 건네준 교훈은 무엇인가요?","VALUES","가치관",2,"ACTIVE",1,"2026-08-27T19:02:20.711831Z",1,1,100.0,0,0.0,0,1,1,100.0,0,0
639,"내가 꿈꾸는 진짜 멋진 나는 어떤 사람인가요?","VALUES","가치관",2,"ACTIVE",1,"2026-08-27T19:02:20.711831Z",1,1,100.0,0,0.0,0,1,1,100.0,0,0
642,"오늘 겪은 시련이나 실수에서 찾은 뜻밖의 배움은 무엇이었나요?","VALUES","가치관",2,"ACTIVE",1,"2026-08-27T19:02:20.711831Z",1,1,100.0,0,0.0,0,1,1,100.0,0,0
651,"세상 누구든 한 명과 저녁을 먹을 수 있다면 누구를 고르겠어요?","VALUES","가치관",1,"ACTIVE",1,"2026-08-27T19:02:20.711831Z",1,1,100.0,0,0.0,0,1,1,100.0,0,0
652,"인생에서 가장 감사하다고 느끼는 것은 무엇인가요?","VALUES","가치관",2,"ACTIVE",1,"2026-08-27T19:02:20.711831Z",1,1,100.0,0,0.0,0,1,1,100.0,0,0
653,"능력과 상관없이 하고 싶은 직업이 있다면, 어떤 건가요?","VALUES","가치관",2,"ACTIVE",1,"2026-08-27T19:02:20.711831Z",1,1,100.0,0,0.0,0,1,1,100.0,0,0
658,"믿는 미신이 있다면 무엇인가요?","VALUES","가치관",2,"ACTIVE",1,"2026-08-27T19:02:20.711831Z",1,1,100.0,0,0.0,0,1,1,100.0,0,0
702,"모든 게 공유되는 세상과 모든 게 비밀인 세상 중 뭐가 더 편안한가요?","RELATIONSHIP","관계",2,"ACTIVE",1,"2026-08-27T19:02:20.711831Z",1,0,0.0,0,0.0,1,1,0,0.0,0,1
708,"힘든 순간에 곁을 지키는 것과 좋은 순간을 축하하는 것 중 더 중요한 건 뭐라고 생각하나요?","RELATIONSHIP","관계",2,"ACTIVE",1,"2026-08-27T19:02:20.711831Z",1,1,100.0,0,0.0,0,1,1,100.0,0,0
712,"편안한 우정과 나를 성장시키는 우정 중 뭐가 더 끌리나요?","RELATIONSHIP","관계",2,"ACTIVE",1,"2026-08-27T19:02:20.711831Z",1,0,0.0,0,0.0,1,1,0,0.0,0,1
717,"내 뜻대로 하는 힘과 모두에게 믿음받는 것 중 뭐가 더 나은가요?","RELATIONSHIP","관계",2,"ACTIVE",1,"2026-08-27T19:02:20.711831Z",1,0,0.0,0,0.0,1,1,0,0.0,0,1
724,"연인과 유머 코드가 맞는 것과 사회 이슈에 화나는 포인트가 비슷한 것 중 뭐가 더 중요한가요?","LOVE","사랑",2,"ACTIVE",1,"2026-08-27T19:02:20.711831Z",1,1,100.0,0,0.0,0,1,1,100.0,0,0
729,"질투 많은 연인과 질투가 없는 연인 중 누가 더 좋은가요?","LOVE","사랑",2,"ACTIVE",1,"2026-08-27T19:02:20.711831Z",1,1,100.0,0,0.0,0,1,1,100.0,0,0
731,"말 없이도 알아채 주길 바라는 것과 명확히 말하는 것 중 뭐가 더 편한가요?","LOVE","사랑",1,"ACTIVE",1,"2026-08-27T19:02:20.711831Z",1,1,100.0,0,0.0,0,1,1,100.0,0,0
743,"대화를 주도하는 것과 경청하는 것 중 뭐가 더 편한가요?","VALUES","가치관",1,"ACTIVE",1,"2026-08-27T19:02:20.711831Z",1,1,100.0,0,0.0,0,1,1,100.0,0,0
748,"바쁘지만 성장하는 회사와 여유롭지만 성장 없는 회사 중 뭐가 더 나은가요?","VALUES","가치관",2,"ACTIVE",1,"2026-08-27T19:02:20.711831Z",1,1,100.0,0,0.0,0,1,1,100.0,0,0
758,"돈을 빚지는 것과 부탁을 빚지는 것 중 뭐가 더 부담스러운가요?","VALUES","가치관",1,"ACTIVE",1,"2026-08-27T19:02:20.711831Z",1,1,100.0,0,0.0,0,1,1,100.0,0,0
762,"한 사람을 깊이 돕는 것과 백 명을 조금씩 돕는 것 중 뭐가 더 의미 있나요?","VALUES","가치관",2,"ACTIVE",1,"2026-08-27T19:02:20.711831Z",1,0,0.0,0,0.0,1,1,0,0.0,0,1
779,"촘촘한 계획과 순간의 마음을 따르는 것 중 뭐가 더 나에게 맞나요?","VALUES","가치관",1,"ACTIVE",1,"2026-08-27T19:02:20.711831Z",1,1,100.0,0,0.0,0,1,1,100.0,0,0
781,"다수를 위한 희생과 내 행복 중 뭐가 더 우선인가요?","VALUES","가치관",2,"ACTIVE",1,"2026-08-27T19:02:20.711831Z",1,1,100.0,0,0.0,0,1,1,100.0,0,0
782,"위험해도 자유로운 것과 안전을 위해 참는 것 중 뭐가 더 나에게 맞나요?","VALUES","가치관",2,"ACTIVE",1,"2026-08-27T19:02:20.711831Z",1,1,100.0,0,0.0,0,1,1,100.0,0,0
788,"남의 조언을 받아들이는 것과 내 판단만 믿는 것 중 뭐가 더 나은가요?","VALUES","가치관",1,"ACTIVE",1,"2026-08-27T19:02:20.711831Z",1,0,0.0,0,0.0,1,1,0,0.0,0,1
790,"번 돈은 저축하는 것과 아낌없이 쓰는 것 중 뭐가 더 나다운가요?","VALUES","가치관",1,"ACTIVE",1,"2026-08-27T19:02:20.711831Z",1,1,100.0,0,0.0,0,1,1,100.0,0,0
791,"항상 솔직히 말하는 것과 돌려 말하는 것 중 뭐가 더 나에게 맞나요?","VALUES","가치관",2,"ACTIVE",1,"2026-08-27T19:02:20.711831Z",1,1,100.0,0,0.0,0,1,1,100.0,0,0
795,"열정 넘치는 삶과 평온한 삶 중 뭐가 더 끌리나요?","VALUES","가치관",2,"ACTIVE",1,"2026-08-27T19:02:20.711831Z",1,1,100.0,0,0.0,0,1,1,100.0,0,0
796,"지금 가진 것에 만족하는 것과 더 원하는 것 중 뭐가 더 나다운가요?","VALUES","가치관",2,"ACTIVE",1,"2026-08-27T19:02:20.711831Z",1,1,100.0,0,0.0,0,1,1,100.0,0,0
813,"인생의 목적을 지금 아는 것과 서서히 깨닫는 것 중 뭐가 더 나은가요?","VALUES","가치관",2,"ACTIVE",1,"2026-08-27T19:02:20.711831Z",1,1,100.0,0,0.0,0,1,1,100.0,0,0
815,"죽는 날짜를 아는 것과 모르는 것 중 뭐가 더 편안한가요?","VALUES","가치관",2,"ACTIVE",1,"2026-08-27T19:02:20.711831Z",1,1,100.0,0,0.0,0,1,1,100.0,0,0
818,"다 기억하는 삶과 원할 때 잊는 삶 중 뭐가 더 좋은가요?","VALUES","가치관",2,"ACTIVE",1,"2026-08-27T19:02:20.711831Z",1,1,100.0,0,0.0,0,1,1,100.0,0,0
819,"사람들의 속마음을 아는 것과 모르는 것 중 뭐가 더 편안한가요?","VALUES","가치관",2,"ACTIVE",1,"2026-08-27T19:02:20.711831Z",1,1,100.0,0,0.0,0,1,1,100.0,0,0
821,"두려움을 없애는 것과 강점을 키우는 것 중 뭐가 더 끌리나요?","VALUES","가치관",2,"ACTIVE",1,"2026-08-27T19:02:20.711831Z",1,1,100.0,0,0.0,0,1,1,100.0,0,0
834,"기억 없이 행복한 삶과 힘들어도 다 기억하는 삶 중 뭐가 더 끌리나요?","VALUES","가치관",2,"ACTIVE",1,"2026-08-27T19:02:20.711831Z",1,1,100.0,0,0.0,0,1,1,100.0,0,0
837,"아이 같은 순수한 시선과 어른의 지혜 중 뭐가 더 갖고 싶나요?","VALUES","가치관",2,"ACTIVE",1,"2026-08-27T19:02:20.711831Z",1,0,0.0,0,0.0,1,1,0,0.0,0,1
838,"완벽해도 가짜인 삶과 평범해도 진짜인 삶 중 뭐가 더 나은가요?","VALUES","가치관",2,"ACTIVE",1,"2026-08-27T19:02:20.711831Z",1,1,100.0,0,0.0,0,1,1,100.0,0,0
845,"10년의 감옥살이와 20년의 혼수상태 중 뭐가 더 견딜 만한가요?","VALUES","가치관",2,"ACTIVE",1,"2026-08-27T19:02:20.711831Z",1,0,0.0,0,0.0,1,1,0,0.0,0,1
857,"야생에서 사는 것과 감옥에서 사는 것 중 뭐가 덜 힘든가요?","VALUES","가치관",2,"ACTIVE",1,"2026-08-27T19:02:20.711831Z",1,1,100.0,0,0.0,0,1,1,100.0,0,0
862,"생명을 만드는 힘과 없애는 힘 중 뭐가 더 부담스럽나요?","VALUES","가치관",2,"ACTIVE",1,"2026-08-27T19:02:20.711831Z",1,0,0.0,0,0.0,1,1,0,0.0,0,1
870,"세상을 바꾸려 애쓰는 것과 있는 그대로 받아들이는 것 중 뭐가 더 나에게 맞나요?","VALUES","가치관",2,"ACTIVE",1,"2026-08-27T19:02:20.711831Z",1,1,100.0,0,0.0,0,1,1,100.0,0,0
5,"계절이 바뀌 때 기억나는 냄새가 있다면, 어떤 냄새인가요?","PREFERENCE","취향",2,"INACTIVE",1,"2026-08-27T19:02:20.711831Z",0,0,,0,,0,0,0,,0,0
88,"최근에 나의 한계를 느꼈던 적이 있다면, 어떤 순간이었나요?","EMOTION","감정",2,"ACTIVE",1,"2026-08-27T19:02:20.711831Z",0,0,,0,,0,0,0,,0,0
101,"아침에 일어나면 가장 먼저 무엇을 하나요?","ROUTINE","루틴",1,"ACTIVE",1,"2026-08-27T19:02:20.711831Z",0,0,,0,,0,0,0,,0,0
102,"매일 밤 자기 전 꼭 지키는 습관이 있다면, 어떤 건가요?","ROUTINE","루틴",2,"ACTIVE",1,"2026-08-27T19:02:20.711831Z",0,0,,0,,0,0,0,,0,0
103,"하루 중 에너지가 가장 넘치는 시간은 언제인가요?","ROUTINE","루틴",2,"ACTIVE",1,"2026-08-27T19:02:20.711831Z",0,0,,0,,0,0,0,,0,0
118,"하루 일정을 정리하는 나만의 도구가 있다면, 어떤 건가요?","ROUTINE","루틴",2,"ACTIVE",1,"2026-08-27T19:02:20.711831Z",0,0,,0,,0,0,0,,0,0
135,"화난 마음을 가라앉히는 나만의 루틴이 있다면, 어떤 건가요?","ROUTINE","루틴",2,"ACTIVE",1,"2026-08-27T19:02:20.711831Z",0,0,,0,,0,0,0,,0,0
136,"매일 일기를 쓰거나 기록을 남기는 습관이 있다면, 어떤 방식인가요?","ROUTINE","루틴",2,"ACTIVE",1,"2026-08-27T19:02:20.711831Z",0,0,,0,,0,0,0,,0,0
137,"잠이 오지 않을 때 몸을 편하게 만드는 방법은 무엇인가요?","ROUTINE","루틴",2,"ACTIVE",1,"2026-08-27T19:02:20.711831Z",0,0,,0,,0,0,0,,0,0
142,"평생 지키고 싶은 단 하나의 습관은 무엇인가요?","ROUTINE","루틴",2,"ACTIVE",1,"2026-08-27T19:02:20.711831Z",0,0,,0,,0,0,0,,0,0
144,"남들이 보는 나는 어떤 사람일까요?","ROUTINE","루틴",2,"ACTIVE",1,"2026-08-27T19:02:20.711831Z",0,0,,0,,0,0,0,,0,0
153,"만났을 때 기운을 얻게 되는 사람이 있다면, 누구인가요?","RELATIONSHIP","관계",2,"ACTIVE",1,"2026-08-27T19:02:20.711831Z",0,0,,0,,0,0,0,,0,0
154,"같이 밥 먹을 때 가장 편한 사람은 누구인가요?","RELATIONSHIP","관계",1,"ACTIVE",1,"2026-08-27T19:02:20.711831Z",0,0,,0,,0,0,0,,0,0
158,"나를 웃게 만드는 재주가 있는 친구가 있다면, 어떤 사람인가요?","RELATIONSHIP","관계",2,"ACTIVE",1,"2026-08-27T19:02:20.711831Z",0,0,,0,,0,0,0,,0,0
164,"반대되는 성격의 사람과도 잘 지내는 편인가요?","RELATIONSHIP","관계",2,"ACTIVE",1,"2026-08-27T19:02:20.711831Z",0,0,,0,,0,0,0,,0,0
166,"서운한 점이 있을 때 솔직하게 말하는 편인가요? ","RELATIONSHIP","관계",2,"ACTIVE",1,"2026-08-27T19:02:20.711831Z",0,0,,0,,0,0,0,,0,0
168,"다른 사람에게 내 이야기를 어디까지 털어놓나요?","RELATIONSHIP","관계",2,"ACTIVE",1,"2026-08-27T19:02:20.711831Z",0,0,,0,,0,0,0,,0,0
172,"거절을 해야 할 때 어떤 마음이 드나요?","RELATIONSHIP","관계",2,"ACTIVE",1,"2026-08-27T19:02:20.711831Z",0,0,,0,,0,0,0,,0,0
177,"누군가에게 실망했을 때 어떤 태도를 취하나요?","RELATIONSHIP","관계",2,"ACTIVE",1,"2026-08-27T19:02:20.711831Z",0,0,,0,,0,0,0,,0,0
185,"사람들 사이에서 소외감을 느꼈던 적이 있다면, 어떤 상황이었나요?","RELATIONSHIP","관계",2,"ACTIVE",1,"2026-08-27T19:02:20.711831Z",0,0,,0,,0,0,0,,0,0
187,"소중한 관계를 지키기 위해 어떤 노력을 하나요?","RELATIONSHIP","관계",2,"ACTIVE",1,"2026-08-27T19:02:20.711831Z",0,0,,0,,0,0,0,,0,0
194,"나의 약한 모습을 보여주는 게 두려운가요?","RELATIONSHIP","관계",2,"ACTIVE",1,"2026-08-27T19:02:20.711831Z",0,0,,0,,0,0,0,,0,0
195,"가장 오래된 인연과의 추억 중 하나는 무엇인가요?","RELATIONSHIP","관계",2,"ACTIVE",1,"2026-08-27T19:02:20.711831Z",0,0,,0,,0,0,0,,0,0
201,"사람들 속에서 내 진짜 모습은 어떤가요?","RELATIONSHIP","관계",2,"ACTIVE",1,"2026-08-27T19:02:20.711831Z",0,0,,0,,0,0,0,,0,0
203,"나를 가장 화나게 하는 말은 무엇인가요?","RELATIONSHIP","관계",2,"ACTIVE",1,"2026-08-27T19:02:20.711831Z",0,0,,0,,0,0,0,,0,0
208,"관계에서 가장 힘든 순간은 어떤 때인가요?","RELATIONSHIP","관계",2,"ACTIVE",1,"2026-08-27T19:02:20.711831Z",0,0,,0,,0,0,0,,0,0
210,"지금 내 주변 인연들에 대해 점수를 매긴다면?","RELATIONSHIP","관계",2,"INACTIVE",1,"2026-08-27T19:02:20.711831Z",0,0,,0,,0,0,0,,0,0
217,"설렘의 유통기한은 언제까지라고 생각하나요?","LOVE","사랑",2,"ACTIVE",1,"2026-08-27T19:02:20.711831Z",0,0,,0,,0,0,0,,0,0
220,"가장 기억에 남는 고백의 순간은 언제인가요?","LOVE","사랑",1,"ACTIVE",1,"2026-08-27T19:02:20.711831Z",0,0,,0,,0,0,0,,0,0
224,"질투심이 들 때 나는 어떻게 반응하나요?","LOVE","사랑",2,"ACTIVE",1,"2026-08-27T19:02:20.711831Z",0,0,,0,,0,0,0,,0,0
226,"내가 생각하는 '좋은 연인'은 어떤 사람인가요?","LOVE","사랑",2,"ACTIVE",1,"2026-08-27T19:02:20.711831Z",0,0,,0,,0,0,0,,0,0
233,"오래된 연인들의 편안함과 설렘 중 무엇이 더 좋은가요?","LOVE","사랑",2,"ACTIVE",1,"2026-08-27T19:02:20.711831Z",0,0,,0,,0,0,0,,0,0
235,"이별을 통해 배운 가장 큰 깨달음은 무엇인가요?","LOVE","사랑",2,"ACTIVE",1,"2026-08-27T19:02:20.711831Z",0,0,,0,,0,0,0,,0,0
239,"사랑하는 사람을 위해 어디까지 양보할 수 있나요?","LOVE","사랑",2,"ACTIVE",1,"2026-08-27T19:02:20.711831Z",0,0,,0,,0,0,0,,0,0
240,"연애세포가 되살아나는 순간은 언제인가요?","LOVE","사랑",2,"ACTIVE",1,"2026-08-27T19:02:20.711831Z",0,0,,0,,0,0,0,,0,0
244,"나에게 사랑은 '선택'인가요 아니면 '운명'인가요?","LOVE","사랑",2,"INACTIVE",1,"2026-08-27T19:02:20.711831Z",0,0,,0,,0,0,0,,0,0
245,"사랑하는 사람 때문에 내가 바뀐 점이 있다면, 어떤 건가요?","LOVE","사랑",2,"ACTIVE",1,"2026-08-27T19:02:20.711831Z",0,0,,0,,0,0,0,,0,0
248,"내 인생에서 사랑이 차지하는 비중은 몇 퍼센트쯤일까요?","LOVE","사랑",2,"ACTIVE",1,"2026-08-27T19:02:20.711831Z",0,0,,0,,0,0,0,,0,0
250,"내가 생각하는 '좋은 파트너'란 어떤 사람인가요?","LOVE","사랑",2,"INACTIVE",1,"2026-08-27T19:02:20.711831Z",0,0,,0,,0,0,0,,0,0
265,"나를 가장 성장시켰던 어려움은 무엇인가요?","VALUES","가치관",2,"ACTIVE",1,"2026-08-27T19:02:20.711831Z",0,0,,0,,0,0,0,,0,0
266,"내가 생각하는 '성실하다'는 건 어떤 건가요?","VALUES","가치관",2,"ACTIVE",1,"2026-08-27T19:02:20.711831Z",0,0,,0,,0,0,0,,0,0
269,"가장 큰 용기를 냈던 순간은 언제인가요?","VALUES","가치관",2,"ACTIVE",1,"2026-08-27T19:02:20.711831Z",0,0,,0,,0,0,0,,0,0
270,"나에게 '약속'은 어떤 무게인가요?","VALUES","가치관",2,"ACTIVE",1,"2026-08-27T19:02:20.711831Z",0,0,,0,,0,0,0,,0,0
282,"인생에서 가장 큰 영향을 준 사건은 무엇인가요?","VALUES","가치관",2,"ACTIVE",1,"2026-08-27T19:02:20.711831Z",0,0,,0,,0,0,0,,0,0
286,"다시 태어난다면 어떤 사람으로 살고 싶나요?","VALUES","가치관",2,"ACTIVE",1,"2026-08-27T19:02:20.711831Z",0,0,,0,,0,0,0,,0,0
292,"내가 생각하는 '사회적 책임'이란 무엇인가요?","VALUES","가치관",2,"INACTIVE",1,"2026-08-27T19:02:20.711831Z",0,0,,0,,0,0,0,,0,0
358,"오늘 내 마음이 회색빛처럼 흐릿했던 때가 있다면, 어떤 순간이었나요?","EMOTION","감정",2,"ACTIVE",1,"2026-08-27T19:02:20.711831Z",0,0,,0,,0,0,0,,0,0
414,"아침형 인간인가요 저녁형 인간인가요?","ROUTINE","루틴",1,"ACTIVE",1,"2026-08-27T19:02:20.711831Z",0,0,,0,,0,0,0,,0,0
418,"오래 쓰는 물건에 정이 드는 편인가요? ","ROUTINE","루틴",2,"ACTIVE",1,"2026-08-27T19:02:20.711831Z",0,0,,0,,0,0,0,,0,0
427,"오늘 몸이 가장 바쁘게 움직였던 시간은 언제인가요?","ROUTINE","루틴",2,"ACTIVE",1,"2026-08-27T19:02:20.711831Z",0,0,,0,,0,0,0,,0,0
432,"오늘은 하루를 계획적으로 보냈나요 아니면 즉흥적으로 보냈나요?","ROUTINE","루틴",2,"ACTIVE",1,"2026-08-27T19:02:20.711831Z",0,0,,0,,0,0,0,,0,0
437,"손이 안 가서 끝까지 붙잡고 있었던 일이 있다면, 어떤 건가요?","ROUTINE","루틴",2,"ACTIVE",1,"2026-08-27T19:02:20.711831Z",0,0,,0,,0,0,0,,0,0
438,"운동을 시작하게 된 계기가 있다면, 어떤 건가요?","ROUTINE","루틴",2,"ACTIVE",1,"2026-08-27T19:02:20.711831Z",0,0,,0,,0,0,0,,0,0
440,"운동이 나에게 주는 가장 큰 선물은 무엇인가요?","ROUTINE","루틴",2,"ACTIVE",1,"2026-08-27T19:02:20.711831Z",0,0,,0,,0,0,0,,0,0
444,"어디서 공부하는 게 가장 잘 되나요?","ROUTINE","루틴",1,"ACTIVE",1,"2026-08-27T19:02:20.711831Z",0,0,,0,,0,0,0,,0,0
447,"여러 일을 동시에 챙기는 편인가요, 아니면 하나에 깊이 몰입하는 편인가요?","ROUTINE","루틴",2,"ACTIVE",1,"2026-08-27T19:02:20.711831Z",0,0,,0,,0,0,0,,0,0
448,"공부하다 막히면 어떻게 하나요?","ROUTINE","루틴",2,"ACTIVE",1,"2026-08-27T19:02:20.711831Z",0,0,,0,,0,0,0,,0,0
451,"번아웃이 온 적이 있다면, 어떤 상황에서였나요?","ROUTINE","루틴",2,"ACTIVE",1,"2026-08-27T19:02:20.711831Z",0,0,,0,,0,0,0,,0,0
457,"물건을 잘 버리는 편인가요? 버릴 때 기준이 있다면 어떤 건가요?","ROUTINE","루틴",2,"ACTIVE",1,"2026-08-27T19:02:20.711831Z",0,0,,0,,0,0,0,,0,0
459,"지금 내 방 상태가 어떤가요?","ROUTINE","루틴",2,"ACTIVE",1,"2026-08-27T19:02:20.711831Z",0,0,,0,,0,0,0,,0,0
462,"지금 당장 버리고 싶은 것이 있다면, 어떤 건가요?","ROUTINE","루틴",2,"ACTIVE",1,"2026-08-27T19:02:20.711831Z",0,0,,0,,0,0,0,,0,0
466,"운동 후에 꼭 하는 것이 있다면, 어떤 건가요?","ROUTINE","루틴",2,"ACTIVE",1,"2026-08-27T19:02:20.711831Z",0,0,,0,,0,0,0,,0,0
468,"운동하면서 나 자신에 대해 알게 된 점이 있나요?","ROUTINE","루틴",2,"ACTIVE",1,"2026-08-27T19:02:20.711831Z",0,0,,0,,0,0,0,,0,0
477,"나에게 '돈'이란 한마디로 무엇인가요?","ROUTINE","루틴",2,"ACTIVE",1,"2026-08-27T19:02:20.711831Z",0,0,,0,,0,0,0,,0,0
478,"돈 때문에 고민했던 경험이 있다면, 어떤 상황이었나요?","ROUTINE","루틴",2,"ACTIVE",1,"2026-08-27T19:02:20.711831Z",0,0,,0,,0,0,0,,0,0
492,"오늘 일과 삶의 균형을 위해 노력한 게 있다면, 어떤 건가요?","ROUTINE","루틴",2,"ACTIVE",1,"2026-08-27T19:02:20.711831Z",0,0,,0,,0,0,0,,0,0
496,"상대의 약한 모습을 알게 되면 더 가까워진 느낌인가요, 부담스러운가요?","RELATIONSHIP","관계",2,"ACTIVE",1,"2026-08-27T19:02:20.711831Z",0,0,,0,,0,0,0,,0,0
498,"어떤 연락 스타일을 갖고 있나요?","RELATIONSHIP","관계",2,"ACTIVE",1,"2026-08-27T19:02:20.711831Z",0,0,,0,,0,0,0,,0,0
502,"사람들과의 관계가 가장 크게 바뀌었던 순간은 언제인가요?","RELATIONSHIP","관계",2,"ACTIVE",1,"2026-08-27T19:02:20.711831Z",0,0,,0,,0,0,0,,0,0
511,"다수 의견이랑 다를 때 말하는 편인가요? ","RELATIONSHIP","관계",2,"ACTIVE",1,"2026-08-27T19:02:20.711831Z",0,0,,0,,0,0,0,,0,0
517,"나 자신과 했던 약속 중 아직 유효한 게 있다면, 어떤 건가요?","RELATIONSHIP","관계",2,"ACTIVE",1,"2026-08-27T19:02:20.711831Z",0,0,,0,,0,0,0,,0,0
518,"오늘 누군가에게 ""고마워""라고 말하고 싶었나요?","RELATIONSHIP","관계",2,"ACTIVE",1,"2026-08-27T19:02:20.711831Z",0,0,,0,,0,0,0,,0,0
530,"오늘 내가 먼저 용기 내어 다가간 적이 있다면, 어떤 순간이었나요?","RELATIONSHIP","관계",2,"ACTIVE",1,"2026-08-27T19:02:20.711831Z",0,0,,0,,0,0,0,,0,0
532,"가장 가까운 사람에게 꼭 전하고 싶은 말이 있다면, 어떤 말인가요?","RELATIONSHIP","관계",2,"ACTIVE",1,"2026-08-27T19:02:20.711831Z",0,0,,0,,0,0,0,,0,0
533,"이번 주, 존재만으로도 감사했던 사람이 있었나요?","RELATIONSHIP","관계",2,"ACTIVE",1,"2026-08-27T19:02:20.711831Z",0,0,,0,,0,0,0,,0,0
534,"""조금 더 다정하게 말할걸"" 하고 후회되는 순간은 언제인가요?","RELATIONSHIP","관계",2,"ACTIVE",1,"2026-08-27T19:02:20.711831Z",0,0,,0,,0,0,0,,0,0
538,"다시 잡고 싶은 인연이 있다면, 어떤 사이였나요?","RELATIONSHIP","관계",2,"ACTIVE",1,"2026-08-27T19:02:20.711831Z",0,0,,0,,0,0,0,,0,0
544,"나에게 우정이란 어떤 의미인가요?","RELATIONSHIP","관계",2,"ACTIVE",1,"2026-08-27T19:02:20.711831Z",0,0,,0,,0,0,0,,0,0
545,"소중한 사람에게 아직 전하지 못한 고마운 말이 있나요?","RELATIONSHIP","관계",2,"ACTIVE",1,"2026-08-27T19:02:20.711831Z",0,0,,0,,0,0,0,,0,0
566,"처음엔 별로였는데 나중에 좋아진 적이 있다면, 어떤 경험이었나요?","LOVE","사랑",2,"ACTIVE",1,"2026-08-27T19:02:20.711831Z",0,0,,0,,0,0,0,,0,0
580,"바꾸고 싶은 나의 모습이 있다면, 어떤 건가요?","VALUES","가치관",2,"ACTIVE",1,"2026-08-27T19:02:20.711831Z",0,0,,0,,0,0,0,,0,0
585,"나에게 엄격한 편인가요, 관대한 편인가요?","VALUES","가치관",2,"ACTIVE",1,"2026-08-27T19:02:20.711831Z",0,0,,0,,0,0,0,,0,0
592,"좋아하는 일과 잘하는 일 중 어느 쪽을 직업으로 삼고 싶나요?","VALUES","가치관",2,"ACTIVE",1,"2026-08-27T19:02:20.711831Z",0,0,,0,,0,0,0,,0,0
599,"모두에게 이로운 거짓말은 괜찮다고 생각하나요?","VALUES","가치관",2,"ACTIVE",1,"2026-08-27T19:02:20.711831Z",0,0,,0,,0,0,0,,0,0
603,"TV에 나온다면 어떤 일로 나오게 될 것 같나요?","VALUES","가치관",1,"ACTIVE",1,"2026-08-27T19:02:20.711831Z",0,0,,0,,0,0,0,,0,0
604,"최근에 가장 기억에 남는 뉴스는 뭔가요?","VALUES","가치관",2,"ACTIVE",1,"2026-08-27T19:02:20.711831Z",0,0,,0,,0,0,0,,0,0
609,"회피하고 있는게 있다면 무엇인가요?","VALUES","가치관",2,"ACTIVE",1,"2026-08-27T19:02:20.711831Z",0,0,,0,,0,0,0,,0,0
626,"오늘 나를 움직이게 한 가장 큰 동력은 무엇인가요?","VALUES","가치관",2,"ACTIVE",1,"2026-08-27T19:02:20.711831Z",0,0,,0,,0,0,0,,0,0
627,"시간을 되돌린다면 오늘을 어떻게 다르게 살까요?","VALUES","가치관",2,"ACTIVE",1,"2026-08-27T19:02:20.711831Z",0,0,,0,,0,0,0,,0,0
631,"지난 7일을 되돌아보면 머릿속을 스치는 단어는 무엇인가요?","VALUES","가치관",2,"ACTIVE",1,"2026-08-27T19:02:20.711831Z",0,0,,0,,0,0,0,,0,0
633,"오늘 나의 원칙을 잘 지켜냈다면, 어떤 방식으로 지켰나요?","VALUES","가치관",2,"ACTIVE",1,"2026-08-27T19:02:20.711831Z",0,0,,0,,0,0,0,,0,0
636,"이번 주에 얻은 가장 값진 인생의 힌트는 무엇인가요?","VALUES","가치관",2,"ACTIVE",1,"2026-08-27T19:02:20.711831Z",0,0,,0,,0,0,0,,0,0
638,"가보지 않은 길에 대한 미련을 지우는 나만의 방식은 무엇인가요?","VALUES","가치관",2,"ACTIVE",1,"2026-08-27T19:02:20.711831Z",0,0,,0,,0,0,0,,0,0
654,"가장 좋아하는 문장은 무엇인가요?","VALUES","가치관",2,"ACTIVE",1,"2026-08-27T19:02:20.711831Z",0,0,,0,,0,0,0,,0,0
660,"인생의 마지막에 무엇을 남기고 싶나요?","VALUES","가치관",2,"ACTIVE",1,"2026-08-27T19:02:20.711831Z",0,0,,0,,0,0,0,,0,0
690,"명절엔 가족과 있는 것과 친구들과 있는 것 중 뭐가 더 편한가요?","RELATIONSHIP","관계",1,"ACTIVE",1,"2026-08-27T19:02:20.711831Z",0,0,,0,,0,0,0,,0,0
693,"가족의 마음과 대중의 평가 중 뭐가 더 중요한가요?","RELATIONSHIP","관계",2,"ACTIVE",1,"2026-08-27T19:02:20.711831Z",0,0,,0,,0,0,0,,0,0
694,"좋은 친구가 많지만 가난한 삶과 친구 없이 부유한 삶 중 뭐가 더 괜찮은가요?","RELATIONSHIP","관계",2,"ACTIVE",1,"2026-08-27T19:02:20.711831Z",0,0,,0,,0,0,0,,0,0
697,"연애는 SNS에 공개하는 것과 비공개로 두는 것 중 뭐가 더 편한가요?","RELATIONSHIP","관계",1,"ACTIVE",1,"2026-08-27T19:02:20.711831Z",0,0,,0,,0,0,0,,0,0
698,"친구가 내 실수를 솔직하게 말해주는 것과 그냥 넘어가 주는 것 중 뭐가 더 나은가요?","RELATIONSHIP","관계",1,"ACTIVE",1,"2026-08-27T19:02:20.711831Z",0,0,,0,,0,0,0,,0,0
707,"로또에 당첨되면 누구에게까지 알릴 건가요?","RELATIONSHIP","관계",2,"ACTIVE",1,"2026-08-27T19:02:20.711831Z",0,0,,0,,0,0,0,,0,0
737,"연인이 내 모든 걸 아는 것과 모르는 것 중 뭐가 더 좋은가요?","LOVE","사랑",2,"ACTIVE",1,"2026-08-27T19:02:20.711831Z",0,0,,0,,0,0,0,,0,0
747,"칭찬받을 때와 싫은 소리를 들을 때 중 언제 일이 더 잘되나요?","VALUES","가치관",2,"ACTIVE",1,"2026-08-27T19:02:20.711831Z",0,0,,0,,0,0,0,,0,0
751,"배울 게 많은 상사와 편한 상사 중 누가 더 좋은가요?","VALUES","가치관",2,"ACTIVE",1,"2026-08-27T19:02:20.711831Z",0,0,,0,,0,0,0,,0,0
755,"존중하는 상사의 힘든 일과 무관심한 상사의 편한 일 중 뭐가 더 나은가요?","VALUES","가치관",2,"ACTIVE",1,"2026-08-27T19:02:20.711831Z",0,0,,0,,0,0,0,,0,0
756,"아무도 몰라주는 최고와 존경받는 평범함 중 뭐가 더 만족스러운가요?","VALUES","가치관",2,"ACTIVE",1,"2026-08-27T19:02:20.711831Z",0,0,,0,,0,0,0,,0,0
765,"짓지 않은 죄로 4년간 옥살이하는 것과 죄를 짓고 평생 불안하게 사는 것 중 뭐가 더 괴로운가요?","VALUES","가치관",2,"ACTIVE",1,"2026-08-27T19:02:20.711831Z",0,0,,0,,0,0,0,,0,0
767,"보람 있게 열심히 일하는 삶과 편한 삶 중 뭐가 더 값진가요?","VALUES","가치관",2,"ACTIVE",1,"2026-08-27T19:02:20.711831Z",0,0,,0,,0,0,0,,0,0
768,"거저 받은 20억과 스스로 일군 50억 중 뭐가 더 값진가요?","VALUES","가치관",2,"ACTIVE",1,"2026-08-27T19:02:20.711831Z",0,0,,0,,0,0,0,,0,0
769,"세상 문제에 책임감을 느끼는 삶과 신경 쓰지 않고 즐기는 삶 중 뭐가 더 나다운가요?","VALUES","가치관",2,"ACTIVE",1,"2026-08-27T19:02:20.711831Z",0,0,,0,,0,0,0,,0,0
772,"크게 이룬 것 없는 만족스러운 삶과 이루고도 불만족스러운 삶 중 뭐가 더 나은가요?","VALUES","가치관",2,"ACTIVE",1,"2026-08-27T19:02:20.711831Z",0,0,,0,,0,0,0,,0,0
776,"자유의지로 선택한 결과와 정해진 운명 중 뭐가 더 맞다고 믿나요?","VALUES","가치관",2,"ACTIVE",1,"2026-08-27T19:02:20.711831Z",0,0,,0,,0,0,0,,0,0
784,"한곳에 정착하는 삶과 계속 떠도는 삶 중 뭐가 더 어울리나요?","VALUES","가치관",1,"ACTIVE",1,"2026-08-27T19:02:20.711831Z",0,0,,0,,0,0,0,,0,0
787,"학교에서 배운 것과 직접 부딪힌 경험 중 뭐가 더 크게 남나요?","VALUES","가치관",2,"ACTIVE",1,"2026-08-27T19:02:20.711831Z",0,0,,0,,0,0,0,,0,0
793,"돈은 하나로 합치는 것과 각자 독립을 지키는 것 중 뭐가 더 편한가요?","VALUES","가치관",2,"ACTIVE",1,"2026-08-27T19:02:20.711831Z",0,0,,0,,0,0,0,,0,0
804,"연봉이 두 배로 오르는 것과 1년 유급 휴가 중 뭐가 더 좋은가요?","VALUES","가치관",2,"ACTIVE",1,"2026-08-27T19:02:20.711831Z",0,0,,0,,0,0,0,,0,0
806,"혼자 일하는 것과 팀으로 일하는 것 중 뭐가 더 잘 맞나요?","VALUES","가치관",2,"ACTIVE",1,"2026-08-27T19:02:20.711831Z",0,0,,0,,0,0,0,,0,0
809,"자유로운 프리랜서와 안정적인 직장인 중 누가 더 나에게 가깝나요?","VALUES","가치관",2,"ACTIVE",1,"2026-08-27T19:02:20.711831Z",0,0,,0,,0,0,0,,0,0
817,"100년 전 과거와 100년 후 미래 중 뭐가 더 궁금한가요?","VALUES","가치관",1,"ACTIVE",1,"2026-08-27T19:02:20.711831Z",0,0,,0,,0,0,0,,0,0
832,"의미 없는 큰 성공과 좋아하는 일로 이룬 성공 중 뭐가 더 끌리나요?","VALUES","가치관",2,"ACTIVE",1,"2026-08-27T19:02:20.711831Z",0,0,,0,,0,0,0,,0,0
840,"하나를 잃어야 한다면, 재산을 잃는 것과 기억을 잃는 것 중 뭐가 덜 두렵나요?","VALUES","가치관",2,"ACTIVE",1,"2026-08-27T19:02:20.711831Z",0,0,,0,,0,0,0,,0,0
847,"친절한 사람으로 남는 것과 똑똑한 사람으로 남는 것 중 뭐가 더 좋은가요?","VALUES","가치관",1,"ACTIVE",1,"2026-08-27T19:02:20.711831Z",0,0,,0,,0,0,0,,0,0
851,"지금의 삶을 이어가는 것과 처음부터 다시 시작하는 것 중 뭐가 더 마음 편한가요?","VALUES","가치관",2,"ACTIVE",1,"2026-08-27T19:02:20.711831Z",0,0,,0,,0,0,0,,0,0
852,"항상 이해받는 것과 인정받는 것 중 뭐가 더 좋은가요?","VALUES","가치관",2,"ACTIVE",1,"2026-08-27T19:02:20.711831Z",0,0,,0,,0,0,0,,0,0
854,"항상 진실만 말하는 것과 남의 거짓말을 알아채는 것 중 뭐가 더 나은가요?","VALUES","가치관",2,"ACTIVE",1,"2026-08-27T19:02:20.711831Z",0,0,,0,,0,0,0,,0,0
858,"모든 걸 너무 진지하게 받아들이는 사람과 아무것도 진지하게 여기지 않는 사람 중 어떤 쪽이 되고 싶나요?","VALUES","가치관",2,"ACTIVE",1,"2026-08-27T19:02:20.711831Z",0,0,,0,,0,0,0,,0,0
872,"선택지가 너무 많은 것과 하나의 길만 걷는 것 중 뭐가 더 답답한가요?","VALUES","가치관",2,"ACTIVE",1,"2026-08-27T19:02:20.711831Z",0,0,,0,,0,0,0,,0,0
