id,interest_id,question_text,question_level,empathy_guide,hint_guide,leading_question_guide,created_at,updated_at,deleted_at,변경 구분,통계 질문 ID,기존 question_text,신규 ID,세트,분석 축
899,6,혼자 정하는 것과 함께 정하는 것 중 뭐가 더 마음 편한가요?,2,결정하는 방식에는 나만의 편안함이 있어요.,혼자 고민해서 정하기와 함께 의논해서 정하기를 떠올려봐요.,중요한 결정일수록 나는 어느 쪽이 편해요?,2026-07-26 17:54:11.409 +0900,2026-09-30 23:17:32.000 +0900,,문구 수정(가이드 재작성),875,선택지가 너무 많은 것과 하나의 길만 걷는 것 중 뭐가 더 답답한가요?,,,결정 방식
898,6,조금씩 나아지는 삶과 크게 도약하는 삶 중 뭐가 더 나다운가요?,2,성장의 속도에도 나다움이 있어요.,꾸준한 한 걸음과 과감한 점프를 떠올려봐요.,요즘의 나는 어느 쪽에 더 가까워요?,2026-07-26 17:54:11.409 +0900,2026-09-30 23:17:32.000 +0900,,문구 수정(가이드 재작성),874,완벽한 하루가 반복되는 삶과 굴곡 있는 진짜 삶 중 뭐가 더 나은가요?,,,가치·동기
897,6,과거 기억을 잃는 것과 새 기억을 못 만드는 것 중 뭐가 더 두렵나요?,2,"과거와 미래, 어느 쪽을 잃어도 두려운 상상이에요.","쌓아온 것들인가요, 앞으로의 가능성인가요?",둘 중 어느 쪽이 더 두려워요?,2026-07-26 17:54:11.409 +0900,2026-07-26 17:54:11.409 +0900,,유지,,,,,
896,6,선택지가 너무 많은 것과 하나의 길만 걷는 것 중 뭐가 더 답답한가요?,2,"너무 많은 선택도, 선택이 없는 것도 둘 다 답답할 수 있어요.",고민할 자유가 좋은가요 아니면 확실한 하나의 길이 좋은가요?,결정할 때 나는 주로 어느 쪽 때문에 힘들어요?,2026-07-26 17:54:11.409 +0900,2026-07-26 17:54:11.409 +0900,,유지,872,,,,결정 방식
895,6,완벽한 하루가 반복되는 삶과 굴곡 있는 진짜 삶 중 뭐가 더 나은가요?,2,"완벽한 행복과 진짜 삶, 둘 다 매력적이지만 다른 걸 주죠.",안정된 행복이 좋은가요 아니면 변화가 있는 진짜 삶이 좋은가요?,요즘 하루하루는 어느 쪽에 더 가까워요?,2026-07-26 17:54:11.409 +0900,2026-07-26 17:54:11.409 +0900,,유지,,,,,
894,6,세상을 바꾸려 애쓰는 것과 있는 그대로 받아들이는 것 중 뭐가 더 나에게 맞나요?,2,"받아들임과 변화, 둘 다 삶을 대하는 나름의 지혜예요.",지금에 만족하는 게 편한가요 아니면 나아지길 바라는 게 편한가요?,평소 내 모습도 그래요?,2026-07-26 17:54:11.409 +0900,2026-07-26 17:54:11.409 +0900,,유지,870,,,,가치·동기
893,6,규칙이 하나도 없는 세상과 너무 많은 세상 중 뭐가 더 답답한가요?,2,자유와 질서 사이에서 무엇이 편한지는 사람마다 다르죠.,예측 안 되는 자유가 불편한가요 아니면 꽉 짜인 관리가 불편한가요?,지금 있는 환경은 어느 쪽에 가까워요?,2026-07-26 17:54:11.409 +0900,2026-07-26 17:54:11.409 +0900,,유지,,,,,
892,6,과거의 모든 일과 미래의 모든 일 중 뭐가 더 궁금한가요?,2,"지나간 일과 다가올 일, 둘 다 궁금해지는 게 사람 마음이에요.",이해하고 싶은 건 과거인가요 아니면 대비하고 싶은 건 미래인가요?,평소에도 그쪽이 더 궁금해요?,2026-07-26 17:54:11.409 +0900,2026-07-26 17:54:11.409 +0900,,유지,,,,,
891,6,완전한 자유와 무조건적인 권력 중 뭐가 더 갖고 싶나요?,2,무엇이든 될 수 있는 상상이라 답하기 쉽지 않은 질문이에요.,"남에게 미치는 힘인가요, 나를 위한 자유인가요?",그거 갖게 되면 뭐부터 하고 싶어요?,2026-07-26 17:54:11.409 +0900,2026-07-26 17:54:11.409 +0900,,유지,,,,,
890,6,가짜 모습으로 사랑받는 것과 미움받아도 진짜 나로 사는 것 중 뭐가 더 끌리나요?,2,"인정받고 싶은 마음과 나답고 싶은 마음, 둘 다 소중해요.",사랑받는 게 우선인가요 아니면 진짜 나로 사는 게 우선인가요?,지금 나는 어느 쪽에 더 가까워요?,2026-07-26 17:54:11.409 +0900,2026-07-26 17:54:11.409 +0900,,유지,866,,,,자기 인식
889,6,도전과 안정 중 지금 뭐가 더 끌리나요?,2,삶의 방향은 시기마다 달라질 수 있어서 자연스러운 고민이에요.,"설렘의 활력인가요, 흔들리지 않는 편안함인가요?",지금 삶의 리듬은 어느 쪽에 가까워요?,2026-07-26 17:54:11.409 +0900,2026-07-26 17:54:11.409 +0900,,유지,865,,,,새로움 추구
888,6,후회 없이 사는 것과 두려움 없이 사는 것 중 뭐가 더 중요한가요?,2,둘 다 삶을 편하게 해줄 것 같아 고민되죠.,"지난 일의 미련인가요, 앞일의 두려움인가요?",지금 더 붙잡고 있는 감정은 어느 쪽이에요?,2026-07-26 17:54:11.409 +0900,2026-07-26 17:54:11.409 +0900,,유지,,,,,
887,6,완전히 이해받는 것과 있는 그대로라도 받아들여지는 것 중 뭐가 더 필요한가요?,2,"이해와 받아들여짐, 둘 다 관계에서 우리가 바라는 것들이죠.","설명이 필요한가요, 필요 없는 관계가 좋은가요?",지금 관계에서 더 필요한 건 어느 쪽이에요?,2026-07-26 17:54:11.409 +0900,2026-07-26 17:54:11.409 +0900,,유지,863,,,,자기 인식
886,6,생명을 만드는 힘과 없애는 힘 중 뭐가 더 부담스럽나요?,2,둘 다 감당하기 무거운 힘이라 고민돼요.,만드는 무게인가요 아니면 없애는 무게인가요?,"그런 상상, 해본 적 있어요?",2026-07-26 17:54:11.409 +0900,2026-07-26 17:54:11.409 +0900,,유지,,,,,
885,6,가난해도 행복한 삶과 부유해도 불행한 삶 중 뭐가 더 나은가요?,2,"돈과 행복, 둘 다 중요하지만 함께 안 갈 때도 있죠.","물질적 풍요와 마음의 만족, 뭘 진짜 원하나요?",지금 삶은 어느 쪽에 더 가까워요?,2026-07-26 17:54:11.409 +0900,2026-07-26 17:54:11.409 +0900,,유지,,,,,
884,6,수백 명이 깊이 읽는 것과 수백만 명이 스치듯 읽는 것 중 뭐가 더 뿌듯한가요?,2,"깊이 남는 것과 널리 퍼지는 것, 창작자라면 둘 다 바라죠.","소수의 진한 울림과 다수의 가벼운 스침, 뭘 원하나요?","그런 반응, 실제로 겪어본 적 있어요?",2026-07-26 17:54:11.409 +0900,2026-07-26 17:54:11.409 +0900,,유지,,,,,
883,6,늘 관심의 중심이 되는 것과 아무도 모르게 지내는 것 중 뭐가 더 끌리나요?,1,"주목받는 것과 조용히 지내는 것, 편한 정도가 다르죠.","시선을 받는 즐거움과 자유로운 익명성, 뭘 원하나요?",지금 나는 어느 쪽이 더 편해요?,2026-07-26 17:54:11.409 +0900,2026-07-26 17:54:11.409 +0900,,유지,859,,,,에너지 방향
882,6,모든 걸 너무 진지하게 받아들이는 사람과 아무것도 진지하게 여기지 않는 사람 중 어떤 쪽이 되고 싶나요?,2,"지나친 진지함과 무심함, 둘 다 균형을 잃은 모습이죠.","무거운 진지함과 가벼운 무심함, 뭘 경계하나요?",지금 나는 어느 쪽에 더 가까워요?,2026-07-26 17:54:11.409 +0900,2026-07-26 17:54:11.409 +0900,,유지,,,,,
881,6,야생에서 사는 것과 감옥에서 사는 것 중 뭐가 덜 힘든가요?,2,둘 다 자유롭지 못한 상상이라 답하기 어렵죠.,"거친 자유와 안전한 속박, 뭐가 견딜 만한가요?",상상만 해도 답답하지 않아요?,2026-07-26 17:54:11.409 +0900,2026-07-26 17:54:11.409 +0900,,유지,,,,,
880,6,평온한 삶과 위험한 도전이 가득한 삶 중 뭐가 더 끌리나요?,2,"안정과 자극, 원하는 게 시기마다 달라지죠.","잔잔한 평온과 짜릿한 도전, 지금 뭐가 끌리나요?",지금 더 끌리는 건 어느 쪽이에요?,2026-07-26 17:54:11.409 +0900,2026-07-26 17:54:11.409 +0900,,유지,856,,,,새로움 추구
879,6,가장 행복할 날과 가장 불행할 날 중 뭐가 더 궁금한가요?,2,미리 아는 게 위로일지 부담일지 사람마다 달라요.,"기대하며 기다리는 것과 대비하며 기다리는 것, 뭐가 편한가요?",미리 알면 마음이 편해질 것 같아요?,2026-07-26 17:54:11.409 +0900,2026-07-26 17:54:11.409 +0900,,유지,,,,,
878,6,항상 진실만 말하는 것과 남의 거짓말을 알아채는 것 중 뭐가 더 나은가요?,2,"나를 정직하게 만드는 것과 남을 꿰뚫어보는 것, 다른 방식의 진실함이죠.","내가 정직해지는 것과 남의 거짓을 아는 것, 뭘 원하나요?",지금 더 필요한 건 어느 쪽이에요?,2026-07-26 17:54:11.409 +0900,2026-07-26 17:54:11.409 +0900,,유지,,,,,
877,6,죽는 시점과 죽는 방식 중 뭐가 더 알고 싶나요?,2,"죽음을 미리 안다는 상상, 둘 다 무겁게 다가오죠.","시간의 끝과 방식, 뭘 더 대비하고 싶나요?",그거 알면 마음이 편해질 것 같아요?,2026-07-26 17:54:11.409 +0900,2026-07-26 17:54:11.409 +0900,,유지,,,,,
876,6,항상 이해받는 것과 인정받는 것 중 뭐가 더 좋은가요?,2,"이해받고 싶은 마음과 인정받고 싶은 마음, 둘 다 소중하죠.","마음을 알아주는 것과 능력을 알아주는 것, 뭐가 갈망되나요?",지금 더 갈망하는 건 어느 쪽이에요?,2026-07-26 17:54:11.409 +0900,2026-07-26 17:54:11.409 +0900,,유지,852,,,,자기 인식
875,6,지금의 삶을 이어가는 것과 처음부터 다시 시작하는 것 중 뭐가 더 마음 편한가요?,2,"쌓아온 것과 새로 시작할 가능성, 둘 다 고민되죠.","지금의 나를 잇는 것과 다시 그리는 것, 뭘 원하나요?",지금 삶에 얼마나 만족해요?,2026-07-26 17:54:11.409 +0900,2026-07-26 17:54:11.409 +0900,,유지,,,,,
874,6,"초능력이 생긴다면, 결정을 되돌리는 힘과 시간을 멈추는 힘 중 뭐가 더 탐나나요?",1,"실수를 고치고 싶은 마음과 여유를 갖고 싶은 마음, 둘 다 있죠.","지난 선택을 바로잡는 것과 순간을 늘리는 것, 뭐가 필요한가요?",요즘 둘 중 뭐가 더 필요해요?,2026-07-26 17:54:11.409 +0900,2026-07-26 17:54:11.409 +0900,,유지,,,,,
873,6,속마음을 다 말하는 것과 평생 입을 다무는 것 중 뭐가 더 나은가요?,2,"숨김없는 솔직함과 완전히 입을 다무는 것, 둘 다 극단적이죠.","다 드러내는 부담과 못 전하는 답답함, 뭐가 힘든가요?",지금 나는 어느 쪽에 더 가까워요?,2026-07-26 17:54:11.409 +0900,2026-07-26 17:54:11.409 +0900,,유지,849,,,,친밀감 방식
872,6,다른 삶으로 태어나는 것과 기억을 지킨 채 환생하는 것 중 뭐가 더 하고 싶나요?,2,"새로운 시작과 지금의 나를 잇는 것, 둘 다 매력 있죠.","새로운 가능성과 지금의 나, 뭘 더 원하나요?",지금 삶에 얼마나 만족해요?,2026-07-26 17:54:11.409 +0900,2026-07-26 17:54:11.409 +0900,,유지,,,,,
871,6,친절한 사람으로 남는 것과 똑똑한 사람으로 남는 것 중 뭐가 더 좋은가요?,1,"따뜻한 사람과 똑똑한 사람, 둘 다 듣고 싶은 평가죠.","따뜻하다는 인상과 똑똑하다는 인상, 뭘 원하나요?",지금 나는 어느 쪽으로 더 기억되고 있어요?,2026-07-26 17:54:11.409 +0900,2026-07-26 17:54:11.409 +0900,,유지,847,,,,가치·동기
870,6,웃긴 사람과 똑똑한 사람 중 누가 더 끌리나요?,1,"웃음을 주는 매력과 똑똑함의 인정, 둘 다 매력적이죠.","분위기를 살리는 것과 존재감을 드러내는 것, 뭘 원하나요?",지금 곁에 그런 사람 있어요?,2026-07-26 17:54:11.409 +0900,2026-07-26 17:54:11.409 +0900,,유지,,,,,
869,6,10년의 감옥살이와 20년의 혼수상태 중 뭐가 더 견딜 만한가요?,2,둘 다 시간을 잃는 상상이라 답하기 어렵죠.,"갇힌 의식의 시간과 사라진 시간, 뭐가 견딜 만한가요?",상상만 해도 아찔하지 않아요?,2026-07-26 17:54:11.409 +0900,2026-07-26 17:54:11.409 +0900,,유지,,,,,
868,6,"하나를 잃어야 한다면, 말하는 능력과 읽는 능력 중 뭐가 덜 아깝나요?",2,"표현하는 힘과 받아들이는 힘, 둘 다 소중한 능력이죠.","내 생각을 전하는 것과 세상을 이해하는 것, 뭘 포기 못 하나요?",지금 뭘 더 자주 써요?,2026-07-26 17:54:11.409 +0900,2026-07-26 17:54:11.409 +0900,,유지,,,,,
867,6,평범한 사람들 틈에서 돋보이는 삶과 천재들 틈에서 평범한 삶 중 뭐가 더 끌리나요?,2,"돋보이고 싶은 마음과 자극받고 싶은 마음, 둘 다 이해돼요.","인정받는 편안함과 자극받는 긴장감, 뭘 원하나요?",지금 있는 곳은 어느 쪽에 가까워요?,2026-07-26 17:54:11.409 +0900,2026-07-26 17:54:11.409 +0900,,유지,,,,,
866,6,꿈꾸던 일과 진정한 사랑 중 뭐가 더 이루고 싶나요?,2,"일의 성취와 사랑의 충만함, 둘 다 삶을 채우죠.",성취감과 사람들과의 끈끈함 중 지금 더 필요한 건 뭔가요?,지금 더 갈망하는 건 어느 쪽이에요?,2026-07-26 17:54:11.409 +0900,2026-07-26 17:54:11.409 +0900,,유지,,,,,
865,6,거짓말을 알아채는 능력과 들키지 않는 능력 중 뭐가 더 탐나나요?,2,"진실을 꿰뚫고 싶은 마음과 숨기고 싶은 마음, 둘 다 있죠.","타인을 파악하는 힘과 나를 지키는 힘, 뭐가 필요한가요?",요즘 둘 중 뭐가 더 신경쓰여요?,2026-07-26 17:54:11.409 +0900,2026-07-26 17:54:11.409 +0900,,유지,,,,,
864,6,"하나를 잃어야 한다면, 재산을 잃는 것과 기억을 잃는 것 중 뭐가 덜 두렵나요?",2,"돈을 잃는 것과 나를 이루는 기억을 잃는 것, 둘 다 두려워요.","다시 쌓을 수 있는 것과 되찾을 수 없는 것, 뭐가 두려운가요?",그거 잃는다고 생각하면 뭐가 제일 먼저 떠올라요?,2026-07-26 17:54:11.409 +0900,2026-07-26 17:54:11.409 +0900,,유지,,,,,
863,6,생각을 표현 못 하는 것과 조롱받는 것 중 뭐가 더 힘든가요?,2,"말을 못 하게 되는 것과 비웃음당하는 것, 둘 다 상처가 돼요.","표현 못 하는 답답함과 거절당하는 아픔, 뭐가 두려운가요?","그런 상황, 겪어본 적 있어요?",2026-07-26 17:54:11.409 +0900,2026-07-26 17:54:11.409 +0900,,유지,,,,,
862,6,완벽해도 가짜인 삶과 평범해도 진짜인 삶 중 뭐가 더 나은가요?,2,"완벽함과 진짜임 사이 고민, 누구에게나 낯설지 않아요.","완벽하지만 가짜인 것과 부족해도 진짜인 것, 뭐가 중요한가요?",지금 삶은 어느 쪽에 더 가까워요?,2026-07-26 17:54:11.409 +0900,2026-07-26 17:54:11.409 +0900,,유지,838,,,,가치·동기
861,6,아이 같은 순수한 시선과 어른의 지혜 중 뭐가 더 갖고 싶나요?,2,"순수함과 지혜, 둘 다 삶을 행복하게 하죠.","때 묻지 않은 시선과 경험에서 오는 지혜, 뭘 원하나요?",지금 나는 어느 쪽이 더 그리워요?,2026-07-26 17:54:11.409 +0900,2026-07-26 17:54:11.409 +0900,,유지,,,,,
860,6,안 한 일로 기억되는 것과 한 일이 잊히는 것 중 뭐가 더 억울한가요?,2,"오해로 남는 것과 인정받지 못하는 것, 둘 다 속상하죠.","왜곡된 기억과 지워진 진실, 뭐가 더 견디기 힘든가요?","그런 상황, 겪어본 적 있어요?",2026-07-26 17:54:11.409 +0900,2026-07-26 17:54:11.409 +0900,,유지,,,,,
859,6,우주의 비밀과 내 선택의 결과 중 뭐가 더 궁금한가요?,1,"세상에 대한 호기심과 내 삶에 대한 궁금함, 둘 다 자연스러워요.","바깥 세계와 내 앞날, 뭐가 더 절실한가요?",평소에도 그런 게 더 궁금해요?,2026-07-26 17:54:11.409 +0900,2026-07-26 17:54:11.409 +0900,,유지,,,,,
858,6,기억 없이 행복한 삶과 힘들어도 다 기억하는 삶 중 뭐가 더 끌리나요?,2,"행복과 기억, 둘 다 포기하기 아까운 삶의 조각이에요.","지금의 행복과 나를 이루는 기억, 뭐가 소중한가요?",지금 나는 어느 쪽을 더 중요하게 여겨요?,2026-07-26 17:54:11.409 +0900,2026-07-26 17:54:11.409 +0900,,유지,,,,,
857,6,과거를 바꾸는 능력과 미래를 보는 능력 중 뭐가 더 갖고 싶나요?,1,"바꾸고 싶은 마음과 알고 싶은 마음, 둘 다 자연스러워요.","후회를 되돌리는 것과 미리 대비하는 것, 뭐가 끌리나요?",지금 더 끌리는 건 어느 쪽이에요?,2026-07-26 17:54:11.409 +0900,2026-07-26 17:54:11.409 +0900,,유지,,,,,
856,6,의미 없는 큰 성공과 좋아하는 일로 이룬 성공 중 뭐가 더 끌리나요?,2,성공의 크기와 의미 둘 다 놓치기 아까워요.,"성공은 규모인가요, 만족감인가요?",지금 내 일은 어느 쪽에 가까워요?,2026-07-26 17:54:11.409 +0900,2026-07-26 17:54:11.409 +0900,,유지,,,,,
855,6,경직돼도 공정한 법과 유연해서 가끔 불공정한 법 중 뭐가 더 옳다고 생각하나요?,2,원칙과 융통성의 균형은 관점마다 달라요.,"중요한 건 예외 없는 공정함인가요, 유연함인가요?","그 기준, 평소에도 그래요?",2026-07-26 17:54:11.409 +0900,2026-07-26 17:54:11.409 +0900,,유지,,,,,
854,6,결과를 미리 아는 것과 모른 채 결정하는 것 중 뭐가 더 나은가요?,2,확신도 설렘도 다 자연스러운 바람이에요.,"중요한 건 안전한 확신인가요, 긴장감인가요?","미리 알았으면 좋았을 선택, 있었어요?",2026-07-26 17:54:11.409 +0900,2026-07-26 17:54:11.409 +0900,,유지,,,,,
853,6,하지 않은 일로 인정받는 것과 억울하게 비난받는 것 중 뭐가 더 불편한가요?,2,말도 안 되는 인정도 비난도 둘 다 불편해요.,"더 괴로운 건 부풀린 칭찬인가요, 억울한 오해인가요?",그런 상황이면 바로잡으려 할 것 같아요?,2026-07-26 17:54:11.409 +0900,2026-07-26 17:54:11.409 +0900,,유지,,,,,
852,6,무고한 사람을 벌하는 것과 죄인을 풀어주는 것 중 뭐가 더 나은가요?,2,어느 쪽도 마음 무거운 딜레마예요.,"더 두려운 실수는 벌함인가요, 놓침인가요?","그런 상상, 해본 적 있어요?",2026-07-26 17:54:11.409 +0900,2026-07-26 17:54:11.409 +0900,,유지,,,,,
851,6,"불의에 맞서려면 법을 어겨도 되나요, 부당해도 법은 지켜야 하나요?",2,규칙과 정의 사이 갈등은 답하기 어려워요.,"중요한 건 질서인가요, 옳음인가요?","그 기준, 언제부터 그랬어요?",2026-07-26 17:54:11.409 +0900,2026-09-30 23:17:32.000 +0900,,문구 수정(가이드 유지),827,"평소 '법을 어기더라도 불의에 맞서야 한다'고 생각하시나요, 아니면 '부당해도 법은 지켜야 한다'고 생각하시나요?",,,
850,6,아픈 진실을 말하는 것과 자비로운 거짓말을 하는 것 중 뭐가 더 옳은가요?,2,진실과 배려 사이 고민은 누구나 겪어요.,"상대에게 필요한 건 사실인가요, 위로인가요?",최근에 그런 상황 있었어요?,2026-07-26 17:54:11.409 +0900,2026-07-26 17:54:11.409 +0900,,유지,826,,,,관계 온도
849,6,거짓말을 항상 알아채는 것과 전혀 못 알아채는 것 중 뭐가 더 나은가요?,2,다 아는 것도 모르는 것도 다 이유가 있어요.,"진실을 아는 게 관계를 지켜주나요, 힘들게 하나요?",거짓말 알아챘을 때 어떻게 했어요?,2026-07-26 17:54:11.409 +0900,2026-07-26 17:54:11.409 +0900,,유지,,,,,
848,6,한 달을 슬퍼하고 달라지는 것과 1년을 무감각하게 사는 것 중 뭐가 더 나은가요?,2,고통을 견딘 성장도 무덤덤함도 이해돼요.,"나를 바꾸는 건 아픔인가요, 시간인가요?","나를 가장 크게 바꾼 감정, 뭐였어요?",2026-07-26 17:54:11.409 +0900,2026-07-26 17:54:11.409 +0900,,유지,824,,,,감정 민감도
847,6,확고한 정체성과 계속 변하는 자유 중 뭐가 더 나에게 가깝나요?,2,확고한 정체성도 변화할 자유도 매력적이에요.,"안정감이 필요한가요, 변화의 여지가 필요한가요?",지금 나는 나 자신을 얼마나 확신해요?,2026-07-26 17:54:11.409 +0900,2026-07-26 17:54:11.409 +0900,,유지,823,,,,자기 인식
846,6,내 무의식을 다 아는 것과 미스터리로 남겨두는 것 중 뭐가 더 끌리나요?,2,나를 다 알고 싶은 마음도 신비로 두고 싶은 마음도 있어요.,"나를 이해하는 게 자유를 주나요, 부담이 되나요?",요즘 나 자신에 대해 가장 궁금한 게 뭐예요?,2026-07-26 17:54:11.409 +0900,2026-07-26 17:54:11.409 +0900,,유지,,,,,
845,6,두려움을 없애는 것과 강점을 키우는 것 중 뭐가 더 끌리나요?,2,약점을 지우는 것도 강점을 키우는 것도 성장이에요.,더 자유롭게 하는 건 뭔가요?,지금 나를 붙잡는 건 어느 쪽이에요?,2026-07-26 17:54:11.409 +0900,2026-07-26 17:54:11.409 +0900,,유지,821,,,,가치·동기
844,6,남의 마음을 읽는 것과 내 마음을 나누는 것 중 뭐가 더 하고 싶나요?,2,알고 싶은 마음과 표현하고 싶은 마음 다 중요해요.,"더 답답한 건 표현 못함인가요, 모름인가요?",지금 더 필요한 건 어느 쪽이에요?,2026-07-26 17:54:11.409 +0900,2026-07-26 17:54:11.409 +0900,,유지,820,,,,친밀감 방식
843,6,사람들의 속마음을 아는 것과 모르는 것 중 뭐가 더 편안한가요?,2,진실과 마음의 평화 둘 다 아까워요.,진실을 감당할 준비가 되어 있나요?,"궁금한 누군가의 속마음, 정말 알고 싶어요?",2026-07-26 17:54:11.409 +0900,2026-07-26 17:54:11.409 +0900,,유지,819,,,,감정 민감도
842,6,다 기억하는 삶과 원할 때 잊는 삶 중 뭐가 더 좋은가요?,2,다 기억하고 싶은 마음도 잊고 싶은 순간도 자연스러워요.,"다 남겨두고 싶은가요, 필요할 때 지우고 싶은가요?",지금 나는 어느 쪽에 더 가까워요?,2026-07-26 17:54:11.409 +0900,2026-07-26 17:54:11.409 +0900,,유지,,,,,
841,6,100년 전 과거와 100년 후 미래 중 뭐가 더 궁금한가요?,1,과거도 미래도 다 호기심을 자극해요.,"그리운 건 뿌리인가요, 궁금한 건 가능성인가요?","그 답, 내가 뭘 더 신경 쓰는지랑 관련있을까요?",2026-07-26 17:54:11.409 +0900,2026-07-26 17:54:11.409 +0900,,유지,,,,,
840,6,신중히 곱씹는 삶과 후회 없이 실수하는 삶 중 뭐가 더 나다운가요?,2,실수의 자유로움도 신중함의 안정감도 삶의 방식이에요.,"더 무거운 짐은 실수인가요, 못 한 후회인가요?",지금까지 나는 어느 쪽에 가까웠어요?,2026-07-26 17:54:11.409 +0900,2026-07-26 17:54:11.409 +0900,,유지,816,,,,결정 방식
839,6,죽는 날짜를 아는 것과 모르는 것 중 뭐가 더 편안한가요?,2,아는 것도 모르는 것도 다 두려움과 안심을 줘요.,"확실함이 나를 편하게 하나요, 불안하게 하나요?",그거 알면 삶이 달라질 것 같아요?,2026-07-26 17:54:11.409 +0900,2026-07-26 17:54:11.409 +0900,,유지,,,,,
838,6,죽어서 기억되는 것과 살아서 사랑받는 것 중 뭐가 더 소중한가요?,2,넓은 기억과 깊은 사랑 다 삶의 의미예요.,"중요한 건 남겨질 이름인가요, 지금의 사랑인가요?",요즘 더 갈망하는 건 어느 쪽이에요?,2026-07-26 17:54:11.409 +0900,2026-07-26 17:54:11.409 +0900,,유지,,,,,
837,6,인생의 목적을 지금 아는 것과 서서히 깨닫는 것 중 뭐가 더 나은가요?,2,조급함도 여유도 다 자연스러워요.,"지금 확신이 필요한가요, 여유가 있나요?",지금 나는 어느 쪽에 가까워요?,2026-07-26 17:54:11.409 +0900,2026-07-26 17:54:11.409 +0900,,유지,,,,,
836,6,하루 종일 말하는 것과 듣기만 하는 것 중 뭐가 더 나다운가요?,1,말하는 것도 듣는 것도 다 에너지가 필요해요.,"표현할 때 힘이 나나요, 들을 때 편안한가요?",평소 대화에서는 주로 어느 쪽이에요?,2026-07-26 17:54:11.409 +0900,2026-07-26 17:54:11.409 +0900,,유지,812,,,,에너지 방향
835,6,평생 야근하는 것과 연봉이 동결되는 것 중 뭐가 더 견딜 만한가요?,2,시간과 돈 둘 다 잃고 싶지 않아요.,"지키고 싶은 건 저녁 있는 삶인가요, 오르는 연봉인가요?",일에서 가장 아까운 건 어느 쪽이에요?,2026-07-26 17:54:11.409 +0900,2026-07-26 17:54:11.409 +0900,,유지,,,,,
834,6,싫은 상사와 일하는 것과 친한 동료와 떨어지는 것 중 뭐가 더 나은가요?,1,누구와 일하느냐가 하루의 질을 좌우해요.,"내 기분을 더 좌우하는 건 상사인가요, 동료인가요?",지금 직장에서 더 힘든 건 어느 쪽이에요?,2026-07-26 17:54:11.409 +0900,2026-07-26 17:54:11.409 +0900,,유지,,,,,
833,6,자유로운 프리랜서와 안정적인 직장인 중 어느 쪽이 더 나에게 맞을까요?,2,자유와 안정 둘 다 포기하기 쉽지 않아요.,불확실함을 견딜 만큼 자유가 소중한가요?,지금 성향은 어느 쪽에 가까워요?,2026-07-26 17:54:11.409 +0900,2026-09-30 23:17:32.000 +0900,,문구 수정(가이드 유지),809,자유로운 프리랜서와 안정적인 직장인 중 누가 더 나에게 가깝나요?,,,가치·동기
832,6,적은 월급에 좋아하는 일과 고액 연봉에 싫은 일 중 뭐가 더 만족스러운가요?,2,돈과 좋아하는 일 사이에서 고민되는 건 당연해요.,"더 절실한 건 여유인가요, 즐거움인가요?",지금 일은 어느 쪽에 더 가까워요?,2026-07-26 17:54:11.409 +0900,2026-07-26 17:54:11.409 +0900,,유지,808,,,,가치·동기
831,6,자주 늦게 끝나지만 여유로운 일과 빡빡해도 제시간에 끝나는 일 중 뭐가 더 끌리나요?,2,"일의 강도와 시간, 둘 다 하루를 좌우해요.","하루를 지키는 건 강도인가요, 시간인가요?",퇴근 후 삶이 나한테 얼마나 중요해요?,2026-07-26 17:54:11.409 +0900,2026-09-30 23:17:32.000 +0900,,문구 수정(가이드 재작성),807,야근 잦은 회사와 강도 높아도 칼퇴하는 회사 중 뭐가 더 끌리나요?,,,
830,6,혼자 일하는 것과 팀으로 일하는 것 중 뭐가 더 잘 맞나요?,2,혼자도 함께도 둘 다 존중받을 방식이에요.,"에너지가 채워지는 건 몰입인가요, 함께함인가요?",실제로 어느 환경에서 더 잘 해냈어요?,2026-07-26 17:54:11.409 +0900,2026-07-26 17:54:11.409 +0900,,유지,806,,,,에너지 방향
829,6,일 안 해도 빠듯한 삶과 힘들어도 여유로운 삶 중 뭐가 더 나은가요?,2,자유로운 시간과 경제적 여유 다 아까워요.,"내 만족은 시간의 자유인가요, 돈의 여유인가요?",지금 더 갈망하는 건 어느 쪽이에요?,2026-07-26 17:54:11.409 +0900,2026-07-26 17:54:11.409 +0900,,유지,,,,,
828,6,연봉이 두 배로 오르는 것과 1년 유급 휴가 중 뭐가 더 좋은가요?,2,돈과 시간 둘 다 놓치기 아까운 자원이에요.,"지금 더 부족한 건 돈인가요, 시간인가요?",그렇게 되면 뭐부터 하고 싶어요?,2026-07-26 17:54:11.409 +0900,2026-07-26 17:54:11.409 +0900,,유지,804,,,,가치·동기
827,6,외로운 천재와 단순해도 행복한 사람 중 누가 더 나에게 가깝나요?,2,인정받는 것과 마음 편한 것 둘 다 매력적이에요.,"내 행복의 기준은 이해인가요, 평온인가요?",지금 나는 어느 쪽이 더 그리워요?,2026-07-26 17:54:11.409 +0900,2026-07-26 17:54:11.409 +0900,,유지,803,,,,에너지 방향
826,6,작은 곳의 리더와 큰 곳의 구성원 중 뭐가 더 편한가요?,2,책임의 무게와 안정감 사이 고민은 흔해요.,"내가 원하는 건 결정권인가요, 안정감인가요?",어떤 자리에서 내가 더 빛나는 것 같아요?,2026-07-26 17:54:11.409 +0900,2026-09-30 23:17:32.000 +0900,,문구 수정(가이드 재작성),802,망해가는 회사의 사장과 잘나가는 대기업의 평사원 중 뭐가 더 편한가요?,,,가치·동기
825,6,내 의도와 행동 중 뭐가 더 중요하게 평가받길 바라나요?,2,마음을 알아주길 바라는 것도 이해돼요.,"몰라준 의도와 인정 못 받은 행동, 뭐가 아쉬웠나요?",남을 평가할 때 나는 어느 쪽을 더 봐요?,2026-07-26 17:54:11.409 +0900,2026-07-26 17:54:11.409 +0900,,유지,,,,,
824,6,"단 하나만 고를 수 있다면, 세상을 지키는 것과 나 자신을 지키는 것 중 뭐가 더 끌리나요?",2,이타심과 자기 보호 사이 고민은 쉽지 않아요.,"내 선택의 기준이 나인가요, 세상인가요?",평소 내 선택도 그 기준이에요?,2026-07-26 17:54:11.409 +0900,2026-07-26 17:54:11.409 +0900,,유지,,,,,
823,6,늘 옳은 결정을 내리는 힘과 실수에서 빨리 배우는 힘 중 뭐가 더 필요한가요?,2,완벽한 판단력도 회복력도 다 갖고 싶어요.,"실수 안 하기와 빨리 딛고 일어서기, 뭐가 현실적인가요?",돌아보면 나는 어느 쪽에 더 가까웠어요?,2026-07-26 17:54:11.409 +0900,2026-07-26 17:54:11.409 +0900,,유지,799,,,,결정 방식
822,6,지금 하고 싶은 일과 해야 하는 일 중 무엇을 먼저 하나요?,2,하고 싶은 일과 해야 하는 일 사이의 순서는 사람마다 달라요.,하루를 시작할 때 무엇부터 손이 가는지 떠올려봐요.,그 순서가 나에게 잘 맞는다고 느껴요?,2026-07-26 17:54:11.409 +0900,2026-09-30 23:17:32.000 +0900,,문구 수정(가이드 재작성),798,"지금 아니면 못 갈 것 같다면, 여행과 커리어 중 뭐가 더 끌리나요?",,,계획·실행
821,6,역사에 이름을 남기는 삶과 행복한 평범함 중 뭐가 더 나은가요?,2,특별함과 평범한 행복 둘 다 소중해요.,"이름을 남기는 것과 편안한 것, 뭐가 끌리나요?",요즘 그런 생각 해본 적 있어요?,2026-07-26 17:54:11.409 +0900,2026-07-26 17:54:11.409 +0900,,유지,797,,,,가치·동기
820,6,지금 가진 것에 만족하는 것과 더 원하는 것 중 뭐가 더 나다운가요?,2,만족과 욕심 사이에서 다들 흔들려요.,"지금 이 순간, 더 갖고 싶은 게 많나요?",요즘 나는 어느 쪽에 더 가까워요?,2026-07-26 17:54:11.409 +0900,2026-07-26 17:54:11.409 +0900,,유지,796,,,,가치·동기
819,6,열정 넘치는 삶과 평온한 삶 중 뭐가 더 끌리나요?,2,짜릿함과 평온함 둘 다 놓치기 아까워요.,"기복 있게 진하게, 아니면 잔잔하게 편안하게?",지금 삶은 어느 쪽에 더 가까워요?,2026-07-26 17:54:11.409 +0900,2026-07-26 17:54:11.409 +0900,,유지,795,,,,새로움 추구
818,6,먼 미래를 계획하는 연애와 지금을 즐기는 연애 중 뭐가 더 편한가요?,2,미래를 그리는 속도는 사람마다 다르게 편안해요.,"장기적 계획의 안정감과 지금의 자유로움, 뭘 원하나요?",지금 연애도 그 방식이에요?,2026-07-26 17:54:11.409 +0900,2026-07-26 17:54:11.409 +0900,,유지,,,,,
817,6,돈은 하나로 합치는 것과 각자 독립을 지키는 것 중 뭐가 더 편한가요?,2,돈을 나누는 방식은 관계에 대한 생각만큼이나 다양해요.,"하나로 합치는 것과 각자 영역 지키기, 뭘 원하나요?",지금 관계에서도 그 방식이에요?,2026-07-26 17:54:11.409 +0900,2026-07-26 17:54:11.409 +0900,,유지,793,,,,친밀감 방식
816,6,사람을 만나면 일단 믿는 것과 의심하는 것 중 뭐가 더 나에게 맞나요?,1,사람을 대하는 태도는 겪어온 경험에 따라 만들어져요.,"먼저 믿는 마음과 스스로 지키는 경계심, 뭐가 편한가요?","그 태도, 언제부터 그랬어요?",2026-07-26 17:54:11.409 +0900,2026-07-26 17:54:11.409 +0900,,유지,792,,,,관계 온도
815,6,항상 솔직히 말하는 것과 돌려 말하는 것 중 뭐가 더 나에게 맞나요?,2,솔직함과 배려 사이 고민은 관계를 소중히 여긴다는 뜻이에요.,"있는 그대로의 진실과 배려, 뭘 우선하나요?",최근에 그렇게 말해본 적 있어요?,2026-07-26 17:54:11.409 +0900,2026-07-26 17:54:11.409 +0900,,유지,791,,,,관계 온도
814,6,번 돈은 저축하는 것과 아낌없이 쓰는 것 중 뭐가 더 나다운가요?,1,돈을 대하는 태도는 가치관에 따라 달라요.,미래를 위한 대비와 지금의 만족 중 뭘 중요히 보나요?,요즘도 그 습관 그대로예요?,2026-07-26 17:54:11.409 +0900,2026-07-26 17:54:11.409 +0900,,유지,790,,,,계획·실행
813,6,관계 문제는 커플 상담과 자기계발서 중 뭐가 더 효과적인가요?,1,문제를 해결하는 방식은 사람마다 달라요.,전문가의 도움과 스스로 찾는 답 중 뭘 믿고 싶나요?,실제로 그런 방법 써본 적 있어요?,2026-07-26 17:54:11.409 +0900,2026-07-26 17:54:11.409 +0900,,유지,,,,,
812,6,남의 조언을 받아들이는 것과 내 판단만 믿는 것 중 뭐가 더 나은가요?,1,조언을 대하는 태도는 나에 대한 믿음을 보여줘요.,"다른 시선을 받아들이는 유연함과 나를 믿는 확신, 뭘 지키나요?",최근에 그렇게 해본 적 있어요?,2026-07-26 17:54:11.409 +0900,2026-07-26 17:54:11.409 +0900,,유지,788,,,,결정 방식
811,6,책으로 배운 것과 직접 부딪혀 배운 것 중 뭐가 더 크게 남나요?,2,배움의 방식은 사람마다 다르게 몸에 새겨져요.,"정리된 지식과 몸으로 겪은 깨달음, 뭐가 오래 남나요?","가장 크게 배웠던 순간, 기억나요?",2026-07-26 17:54:11.409 +0900,2026-09-30 23:17:32.000 +0900,,문구 수정(가이드 유지),787,학교에서 배운 것과 직접 부딪힌 경험 중 뭐가 더 크게 남나요?,,,결정 방식
810,6,여러 분야를 두루 하는 것과 한 우물 파는 것 중 뭐가 더 나에게 맞나요?,1,"넓이와 깊이, 둘 다 커리어에서 강점이 될 수 있어요.","경험의 폭과 하나에 집중하는 전문성, 뭘 원하나요?",지금 커리어는 어느 쪽에 가까워요?,2026-07-26 17:54:11.409 +0900,2026-07-26 17:54:11.409 +0900,,유지,786,,,,새로움 추구
809,6,무리에 자연스럽게 섞이는 것과 확실히 돋보이는 것 중 뭐가 더 편한가요?,1,"어울림과 돋보임, 둘 다 관계에서 나름의 매력이 있어요.","자연스럽게 섞이는 편안함과 눈에 띄는 존재감, 뭘 원하나요?",평소 모임에서는 어느 쪽에 가까워요?,2026-07-26 17:54:11.409 +0900,2026-07-26 17:54:11.409 +0900,,유지,785,,,,에너지 방향
808,6,한곳에 정착하는 삶과 계속 떠도는 삶 중 뭐가 더 어울리나요?,1,"안정과 탐험, 둘 다 매력적인 삶의 방식이에요.","익숙함이 주는 편안함과 낯섦이 주는 설렘, 뭘 원하나요?",지금 삶은 어느 쪽에 더 가까워요?,2026-07-26 17:54:11.409 +0900,2026-07-26 17:54:11.409 +0900,,유지,784,,,,새로움 추구
807,6,편안함을 추구하는 삶과 끊임없이 애쓰는 삶 중 뭐가 더 나다운가요?,1,"편안함을 원하는 것도, 애쓰는 것도 다 나름의 이유가 있어요.",지금의 여유와 앞으로의 성장 중 뭘 우선하고 싶나요?,지금 나는 어느 쪽에 더 가까워요?,2026-07-26 17:54:11.409 +0900,2026-07-26 17:54:11.409 +0900,,유지,783,,,,가치·동기
806,6,위험해도 자유로운 것과 안전을 위해 참는 것 중 뭐가 더 나에게 맞나요?,2,자유와 안전 사이의 균형은 누구에게나 어려운 고민이에요.,"마음껏 선택하는 자유와 흔들리지 않는 안정, 뭘 원하나요?",요즘 나는 어느 쪽에 더 가까워요?,2026-07-26 17:54:11.409 +0900,2026-07-26 17:54:11.409 +0900,,유지,782,,,,새로움 추구
805,6,다수를 위한 희생과 내 행복 중 뭐가 더 우선인가요?,2,"나를 지키는 것과 남을 살피는 것, 둘 다 중요해요.",나의 행복과 관계 속 역할 중 뭘 더 우선하나요?,최근에 그런 상황 있었어요?,2026-07-26 17:54:11.409 +0900,2026-07-26 17:54:11.409 +0900,,유지,781,,,,가치·동기
804,6,미리 허락을 구하는 것과 일단 저지르는 것 중 뭐가 더 편한가요?,1,"신중함과 과감함, 둘 다 상황에 따라 필요한 태도예요.","확실히 하고 움직이기와 일단 시도하기, 뭐가 나다운가요?",최근에 그렇게 해본 적 있어요?,2026-07-26 17:54:11.409 +0900,2026-07-26 17:54:11.409 +0900,,유지,780,,,,결정 방식
803,6,촘촘한 계획과 순간의 마음을 따르는 것 중 뭐가 더 나에게 맞나요?,1,"계획과 즉흥, 둘 다 나름의 방식으로 삶을 채워가요.","예측 가능한 안정감과 순간의 자유로움, 뭐가 편한가요?",최근에 그 방식대로 해본 적 있어요?,2026-07-26 17:54:11.409 +0900,2026-07-26 17:54:11.409 +0900,,유지,779,,,,계획·실행
802,6,성격은 타고난 본성과 자란 환경 중 뭐가 더 크게 좌우하나요?,2,성격의 뿌리를 어디서 찾는지는 사람마다 달라요.,"타고난 기질과 자란 환경, 뭐가 나를 설명하나요?",그렇게 생각하게 된 계기가 있어요?,2026-07-26 17:54:11.409 +0900,2026-07-26 17:54:11.409 +0900,,유지,,,,,
801,6,"인간은 원래 착한 쪽인가요, 나쁜 쪽인가요?",2,사람을 보는 시선은 겪어온 경험에 따라 달라요.,"사람에 대한 믿음과 경계심, 뭐가 편안한가요?",그렇게 생각하게 된 경험이 있어요?,2026-07-26 17:54:11.409 +0900,2026-07-26 17:54:11.409 +0900,,유지,,,,,
800,6,자유의지로 선택한 결과와 정해진 운명 중 뭐가 더 맞다고 믿나요?,2,삶을 바라보는 방식은 경험에 따라 달라요.,내가 만들어가는 삶과 이미 그려진 삶 중 뭘 믿고 싶나요?,그렇게 믿게 된 계기가 있어요?,2026-07-26 17:54:11.409 +0900,2026-07-26 17:54:11.409 +0900,,유지,,,,,
799,6,짧더라도 부유한 삶과 길고 가난한 삶 중 뭐가 더 나에게 맞나요?,2,"삶의 길이와 여유, 둘 다 쉽게 포기할 수 없는 가치예요.","짧아도 풍족한 삶과 길지만 빠듯한 삶, 뭘 원하나요?",그런 상황이면 실제로 어떨 것 같아요?,2026-07-26 17:54:11.409 +0900,2026-07-26 17:54:11.409 +0900,,유지,,,,,
798,6,노숙자를 돕는 일과 아이들을 가르치는 일 중 뭐가 더 마음이 가나요?,2,돕고 싶은 마음은 같아도 끌리는 방식은 다를 수 있어요.,"당장의 어려움과 미래를 바꾸는 것, 뭘 중요히 보나요?","그런 경험, 해본 적 있어요?",2026-07-26 17:54:11.409 +0900,2026-07-26 17:54:11.409 +0900,,유지,,,,,
797,6,같은 월급이면 몸을 움직이는 일과 사무직 중 뭐가 더 마음이 가나요?,1,"몸을 쓰는 일과 머리를 쓰는 일, 편한 쪽은 사람마다 달라요.","앉아서 집중하기와 움직이며 만들기, 뭘 원하나요?",지금 일은 어느 쪽에 가까워요?,2026-07-26 17:54:11.409 +0900,2026-07-26 17:54:11.409 +0900,,유지,,,,,
796,6,크게 이룬 것 없는 만족스러운 삶과 이루고도 불만족스러운 삶 중 뭐가 더 나은가요?,2,"만족감과 성취, 둘 다 놓치기 아까운 가치예요.",마음의 평온함과 눈에 보이는 성과 중 뭘 원하나요?,지금 삶은 어느 쪽에 더 가까워요?,2026-07-26 17:54:11.409 +0900,2026-07-26 17:54:11.409 +0900,,유지,772,,,,가치·동기
795,6,유명해지는 부와 조용한 부 중 뭐가 더 편안한가요?,1,"관심을 받는 삶과 조용한 삶, 둘 다 나름의 장단점이 있어요.",사람들의 관심과 조용한 자유 중 뭘 원하나요?,"그런 삶, 상상해본 적 있어요?",2026-07-26 17:54:11.409 +0900,2026-07-26 17:54:11.409 +0900,,유지,,,,,
794,6,가장 인기 있는 사람과 가장 똑똑한 사람 중 누가 더 되고 싶나요?,1,"인기와 실력, 둘 다 매력적이라 고민돼요.","사람들과의 친밀함과 실력으로 얻는 인정, 뭘 원하나요?",지금 나는 어느 쪽으로 더 알려져 있어요?,2026-07-26 17:54:11.409 +0900,2026-07-26 17:54:11.409 +0900,,유지,770,,,,가치·동기
793,6,세상 문제에 책임감을 느끼는 삶과 신경 쓰지 않고 즐기는 삶 중 뭐가 더 나다운가요?,2,책임감과 편안함 사이에서 갈등하는 건 당연한 일이에요.,세상에 대한 책임감과 나를 위한 삶 중 뭘 우선하나요?,요즘 나는 어느 쪽에 더 가까워요?,2026-07-26 17:54:11.409 +0900,2026-07-26 17:54:11.409 +0900,,유지,769,,,,가치·동기
792,6,거저 받은 20억과 스스로 일군 50억 중 뭐가 더 값진가요?,2,"주어진 것과 이뤄낸 것, 둘 다 나름의 의미가 있어요.","빠르게 얻는 여유와 스스로 만든 성취감, 뭘 원하나요?",그런 상황이면 실제로 어떨 것 같아요?,2026-07-26 17:54:11.409 +0900,2026-07-26 17:54:11.409 +0900,,유지,,,,,
791,6,보람 있게 열심히 일하는 삶과 편한 삶 중 뭐가 더 값진가요?,2,일의 의미와 편안함 사이에서 고민하는 건 당연해요.,"노력한 보람과 애쓰지 않는 편안함, 뭘 원하나요?",지금 일은 어느 쪽에 더 가까워요?,2026-07-26 17:54:11.409 +0900,2026-07-26 17:54:11.409 +0900,,유지,767,,,,가치·동기
790,6,10년만 버티고 은퇴하는 끔찍한 일과 평생 할 꿈의 직업 중 뭐가 더 나은가요?,2,"당장의 만족과 나중의 자유, 둘 다 포기하기 아까운 가치예요.",지금의 즐거움과 앞으로의 여유 중 뭘 우선하나요?,지금 일은 어느 쪽에 가까워요?,2026-07-26 17:54:11.409 +0900,2026-07-26 17:54:11.409 +0900,,유지,,,,,
789,6,짓지 않은 죄로 4년간 옥살이하는 것과 죄를 짓고 평생 불안하게 사는 것 중 뭐가 더 괴로운가요?,2,"억울함과 죄책감, 둘 다 견디기 힘든 무게예요.","정해진 억울함과 끝없는 불안, 뭐가 더 힘든가요?","그런 상상, 해본 적 있어요?",2026-07-26 17:54:11.409 +0900,2026-07-26 17:54:11.409 +0900,,유지,,,,,
788,6,후회 없는 20년과 후회 많은 50년 중 뭐가 더 나은가요?,2,삶의 길이와 만족감을 재는 건 무거운 고민이에요.,"짧아도 후회 없는 삶과 길어도 아쉬운 삶, 뭘 원하나요?",지금 삶은 어느 쪽에 더 가까워요?,2026-07-26 17:54:11.409 +0900,2026-07-26 17:54:11.409 +0900,,유지,,,,,
787,6,위안이 되는 거짓말과 불편한 진실 중 뭐가 더 나은가요?,2,진실과 위안 사이에서 흔들리는 건 자연스러운 일이에요.,"불편해도 아는 것과 편안하게 모르는 것, 뭘 원하나요?",최근에 그런 순간 있었어요?,2026-07-26 17:54:11.409 +0900,2026-07-26 17:54:11.409 +0900,,유지,763,,,,관계 온도
786,6,한 사람을 깊이 돕는 것과 백 명을 조금씩 돕는 것 중 뭐가 더 의미 있나요?,2,돕는 방식이 다를 뿐 둘 다 의미 있는 선택이에요.,"깊은 도움과 넓게 퍼지는 도움, 뭐가 가치 있나요?",실제로 그렇게 도와본 적 있어요?,2026-07-26 17:54:11.409 +0900,2026-07-26 17:54:11.409 +0900,,유지,762,,,,가치·동기
785,6,평생 다달이 받는 200만 원과 지금 당장의 5억 중 뭐가 더 든든한가요?,2,"당장의 목돈과 꾸준한 안정, 둘 다 매력적인 선택이에요.","평생의 안정감과 당장의 목돈, 뭘 원하나요?",그런 상황이면 실제로 뭘 고를 것 같아요?,2026-07-26 17:54:11.409 +0900,2026-07-26 17:54:11.409 +0900,,유지,,,,,
784,6,인간관계 없는 숲속의 고요함과 소란한 도시의 삶 중 뭐가 더 편안한가요?,2,"고요함과 자극, 둘 다 나름의 매력이 있어요.",혼자만의 평온함과 사람들 속 활기 중 뭘 원하나요?,지금 사는 곳은 어느 쪽에 가까워요?,2026-07-26 17:54:11.409 +0900,2026-07-26 17:54:11.409 +0900,,유지,760,,,,에너지 방향
783,6,당장의 빚과 평생 이어지는 소득 한계 중 뭐가 더 견디기 쉬운가요?,2,"당장의 빚과 평생의 한계, 둘 다 부담스러운 선택이에요.","일시적 어려움과 계속되는 제한, 뭐가 견디기 쉬운가요?",지금 상황은 어느 쪽에 더 가까워요?,2026-07-26 17:54:11.409 +0900,2026-07-26 17:54:11.409 +0900,,유지,,,,,
782,6,돈을 빚지는 것과 부탁을 빚지는 것 중 뭐가 더 부담스러운가요?,1,빚진 마음은 액수와 상관없이 무거워요.,"돈으로 갚을 부담과 마음으로 갚을 부담, 뭐가 무거운가요?",최근에 그런 상황 있었어요?,2026-07-26 17:54:11.409 +0900,2026-07-26 17:54:11.409 +0900,,유지,758,,,,관계 온도
781,6,개인적인 삶의 성공과 커리어의 성공 중 뭐가 더 중요한가요?,2,둘 다 인생에서 중요해서 고르기 어려워요.,"곁의 행복과 사회적 성취, 뭘 우선하나요?",지금 삶은 어느 쪽에 더 기울어져 있어요?,2026-07-26 17:54:11.409 +0900,2026-07-26 17:54:11.409 +0900,,유지,757,,,,가치·동기
780,6,아무도 몰라주는 최고와 존경받는 평범함 중 뭐가 더 만족스러운가요?,2,인정받는 방식은 사람마다 다르게 느껴질 수 있어요.,"혼자 아는 실력과 남들이 알아주는 위치, 뭘 원하나요?",지금 나는 어느 쪽에 더 가까워요?,2026-07-26 17:54:11.409 +0900,2026-07-26 17:54:11.409 +0900,,유지,756,,,,가치·동기
779,6,존중받으며 힘든 일을 하는 것과 무관심 속에 편한 일을 하는 것 중 뭐가 더 나은가요?,2,"존중받는 것과 편한 것, 둘 다 포기하기 아까운 가치예요.","인정받는 힘듦과 신경 쓰이지 않는 편안함, 뭘 원하나요?",지금의 나에게 더 필요한 건 어느 쪽이에요?,2026-07-26 17:54:11.409 +0900,2026-09-30 23:17:32.000 +0900,,문구 수정(가이드 재작성),755,존중하는 상사의 힘든 일과 무관심한 상사의 편한 일 중 뭐가 더 나은가요?,,,
778,6,지금 당장 꿈의 직업과 매년 한 달 휴가 중 뭐가 더 나은가요?,2,지금의 만족과 꾸준한 여유 사이 고민은 당연해요.,"정기적인 쉼과 지금 이루는 꿈, 뭘 우선하나요?",지금 일에서 더 아쉬운 쪽은 뭐예요?,2026-07-26 17:54:11.409 +0900,2026-07-26 17:54:11.409 +0900,,유지,,,,,
777,6,남 밑에서 편하게 일하는 것과 내 사업을 하는 것 중 뭐가 더 나은가요?,2,안정과 도전 사이에서 흔들리는 건 자연스러운 고민이에요.,"편한 안정감과 내 것을 만드는 성취감, 뭘 원하나요?",지금 일은 어느 쪽에 더 가까워요?,2026-07-26 17:54:11.409 +0900,2026-07-26 17:54:11.409 +0900,,유지,753,,,,가치·동기
776,6,확실한 10억과 반반 확률의 50억 중 뭐가 더 나은가요?,2,확실함과 큰 가능성 사이 고민은 당연해요.,확실한 결과와 위험한 기대값 중 뭐가 편한가요?,그런 상황이면 실제로 뭘 고를 것 같아요?,2026-07-26 17:54:11.409 +0900,2026-07-26 17:54:11.409 +0900,,유지,752,,,,결정 방식
775,6,배울 게 많은 사람과 편한 사람 중 누구와 함께하고 싶나요?,2,편함과 배움 사이의 고민은 자연스러워요.,지금의 편안함과 나중의 성장 중 뭘 우선하나요?,내 주변에는 어떤 사람이 더 많아요?,2026-07-26 17:54:11.409 +0900,2026-09-30 23:17:32.000 +0900,,문구 수정(가이드 재작성),751,배울 게 많은 상사와 편한 상사 중 누가 더 좋은가요?,,,가치·동기
774,6,바빠서 지치는 것과 한가해서 지치는 것 중 뭐가 더 버거운가요?,1,바빠서든 심심해서든 지치는 건 다 힘들어요.,"몸이 지치는 것과 마음이 지치는 것, 뭐가 버거운가요?",요즘 나는 어느 쪽에 더 가까워요?,2026-07-26 17:54:11.409 +0900,2026-07-26 17:54:11.409 +0900,,유지,750,,,,새로움 추구
773,6,퇴사 날 아무도 모르게 조용히 나가는 것과 배웅받으며 화려하게 나가는 것 중 뭐가 더 하고 싶나요?,1,마무리하는 방식에도 그 사람의 성향이 묻어나요.,"조용한 홀가분함과 따뜻한 인사, 뭐가 어울리나요?",실제로 퇴사한다면 어느 쪽일 것 같아요?,2026-07-26 17:54:11.409 +0900,2026-07-26 17:54:11.409 +0900,,유지,,,,,
772,6,바쁘지만 성장하는 곳과 여유롭지만 성장 없는 곳 중 어디가 더 나은가요?,2,"성장과 여유, 둘 다 포기하기 아까운 가치예요.",지금 당장의 여유와 앞으로의 성장 중 뭘 우선하나요?,지금 내 생활은 어느 쪽에 가까워요?,2026-07-26 17:54:11.409 +0900,2026-09-30 23:17:32.000 +0900,,문구 수정(가이드 재작성),748,바쁘지만 성장하는 회사와 여유롭지만 성장 없는 회사 중 뭐가 더 나은가요?,,,가치·동기
771,6,칭찬받을 때와 싫은 소리를 들을 때 중 언제 일이 더 잘되나요?,2,동기부여 받는 방식은 사람마다 다르게 작동해요.,"인정받을 때와 자극받을 때, 언제 힘이 났는지 떠올려봐요.",요즘 나는 어느 쪽으로 힘 받아요?,2026-07-26 17:54:11.409 +0900,2026-07-26 17:54:11.409 +0900,,유지,747,,,,감정 민감도
770,6,연봉 2천에 매일 칼퇴근하는 것과 연봉 6천에 주 7일 일하는 것 중 뭐가 더 나에게 맞나요?,2,돈과 시간 둘 다 포기하기 어려운 가치예요.,"통장의 숫자와 나만의 시간, 뭐가 중요한가요?",지금 일도 그 균형이에요?,2026-07-26 17:54:11.409 +0900,2026-07-26 17:54:11.409 +0900,,유지,746,,,,가치·동기
769,6,하기 싫은 일로 월 600을 버는 것과 자유롭게 지내며 월 200을 받는 것 중 뭐가 더 나은가요?,2,돈과 자유 사이 고민은 누구에게나 어려워요.,"시간의 자유와 경제적 여유, 뭐가 급한가요?",그런 상황이면 실제로 어떨 것 같아요?,2026-07-26 17:54:11.409 +0900,2026-09-30 23:17:32.000 +0900,,문구 수정(가이드 재작성),745,퇴사 못 하는 회사에서 월 600을 버는 것과 백수로 지내며 월 200을 받는 것 중 뭐가 더 나은가요?,,,가치·동기
768,6,매번 늦는 사람과 재촉하는 사람 중 누가 더 미운가요?,1,둘 다 나름의 답답함이 있으니 고민되는 게 당연해요.,약속 태도와 배려 중 뭐가 더 거슬리나요?,주변에 그런 사람 있어요?,2026-07-26 17:54:11.409 +0900,2026-07-26 17:54:11.409 +0900,,유지,744,,,,계획·실행
767,6,대화를 주도하는 것과 경청하는 것 중 뭐가 더 편한가요?,1,대화 스타일엔 정답이 없고 상황마다 달라요.,내가 편한 쪽과 상대가 편한 쪽을 떠올려봐요.,평소 대화에서는 주로 어느 쪽이에요?,2026-07-26 17:54:11.409 +0900,2026-07-26 17:54:11.409 +0900,,유지,743,,,,에너지 방향
766,5,무너져가는 관계를 붙잡는 것과 정직하게 이별하는 것 중 뭐가 더 나은가요?,2,"끝을 인정하는 것도, 붙잡는 것도 둘 다 사랑이 남아 있기 때문이겠죠.",솔직한 끝맺음이 나은가요 아니면 남은 정을 지키는 게 나은가요?,"그런 순간, 겪어본 적 있어요?",2026-07-26 17:54:11.409 +0900,2026-07-26 17:54:11.409 +0900,,유지,,,,,
765,5,우연히 본 연인의 사생활을 솔직히 말하는 것과 모르는 척 넘어가는 것 중 뭐가 더 맞나요?,2,"우연히 알게 된 사실을 어떻게 다룰지, 누구나 고민될 상황이에요.",터놓고 말하는 게 편한가요 아니면 조용히 넘어가는 게 편한가요?,"그런 상황, 겪어본 적 있어요?",2026-07-26 17:54:11.409 +0900,2026-07-26 17:54:11.409 +0900,,유지,741,,,,관계 온도
764,5,쉽게 용서하는 사람과 서운함을 같이 풀어가는 사람 중 누가 더 편한가요?,2,"빠른 화해와 깊은 대화, 둘 다 관계를 지키는 다른 방식이에요.",갈등이 빨리 지나가는 게 좋은가요 아니면 제대로 풀어가는 게 좋은가요?,최근에 그런 상황 있었어요?,2026-07-26 17:54:11.409 +0900,2026-07-26 17:54:11.409 +0900,,유지,740,,,,관계 온도
763,5,단짝 같은 연인과 매력적이지만 거리감이 있는 연인 중 누가 더 끌리나요?,2,설렘과 편안함 사이 고민은 누구나 해봤을 거예요.,"오래갈 관계엔 짜릿함인가요, 통하는 느낌인가요?",지금 연애는 어느 쪽에 더 가까워요?,2026-07-26 17:54:11.409 +0900,2026-07-26 17:54:11.409 +0900,,유지,739,,,,친밀감 방식
762,5,한 사람에게 깊이 이해받는 것과 여럿에게 사랑받는 것 중 뭐가 더 끌리나요?,2,깊은 이해와 넓은 사랑은 다르게 다가와요.,"나를 아는 한 사람과 좋아하는 여러 사람, 뭐가 든든한가요?",지금 곁엔 어느 쪽이 더 많아요?,2026-07-26 17:54:11.409 +0900,2026-07-26 17:54:11.409 +0900,,유지,738,,,,친밀감 방식
761,5,연인이 내 모든 걸 아는 것과 모르는 것 중 뭐가 더 좋은가요?,2,다 보여주고 싶은 마음도 지키고 싶은 마음도 자연스러워요.,"사생활은 위협인가요, 필요한 거리인가요?",지금 연인과는 어느 쪽에 가까워요?,2026-07-26 17:54:11.409 +0900,2026-07-26 17:54:11.409 +0900,,유지,737,,,,친밀감 방식
760,5,더 사랑받는 관계와 더 많이 사랑하는 관계 중 뭐가 더 좋은가요?,2,받는 사랑과 주는 사랑은 다른 방식으로 채워줘요.,"안정감을 주는 건 받는 쪽, 벅찬 건 주는 쪽인가요?",지금까지 연애는 어느 쪽이었어요?,2026-07-26 17:54:11.409 +0900,2026-07-26 17:54:11.409 +0900,,유지,736,,,,친밀감 방식
759,5,안 싸우는 무난한 연애와 부딪혀도 솔직한 연애 중 더 선호하는 것은 무엇인가요?,2,갈등 없는 평화도 솔직한 부딪힘도 관계의 한 모습이에요.,"더 중요한 건 편안함인가요, 솔직함인가요?",지금 관계는 어느 쪽에 가까워요?,2026-07-26 17:54:11.409 +0900,2026-07-26 17:54:11.409 +0900,,유지,735,,,,관계 온도
758,5,무뚝뚝한 연인과 애정 표현이 과한 연인 중 누가 더 힘든가요?,2,표현의 양보다 내가 느끼는 편안함이 달라요.,"사랑을 확인하는 건 말인가요, 조용한 안정감인가요?",지금 연애는 어느 쪽에 가까워요?,2026-07-26 17:54:11.409 +0900,2026-07-26 17:54:11.409 +0900,,유지,734,,,,친밀감 방식
757,5,지나간 첫사랑과 새로운 사랑 중 누가 더 끌리나요?,2,지나간 사랑에 대한 미련은 누구나 있어요.,"그리운 건 그 사람인가요, 그때 감정인가요?",요즘 그런 마음 든 적 있어요?,2026-07-26 17:54:11.409 +0900,2026-07-26 17:54:11.409 +0900,,유지,,,,,
756,5,돈 많고 성격 나쁜 사람과 가난해도 착한 사람 중 누가 더 끌리나요?,2,조건과 마음 편함 사이 고민은 누구나 해봤을 거예요.,"결혼 생활을 채우는 건 잔고인가요, 태도인가요?","그런 사람, 실제로 만나본 적 있어요?",2026-07-26 17:54:11.409 +0900,2026-07-26 17:54:11.409 +0900,,유지,,,,,
755,5,말 없이도 알아채 주길 바라는 것과 명확히 말하는 것 중 뭐가 더 편한가요?,1,마음을 전하는 방식에 대한 기대는 사람마다 달라요.,"눈치껏 아는 배려와 분명히 말하는 확실함, 뭘 원하나요?","그 기대, 최근에 안 채워진 적 있어요?",2026-07-26 17:54:11.409 +0900,2026-07-26 17:54:11.409 +0900,,유지,731,,,,친밀감 방식
754,5,사랑은 말로 표현하는 것과 행동으로 보여주는 것 중 뭐가 더 중요하다고 생각하나요?,1,사랑을 표현하는 방식은 사람마다 다르게 나타나요.,"직접적인 말과 은근한 행동, 뭐가 편안한가요?",나는 보통 어느 쪽으로 표현해요?,2026-07-26 17:54:11.409 +0900,2026-07-26 17:54:11.409 +0900,,유지,730,,,,친밀감 방식
753,5,질투 많은 연인과 질투가 없는 연인 중 누가 더 좋은가요?,2,"관심받는 것과 동등한 것, 둘 다 관계에서 중요한 부분이에요.",넘치는 애정과 균형 잡힌 신뢰 중 뭘 원하나요?,지금 연애는 어느 쪽에 더 가까워요?,2026-07-26 17:54:11.409 +0900,2026-07-26 17:54:11.409 +0900,,유지,729,,,,친밀감 방식
752,5,나쁜 연애를 계속하는 것과 평생 혼자 지내는 것 중 뭐가 더 나은가요?,2,이런 상상만으로도 마음이 복잡해지는 게 당연해요.,"관계의 불안정함과 혼자만의 자유, 뭘 더 견디기 힘든가요?","그런 상상, 해본 적 있어요?",2026-07-26 17:54:11.409 +0900,2026-09-30 23:17:32.000 +0900,,문구 수정(가이드 유지),728,"나쁜 연애를 지속하는 삶과 평생 혼자 지내는 삶 중, 어떤 쪽이 더 낫다고 생각하시나요?",,,
751,5,사랑을 찾는 것과 큰돈을 찾는 것 중 뭐가 더 중요한가요?,2,"사랑과 돈, 둘 다 포기하기 어려운 가치예요.","마음을 채우는 것과 삶을 안정시키는 것, 뭘 원하나요?",요즘 둘 중 뭐가 더 간절해요?,2026-07-26 17:54:11.409 +0900,2026-07-26 17:54:11.409 +0900,,유지,,,,,
750,5,매일 만나고 싶어 하는 애인과 만날 시간 잡기 어려운 애인 중 누가 더 좋은가요?,1,둘 다 아쉬운 부분이 있어서 고르기 애매한 질문이에요.,"시간의 양과 다른 관계, 뭘 더 중요히 보나요?",지금 연애도 그런 느낌이에요?,2026-07-26 17:54:11.409 +0900,2026-07-26 17:54:11.409 +0900,,유지,726,,,,친밀감 방식
749,5,연락이 끊기는 애인과 술을 자주 마시는 애인 중 누가 더 아픈가요?,2,빈도보다 믿음이 흔들리는 순간이 더 아파요.,잦은 빈도와 신뢰 붕괴 중 뭐가 크게 다가오나요?,"그런 순간, 겪어본 적 있어요?",2026-07-26 17:54:11.409 +0900,2026-07-26 17:54:11.409 +0900,,유지,,,,,
748,5,연인과 유머 코드가 맞는 것과 사회 이슈에 화나는 포인트가 비슷한 것 중 뭐가 더 중요한가요?,2,잘 맞는 부분이 다르다고 관계가 얕은 건 아니에요.,"즐거움과 세상 보는 눈, 뭘 더 우선하나요?","그 기준, 지금 연애에도 적용돼요?",2026-07-26 17:54:11.409 +0900,2026-07-26 17:54:11.409 +0900,,유지,,,,,
747,5,전 애인과 밤새 술 마시는 것과 이성 친구와 단둘이 여행 가는 것 중 뭐가 더 불안한가요?,2,이런 상황에 불안해지는 건 자연스러운 감정이에요.,"관계의 역사와 물리적 거리, 뭐가 신경 쓰이나요?",그런 상황이면 실제로 불안할 것 같아요?,2026-07-26 17:54:11.409 +0900,2026-07-26 17:54:11.409 +0900,,유지,,,,,
746,5,자주 삐지지만 금방 푸는 애인과 가끔 삐지지만 오래가는 애인 중 누가 더 힘든가요?,1,감정 기복을 견디는 정도는 사람마다 달라요.,지치는 빈도와 회복 시간 중 뭐가 크게 느껴지나요?,"그런 상황, 최근에 있었어요?",2026-07-26 17:54:11.409 +0900,2026-07-26 17:54:11.409 +0900,,유지,,,,,
745,5,빠른 답장과 느려도 정성 담긴 답장 중 뭐가 더 좋은가요?,1,연락에 예민해지는 건 마음을 쓴다는 뜻이에요.,속도와 정성 중 나에게 안정감을 주는 쪽을 떠올려봐요.,요즘도 그 방식이 편해요?,2026-07-26 17:54:11.409 +0900,2026-07-26 17:54:11.409 +0900,,유지,721,,,,친밀감 방식
744,5,사소한 기념일까지 챙기는 것과 중요한 날만 챙기는 것 중 뭐가 더 편한가요?,1,챙기는 방식이 다르다고 마음의 크기가 다른 건 아니에요.,이벤트 빈도와 담긴 정성 중 뭐가 중요한가요?,지금 관계에서도 그 방식이에요?,2026-07-26 17:54:11.409 +0900,2026-07-26 17:54:11.409 +0900,,유지,720,,,,계획·실행
743,5,연애할 때 외모와 유머 감각 중 뭐가 더 중요한가요?,1,"끌리는 포인트는 사람마다 다르고, 그게 자연스러운 거예요.","첫인상과 오래 갈수록 좋아지는 매력, 뭐가 중요한가요?",요즘 나는 어느 쪽에 더 끌려요?,2026-07-26 17:54:11.409 +0900,2026-07-26 17:54:11.409 +0900,,유지,,,,,
742,4,친구의 착각을 바로잡는 것과 관계를 위해 그냥 두는 것 중 뭐가 더 맞나요?,1,"굳이 말해야 할지 고민되는 순간, 친구를 아끼기 때문이겠죠.",지금의 편안함이 중요한가요 아니면 바로잡는 게 중요한가요?,최근에 그런 상황 있었어요?,2026-07-26 17:54:11.409 +0900,2026-07-26 17:54:11.409 +0900,,유지,718,,,,관계 온도
741,4,내 뜻대로 하는 힘과 모두에게 믿음받는 것 중 뭐가 더 나은가요?,2,"힘과 신뢰, 둘 다 리더에게 필요해 보이지만 다른 길이에요.",장악하는 힘이 중요한가요 아니면 마음을 얻는 게 중요한가요?,지금 나는 어느 쪽을 더 원해요?,2026-07-26 17:54:11.409 +0900,2026-07-26 17:54:11.409 +0900,,유지,717,,,,가치·동기
740,4,남의 운명을 좌우하는 것과 내 삶을 내 뜻대로 하는 것 중 뭐가 더 좋나요?,2,"나를 위한 힘과 남을 위한 힘, 무게가 다르죠.",내 삶의 주인이 되고 싶은가요 아니면 더 큰 영향력을 갖고 싶은가요?,요즘 그런 고민 해본 적 있어요?,2026-07-26 17:54:11.409 +0900,2026-07-26 17:54:11.409 +0900,,유지,,,,,
739,4,권위형 리더와 솔선수범형 리더 중 어느 쪽에 더 가깝나요?,2,리더십의 방식에 대한 고민은 누구나 한 번쯤 하게 돼요.,행동으로 보여주는 게 중요한가요 아니면 확실한 힘이 중요한가요?,지금 나는 어느 쪽에 더 가까워요?,2026-07-26 17:54:11.409 +0900,2026-07-26 17:54:11.409 +0900,,유지,715,,,,관계 온도
738,4,아무 문제 없는 세상과 내가 다스리는 세상 중 뭐가 더 좋은가요?,2,"평온한 세상과 권력을 쥔 세상, 둘 다 매력적이죠.","모두의 편안함과 내가 다 결정하는 것, 뭐가 더 끌리나요?","그런 상상, 재밌지 않아요?",2026-07-26 17:54:11.409 +0900,2026-07-26 17:54:11.409 +0900,,유지,,,,,
737,4,널리 얕게 사랑받는 것과 미움받아도 깊은 관계 하나 중 뭐가 더 소중한가요?,2,"넓은 호감과 깊은 관계, 사람마다 원하는 쪽이 달라요.","폭넓은 인정과 단 하나의 진짜 관계, 뭐가 힘이 되나요?",지금 관계는 어느 쪽에 더 가까워요?,2026-07-26 17:54:11.409 +0900,2026-07-26 17:54:11.409 +0900,,유지,713,,,,친밀감 방식
736,4,편안한 우정과 나를 성장시키는 우정 중 뭐가 더 끌리나요?,2,"편안함과 성장, 둘 다 우정에서 얻고 싶은 가치예요.","지금 나에게 필요한 건 자극인가요, 안정인가요?",지금 우정은 어느 쪽에 더 가까워요?,2026-07-26 17:54:11.409 +0900,2026-07-26 17:54:11.409 +0900,,유지,712,,,,가치·동기
735,4,관계를 정리할 때 주로 어떻게 하는 편인가요?,2,관계를 정리하는 방식은 사람마다 다 달라요.,"가만히 있는 것과 솔직하게 정리하는 것, 내 마음이 편한 쪽은 뭔가요?",최근에 그렇게 정리해본 적 있어요?,2026-07-26 17:54:11.409 +0900,2026-07-26 17:54:11.409 +0900,,유지,711,,,,관계 온도
734,4,어려울 때 먼저 떠오르는 친구와 기쁠 때 먼저 생각나는 친구 중 어느 쪽이 되고 싶나요?,1,어떤 순간에 떠오르는 사람이고 싶은지는 다 달라요.,"힘들 때 의지와 기쁠 때 동행, 뭐가 더 끌리나요?",요즘 나는 어느 쪽에 더 가까워요?,2026-07-26 17:54:11.409 +0900,2026-07-26 17:54:11.409 +0900,,유지,,,,,
733,4,늘 웃게 해주는 친구와 생각하게 만드는 친구 중 누가 더 끌리나요?,1,"재미와 깊이, 친구에게 바라는 게 다를 수 있어요.","가벼운 즐거움과 묵직한 자극, 뭐가 끌리나요?",지금 곁에 그런 친구 있어요?,2026-07-26 17:54:11.409 +0900,2026-07-26 17:54:11.409 +0900,,유지,709,,,,에너지 방향
732,4,힘든 순간에 곁을 지키는 것과 좋은 순간을 축하하는 것 중 더 중요한 건 뭐라고 생각하나요?,2,"힘든 순간과 기쁜 순간, 곁에 있어주고픈 마음은 같아요.",위로와 축하 중 나에게 더 자연스러운 건 뭔가요?,친구들 사이에서 나는 주로 어느 쪽이에요?,2026-07-26 17:54:11.409 +0900,2026-07-26 17:54:11.409 +0900,,유지,,,,,
731,4,로또에 당첨되면 누구에게까지 알릴 건가요?,2,큰돈 앞에서 어디까지 나눌지 고민돼요.,그 비밀을 혼자 감당할 자신 있나요?,그 얘기 누구한테 제일 먼저 하고 싶어요?,2026-07-26 17:54:11.409 +0900,2026-07-26 17:54:11.409 +0900,,유지,,,,,
730,4,인성은 아쉽지만 능력 좋은 동료와 인성은 좋지만 능력은 아쉬운 동료 중 누구와 함께하고 싶나요?,2,실력과 인성 사이 고민은 누구나 공감할 거예요.,매일 부대낄 사람이라면 뭐가 중요한가요?,지금 팀에 그런 동료 있어요?,2026-07-26 17:54:11.409 +0900,2026-09-30 23:17:32.000 +0900,,문구 수정(가이드 유지),706,인성은 아쉽지만 능력 좋은 동료와 인성 좋지만 인성은 아쉬운 동료 중 누구와 함께하고 싶나요?,,,가치·동기
729,4,"10억을 준다면, 절친을 배신하는 것과 의리를 지키는 것 중 뭐가 더 끌리나요?",2,큰돈 앞에서 흔들리는 마음은 복잡해요.,돈으로 살 수 없는 게 뭔지 생각해볼까요?,실제로 그런 상황이면 어떨 것 같아요?,2026-07-26 17:54:11.409 +0900,2026-07-26 17:54:11.409 +0900,,유지,705,,,,가치·동기
728,4,순간의 행복을 주는 힘과 오래가는 관계를 만드는 힘 중 뭐가 더 갖고 싶나요?,2,즉각적인 기쁨과 오래가는 신뢰 다 소중해요.,"순간의 만족과 단단함, 뭐가 남는 관계인가요?",지금 내 관계는 어느 쪽에 더 기울어져 있어요?,2026-07-26 17:54:11.409 +0900,2026-07-26 17:54:11.409 +0900,,유지,,,,,
727,4,늘 들어주는 역할과 늘 털어놓는 역할 중 뭐가 더 편한가요?,2,들어주는 것도 털어놓는 것도 다 필요한 몫이에요.,요즘 나는 주로 어떤 역할을 맡고 있나요?,요즘도 계속 그 역할이에요?,2026-07-26 17:54:11.409 +0900,2026-07-26 17:54:11.409 +0900,,유지,703,,,,친밀감 방식
726,4,모든 게 공유되는 세상과 모든 게 비밀인 세상 중 뭐가 더 편안한가요?,2,연결과 프라이버시 사이 균형은 늘 고민이에요.,"다 드러내도 편한가요, 감춰야 편한가요?",요즘 SNS는 그중 어느 쪽에 더 가까워요?,2026-07-26 17:54:11.409 +0900,2026-07-26 17:54:11.409 +0900,,유지,,,,,
725,4,모임을 이끄는 것과 따르는 것 중 어디에 더 가까운 편인가요?,1,"이끄는 역할과 따르는 역할, 둘 다 모임에서 필요한 자리예요.","정하는 부담과 따르는 편안함, 뭘 원하나요?",평소 모임에서는 주로 어떤 역할이에요?,2026-07-26 17:54:11.409 +0900,2026-07-26 17:54:11.409 +0900,,유지,701,,,,에너지 방향
724,4,너무 솔직해서 상처받는 친구 그룹과 불편한 주제를 피하는 친구 그룹 중 뭐가 더 좋은가요?,2,솔직함과 편안함 사이에서 고민하는 건 자연스러운 일이에요.,"아파도 진짜인 대화와 부드럽게 겉도는 대화, 뭘 원하나요?",지금 내 친구들은 어느 쪽에 가까워요?,2026-07-26 17:54:11.409 +0900,2026-07-26 17:54:11.409 +0900,,유지,700,,,,관계 온도
723,4,무모한 결정에도 무조건 지지해주는 것과 말려주는 것 중 뭐가 더 좋은가요?,1,지지받고 싶은 마음도 붙잡아주길 바라는 마음도 자연스러워요.,무조건적인 응원과 현실적인 조언 중 뭘 원하나요?,그런 순간에 친구가 어떻게 해줬어요?,2026-07-26 17:54:11.409 +0900,2026-07-26 17:54:11.409 +0900,,유지,699,,,,관계 온도
722,4,친구가 내 실수를 솔직하게 말해주는 것과 그냥 넘어가 주는 것 중 뭐가 더 나은가요?,1,"솔직한 피드백과 배려, 둘 다 우정에서 바랄 수 있어요.","따끔한 조언과 마음 편하게 가만히 있는 것, 뭘 원하나요?",친구가 그렇게 해준 적 있어요?,2026-07-26 17:54:11.409 +0900,2026-07-26 17:54:11.409 +0900,,유지,698,,,,관계 온도
721,4,"좋은 일이 생기면 주변에 알리는 편인가요, 조용히 간직하는 편인가요?",1,좋은 일을 나누는 방식에도 나다움이 보여요.,바로 알리는 나와 조용히 간직하는 나를 떠올려봐요.,그렇게 하는 이유는 뭐라고 생각해요?,2026-07-26 17:54:11.409 +0900,2026-09-30 23:17:32.000 +0900,,문구 수정(가이드 재작성),697,연애는 SNS에 공개하는 것과 비공개로 두는 것 중 뭐가 더 편한가요?,,,친밀감 방식
720,4,삶에서 일과 가족 중 뭐가 더 우선인가요?,2,"일과 가족, 둘 다 놓칠 수 없는 삶의 중심이에요.","성취를 향한 몰입과 곁을 지키는 시간, 뭘 원하나요?",요즘 시간은 어느 쪽에 더 많이 쓰고 있어요?,2026-07-26 17:54:11.409 +0900,2026-07-26 17:54:11.409 +0900,,유지,,,,,
719,4,5년을 혼자 지내는 것과 늘 사람들과 붙어 지내는 것 중 뭐가 더 편안한가요?,1,"혼자만의 시간과 사람들과의 연결, 둘 다 필요해요.","온전한 고요함과 끊이지 않는 관계, 뭐가 견디기 힘든가요?",지금 나는 어느 쪽이 더 필요해요?,2026-07-26 17:54:11.409 +0900,2026-07-26 17:54:11.409 +0900,,유지,695,,,,에너지 방향
718,4,좋은 친구가 많지만 가난한 삶과 친구 없이 부유한 삶 중 뭐가 더 괜찮은가요?,2,"관계와 물질, 둘 다 삶에서 중요해요.",곁에 있는 사람들과 경제적 여유 중 뭘 포기하기 힘든가요?,지금 삶은 어느 쪽에 더 가까워요?,2026-07-26 17:54:11.409 +0900,2026-07-26 17:54:11.409 +0900,,유지,,,,,
717,4,가족의 마음과 대중의 평가 중 뭐가 더 중요한가요?,2,누구의 인정이 소중한지는 답하기 어려워요.,"가까운 사람의 마음과 세상의 평판, 뭘 중요히 보나요?",최근에 그걸 느낀 순간 있었어요?,2026-07-26 17:54:11.409 +0900,2026-07-26 17:54:11.409 +0900,,유지,,,,,
716,4,친구들에게 인정받는 것과 부모님께 인정받는 것 중 뭐가 더 중요한가요?,2,누구의 인정을 바라는지는 관계에 따라 달라요.,"가족의 시선과 친구의 시선, 뭐가 무겁게 다가오나요?",요즘은 어느 쪽 시선이 더 신경쓰여요?,2026-07-26 17:54:11.409 +0900,2026-07-26 17:54:11.409 +0900,,유지,692,,,,가치·동기
715,4,두려움의 대상과 사랑받는 사람 중 누가 더 되고 싶나요?,2,영향력을 갖는 방식은 사람마다 달라요.,"힘으로 얻는 영향력과 마음으로 얻는 신뢰, 뭘 원하나요?",주변에 그런 사람 있어요?,2026-07-26 17:54:11.409 +0900,2026-07-26 17:54:11.409 +0900,,유지,,,,,
714,4,명절엔 가족과 있는 것과 친구들과 있는 것 중 뭐가 더 편한가요?,1,명절을 누구와 보내고 싶은지는 관계 우선순위를 보여줘요.,"가족의 편안함과 친구의 자유로운 즐거움, 뭘 원하나요?",이번 명절엔 어느 쪽이었어요?,2026-07-26 17:54:11.409 +0900,2026-07-26 17:54:11.409 +0900,,유지,,,,,
713,4,친한 친구 한 명과 여러 명의 친구 중 뭐가 더 소중한가요?,2,"깊은 한 사람과 여러 사람, 우정의 모양은 저마다 달라요.",속을 다 아는 친구와 함께 어울리는 친구들을 떠올려봐요.,지금의 나에게 더 소중한 건 어느 쪽이에요?,2026-07-26 17:54:11.409 +0900,2026-09-30 23:17:32.000 +0900,,문구 수정(가이드 재작성),689,친구 한 명을 잃는 것과 나머지 모든 친구를 잃는 것 중 뭐가 더 아픈가요?,,,에너지 방향
712,3,위험해도 나을 가능성에 도전하는 것과 안전하게 지내는 것 중 뭐가 더 나은가요?,2,"희망과 확실함 사이의 선택, 상상만으로도 무거운 고민이에요.",가능성에 걸어보고 싶은가요 아니면 확실한 시간이 더 소중한가요?,"그런 선택, 실제로 해본 적 있어요?",2026-07-26 17:54:11.409 +0900,2026-07-26 17:54:11.409 +0900,,유지,688,,,,새로움 추구
711,3,잠들지 못하는 것과 깨지 못하는 것 중 뭐가 더 두렵나요?,2,둘 다 상상만 해도 아찔한 상황이라 고르기 어려운 질문이에요.,끝없는 깨어 있음이 무서운가요 아니면 끝없는 잠이 무서운가요?,상상만 해도 소름 돋지 않아요?,2026-07-26 17:54:11.409 +0900,2026-07-26 17:54:11.409 +0900,,유지,,,,,
710,3,언제 죽을지와 어떻게 죽을지 중 뭐가 더 궁금한가요?,2,"죽음에 대한 고민, 누구나 한 번쯤 해요.",시간이 궁금한가요 아니면 방식이 궁금한가요?,"그런 생각, 요즘도 가끔 해요?",2026-07-26 17:54:11.409 +0900,2026-07-26 17:54:11.409 +0900,2026-09-30 23:17:32.000 +0900,비활성화(중복 통합),,,,,
709,3,많은 시간과 많은 에너지 중 뭐가 더 좋은가요?,2,"시간도 에너지도 부족한 요즘, 둘 다 갖고 싶죠.","쓸 시간과 쓸 힘, 지금 더 부족한 건 뭔가요?",요즘 둘 중에 뭐가 더 간절해요?,2026-07-26 17:54:11.409 +0900,2026-07-26 17:54:11.409 +0900,,유지,,,,,
708,3,당장 소원 하나와 10년 후 소원 세 개 중 뭐가 더 좋은가요?,1,"당장의 만족과 나중의 큰 보상, 누구나 고민해봤죠.","지금의 확실함과 나중의 풍성함, 뭘 기다릴 수 있나요?",평소에도 그런 선택 자주 해요?,2026-07-26 17:54:11.409 +0900,2026-07-26 17:54:11.409 +0900,,유지,,,,,
707,3,몸의 컨디션과 마음의 안정 중 뭐가 더 먼저인가요?,2,몸과 마음 둘 다 중요해서 우선순위를 정하기 쉽지 않아요.,"겉으로 보이는 컨디션과 마음속 안정감, 뭘 챙기나요?",요즘엔 어느 쪽을 더 못 챙기고 있어요?,2026-07-26 17:54:11.409 +0900,2026-07-26 17:54:11.409 +0900,,유지,,,,,
706,3,10분 늦는 것과 20분 일찍 오는 것 중 뭐가 더 편한가요?,1,시간 습관은 몸에 배어 쉽게 안 바뀌어요.,"여유로운 기다림과 아슬아슬한 맞춤, 뭐가 편한가요?",평소에도 그 습관 그대로예요?,2026-07-26 17:54:11.409 +0900,2026-07-26 17:54:11.409 +0900,,유지,682,,,,계획·실행
705,3,복잡해도 빠른 출근길과 여유롭지만 긴 출근길 중 뭐가 더 나은가요?,1,출퇴근길 피로는 하루 기분을 크게 좌우해요.,몸의 피로와 시간의 여유 중 뭘 아끼고 싶나요?,요즘 출근길은 어느 쪽에 가까워요?,2026-07-26 17:54:11.409 +0900,2026-07-26 17:54:11.409 +0900,,유지,,,,,
704,2,내 감정을 완전히 다스리는 능력과 타인의 감정을 읽는 능력 중 뭐가 더 갖고 싶나요?,2,"나를 아는 것과 남을 아는 것, 둘 다 관계에서 중요한 힘이에요.","안으로 향하는 힘인가요, 밖으로 향하는 힘인가요?",요즘 어느 쪽이 더 힘들어요?,2026-07-26 17:54:11.409 +0900,2026-07-26 17:54:11.409 +0900,,유지,680,,,,관계 온도
703,2,감정을 못 드러내는 것과 못 숨기는 것 중 뭐가 덜 힘든가요?,2,"표현 못 하는 답답함과 못 숨기는 부담, 둘 다 힘겹죠.","속으로 삭이는 것과 다 드러나는 것, 뭐가 견디기 힘든가요?",지금 나는 어느 쪽에 더 가까워요?,2026-07-26 17:54:11.409 +0900,2026-07-26 17:54:11.409 +0900,,유지,679,,,,스트레스 대처
702,2,사랑을 못 느끼는 것과 두려움을 못 느끼는 것 중 뭐가 덜 두렵나요?,2,"감정 하나를 잃는 상상, 둘 다 쉽지 않죠.","설렘을 잃는 것과 조심성을 잃는 것, 뭐가 두려운가요?",둘 중 어느 감정을 잃는 게 더 무서워요?,2026-07-26 17:54:11.409 +0900,2026-07-26 17:54:11.409 +0900,,유지,,,,,
701,2,평생 남을 후회와 한순간의 창피함 중 뭐가 더 두렵나요?,2,"오래가는 후회와 순간의 창피함, 둘 다 피하고 싶죠.","긴 시간의 무게와 짧은 순간의 강도, 뭐가 힘든가요?",둘 중 어느 쪽을 더 피하고 싶어요?,2026-07-26 17:54:11.409 +0900,2026-07-26 17:54:11.409 +0900,,유지,677,,,,결정 방식
700,2,내 감정을 다스리는 것과 생각을 다스리는 것 중 뭐가 더 하고 싶나요?,2,감정도 생각도 다스리고 싶은 마음은 자연스러워요.,"더 힘든 건 감정인가요, 생각인가요?",요즘 나를 더 흔드는 건 어느 쪽이에요?,2026-07-26 17:54:11.409 +0900,2026-07-26 17:54:11.409 +0900,,유지,,,,,
699,2,감정을 강렬하게 느끼는 것과 잔잔하게 한결같이 느끼는 것 중 뭐가 더 나다운가요?,2,큰 기복도 잔잔함도 다 나름의 방식이에요.,"짜릿한 순간과 잔잔한 평온, 뭐가 편안한가요?",지금 내 감정 기복은 어느 쪽에 가까워요?,2026-07-26 17:54:11.409 +0900,2026-07-26 17:54:11.409 +0900,,유지,675,,,,감정 민감도
698,2,몸의 아픔을 못 느끼는 것과 마음의 아픔을 못 느끼는 것 중 뭐가 더 나은가요?,2,"몸의 아픔과 마음의 아픔, 둘 다 없었으면 싶죠.","몸을 지키는 감각과 마음을 지키는 감각, 뭘 지키나요?",요즘 둘 중 뭐가 더 예민해져 있어요?,2026-07-26 17:54:11.409 +0900,2026-07-26 17:54:11.409 +0900,,유지,,,,,
697,2,아파도 감정을 그대로 느끼는 것과 부정적인 감정을 안 느끼는 것 중 뭐가 더 좋나요?,2,다 느낀다는 건 아파도 그만큼 진짜라는 뜻이에요.,"무뎌지는 편안함과 생생한 힘듦, 뭘 원하나요?",요즘도 그렇게 다 느끼고 있어요?,2026-07-26 17:54:11.409 +0900,2026-07-26 17:54:11.409 +0900,,유지,673,,,,감정 민감도
696,1,스트레스 없는 삶과 지루함 없는 삶 중 뭐가 더 끌리나요?,1,"편안함과 자극, 둘 다 삶에 활력을 줘요.",잔잔한 게 좋은가요 아니면 늘 새로운 게 좋은가요?,요즘 나한테 더 부족한 쪽 같아요?,2026-07-26 17:54:11.409 +0900,2026-07-26 17:54:11.409 +0900,,유지,672,,,,새로움 추구
695,1,물건을 소유하는 삶과 경험을 쌓는 삶 중 뭐가 더 남나요?,2,"소유와 경험, 둘 다 만족을 주지만 방식이 다르죠.",손에 잡히는 게 중요한가요 아니면 기억에 남는 게 중요한가요?,최근엔 뭘 더 많이 선택했어요?,2026-07-26 17:54:11.409 +0900,2026-07-26 17:54:11.409 +0900,,유지,671,,,,가치·동기
694,1,단순하게 사는 것과 복잡해도 풍부하게 사는 것 중 뭐가 더 나다운가요?,1,"간결함과 풍성함, 둘 다 매력적이라 고르기 쉽지 않죠.",덜어내는 게 편한가요 아니면 채우는 게 즐거운가요?,요즘 삶은 어느 쪽에 더 가까워요?,2026-07-26 17:54:11.409 +0900,2026-07-26 17:54:11.409 +0900,,유지,670,,,,새로움 추구
693,1,예술 없는 삶과 과학 없는 삶 중 뭐가 더 힘드나요?,2,둘 다 삶에 필요해서 고르기 어려워요.,감성이 채워지나요 이성이 채워지나요?,평소엔 어느 쪽을 더 자주 찾게 돼요?,2026-07-26 17:54:11.409 +0900,2026-07-26 17:54:11.409 +0900,,유지,,,,,
692,1,전기·인터넷 같은 기술을 포기하는 것과 영화·TV·책 같은 오락을 포기하는 것 중 뭐가 덜 아쉬운가요?,1,"편리함과 즐거움, 둘 다 놓기 힘든 것들이죠.","생활의 편리함과 이야기의 몰입, 뭘 포기하기 어려운가요?",그거 없이 하루 보내본 적 있어요?,2026-07-26 17:54:11.409 +0900,2026-07-26 17:54:11.409 +0900,,유지,,,,,
691,1,작은 도시에서 사는 것과 대도시에서 사는 것 중 뭐가 더 나에게 맞나요?,1,"조용한 삶과 분주한 삶, 둘 다 나름의 매력이 있죠.","여유로운 속도와 다채로운 자극, 뭐가 편한가요?",지금 사는 곳도 그 느낌이에요?,2026-07-26 17:54:11.409 +0900,2026-07-26 17:54:11.409 +0900,,유지,,,,,
690,1,번화한 도시와 고요한 숲속 중 뭐가 더 끌리나요?,1,"도시의 활기와 자연의 고요함, 둘 다 매력적이죠.","편리한 분주함과 조용한 여유, 뭐가 필요한가요?",요즘 그런 곳이 그리워요?,2026-07-26 17:54:11.409 +0900,2026-07-26 17:54:11.409 +0900,,유지,666,,,,에너지 방향
689,1,인터넷 없이 사는 것과 냉난방 없이 사는 것 중 뭐가 더 나은가요?,1,둘 다 없으면 답답한 것들이라 고민되죠.,"연결의 편리함과 몸의 쾌적함, 뭘 포기하기 어려운가요?",그거 없이 며칠 지내본 적 있어요?,2026-07-26 17:54:11.409 +0900,2026-07-26 17:54:11.409 +0900,,유지,,,,,
688,1,도시의 작은 아파트와 시골의 넓은 집 중 뭐가 더 마음이 가나요?,1,살고 싶은 공간은 사람마다 다르게 그려져요.,편리한 접근성과 넉넉한 공간 중 뭘 원하나요?,그런 곳에서 살아본 적 있어요?,2026-07-26 17:54:11.409 +0900,2026-07-26 17:54:11.409 +0900,,유지,664,,,,새로움 추구
687,1,손에 남는 선물과 마음에 남는 경험 중 뭐가 더 기억에 남나요?,1,선물에서 소중히 여기는 건 사람마다 달라요.,손에 남는 물건과 마음에 남는 추억 중 뭘 원하나요?,그런 선물 받아본 적 있어요?,2026-07-26 17:54:11.409 +0900,2026-07-26 17:54:11.409 +0900,,유지,,,,,
686,1,전액 지원 세계 여행과 현금 4천만 원 중 뭐가 더 마음이 가나요?,1,경험과 현금 사이에서 고민하는 건 흔한 일이에요.,"돈의 자유와 특별한 경험, 뭘 원하나요?",그런 상황이면 실제로도 그렇게 할 것 같아요?,2026-07-26 17:54:11.409 +0900,2026-07-26 17:54:11.409 +0900,,유지,,,,,
685,1,여러 곳을 돌아보는 여행과 한 곳에 머무는 여행 중 뭐가 더 끌리나요?,1,여행에서 중요한 건 사람마다 달라요.,"경험의 폭과 한 곳의 깊은 여유, 뭘 원하나요?",그 스타일로 여행 가본 적 있어요?,2026-07-26 17:54:11.409 +0900,2026-09-30 23:17:32.000 +0900,,문구 수정(가이드 유지),661,여러 나라를 도는 여행과 한 곳에 머무는 여행 중 뭐가 더 마음이 가나요?,,,새로움 추구
684,4,"친구와 만날 때 약속 장소는 주로 내가 정하나요, 친구가 정하나요?",1,약속 장소 정하기에도 관계 속 내 역할이 보여요.,최근 친구와 만났던 장소를 누가 골랐는지 떠올려봐요.,그 역할이 편한 이유는 뭐예요?,2026-07-19 18:06:03.998 +0900,2026-09-30 23:17:32.000 +0900,,레벨1 묶음 재작성,,매력을 느끼는 목소리나 말투가 있나요?,,,
683,4,친구에게 받으면 무조건 기분 좋은 선물은 무엇인가요?,1,친구에게 받는 선물은 마음까지 전해져요.,"간식, 손편지, 필요한 물건, 커피 쿠폰을 떠올려봐요.",그 선물이 좋은 이유는 뭐예요?,2026-07-19 18:06:03.998 +0900,2026-09-30 23:17:32.000 +0900,,레벨1 묶음 재작성,,누군가에게 선물할 때 가장 고려하는 것은 무엇인가요?,,,
682,2,하루 중 기분이 가장 좋은 시간은 언제인가요?,1,기분에도 하루의 흐름이 있어요.,"상쾌한 아침, 여유로운 점심, 편안한 밤을 떠올려봐요.",그 시간에 기분이 좋은 이유는 뭘까요?,2026-07-19 18:06:03.998 +0900,2026-09-30 23:17:32.000 +0900,,레벨1 묶음 재작성,,감정을 솔직하게 표현해서 후련했던 적이 있나요?,,,
681,3,점심 메뉴를 고르는 나만의 기준은 무엇인가요?,1,점심 메뉴 고르기는 매일의 작은 고민이에요.,"가격, 거리, 기분, 날씨 중 뭘 먼저 보나요?",그 기준으로 고르면 대체로 만족하나요?,2026-07-19 18:06:03.998 +0900,2026-09-30 23:17:32.000 +0900,,레벨1 묶음 재작성,,오늘 하루 중 가장 차분했던 때는 언제인가요?,,,
680,5,"비 오는 날 데이트는 좋나요, 싫나요?",1,비 오는 날의 데이트는 호불호가 갈리죠.,우산 하나를 같이 쓰는 모습과 축축한 신발을 떠올려봐요.,비 오는 날 하고 싶은 데이트가 있다면 뭐예요?,2026-07-19 18:06:03.998 +0900,2026-09-30 23:17:32.000 +0900,,레벨1 묶음 재작성,,비 올 때 듣고 싶은 노래가 있나요?,,,
679,5,설레는 첫 데이트 장소로 어디가 좋나요?,1,첫 데이트 장소는 생각만 해도 설레죠.,"카페, 전시, 산책로, 맛집을 떠올려봐요.",그 장소를 고른 이유는 뭐예요?,2026-07-19 18:06:03.998 +0900,2026-09-30 23:17:32.000 +0900,,레벨1 묶음 재작성,,지금 가장 보고 싶은 사람은 누구인가요?,,,
678,4,친구와 가장 자주 나누는 대화 주제는 무엇인가요?,1,친구와의 대화 주제에 우리 관계가 담겨 있어요.,"연애, 일, 음식, 추억, 요즘 관심사를 떠올려봐요.",그 주제로 이야기하면 왜 즐거울까요?,2026-07-19 18:06:03.998 +0900,2026-09-30 23:17:32.000 +0900,,레벨1 묶음 재작성,,내가 좋아하는 사람들의 공통점은 무엇인가요?,,,
677,2,기분을 좋게 만드는 나만의 주문은 무엇인가요?,1,짧은 한마디가 기분을 바꾸기도 해요.,"'괜찮아', '할 수 있어', '맛있는 거 먹자' 같은 말을 떠올려봐요.",그 말을 하면 기분이 어떻게 달라져요?,2026-07-19 18:06:03.998 +0900,2026-09-30 23:17:32.000 +0900,,레벨1 묶음 재작성,,누군가 나에 대해 쓴다면 어떤 제목의 책일까요?,,,
676,5,싸운 뒤 화해 선물로 가장 좋은 것은 무엇인가요?,1,화해에도 작은 센스가 필요하죠.,"달달한 간식, 손편지, 좋아하는 음식을 떠올려봐요.",그 선물을 받으면 어떤 마음일 것 같아요?,2026-07-19 18:06:03.998 +0900,2026-09-30 23:17:32.000 +0900,,레벨1 묶음 재작성,,최근에 누군가를 용서한 적이 있나요?,,,
675,5,좋아하는 사람 앞에서만 나오는 나의 모습은 무엇인가요?,1,좋아하는 사람 앞에서는 나도 몰랐던 모습이 나와요.,"말투, 표정, 행동의 변화를 떠올려봐요.",그 모습이 마음에 드나요?,2026-07-19 18:06:03.998 +0900,2026-09-30 23:17:32.000 +0900,,레벨1 묶음 재작성,,세상에 오직 나만 알고 있는 내 마음은 어떤 모양인가요?,,,
674,1,QA 소셜 집계용 보조 질문,1,,,,2026-07-19 18:06:03.998 +0900,2026-07-19 18:06:03.998 +0900,2026-09-30 23:17:32.000 +0900,비활성화(테스트 행),,,,,
673,1,"케이크, 마카롱, 빙수 중 최애 디저트는 무엇인가요?",1,디저트 취향은 은근히 확고하죠.,"달콤한 케이크, 쫀득한 마카롱, 시원한 빙수를 떠올려봐요.",그 디저트가 생각나는 때는 주로 언제예요?,2026-07-19 18:06:03.998 +0900,2026-09-30 23:17:32.000 +0900,,레벨1 묶음 재작성,,오늘 나를 기운 나게 한 말은 무엇인가요?,,,
672,2,행복한 순간을 사진 한 장으로 남긴다면 어떤 장면인가요?,1,행복한 순간은 한 장면으로 남기고 싶어지죠.,"풍경, 사람, 음식, 웃는 얼굴을 떠올려봐요.",그 장면이 행복한 이유는 뭘까요?,2026-07-19 18:06:03.998 +0900,2026-09-30 23:17:32.000 +0900,,레벨1 묶음 재작성,,고통스러운 순간이 나에게 준 가르침이 있다면 무엇인가요?,,,
671,2,지금 내 기분을 음식으로 표현하면 무엇인가요?,1,기분을 음식으로 표현하면 의외로 딱 맞아요.,"달달한 케이크, 매운 떡볶이, 따뜻한 국밥을 떠올려봐요.",그 음식을 고른 이유는 뭐예요?,2026-07-19 18:06:03.998 +0900,2026-09-30 23:17:32.000 +0900,,레벨1 묶음 재작성,,최근에 느낀 감정 중 이름 붙이기 힘든 게 있었나요?,,,
670,3,"샤워, 산책, 낮잠 중 기분 전환에 최고는 무엇인가요?",1,기분 전환 방법은 사람마다 달라요.,"개운한 샤워, 바람 쐬는 산책, 달콤한 낮잠을 떠올려봐요.",그 방법이 잘 통하는 이유는 뭘까요?,2026-07-19 18:06:03.998 +0900,2026-09-30 23:17:32.000 +0900,,레벨1 묶음 재작성,,내 감정을 다스리는 나만의 루틴이 있나요?,,,
669,4,친구와 하면 무조건 재밌는 것은 무엇인가요?,1,친구와 함께라서 더 재밌는 게 있죠.,"수다, 맛집 탐방, 게임, 노래방을 떠올려봐요.",그걸 하면 왜 그렇게 재밌을까요?,2026-07-19 18:06:03.998 +0900,2026-09-30 23:17:32.000 +0900,,레벨1 묶음 재작성,,누군가에게 깊은 감동을 받았던 순간은 언제인가요?,,,
668,3,"주말 아침, 늦잠과 일찍 일어나기 중 뭐가 더 좋나요?",1,주말 아침을 보내는 방식은 사람마다 달라요.,포근한 이불 속과 상쾌한 아침 산책을 떠올려봐요.,그렇게 보낸 주말 아침은 어떤 기분이에요?,2026-07-19 18:06:03.998 +0900,2026-09-30 23:17:32.000 +0900,,레벨1 묶음 재작성,,주말 아침에 가장 하고 싶은 활동은 무엇인가요?,,,
667,5,"데이트는 계획형이 좋나요, 즉흥형이 좋나요?",1,데이트 스타일에도 성향이 담겨 있어요.,미리 짠 코스와 발길 닿는 대로를 떠올려봐요.,그 방식이 좋은 이유는 뭐예요?,2026-07-19 18:06:03.998 +0900,2026-09-30 23:17:32.000 +0900,,레벨1 묶음 재작성,,최근에 나의 한계를 느꼈던 적이 있나요?,,,
666,2,"나는 질투가 많은 편인가요, 없는 편인가요?",1,질투는 누구나 느끼는 자연스러운 감정이에요.,"친구, 연인, 가족 사이에서의 나를 떠올려봐요.",질투가 날 때 나는 주로 어떻게 해요?,2026-07-19 18:06:03.998 +0900,2026-09-30 23:17:32.000 +0900,,레벨1 묶음 재작성,,질투라는 감정을 느낀 적이 있나요?,,,
665,2,공포 영화와 놀이기구 중 뭐가 더 무섭나요?,1,무서운 건 사람마다 정말 달라요.,깜깜한 극장과 높은 곳에서 떨어지는 순간을 떠올려봐요.,무서운데도 괜히 끌리는 쪽이 있나요?,2026-07-19 18:06:03.998 +0900,2026-09-30 23:17:32.000 +0900,,레벨1 묶음 재작성,,두려움을 극복하고 무언가 해낸 적이 있나요?,,,
664,5,좋아하는 사람이 가장 멋있어 보이는 순간은 언제인가요?,1,좋아하는 사람은 특별한 순간에 더 빛나 보여요.,"집중할 때, 웃을 때, 누군가를 챙길 때를 떠올려봐요.",그 순간에 마음이 가는 이유는 뭘까요?,2026-07-19 18:06:03.998 +0900,2026-09-30 23:17:32.000 +0900,,레벨1 묶음 재작성,,내가 가장 아름답다고 느끼는 사람의 모습은 무엇인가요?,,,
663,3,하루 중 가장 많이 웃는 시간은 언제인가요?,1,하루에도 웃음이 많은 시간이 있어요.,"아침 출근길, 점심시간, 퇴근 후, 잠들기 전을 떠올려봐요.",그 시간에 자주 웃게 되는 이유는 뭘까요?,2026-07-19 18:06:03.998 +0900,2026-09-30 23:17:32.000 +0900,,레벨1 묶음 재작성,,최근에 가장 크게 웃었던 일은 무엇인가요?,,,
662,5,사랑을 색깔로 표현하면 무슨 색인가요?,1,사랑을 떠올리면 떠오르는 색이 있죠.,"따뜻한 주황, 설레는 분홍, 깊은 파랑처럼 떠올려봐요.",그 색을 고른 이유는 뭐예요?,2026-07-19 18:06:03.998 +0900,2026-09-30 23:17:32.000 +0900,,레벨1 묶음 재작성,,사랑이라는 감정을 어떻게 정의하고 싶나요?,,,
661,3,매일 하는 일 중 은근히 뿌듯한 것은 무엇인가요?,1,매일 반복하는 일에도 뿌듯함이 숨어 있어요.,"이불 정리, 물 마시기, 제시간에 일어나기를 떠올려봐요.",그 일이 뿌듯한 이유는 뭘까요?,2026-07-19 18:06:03.998 +0900,2026-09-30 23:17:32.000 +0900,,레벨1 묶음 재작성,,최근에 가장 뿌듯했던 순간은 언제인가요?,,,
660,6,먼 훗날 사람들이 나를 어떻게 기억해주면 좋겠나요?,2,시간이 흘러 내 삶이 끝날 때 사람들에게 어떤 기억으로 남고 싶나요?,그 마지막을 생각하면 지금 고민하는 일들이 조금은 가볍게 보이나요?,"""참 괜찮은 삶이었어""라고 말하려면 오늘 무엇을 소중히 해야 할까요?",2026-02-26 22:43:32.558 +0900,2026-09-30 23:17:32.000 +0900,,문구 수정(가이드 유지),660,인생의 마지막에 무엇을 남기고 싶나요?,,,
659,6,어떤 상황에서도 절대 하지 않을 것 같은 한 가지 일은 무엇인가요?,2,내 마음이 허락하지 않아 도저히 엄두가 안 나는 일이 있나요?,그 일을 하지 않는 것이 오히려 나를 단단하게 지켜주나요?,만약 어려운 선택 앞에 선다면 나 자신을 믿어줄 수 있나요?,2026-02-26 22:43:32.558 +0900,2026-02-26 22:43:32.558 +0900,,유지,659,,,,가치·동기
658,6,은근히 신경 쓰이는 미신이나 징크스가 있나요? 없다면 재밌다고 생각하는 미신을 알려주세요.,2,"연인에게 신발 선물하지 않기, 밤에 휘파람 불지 않기처럼 소소한 미신부터 떠올려봐요.",논리적으로 이해는 안되지만 걱정되는 마음 또는 습관으로 지키고 있는 미신이 있나요?,"언제부터 그 미신을 신경쓰기 시작했는지, 왜 지키기게 된 것 같은지도 떠올려봐요.",2026-02-26 22:43:32.558 +0900,2026-09-30 23:17:32.000 +0900,,문구 수정(가이드 유지),658,믿는 미신이 있다면 무엇인가요?,,,
657,6,가장 부러운 삶은 어떤 삶인가요?,2,부러운 삶에는 내가 바라는 모습이 담겨 있어요.,"자유로운 삶, 여유로운 삶, 사랑받는 삶을 떠올려봐요.",그 삶의 어떤 점이 가장 부러워요?,2026-02-26 22:43:32.558 +0900,2026-09-30 23:17:32.000 +0900,,문구 수정(가이드 재작성),657,이 세상에서 가장 부러운 사람은 누구인가요?,,,
656,6,세상을 더 따뜻하게 만들기 위해서 하고 싶은 일은 무엇인가요?,2,작은 친절 하나가 세상을 바꾸기도 해요.,주변에 작은 도움이나 따뜻한 말 한마디를 떠올려봐요.,그 작은 실천이 나에게는 어떤 기분을 줄까요?,2026-02-26 22:43:32.558 +0900,2026-02-26 22:43:32.558 +0900,,유지,,,,,
655,6,지니를 만난다면 빌고 싶은 세 가지 소원은 무엇인가요?,1,지금 내 마음이 가장 간절하게 바라고 있는 건 무엇인가요?,그 소원들이 이루어진다면 나의 매일이 더 반짝이게 될까요?,마법 없이도 지금의 내가 스스로에게 줄 수 있는 건 없을까요?,2026-02-26 22:43:32.558 +0900,2026-02-26 22:43:32.558 +0900,,유지,,,,,
654,6,가장 좋아하는 문장은 무엇인가요?,2,그 문장을 처음 접했던 장소와 시간의 분위기를 기억하나요?,그 문장이 내 삶에 어떻게 영향을 미쳤는지도 떠올려봐요.,유독 마음에 와닿은 이유도 적어봐요.,2026-02-26 22:43:32.558 +0900,2026-02-26 22:43:32.558 +0900,,유지,,,,,
653,6,능력과 상관없이 해보고 싶은 직업은 무엇인가요?,2,그 직업의 어떤 매력이 내 마음을 그토록 설레게 하나요?,그 일을 하는 나의 일상은 지금과 어떻게 달라질까요?,현실의 제약을 벗어나고 싶은 마음이 그 직업에 투영되었나요?,2026-02-26 22:43:32.558 +0900,2026-09-30 23:17:32.000 +0900,,문구 수정(가이드 유지),653,"능력과 상관없이 하고 싶은 직업이 있다면, 어떤 건가요?",,,
652,6,인생에서 가장 감사하다고 느끼는 것은 무엇인가요?,2,지금까지의 삶을 하나씩 되짚어볼까요?,어려움도 있었겠지만 감사함을 느끼는 소중한 순간도 있었을 거예요.,그중에서도 가장 감사한 마음과 일들을 떠올려봐요.,2026-02-26 22:43:32.558 +0900,2026-02-26 22:43:32.558 +0900,,유지,,,,,
651,6,세상 누구든 한 명과 저녁을 먹을 수 있다면 누구를 고르겠어요?,1,한 번이라도 대화를 깊게 나누고 싶은 사람이 있나요?,"그 사람을 고른 이유가 그리움인지, 궁금함인지, 존경인지 살펴봐요.",꼭 하고 싶은 말이나 질문이 있다면 적어봐요.,2026-02-26 22:43:32.558 +0900,2026-02-26 22:43:32.558 +0900,,유지,,,,,
650,6,어떤 방식으로 유명해지고 싶나요?,2,"유명해지고 싶은 마음이 있는지, 없는지 솔직하게 떠올려봐요.",유명해지고 싶다면 그 이유는 무엇일까요?,어떤 방식으로 유명해지고 싶은지도 떠올려봐요.,2026-02-26 22:43:32.558 +0900,2026-02-26 22:43:32.558 +0900,,유지,,,,,
649,6,내가 어떻게 생을 마무리할지 상상해본 적 있나요? 떠오르는 장면을 알려주세요.,2,"무겁게 느껴질 수 있지만, 떠오르는 장면이 있다면 솔직하게 꺼내봐요.",그 예감의 배경은 무엇일까요?,그 생각이 지금의 삶에 어떤 영향을 주고 있는지도 적어봐요.,2026-02-26 22:43:32.558 +0900,2026-09-30 23:17:32.000 +0900,,문구 수정(가이드 유지),649,어떻게 죽게 될지에 대한 나만의 예감이 있나요?,,,
648,6,절대 장난스럽게 말할 수 없는 주제는 무엇인가요?,2,누군가 가볍게 다루면 속이 불편해지는 주제가 떠오를 거예요.,"그 주제가 민감한 이유가 경험인지, 가치관인지, 가까운 사람 때문인지 짚어봐요.",그 주제에 대한 나만의 생각도 적어볼까요?,2026-02-26 22:43:32.558 +0900,2026-09-30 23:17:32.000 +0900,,문구 수정(가이드 유지),648,"절대 장난스럽게 얘기할 수 없는 진지한 주제가 있다면, 무엇인가요?",,,
647,6,불이 나서 딱 하나만 챙길 수 있다면 무엇을 가지고 나올까요?,2,딱 하나만 챙긴다면 무엇이 가장 소중한지 보여요.,"추억이 담긴 물건, 꼭 필요한 물건을 떠올려봐요.",그 물건을 고른 이유는 뭐예요?,2026-02-26 22:43:32.558 +0900,2026-09-30 23:17:32.000 +0900,,문구 수정(가이드 재작성),647,"모든 물건이 있는 집에 불이 났을 때, 소중한 가족과 애완동물을 대피시킨 후 하나의 물건만 가져나올 수 있다면 뭘 고를 것인가요?",,,
646,6,더 나은 나를 위해 해보고 싶은 것은 무엇인가요?,2,더 나은 나를 위한 시도는 작을수록 시작하기 쉬워요.,"운동, 배우기, 기록, 정리를 떠올려봐요.",내일 당장 해볼 수 있는 가장 쉬운 방법은 뭘까요?,2026-02-26 22:43:32.558 +0900,2026-09-30 23:17:32.000 +0900,,문구 수정(가이드 재작성),646,"지금보다 나은 나를 위해 요즘 시도하고 있는 것이 있다면, 어떤 건가요?",,,
645,6,성장했다고 느낀 순간은 언제인가요?,2,예전엔 못 했던 일을 담대하게 해냈던 최근의 기억은?,성장을 가능하게 했던 나의 숨은 노력들을 칭찬해줘요.,더 멋지게 성장할 나의 내일을 위해 어떤 약속을 할까요?,2026-02-26 22:43:32.558 +0900,2026-09-30 23:17:32.000 +0900,,문구 수정(가이드 유지),645,"성장했다고 느낀 순간이 있다면, 어떤 때였나요?",,,
644,6,포기할 때 나는 어떤 마음이 드나요?,2,포기에도 여러 가지 마음이 담겨 있어요.,"아쉬움, 후련함, 미안함을 떠올려봐요.",포기가 나에게 도움이 된 적도 있나요?,2026-02-26 22:43:32.558 +0900,2026-09-30 23:17:32.000 +0900,,문구 수정(가이드 재작성),644,"무언가를 포기했던 순간, 내 마음은 어땠나요?",,,감정 민감도
643,6,사람들이 잘 모르는 나의 반전 매력은 무엇인가요?,2,반전 매력은 나를 더 입체적으로 보여줘요.,"겉모습과 다른 취향, 성격, 재주를 떠올려봐요.",그 매력을 알게 된 사람들은 어떤 반응이에요?,2026-02-26 22:43:32.558 +0900,2026-09-30 23:17:32.000 +0900,,문구 수정(가이드 재작성),643,"이번 주, 나에 대해 새롭게 발견한 의외의 면은 무엇인가요?",,,
642,6,"실수에서 배우는 편인가요, 금방 잊는 편인가요?",2,실수를 대하는 방식은 사람마다 달라요.,실수한 뒤의 나를 떠올려봐요.,그 방식이 나에게 도움이 되나요?,2026-02-26 22:43:32.558 +0900,2026-09-30 23:17:32.000 +0900,,문구 수정(가이드 재작성),642,오늘 겪은 시련이나 실수에서 찾은 뜻밖의 배움은 무엇이었나요?,,,스트레스 대처
641,6,10년 뒤 나에게 고마울 습관은 무엇일까요?,2,오늘의 작은 습관이 10년 뒤의 나를 만들어요.,"운동, 기록, 저축, 잠 습관을 떠올려봐요.",그 습관을 이어가려면 뭐가 필요할까요?,2026-02-26 22:43:32.558 +0900,2026-09-30 23:17:32.000 +0900,,문구 수정(가이드 재작성),641,오늘의 작은 선택이 미래의 나를 어떻게 바꿀까요?,,,
640,6,나의 생각을 가장 크게 바꾼 사람에게 배운 것은 무엇인가요?,2,어떤 사람은 내 생각을 크게 바꿔놓아요.,"가족, 친구, 선생님, 책 속 인물을 떠올려봐요.",그 배움이 지금의 나를 어떻게 만들었나요?,2026-02-26 22:43:32.558 +0900,2026-09-30 23:17:32.000 +0900,,문구 수정(가이드 재작성),640,나의 생각과 삶의 태도에 가장 큰 변화를 준 사람은 누구인가요?,,,
639,6,내가 꿈꾸는 진짜 멋진 나는 어떤 사람인가요?,2,상상만 해도 가슴 뛰는 나의 미래 모습을 그려봐요.,지금의 나와 그 모습 사이에 어떤 기분 좋은 차이가 있나요?,그 모습에 한 걸음 다가가기 위해 오늘 내가 한 일은?,2026-02-26 22:43:32.558 +0900,2026-02-26 22:43:32.558 +0900,,유지,,,,,
638,6,선택을 후회하지 않기 위한 나만의 방법은 무엇인가요?,2,선택 뒤의 후회를 다루는 방식은 사람마다 달라요.,"충분히 고민하기, 결정 후 돌아보지 않기를 떠올려봐요.",그 방법이 나에게 도움이 되나요?,2026-02-26 22:43:32.558 +0900,2026-09-30 23:17:32.000 +0900,,문구 수정(가이드 재작성),638,가보지 않은 길에 대한 미련을 지우는 나만의 방식은 무엇인가요?,,,결정 방식
637,6,"나는 혼자 배우며 크는 편인가요, 사람들 속에서 크는 편인가요?",2,성장하는 방식은 사람마다 달라요.,혼자 파고들 때와 사람들과 부딪힐 때를 떠올려봐요.,그 방식이 나에게 맞는 이유는 뭐예요?,2026-02-26 22:43:32.558 +0900,2026-09-30 23:17:32.000 +0900,,문구 수정(가이드 재작성),637,나를 키우는 가장 나다운 성장 방식은 무엇인가요?,,,에너지 방향
636,6,요즘 나에게 도움이 된 말이나 조언은 무엇인가요?,2,도움이 된 말은 오래 마음에 남아요.,"누군가의 조언, 책 속 문장, 우연히 들은 말을 떠올려봐요.",그 말이 도움이 된 이유는 뭘까요?,2026-02-26 22:43:32.558 +0900,2026-09-30 23:17:32.000 +0900,,문구 수정(가이드 재작성),636,이번 주에 얻은 가장 값진 인생의 힌트는 무엇인가요?,,,
635,6,요즘 감사한 것 하나를 떠올려 볼까요?,2,너무 당연해서 잊고 있던 감사가 있어요.,"건강, 사람, 날씨, 작은 편리함을 떠올려봐요.",그 감사한 마음이 하루를 어떻게 바꿔주나요?,2026-02-26 22:43:32.558 +0900,2026-09-30 23:17:32.000 +0900,,문구 수정(가이드 재작성),635,지금 당장 감사하다고 말하고 싶은 단 한 가지는 무엇인가요?,,,
634,6,관계에서 내가 절대 포기할 수 없는 0순위는 무엇인가요?,2,사람을 사귈 때 가장 중요하게 보는 기준이 무엇인가요?,최근 그 가치가 확인되었거나 혹은 상처받은 일이 있었나요?,내가 추구하는 관계의 온도는 몇 도인지 생각해봐요.,2026-02-26 22:43:32.558 +0900,2026-02-26 22:43:32.558 +0900,,유지,634,,,,가치·동기
633,6,원칙과 융통성 중 나는 어느 쪽에 더 가깝나요?,2,원칙과 융통성 사이에서 나의 기준이 보여요.,규칙을 지킨 순간과 상황에 맞춰 바꾼 순간을 떠올려봐요.,그 방식이 나에게 잘 맞는 이유는 뭐예요?,2026-02-26 22:43:32.558 +0900,2026-09-30 23:17:32.000 +0900,,문구 수정(가이드 재작성),633,"오늘 나의 원칙을 잘 지켜냈다면, 어떤 방식으로 지켰나요?",,,계획·실행
632,6,어른이 되었다고 느끼는 순간은 언제인가요?,2,어른이 되었다고 느끼는 순간은 사람마다 달라요.,"책임을 질 때, 감정을 다스릴 때, 부모님을 이해할 때를 떠올려봐요.","그 변화가 나를 더 편안하게 하나요, 어색한가요?",2026-02-26 22:43:32.558 +0900,2026-09-30 23:17:32.000 +0900,,문구 수정(가이드 재작성),632,문득 나 자신이 어른스러워졌다고 느낀 최근의 순간은 언제인가요?,,,
631,6,요즘 머릿속에 가장 자주 떠오르는 단어는 무엇인가요?,2,자주 떠오르는 단어에 요즘의 내가 담겨 있어요.,"걱정, 기대, 계획, 사람 이름을 떠올려봐요.",그 단어가 자꾸 떠오르는 이유는 뭘까요?,2026-02-26 22:43:32.558 +0900,2026-09-30 23:17:32.000 +0900,,문구 수정(가이드 재작성),631,지난 7일을 되돌아보면 머릿속을 스치는 단어는 무엇인가요?,,,
630,6,예전보다 나아졌다고 느끼는 점은 무엇인가요?,2,예전보다 나아진 점은 작아도 충분히 소중해요.,"습관, 말투, 마음가짐, 관계를 떠올려봐요.",그 변화를 만든 나의 노력은 뭐였어요?,2026-02-26 22:43:32.558 +0900,2026-09-30 23:17:32.000 +0900,,문구 수정(가이드 재작성),630,어제보다 나아졌다고 느낀 점은 뭔가요?,,,
629,6,예전엔 당연했는데 지금은 다르게 보이는 것은 무엇인가요?,2,세상을 바라보는 나의 시선이나 기준이 바뀐 부분이 있나요?,그 변화를 이끈 결정적인 사건이나 대화가 있었나요?,달라진 가치관이 나의 앞날을 어떻게 바꿔놓을지 상상해봐요.,2026-02-26 22:43:32.558 +0900,2026-09-30 23:17:32.000 +0900,,문구 수정(가이드 유지),629,"예전에는 당연했는데 지금은 다르게 보이는 것이 있다면, 어떤 건가요?",,,
628,6,누구 눈치도 보지 않고 내 마음대로 정하고 싶은 것은 무엇인가요?,2,눈치 보지 않고 정하고 싶은 것에 나의 진짜 바람이 있어요.,"옷, 시간, 진로, 쉬는 방식을 떠올려봐요.",그걸 내 마음대로 정한다면 어떤 기분일 것 같아요?,2026-02-26 22:43:32.558 +0900,2026-09-30 23:17:32.000 +0900,,문구 수정(가이드 재작성),628,오늘 누구의 눈치도 보지 않고 오직 내 마음대로 정한 건 무엇인가요?,,,가치·동기
627,6,하루를 다시 산다면 무엇을 다르게 하고 싶나요? (저녁 노출 권장),2,아쉬움이 남는 장면을 다시 떠올려보는 것도 의미 있어요.,"말, 선택, 시간 쓰는 방식 중에 떠올려봐요.",내일 비슷한 상황이 온다면 어떻게 해보고 싶어요?,2026-02-26 22:43:32.558 +0900,2026-09-30 23:17:32.000 +0900,,문구 수정(가이드 재작성),627,시간을 되돌린다면 오늘을 어떻게 다르게 살까요?,,,
626,6,요즘 나를 움직이게 하는 가장 큰 동력은 무엇인가요?,2,귀찮음을 이기고 행동하게 만든 나의 동기는 무엇인가요?,"의무감 때문이었나요, 아니면 진짜 하고 싶은 열망이었나요?",나를 진짜 춤추게 만드는 동기가 무엇인지 정의해봐요.,2026-02-26 22:43:32.558 +0900,2026-09-30 23:17:32.000 +0900,,문구 수정(가이드 유지),626,오늘 나를 움직이게 한 가장 큰 동력은 무엇인가요?,,,가치·동기
625,6,예전보다 덤덤해진 일은 무엇인가요?,2,예전보다 덤덤해진 일에서 나의 성장이 보여요.,예전엔 크게 흔들렸던 상황을 떠올려봐요.,나를 단단하게 만들어준 건 뭐라고 생각해요?,2026-02-26 22:43:32.558 +0900,2026-09-30 23:17:32.000 +0900,,문구 수정(가이드 재작성),625,"예전이라면 크게 흔들렸을 상황에서, 의외로 덤덤해진 나를 발견한 순간이 있었나요?",,,
624,6,요즘 새삼 깨달은 것은 무엇인가요?,2,새삼 깨닫는 것들이 삶을 조금씩 바꿔요.,"사람, 건강, 시간, 나 자신에 대한 깨달음을 떠올려봐요.",그 깨달음이 앞으로 어떤 영향을 줄까요?,2026-02-26 22:43:32.558 +0900,2026-09-30 23:17:32.000 +0900,,문구 수정(가이드 재작성),624,이번 주가 나에게 조용히 건네준 교훈은 무엇인가요?,,,
623,6,망설이다가 해서 다행이었던 일은 무엇인가요?,2,망설이다가 해낸 일은 오래 뿌듯함으로 남아요.,"고백, 도전, 연락, 여행 같은 일을 떠올려봐요.",그때 나를 움직이게 한 건 뭐였어요?,2026-02-26 22:43:32.558 +0900,2026-09-30 23:17:32.000 +0900,,문구 수정(가이드 재작성),623,돌아보니 칭찬해주고 싶은 오늘의 선택은 무엇인가요?,,,
622,6,내 인생에서 덜어내고 싶은 것은 무엇인가요?,2,덜어내면 가벼워지는 것들이 있어요.,"걱정, 욕심, 관계, 물건 중에 떠올려봐요.",비운 자리에 무엇을 채우고 싶어요?,2026-02-26 22:43:32.558 +0900,2026-09-30 23:17:32.000 +0900,,문구 수정(가이드 재작성),622,요즘 내 인생에서 과감히 덜어내기로 한 것은 무엇인가요?,,,가치·동기
621,6,5년 뒤 나는 어떤 사람이 되어 있을까요?,2,일상 속에서 마주치는 노인 분들을 보며 나도 저렇게 나이 들고 싶다는 생각을 해본 적 있나요?,"10년, 20년을 넘어서 먼 미래의 내가 어떤 삶을 살아가고 싶은지 떠올려봐요.",그런 사람이 되기 위해서는 어떤 노력이 필요할까요?,2026-02-26 22:43:32.558 +0900,2026-02-26 22:43:32.558 +0900,,유지,,,,,
620,6,"나와 가장 닮은 영화, 책, 드라마 속 인물은 누구인가요?",1,"영화, 책, 드라마, 애니 등 다양한 창작물을 보다보면 나와 닮은 등장인물을 보게 될 때가 있어요.",그 캐릭터와 왜 닮았다고 생각했는지 생각해봐요.,"닮은 부분을 좋아하나요, 아니면 싫어하나요?",2026-02-26 22:43:32.558 +0900,2026-02-26 22:43:32.558 +0900,,유지,,,,,
619,6,믿고 있던 게 흔들릴 때 나는 어떻게 하나요?,2,믿고 있던 게 흔들리면 누구나 당황하게 돼요.,"사람, 생각, 나 자신에 대한 믿음을 떠올려봐요.",흔들린 뒤 나는 어떻게 다시 중심을 잡아요?,2026-02-26 22:43:32.558 +0900,2026-09-30 23:17:32.000 +0900,,문구 수정(가이드 재작성),619,"확신이 무너졌던 경험이 있다면, 어떤 일이었나요?",,,스트레스 대처
618,6,예전보다 조심스러워진 부분은 무엇인가요?,2,나이가 들면서 경험에 따라 성향이 변화하곤 해요.,도전에 대한 나의 생각이 어떻게 변화했는지 떠올려봐요.,조심스러워졌나요 아니면 더 새로움을 추구하고자 노력하고 있나요?,2026-02-26 22:43:32.558 +0900,2026-09-30 23:17:32.000 +0900,,문구 수정(가이드 유지),618,"예전보다 조심스러워진 부분이 있다면, 어떤 건가요?",,,
617,6,과정이 나빠도 결과가 좋으면 괜찮나요?,2,과정이 좋다고 결과가 꼭 좋지만은 않아요.,결과는 좋았는데 찝찝했던 적도 있을 거예요.,과정과 결과 중 어떤 것이 더 중요하다고 생각하는지 떠올려봐요.,2026-02-26 22:43:32.558 +0900,2026-02-26 22:43:32.558 +0900,,유지,617,,,,가치·동기
616,6,"자존심 때문에 손해를 보는 편인가요, 자존심을 쉽게 굽히는 편인가요?",2,자존심을 대하는 방식은 사람마다 달라요.,자존심을 지킨 순간과 굽힌 순간을 떠올려봐요.,그 선택이 대체로 나에게 도움이 됐나요?,2026-02-26 22:43:32.558 +0900,2026-09-30 23:17:32.000 +0900,,문구 수정(가이드 재작성),616,"자존심 때문에 놓친 게 있다면, 어떤 건가요?",,,관계 온도
615,6,통제할 수 없는 상황에서 어떻게 하나요?,2,나이가 들면서 통제 불가능한 일들이 점점 늘어나죠.,"그때마다 어떻게든 해보려 하나요, 놓아버리나요?",통제가 어려운 상황에서 내가 느끼는 감정도 떠올려봐요.,2026-02-26 22:43:32.558 +0900,2026-02-26 22:43:32.558 +0900,,유지,615,,,,스트레스 대처
614,6,절대 되고 싶지 않은 사람의 모습은 무엇인가요?,2,주변 사람이나 과거의 나와 같이 되고 싶지 않은 모습이 있을 거예요.,왜 그게 그렇게 싫은가요?,그렇게 되지 않기 위해 어떤 노력을 하고 있나요?,2026-02-26 22:43:32.558 +0900,2026-02-26 22:43:32.558 +0900,,유지,614,,,,가치·동기
613,6,예전엔 중요했지만 지금은 아닌 것은 무엇인가요?,2,"가을방학이라는 노래처럼, 예전엔 너무 소중했던 것들도 이젠 소중히 여겼던 기억조차 희미해지곤 하죠.","그게 뭐였는지 떠올려볼까요? 계절, 색깔 또는 어떤 사람일 수 있어요.",덜 중요해진 게 아쉬운가요?,2026-02-26 22:43:32.558 +0900,2026-09-30 23:17:32.000 +0900,,문구 수정(가이드 유지),613,예전엔 중요했는데 지금은 중요하지 않은 것이 있다면 무엇인가요?,,,
612,6,절대 바뀌지 않을 것 같은 내 생각은 무엇인가요?,2,오래 지켜온 신념 같은 게 있을 수 있죠.,왜 이렇게 확고한 믿음을 갖게 된 건지 떠올려봐요.,이 가치관이 나를 어떻게 바꾸고 있나요?,2026-02-26 22:43:32.558 +0900,2026-09-30 23:17:32.000 +0900,,문구 수정(가이드 유지),612,"절대 바뀌지 않을 것 같은 생각이 있다면, 어떤 건가요?",,,
611,6,사람은 변할 수 있다고 생각하나요?,2,바뀐 사람을 본 적이 있나요?,사람이 바뀐 걸까요 아니면 사람은 그대로지만 바라보는 방식 또는 표현하는 방식이 바뀐 걸까요?,사람이 바뀐다는 게 좋은가요 아니면 아쉬운가요?,2026-02-26 22:43:32.558 +0900,2026-02-26 22:43:32.558 +0900,,유지,611,,,,가치·동기
610,6,생각이 바뀐 주제 중 가장 기억에 남는 것은 무엇인가요?,2,생각이 바뀌는 건 내가 자라고 있다는 뜻이기도 해요.,"누군가 때문일 수도, 경험 때문일 수도 있죠.",생각이 바뀌면서 달라진 점이 있나요?,2026-02-26 22:43:32.558 +0900,2026-09-30 23:17:32.000 +0900,,문구 수정(가이드 재작성),610,"가장 최근에 생각이 바뀐 주제가 있다면, 어떤 건가요?",,,
609,6,자꾸 미루게 되는 일은 무엇인가요?,2,자꾸 미루게 되는 일에는 이유가 있어요.,"연락, 정리, 병원, 공부 같은 일을 떠올려봐요.",미루게 되는 진짜 이유는 뭘까요?,2026-02-26 22:43:32.558 +0900,2026-09-30 23:17:32.000 +0900,,문구 수정(가이드 재작성),609,회피하고 있는게 있다면 무엇인가요?,,,계획·실행
608,6,요즘 마음이 더 채워졌으면 하는 부분은 무엇인가요?,2,더 채워지고 싶은 마음은 나에게 필요한 걸 알려줘요.,"사랑, 인정, 안정감, 여유 중에 떠올려봐요.",그 부분을 채우기 위해 할 수 있는 작은 일은 뭐예요?,2026-02-26 22:43:32.558 +0900,2026-09-30 23:17:32.000 +0900,,문구 수정(가이드 재작성),608,채워지지 않는 결핍이 있다면 무엇인가요?,,,
607,6,스스로를 위로해주고 싶은 순간은 언제인가요?,2,가끔은 나 자신을 꼭 안아주고 싶은 날이 있잖아요.,"지칠 때, 서운할 때, 애썼을 때를 떠올려봐요.",나를 위로할 때 가장 필요한 말 한마디는 무엇일까요?,2026-02-26 22:43:32.558 +0900,2026-09-30 23:17:32.000 +0900,,문구 수정(가이드 재작성),607,어떤 순간에 나를 더 안아주고 싶어지나요?,,,
606,6,"내가 생각하는 나와 남이 보는 나, 뭐가 다른가요?",2,의외라는 말 들은 적 있나요?,"오해라고 느꼈을 수도, 들킨 느낌이었을 수도 있어요.",그 차이는 어디에서 나올까요?,2026-02-26 22:43:32.558 +0900,2026-02-26 22:43:32.558 +0900,,유지,606,,,,자기 인식
605,6,괜찮지 않을 때도 '괜찮아'라고 말하는 편인가요?,2,괜찮다는 말 뒤에 숨은 마음이 있을 때가 있죠.,"걱정 끼치기 싫을 때, 설명하기 귀찮을 때를 떠올려봐요.",진짜 괜찮아지려면 나에게 뭐가 필요할까요?,2026-02-26 22:43:32.558 +0900,2026-09-30 23:17:32.000 +0900,,문구 수정(가이드 재작성),605,"괜찮지 않은데 '괜찮아'라고 넘긴 적이 있다면, 어떤 순간이었나요?",,,스트레스 대처
604,6,뉴스나 SNS에서 보면 꼭 클릭하게 되는 주제는 무엇인가요?,2,자꾸 눈이 가는 주제에 내 관심사가 보여요.,"연예, 경제, 사회, 동물, 음식 소식을 떠올려봐요.",그 주제에 관심이 가는 이유는 뭐예요?,2026-02-26 22:43:32.558 +0900,2026-09-30 23:17:32.000 +0900,,문구 수정(가이드 재작성),604,최근에 가장 기억에 남는 뉴스는 뭔가요?,,,
603,6,TV에 나온다면 어떤 일로 나오게 될 것 같나요?,1,"지금까지 해 온 일, 앞으로 하고 싶은 일을 떠올려봐요.","후회되는 일, 만족스러운 일 또는 기대되는 일이 있나요?",뉴스든 예능이든 다큐든 떠오르는 장면을 상상해봐요.,2026-02-26 22:43:32.558 +0900,2026-02-26 22:43:32.558 +0900,,유지,,,,,
602,6,죽기 전에 꼭 해보고 싶은 건 무엇인가요?,2,망설여져도 꼭 하고 싶은 일을 떠올려봐요.,왜 꼭 하고 싶다는 생각을 하게 됐나요?,그런데 왜 아직 하지 못했나요?,2026-02-26 22:43:32.558 +0900,2026-02-26 22:43:32.558 +0900,,유지,,,,,
601,6,"겉과 속이 다를 때, 나는 어떤 마음인가요?",2,"겉과 속이 다른 순간, 그 안에서 마음이 복잡해질 때가 있죠.",웃고 있지만 속으론 힘들었던 때를 떠올려봐요.,진짜 내 모습을 보여줄 수 있는 사람이 있나요?,2026-02-26 22:43:32.558 +0900,2026-02-26 22:43:32.558 +0900,,유지,601,,,,자기 인식
600,6,가장 이기고 싶을 땐 언제인가요?,2,승부욕이 발동하는 순간이 진짜 욕망을 보여줘요.,꼭 이겨야겠다고 느낀 순간을 떠올려봐요.,"누구와, 무엇을, 왜 이기고 싶었나요?",2026-02-26 22:43:32.558 +0900,2026-02-26 22:43:32.558 +0900,,유지,600,,,,가치·동기
599,6,모두에게 이로운 거짓말은 괜찮다고 생각하나요?,2,"진실이 상처가 될 때, 타인을 위한 거짓말을 하곤 해요.",하지만 착한 뜻이라도 거짓말 자체가 나쁘다는 의견도 많아요.,이런 갈림길 속에서 고민했던 순간들을 떠올려봐요.,2026-02-26 22:43:32.558 +0900,2026-02-26 22:43:32.558 +0900,,유지,,,,,
598,6,좋은 의도로 한 실수와 나쁜 의도로 한 선행 중 뭐가 더 나쁜가요?,2,"좋은 의도가 문제를 일으켰던 순간, 혹은 이기적인 행동이 뜻밖에 이득을 주었던 일을 떠올려봐요.",결과가 좋다면 과정은 덮어 둘 수 있는 걸까요?,반대로 과정이 좋지 않다면 결과는 중요하지 않은 걸까요?,2026-02-26 22:43:32.558 +0900,2026-09-30 23:17:32.000 +0900,,문구 수정(가이드 유지),598,"좋은 의도의 나쁜 결과와 나쁜 의도의 좋은 결과, 뭐가 더 나쁜가요?",,,
597,6,재능과 노력 중 무엇이 더 중요하다고 생각하나요?,2,"""천재란 1%의 영감과 99%의 노력으로 이뤄진다.""는 말을 어떻게 생각하나요?","이 말은 노력의 중요성을 강조할 때 자주 사용되곤 했지만, 1%의 재능이 없다면 노력도 필요 없다는 말이었다는 이야기도 있어요.","내가 생각하는 성공은 운명인지, 노력에 따른 보상인지 생각해봐요.",2026-02-26 22:43:32.558 +0900,2026-02-26 22:43:32.558 +0900,,유지,597,,,,가치·동기
596,6,다수의 의견과 내 생각이 다를 때 어떻게 하나요?,2,모두와 의견이 엇갈렸던 상황을 떠올려봐요.,다수와 의견이 다른 상황에서 끝까지 내 생각을 말하는 건 어려운 일이에요.,"내 생각을 끝까지 설득하나요, 다수를 이해하기 위해 노력하나요?",2026-02-26 22:43:32.558 +0900,2026-02-26 22:43:32.558 +0900,,유지,596,,,,관계 온도
595,6,지금 나는 꿈과 현실 중 어느 쪽에 더 가까운가요?,2,꿈과 현실 사이에서 균형을 찾는 건 쉽지 않아요.,지금의 선택들이 어느 쪽에 가까운지 떠올려봐요.,"꿈을 위해 현실을, 현실을 위해 꿈을 어떻게 조절하고 있나요?",2026-02-26 22:43:32.558 +0900,2026-09-30 23:17:32.000 +0900,,문구 수정(가이드 재작성),595,꿈과 현실의 균형을 어떻게 맞추고 있나요?,,,가치·동기
594,6,나에게 성공한 하루는 어떤 하루인가요?,2,성공한 하루의 기준은 사람마다 달라요.,"할 일을 끝낸 날, 누군가를 도운 날, 푹 쉰 날을 떠올려봐요.",그 기준을 가지게 된 이유는 뭐예요?,2026-02-26 22:43:32.558 +0900,2026-09-30 23:17:32.000 +0900,,문구 수정(가이드 재작성),594,성공은 어떤 의미인가요?,,,가치·동기
593,6,돈과 시간 중 더 소중한 건 무엇인가요?,1,삶에서의 우선순위는 삶의 방향성을 결정해요.,둘 중 하나를 선택했던 순간을 떠올려봐요.,이런 가치관을 갖게 된 배경을 떠올려봐요.,2026-02-26 22:43:32.558 +0900,2026-02-26 22:43:32.558 +0900,,유지,593,,,,가치·동기
592,6,좋아하는 일과 잘하는 일 중 어느 쪽을 직업으로 삼고 싶나요?,2,좋아하는 일을 하며 설렜던 순간과 잘하는 일을 하며 인정받았던 순간 중 어떤 일이 더 기분 좋게 남아있나요?,직업을 선택하는 기준은 무엇이 되어야 할까요?,요즘 갖고 있는 커리어 고민도 같이 떠올려봐요.,2026-02-26 22:43:32.558 +0900,2026-02-26 22:43:32.558 +0900,,유지,592,,,,가치·동기
591,6,잊고 싶은 기억이 생기면 나는 주로 어떻게 하나요?,2,잊고 싶은 기억을 다루는 방식은 사람마다 달라요.,"바쁘게 지내기, 털어놓기, 기록하기, 받아들이기를 떠올려봐요.","잊는 것과 받아들이는 것, 뭐가 다를까요?",2026-02-26 22:43:32.558 +0900,2026-09-30 23:17:32.000 +0900,,문구 수정(가이드 재작성),591,"잊고 싶은 기억이 있다면, 어떤 종류의 기억인가요?",,,스트레스 대처
590,6,시간이 지나 괜찮아진 일 중 기억에 남는 것은 무엇인가요?,2,시간은 생각보다 많은 걸 괜찮게 만들어줘요.,"걱정했던 일, 속상했던 일, 창피했던 일을 떠올려봐요.",괜찮아지기까지 나에게 도움이 된 건 뭐였어요?,2026-02-26 22:43:32.558 +0900,2026-09-30 23:17:32.000 +0900,,문구 수정(가이드 재작성),590,"과거에 받은 상처 중 아직 아물지 않은 게 있다면, 어떤 건가요?",,,
589,6,과거로 돌아갈 수 있다면 언제로 돌아가고 싶나요?,2,돌아가고 싶은 때에는 그리운 무언가가 있어요.,"학창 시절, 특별했던 여행, 편안했던 시기를 떠올려봐요.",그때가 그리운 이유는 뭐예요?,2026-02-26 22:43:32.558 +0900,2026-09-30 23:17:32.000 +0900,,문구 수정(가이드 재작성),589,과거로 돌아가고 싶은 순간이 있나요?,,,
588,6,과거의 나에게 '괜찮아'라고 말해주고 싶은 순간은 언제인가요?,2,지나고 보면 그때의 나도 최선을 다하고 있었을 거예요.,어린 시절이나 예전의 서툴러웠던 나를 떠올려봐요.,그때의 나에게 지금 건네고 싶은 한마디는 무엇인가요?,2026-02-26 22:43:32.558 +0900,2026-09-30 23:17:32.000 +0900,,문구 수정(가이드 유지),588,"과거의 나에게 '괜찮아, 그럴 수 있어'라고 말해주고 싶은 순간이 있나요?",,,
587,6,지금 가장 간절히 원하는 것은 무엇인가요?,2,간절히 원하는 것에는 지금의 내가 담겨 있어요.,"쉼, 성취, 관계, 변화 중에 떠올려봐요.",그걸 얻기 위해 할 수 있는 작은 일은 뭐예요?,2026-02-26 22:43:32.558 +0900,2026-09-30 23:17:32.000 +0900,,문구 수정(가이드 재작성),587,가장 간절히 원했던 것은 무엇이었나요?,,,
586,6,언제 가장 살아있다고 느끼나요?,2,시간 가는 줄 모르고 집중했던 순간을 떠올려볼까요?,그런 순간이 일상에 얼마나 있나요?,어떤 사람과 함께 있을 때 또는 어떤 행동을 할 때였나요?,2026-02-26 22:43:32.558 +0900,2026-02-26 22:43:32.558 +0900,,유지,586,,,,가치·동기
585,6,"나에게 엄격한 편인가요, 관대한 편인가요?",2,"나에겐 F, 남에게는 T라는 말처럼 남과 나에게 대하는 태도는 다른 경우가 많아요.",남들에게 대하는 나의 태도와 비교해봐요.,현재 나의 태도가 갖는 장점과 단점에 대해서도 생각해볼까요?,2026-02-26 22:43:32.558 +0900,2026-02-26 22:43:32.558 +0900,,유지,585,,,,자기 인식
584,6,여유가 생기면 가장 먼저 챙기고 싶은 것은 무엇인가요?,2,여유가 생기면 챙기고 싶은 것에 요즘의 결핍이 보여요.,"잠, 운동, 사람, 취미를 떠올려봐요.",그걸 지금 조금이라도 챙길 방법이 있을까요?,2026-02-26 22:43:32.558 +0900,2026-09-30 23:17:32.000 +0900,,문구 수정(가이드 재작성),584,삶에서 놓치고 있는 게 있다면 무엇인가요?,,,
583,6,편안함과 성장 중 요즘의 나는 어느 쪽을 더 원하나요?,2,"편안함과 성장, 시기에 따라 원하는 게 달라져요.",지금의 나에게 필요한 게 뭔지 떠올려봐요.,그 선택이 요즘 끌리는 이유는 뭐예요?,2026-02-26 22:43:32.558 +0900,2026-09-30 23:17:32.000 +0900,,문구 수정(가이드 재작성),583,"편안함이 성장을 막고 있다고 느낀 적이 있다면, 어떤 순간이었나요?",,,가치·동기
582,6,"내 한계를 인정하는 게 쉬운가요, 어려운가요?",2,한계를 인정했던 순간을 떠올려봐요.,한계를 인정하는 것을 패배와 해방 중 어떤 것이라고 생각하나요?,한계를 인정했을 때 감정도 떠올려봐요.,2026-02-26 22:43:32.558 +0900,2026-02-26 22:43:32.558 +0900,,유지,582,,,,자기 인식
581,6,내 생각을 쉽게 굽히지 않는 주제는 무엇인가요?,2,쉽게 굽히지 않는 주제에는 나의 신념이 담겨 있어요.,"정치, 연애관, 일하는 방식, 음식 취향을 떠올려봐요.",그 생각이 확고해진 이유는 뭐예요?,2026-02-26 22:43:32.558 +0900,2026-09-30 23:17:32.000 +0900,,문구 수정(가이드 재작성),581,내가 틀렸다는 걸 인정하기 어려운 주제가 있다면 무엇인가요?,,,가치·동기
580,6,딱 하나 바꿀 수 있다면 바꾸고 싶은 나의 모습은 무엇인가요?,2,"진짜 바꾸고 싶은 건가요, 남들이 바꾸라고 해서인가요?","""이것만 달랐으면"" 하고 생각하는 것을 떠올려봐요.","왜 아직 안 바꿨나요? 못 한 건가요, 안 한 건가요?",2026-02-26 22:43:32.558 +0900,2026-09-30 23:17:32.000 +0900,,문구 수정(가이드 유지),580,"바꾸고 싶은 나의 모습이 있다면, 어떤 건가요?",,,자기 인식
579,6,나의 생각과 감정 중 뭘 더 믿나요?,2,머리와 마음이 다른 말을 할 때가 있죠.,이성적 판단과 감성적 판단 중 어떤 것이 더 옳다고 정의하기는 어려워요.,어느 쪽을 더 따랐나요? 그리고 어느 쪽이 더 맞았나요?,2026-02-26 22:43:32.558 +0900,2026-02-26 22:43:32.558 +0900,,유지,579,,,,결정 방식
578,6,나에게 좀 더 다정해지고 싶은 순간은 언제인가요?,2,"나에게 엄격해지는 순간, 사실은 다정함이 더 필요한 때이기도 해요.",최근 나에게 좀 더 부드럽게 대했으면 좋았을 순간을 떠올려봐요.,나에게 다정해진다는 건 어떤 모습일까요?,2026-02-26 22:43:32.558 +0900,2026-09-30 23:17:32.000 +0900,,문구 수정(가이드 유지),578,나에게 좀 더 다정해지고 싶은 순간이 있나요?,,,
577,6,내 인생에서 가장 비싸게 얻은 깨달음은 무엇인가요?,2,"돈, 시간, 마음 중 뭘 가장 크게 썼나요?",크게 잃고 나서 배운 것을 떠올려봐요.,다시 돌아가더라도 그 값을 치르고 싶나요?,2026-02-26 22:43:32.558 +0900,2026-02-26 22:43:32.558 +0900,,유지,,,,,
576,6,"포기가 빠른 편인가요, 늦은 편인가요?",2,최선을 다하더라도 포기해야 할 때가 와요.,최근에 접은 것과 안 접은 것을 떠올려봐요.,그 타이밍이 맞았나요?,2026-02-26 22:43:32.558 +0900,2026-02-26 22:43:32.558 +0900,,유지,576,,,,계획·실행
575,6,거절을 해야 할 때 나는 어떻게 하나요?,2,모두 거절을 해야 할 때가 찾아와요.,"""싫은데 알겠다고 한"" 최근 상황이 있었나요?",받아들이기 어려운 부탁에 어떻게 대응하고 싶은지도 떠올려봐요.,2026-02-26 22:43:32.558 +0900,2026-02-26 22:43:32.558 +0900,,유지,575,,,,관계 온도
574,6,남의 시선을 얼마나 의식하나요?,1,타인의 눈이 얼마나 내 결정을 흔드는지 보여줘요.,"""남들이 뭐라 할까"" 생각했던 순간을 떠올려봐요.",100% 익명이 보장되면 뭐가 달라질지 생각해봐요.,2026-02-26 22:43:32.558 +0900,2026-02-26 22:43:32.558 +0900,,유지,574,,,,감정 민감도
573,5,가장 좋아했던 사람을 한 단어로 표현하면 무엇인가요?,2,좋아했던 사람을 한 단어로 표현하면 그때의 내가 보여요.,"따뜻함, 설렘, 아픔, 성장 같은 단어를 떠올려봐요.",그 단어를 고른 이유는 뭐예요?,2026-02-26 22:43:32.558 +0900,2026-09-30 23:17:32.000 +0900,,문구 수정(가이드 재작성),573,가장 좋아했던 사람은 누구인가요?,,,
572,5,살면서 가장 설레었던 추억은 무엇인가요?,1,"그때의 공기, 소리, 주변 분위기가 구체적으로 기억나나요?",심장이 내려앉는 듯한 그 느낌이 얼마나 오랫동안 지속되었나요?,그 설렘의 기억이 지금 나의 사랑을 정의하는 기준이 되었나요?,2026-02-26 22:43:32.558 +0900,2026-02-26 22:43:32.558 +0900,,유지,,,,,
571,5,가장 해보고 싶은 데이트는 무엇인가요?,2,해보고 싶은 데이트에는 내가 바라는 연애가 담겨 있어요.,"피크닉, 여행, 집 데이트, 새로운 체험을 떠올려봐요.",그 데이트가 끌리는 이유는 뭐예요?,2026-02-26 22:43:32.558 +0900,2026-09-30 23:17:32.000 +0900,,문구 수정(가이드 재작성),571,데이트 중 가장 창피했던 일은 무엇인가요?,,,
570,5,이상형 조건 중 가장 특이한 것은 무엇인가요?,1,그 조건에 강하게 끌리게 된 특별한 계기가 있었나요?,남들은 사소하다 할 그 점이 왜 나에겐 결정적인 조건인가요?,그 조건을 충족하는 사람을 만날 때 내 마음은 어떻게 반응하나요?,2026-02-26 22:43:32.558 +0900,2026-09-30 23:17:32.000 +0900,,문구 수정(가이드 유지),570,"이상형 중 특이한 조건이 있다면, 어떤 건가요?",,,
569,5,내 인생에서 사랑은 몇 순위쯤인가요? 이유도 알려주세요.,2,사랑의 순위에는 내가 지금 중요하게 여기는 것이 담겨 있어요.,"일, 가족, 친구, 나 자신과 비교해봐요.",그 순위가 된 이유는 뭐예요?,2026-02-26 22:43:32.558 +0900,2026-09-30 23:17:32.000 +0900,,문구 수정(가이드 재작성),569,내 인생에서 사랑은 어떤 의미인가요?,,,가치·동기
568,5,지금까지 만난 사람들의 공통점은 무엇인가요?,2,만난 사람들을 떠올려보면 공통점이 보여요.,그 공통점을 내가 좋아하는 이유는 무엇일까요?,공통점이 없다면 다름에도 그 사람들을 좋아했던 이유는 무엇일까요?,2026-02-26 22:43:32.558 +0900,2026-02-26 22:43:32.558 +0900,,유지,,,,,
567,5,마음이 몽글몽글해지는 순간은 언제인가요?,2,마음이 몽글몽글해지는 순간은 소중해요.,"예상치 못한 다정함, 귀여운 장면, 따뜻한 말을 떠올려봐요.",그런 온기를 더 자주 느끼려면 뭐가 필요할까요?,2026-02-26 22:43:32.558 +0900,2026-09-30 23:17:32.000 +0900,,문구 수정(가이드 재작성),567,"이번 주, 마음이 몽글몽글한 순간은 언제였나요?",,,
566,5,"처음엔 별로였다가 좋아지는 편인가요, 첫인상이 오래가는 편인가요?",2,사람을 알아가는 속도는 사람마다 달라요.,알수록 좋아진 사람과 첫인상이 그대로였던 사람을 떠올려봐요.,나는 첫인상을 얼마나 믿는 편이에요?,2026-02-26 22:43:32.558 +0900,2026-09-30 23:17:32.000 +0900,,문구 수정(가이드 재작성),566,"처음엔 별로였는데 나중에 좋아진 적이 있다면, 어떤 경험이었나요?",,,결정 방식
565,5,이상형의 조건 중 양보할 수 있는 것과 없는 것은 무엇인가요?,2,타협할 수 있는 조건과 타협할 수 없는 조건을 알아두는 것은 중요해요.,좋아해도 깨던 점과 좋아하면 안 보이는 조건을 떠올려봐요.,어디까지 양보할 수 있나요?,2026-02-26 22:43:32.558 +0900,2026-02-26 22:43:32.558 +0900,,유지,,,,,
564,5,이상형은 시간이 지나며 바뀌는 편인가요?,2,이상형도 시간이 지나며 바뀌곤 해요.,예전의 이상형과 지금의 이상형을 비교해봐요.,이상형이 바뀐 계기가 있다면 뭐예요?,2026-02-26 22:43:32.558 +0900,2026-09-30 23:17:32.000 +0900,,문구 수정(가이드 재작성),564,이상형과 실제 사귄 사람이 같은 편인가요? 다르다면 어떤 점이 다른가요?,,,
563,5,끌리는 사람과 좋은 사람 중 누가 더 좋은가요?,2,설렘과 안정 중 우선순위가 연애관을 보여줘요.,두 유형을 각각 떠올려봐요.,최근의 연애를 떠올려봐요.,2026-02-26 22:43:32.558 +0900,2026-02-26 22:43:32.558 +0900,,유지,563,,,,결정 방식
562,5,연인에게 절대 져줄 수 없는 것이 무엇인가요?,2,양보 못 하는 것이 자존심의 핵심을 보여줘요.,연애에서 꺾이지 않았던 것을 떠올려봐요.,왜 거기선 못 지나요?,2026-02-26 22:43:32.558 +0900,2026-02-26 22:43:32.558 +0900,,유지,562,,,,관계 온도
561,5,전 애인과 친구가 될 수 있다고 생각하나요? ,2,이별 후 어떤 관계를 유지하느냐가 감정 정리 방식을 보여줘요.,전 애인과의 현재 관계를 떠올려봐요.,진짜 친구인가요?,2026-02-26 22:43:32.558 +0900,2026-02-26 22:43:32.558 +0900,,유지,,,,,
560,5,이별 후 얼마나 지나야 새 연애를 시작할 수 있을 것 같나요?,2,이별 후 회복 시간은 사람마다 달라요.,이별 후 혼자인 시간이 필요하는가요?,준비가 됐다는 걸 어떻게 아나요?,2026-02-26 22:43:32.558 +0900,2026-02-26 22:43:32.558 +0900,,유지,560,,,,스트레스 대처
559,5,사랑받고 있다고 느끼는 순간은 언제인가요?,1,사랑에 대한 가치관은 내가 어떻게 사랑을 확인하는지를 통해 알아볼 수 있어요.,가장 사랑받는다고 느낀 순간을 떠올려봐요.,그게 없으면 사랑받는 게 아닌 것 같나요?,2026-02-26 22:43:32.558 +0900,2026-02-26 22:43:32.558 +0900,,유지,559,,,,친밀감 방식
558,5,"좋아하는 사람에게 먼저 연락하나요, 기다리나요?",2,먼저 연락하는 용기가 관계 주도성을 보여줘요.,문자 보내기 전 고민했던 시간을 떠올려봐요.,왜 기다렸나요? 왜 먼저 했나요?,2026-02-26 22:43:32.558 +0900,2026-02-26 22:43:32.558 +0900,,유지,558,,,,친밀감 방식
557,5,좋아할 때 숨기기 어려운 건 무엇인가요?,1,아무리 숨겨도 눈치 빠른 사람은 알아채죠. 뭘로 들킬 것 같나요?,좋아하는 사람 앞에서 나도 모르게 하는 행동을 떠올려봐요.,"그게 들킬까봐 신경 쓰이나요, 들켰으면 좋겠나요?",2026-02-26 22:43:32.558 +0900,2026-02-26 22:43:32.558 +0900,,유지,557,,,,친밀감 방식
556,5,사랑에 빠지는 것과 사랑을 유지하는 것 중 무엇이 더 어려운가요?,2,관계의 단계마다 다른 노력이 필요해요.,설렘과 책임감을 비교해봐요.,어느 쪽에서 더 힘들었나요?,2026-02-26 22:43:32.558 +0900,2026-02-26 22:43:32.558 +0900,,유지,556,,,,친밀감 방식
555,5,"싸우면 바로 푸는 편인가요, 시간을 두는 편인가요?",2,갈등을 푸는 속도는 사람마다 달라요.,바로 대화하기와 혼자만의 시간 갖기를 떠올려봐요.,상대와 푸는 방식이 다를 때는 어떻게 해요?,2026-02-26 22:43:32.558 +0900,2026-09-30 23:17:32.000 +0900,,문구 수정(가이드 재작성),555,싸운 뒤 바로 풀려고 하는 편인가요 아니면 시간을 두고 대화하는 편인가요?,,,관계 온도
554,5,좋아하는 마음이 사랑으로 바뀌었다고 느끼는 순간은 언제인가요?,2,좋아함과 사랑 사이에는 저마다의 기준이 있어요.,좋아하는 감정이 사랑으로 바뀌었다고 느낀 순간을 떠올려봐요.,그 차이는 무엇이라고 생각해요?,2026-02-26 22:43:32.558 +0900,2026-09-30 23:17:32.000 +0900,,문구 수정(가이드 재작성),554,사랑과 좋아함의 차이는 무엇인가요?,,,
553,5,연애할 때 혼자만의 시간은 어떤 의미인가요?,2,혼자 있는 시간이 필요하기도 해요.,혼자만의 시간에 에너지가 생기는지 생각해봐요.,혼자만의 시간을 충분히 보내고 나면 상대방에게 더 다정한 마음이 생기나요?,2026-02-26 22:43:32.558 +0900,2026-02-26 22:43:32.558 +0900,,유지,553,,,,친밀감 방식
552,4,어린 시절 가장 좋아했던 놀이는 무엇인가요?,2,어린 시절 놀이에는 그때의 즐거움이 담겨 있어요.,"숨바꼭질, 소꿉놀이, 게임, 그림 그리기를 떠올려봐요.",그 놀이가 좋았던 이유는 뭐예요?,2026-02-26 22:43:32.558 +0900,2026-09-30 23:17:32.000 +0900,,문구 수정(가이드 재작성),552,어린 시절이 행복했다고 느끼나요?,,,
551,4,친한 친구가 된다면 그 사람이 알아야 할 중요한 사항은 무엇인가요?,2,나와 가까워지려면 꼭 알아야 할 것을 떠올려봐요.,그걸 미리 말하고 싶은 이유는 뭔가요?,그 사항이 나를 이해하는 열쇠인 것 같나요?,2026-02-26 22:43:32.558 +0900,2026-02-26 22:43:32.558 +0900,,유지,,,,,
550,4,가족과 함께할 때 가장 편한 순간은 언제인가요?,2,가족과 함께하는 편안한 순간이 있어요.,"같이 밥 먹을 때, 여행할 때, 소파에 앉아 있을 때를 떠올려봐요.",그 순간이 편한 이유는 뭘까요?,2026-02-26 22:43:32.558 +0900,2026-09-30 23:17:32.000 +0900,,문구 수정(가이드 재작성),550,나의 가족은 얼마나 가깝고 따뜻한가요? ,,,
549,4,"내가 자란 환경에서 바꿀 수 있다면, 무엇을 바꾸고 싶나요?",2,어린 시절 환경이나 교육 방식을 떠올려봐요.,그때 바뀌었다면 지금의 나는 어떻게 달랐을까요?,바꾸고 싶은 부분이 지금의 나를 만든 면도 있나요?,2026-02-26 22:43:32.558 +0900,2026-09-30 23:17:32.000 +0900,,문구 수정(가이드 유지),549,"내가 자란 환경에서 바꾸 수 있다면, 뭘 바꾸고 싶나요?",,,
548,4,아빠(또는 보호자)와 닮은 점은 무엇인가요?,2,닮은 점을 찾다 보면 나를 이해하게 되기도 해요.,"외모, 말투, 성격, 습관을 떠올려봐요.",그 닮은 점이 나에게 어떤 의미인가요?,2026-02-26 22:43:32.558 +0900,2026-09-30 23:17:32.000 +0900,,문구 수정(가이드 재작성),548,아버지와의 관계에 대해 어떻게 생각하나요?,,,
547,4,엄마(또는 보호자)와 닮은 점은 무엇인가요?,2,닮은 점을 찾다 보면 나를 이해하게 되기도 해요.,"외모, 말투, 성격, 습관을 떠올려봐요.",그 닮은 점이 마음에 드나요?,2026-02-26 22:43:32.558 +0900,2026-09-30 23:17:32.000 +0900,,문구 수정(가이드 재작성),547,어머니와의 관계에 대해 어떻게 생각하나요?,,,
546,4,우정에서 무엇을 가장 중요하게 생각하나요?,2,"신뢰, 재미, 솔직함, 시간 등 떠오르는 것이요.",그 가치가 중요해진 계기가 있나요?,나는 그 기준을 친구에게 잘 지키고 있나요?,2026-02-26 22:43:32.558 +0900,2026-02-26 22:43:32.558 +0900,,유지,546,,,,가치·동기
545,4,고마운 사람에게 해주고 싶은 작은 선물은 무엇인가요?,2,작은 선물에도 고마운 마음을 담을 수 있어요.,"손편지, 커피 한 잔, 좋아하는 간식을 떠올려봐요.",그 선물을 고른 이유는 뭐예요?,2026-02-26 22:43:32.558 +0900,2026-09-30 23:17:32.000 +0900,,문구 수정(가이드 재작성),545,소중한 사람에게 아직 전하지 못한 고마운 말이 있나요?,,,
544,4,좋은 친구라고 느끼는 순간은 언제인가요?,2,좋은 친구라고 느끼는 순간에 우정의 모양이 보여요.,"힘들 때 곁에 있을 때, 같이 웃을 때, 솔직할 때를 떠올려봐요.",나도 누군가에게 그런 친구인가요?,2026-02-26 22:43:32.558 +0900,2026-09-30 23:17:32.000 +0900,,문구 수정(가이드 재작성),544,나에게 우정이란 어떤 의미인가요?,,,
543,4,좋아하는 사람이 생기면 푹 빠지는 편인가요?,2,좋아하는 마음의 깊이는 사람마다 달라요.,좋아하는 사람이 생겼을 때의 나를 떠올려봐요.,"푹 빠질 때와 천천히 갈 때, 나는 어느 쪽이 편해요?",2026-02-26 22:43:32.558 +0900,2026-09-30 23:17:32.000 +0900,,문구 수정(가이드 재작성),543,"주변 사람을 덕질해 본 적이 있다면, 누구였나요?",,,친밀감 방식
542,4,사람들이 나에 대해 자주 하는 말은 무엇인가요?,2,사람들이 자주 하는 말에 남들이 보는 내가 있어요.,"칭찬, 놀림, 특징을 짚는 말을 떠올려봐요.","그 말을 들으면 수긍이 되나요, 의외인가요?",2026-02-26 22:43:32.558 +0900,2026-09-30 23:17:32.000 +0900,,문구 수정(가이드 재작성),542,남이 말해줘서 알게 된 나의 특징은 무엇인가요?,,,자기 인식
541,4,그때 하지 못해서 아쉬운 말은 무엇인가요?,2,하지 못한 말은 마음 한구석에 남아요.,"고마움, 미안함, 서운함 중에 떠올려봐요.",지금 그 말을 전할 수 있다면 어떻게 말하고 싶어요?,2026-02-26 22:43:32.558 +0900,2026-09-30 23:17:32.000 +0900,,문구 수정(가이드 재작성),541,"그때 하지 못한 말이 있다면, 지금은 할 수 있을까요?",,,
540,4,상처를 겪고 나서 오히려 강해진 부분은 무엇인가요?,2,아팠던 경험이 나를 단단하게 만들기도 해요.,"관계, 일, 선택에서 강해진 부분을 떠올려봐요.",그 단단함이 지금의 나에게 어떤 힘이 되나요?,2026-02-26 22:43:32.558 +0900,2026-09-30 23:17:32.000 +0900,,문구 수정(가이드 재작성),540,나에게 상처를 줬지만 덕분에 강해진 경험이 있나요?,,,스트레스 대처
539,4,내 인생에 가장 큰 영향을 준 사람에게 배운 것은 무엇인가요?,2,어떤 사람은 내 삶에 오래 흔적을 남겨요.,"가족, 선생님, 친구, 책 속 인물을 떠올려봐요.",그 배움이 지금의 나에게 어떻게 남아 있나요?,2026-02-26 22:43:32.558 +0900,2026-09-30 23:17:32.000 +0900,,문구 수정(가이드 재작성),539,인생에 가장 영향력 있던 사람은 누구인가요?,,,
538,4,지나간 인연을 자주 떠올리는 편인가요?,2,지나간 인연을 떠올리는 정도는 사람마다 달라요.,문득 생각나는 순간이 있는지 떠올려봐요.,"떠오를 때 드는 마음은 그리움인가요, 담담함인가요?",2026-02-26 22:43:32.558 +0900,2026-09-30 23:17:32.000 +0900,,문구 수정(가이드 재작성),538,"다시 잡고 싶은 인연이 있다면, 어떤 사이였나요?",,,감정 민감도
537,4,곁에 있어줘서 가장 고마운 사람은 누구인가요?,2,"당연하게 느끼지만, 없으면 정말 허전할 사람이 있잖아요.",지금 떠오르는 이름 하나를 적어봐요.,그 사람이 내 곁에 있어줘서 달라진 건 무엇인가요?,2026-02-26 22:43:32.558 +0900,2026-02-26 22:43:32.558 +0900,,유지,,,,,
536,4,소중한 사람과 함께할 때 가장 좋아하는 순간은 언제인가요?,2,소중한 사람과의 시간에는 좋아하는 장면이 있어요.,"함께 밥 먹을 때, 수다 떨 때, 말없이 걸을 때를 떠올려봐요.",그 순간이 특별한 이유는 뭘까요?,2026-02-26 22:43:32.558 +0900,2026-09-30 23:17:32.000 +0900,,문구 수정(가이드 재작성),536,"이번 주, 소중한 사람과 함께한 기억을 한 줄로 적어볼까요?",,,
535,4,문득 연락하고 싶어지는 사람은 어떤 사이인가요?,2,문득 떠오르는 사람에게는 이유가 있어요.,"오랜 친구, 가족, 예전 동료를 떠올려봐요.",그 사람이 떠오르는 순간은 주로 언제예요?,2026-02-26 22:43:32.558 +0900,2026-09-30 23:17:32.000 +0900,,문구 수정(가이드 재작성),535,"지금 이 순간, 문득 생각나서 연락하고 싶은 사람은 누구인가요?",,,
534,4,"말을 다정하게 하는 편인가요, 직설적으로 하는 편인가요?",2,말하는 온도에도 나만의 스타일이 있어요.,돌려 말하기와 바로 말하기를 떠올려봐요.,그 방식이 관계에 어떤 영향을 주나요?,2026-02-26 22:43:32.558 +0900,2026-09-30 23:17:32.000 +0900,,문구 수정(가이드 재작성),534,"""조금 더 다정하게 말할걸"" 하고 후회되는 순간은 언제인가요?",,,관계 온도
533,4,존재만으로도 감사한 사람은 어떤 사람인가요?,2,존재만으로도 감사한 사람이 있다는 건 큰 행운이에요.,"힘들 때 곁에 있어준 사람, 늘 한결같은 사람을 떠올려봐요.",그 감사한 마음을 표현해본 적 있어요?,2026-02-26 22:43:32.558 +0900,2026-09-30 23:17:32.000 +0900,,문구 수정(가이드 재작성),533,"이번 주, 존재만으로도 감사했던 사람이 있었나요?",,,
532,4,가장 가까운 사람에게 꼭 전하고 싶은 말은 무엇인가요?,2,마음 깊은 곳에 담아두고 아직 꺼내지 못한 말이 있나요?,왜 그 말을 꺼내기가 그토록 어려웠을까요?,"부담 없이, 아주 담백하게 전할 수 있는 한마디를 적어봐요.",2026-02-26 22:43:32.558 +0900,2026-09-30 23:17:32.000 +0900,,문구 수정(가이드 유지),532,"가장 가까운 사람에게 꼭 전하고 싶은 말이 있다면, 어떤 말인가요?",,,
531,4,내가 사람들을 웃게 만드는 방식은 무엇인가요?,1,누군가를 웃게 하는 나만의 방식이 있어요.,"말장난, 리액션, 표정, 엉뚱한 행동을 떠올려봐요.",누군가 웃으면 내 기분은 어떻게 달라져요?,2026-02-26 22:43:32.558 +0900,2026-09-30 23:17:32.000 +0900,,문구 수정(가이드 재작성),531,오늘 내가 누군가를 소리 내어 웃게 만들었나요?,,,
530,4,"새로운 사람에게 먼저 다가가는 편인가요, 기다리는 편인가요?",2,새로운 사람에게 다가가는 방식은 사람마다 달라요.,처음 만난 자리에서의 나를 떠올려봐요.,그렇게 하는 이유는 뭐라고 생각해요?,2026-02-26 22:43:32.558 +0900,2026-09-30 23:17:32.000 +0900,,문구 수정(가이드 재작성),530,"오늘 내가 먼저 용기 내어 다가간 적이 있다면, 어떤 순간이었나요?",,,에너지 방향
529,4,다른 사람의 감정을 잘 알아채는 편인가요?,2,다른 사람의 마음을 읽는 정도는 사람마다 달라요.,"표정, 말투, 분위기의 변화를 알아챈 순간을 떠올려봐요.",그 감각이 나에게 어떤 의미인가요?,2026-02-26 22:43:32.558 +0900,2026-09-30 23:17:32.000 +0900,,문구 수정(가이드 재작성),529,상대의 감정을 예민하게 읽어낸 순간이 있었나요?,,,관계 온도
528,4,최근 대화 중 마음에 오래 남은 한마디는 무엇인가요?,2,마음에 오래 남는 말은 나에게 필요한 말이기도 해요.,"누군가의 응원, 조언, 무심코 한 말을 떠올려봐요.",그 말이 오래 남은 이유는 뭘까요?,2026-02-26 22:43:32.558 +0900,2026-09-30 23:17:32.000 +0900,,문구 수정(가이드 재작성),528,오늘 누군가와 진심이 닿는 대화를 나눴나요?,,,
527,4,지금 곁에 있는 사람 중 가장 소중한 사람의 어떤 점이 좋은가요?,2,소중한 사람의 좋은 점을 떠올리면 마음이 따뜻해져요.,"다정함, 믿음직함, 유머, 한결같음을 떠올려봐요.",그 점이 나에게 소중한 이유는 뭐예요?,2026-02-26 22:43:32.558 +0900,2026-09-30 23:17:32.000 +0900,,문구 수정(가이드 재작성),527,지금 내 곁에서 가장 소중하게 느껴지는 사람은 누구인가요?,,,
526,4,관계 때문에 마음이 무거울 때 나는 어떻게 하나요?,2,관계 때문에 마음이 무거울 때가 있죠.,"대화하기, 거리 두기, 혼자 정리하기를 떠올려봐요.",그렇게 하면 마음이 가벼워지나요?,2026-02-26 22:43:32.558 +0900,2026-09-30 23:17:32.000 +0900,,문구 수정(가이드 재작성),526,"오늘 관계 때문에 마음이 조금 무거웠다면, 어떤 일이었나요?",,,스트레스 대처
525,4,"미안할 때 나는 말로 하나요, 행동으로 하나요?",2,미안함을 전하는 방식에도 나다움이 담겨 있어요.,"""미안해""라는 말과 작은 행동을 떠올려봐요.",그 방식이 상대에게 잘 전해진다고 느껴요?,2026-02-26 22:43:32.558 +0900,2026-09-30 23:17:32.000 +0900,,문구 수정(가이드 재작성),525,오늘 누군가에게 미안한 마음이 가볍게 스쳤나요?,,,친밀감 방식
524,4,"하고 싶은 말을 참는 편인가요, 하는 편인가요?",2,하고 싶은 말을 다루는 방식은 사람마다 달라요.,참았던 순간과 말했던 순간을 떠올려봐요.,참거나 말하고 나면 마음이 어떻게 달라져요?,2026-02-26 22:43:32.558 +0900,2026-09-30 23:17:32.000 +0900,,문구 수정(가이드 재작성),524,"말을 건네고 싶었지만 꾹 참은 사람이 있다면, 어떤 말을 하고 싶었나요?",,,관계 온도
523,4,대화할 때 나는 조언과 공감 중 무엇을 더 원하나요?,2,대화에서 원하는 게 무엇인지 알면 마음이 편해져요.,해결 방법을 듣고 싶을 때와 마음을 알아주길 바랄 때를 떠올려봐요.,그걸 상대에게 먼저 말해본 적 있어요?,2026-02-26 22:43:32.558 +0900,2026-09-30 23:17:32.000 +0900,,문구 수정(가이드 재작성),523,사람들과 이야기할 때 나는 사실 무엇을 원하나요?,,,결정 방식
522,4,사람들과 가까워질 때 가장 어려운 점은 무엇인가요?,2,가까워지는 과정은 누구에게나 쉽지 않아요.,"먼저 연락하기, 속마음 꺼내기, 약속 잡기를 떠올려봐요.",그 어려움을 조금 덜 수 있는 방법이 있을까요?,2026-02-26 22:43:32.558 +0900,2026-09-30 23:17:32.000 +0900,,문구 수정(가이드 재작성),522,사람들과 더 가까워지는 걸 방해하는 게 있다면요?,,,친밀감 방식
521,4,누군가와 함께 있어서 편안하다고 느끼는 순간은 언제인가요?,2,함께 있어서 편안한 순간에는 관계의 온도가 담겨 있어요.,"말없이 있어도 어색하지 않을 때, 같이 밥 먹을 때를 떠올려봐요.",그 편안함은 어디서 온다고 생각해요?,2026-02-26 22:43:32.558 +0900,2026-09-30 23:17:32.000 +0900,,문구 수정(가이드 재작성),521,누군가와 '진짜 함께 있다'는 건 어떤 느낌일까요?,,,
520,4,나는 사람들에게 마음을 얼마나 열어두고 있나요?,2,내 마음의 문이 지금 몇 %쯤 열려 있는지 숫자로 살짝 적어봐요.,마음을 열지 못하게 꼭 붙잡고 있는 두려움이나 옛 기억이 있나요?,이번 주에 누군가에게 평소보다 조금 더 솔직한 이야기를 해볼까요?,2026-02-26 22:43:32.558 +0900,2026-02-26 22:43:32.558 +0900,,유지,520,,,,친밀감 방식
519,4,내가 누군가에게 힘이 되었다고 느낀 순간은 언제인가요?,2,내가 누군가에게 힘이 된 순간은 오래 마음에 남아요.,"작은 배려, 들어준 이야기, 건넨 한마디를 떠올려봐요.",그 순간 내 마음은 어땠어요?,2026-02-26 22:43:32.558 +0900,2026-09-30 23:17:32.000 +0900,,문구 수정(가이드 재작성),519,나의 말이나 행동이 타인에게 기분 좋은 울림을 줬나요?,,,
518,4,고마움을 표현하는 나만의 방식은 무엇인가요?,2,고마움을 표현하는 방식에도 나다움이 담겨요.,"말, 메시지, 작은 선물, 행동을 떠올려봐요.",그 방식이 가장 나다운 이유는 뭐예요?,2026-02-26 22:43:32.558 +0900,2026-09-30 23:17:32.000 +0900,,문구 수정(가이드 재작성),518,"오늘 누군가에게 ""고마워""라고 말하고 싶었나요?",,,
517,4,나 자신과 하고 싶은 약속은 무엇인가요?,2,나와의 약속은 나를 아끼는 방법 중 하나예요.,"건강, 쉼, 도전, 마음가짐 중에 떠올려봐요.",오늘부터 시작할 수 있는 아주 작은 행동 하나는 뭘까요?,2026-02-26 22:43:32.558 +0900,2026-09-30 23:17:32.000 +0900,,문구 수정(가이드 재작성),517,"나 자신과 했던 약속 중 아직 유효한 게 있다면, 어떤 건가요?",,,
516,4,지금 가장 보고 싶은 존재는 무엇인가요?,2,"사람이든 반려동물이든, 떠올리면 마음이 말랑해지는 존재가 있을 거예요.","보고 싶은 이유가 그리움인지, 위로인지, 안정감인지 살펴봐요.",지금 그 존재에게 한마디 건넨다면 뭐라고 할 건가요?,2026-02-26 22:43:32.558 +0900,2026-02-26 22:43:32.558 +0900,,유지,,,,,
515,4,대화가 즐거운 사람의 공통점은 무엇인가요?,1,대화가 즐거운 사람에게는 공통점이 있어요.,"잘 들어주는 사람, 리액션이 좋은 사람, 관심사가 비슷한 사람을 떠올려봐요.",그 사람과 있을 때 나는 어떤 모습이에요?,2026-02-26 22:43:32.558 +0900,2026-09-30 23:17:32.000 +0900,,문구 수정(가이드 재작성),515,최근에 가장 기분 좋게 이야기를 나눈 사람은 누구인가요?,,,
514,4,신경 쓰이는 사람이 생기면 나는 어떻게 하나요?,2,신경 쓰이는 사람이 생기면 나도 모르게 달라지죠.,"자꾸 연락하기, 멀리서 지켜보기, 모른 척하기를 떠올려봐요.","그 마음이 걱정인지, 호감인지, 불편함인지 구분해볼까요?",2026-02-26 22:43:32.558 +0900,2026-09-30 23:17:32.000 +0900,,문구 수정(가이드 재작성),514,"요즘 가장 신경쓰이는 사람이 있다면, 어떤 이유인가요?",,,친밀감 방식
513,4,"혼자가 편한 편인가요, 함께가 편한 편인가요?",2,"혼자와 함께, 둘 다 편안함이 달라요.",혼자 있는 주말과 사람들과 보내는 주말을 떠올려봐요.,그렇게 느끼는 이유는 뭘까요?,2026-02-26 22:43:32.558 +0900,2026-09-30 23:17:32.000 +0900,,문구 수정(가이드 재작성),513,"외로움이 무서워서 관계를 유지한 적이 있다면, 어떤 관계였나요?",,,에너지 방향
512,4,상황에 따라 내가 달라지는 모습은 무엇인가요?,2,상황에 따라 달라지는 내 모습도 모두 나예요.,"일할 때, 친구와 있을 때, 가족과 있을 때를 떠올려봐요.",그중 가장 편한 나는 어떤 모습이에요?,2026-02-26 22:43:32.558 +0900,2026-09-30 23:17:32.000 +0900,,문구 수정(가이드 재작성),512,"상황이 사람을 바꾼다고 느꼈던 적이 있다면, 어떤 경험이었나요?",,,자기 인식
511,4,다수 의견이랑 다를 때 말하는 편인가요? ,2,다른 사람과 다른 의견을 내는 건 쉬운 일이 아니에요.,다수가 말하지만 내 의견은 다를 때 어떤 생각을 하나요?,말했을 때 반응은 어땠나요?,2026-02-26 22:43:32.558 +0900,2026-02-26 22:43:32.558 +0900,,유지,511,,,,관계 온도
510,4,실망해도 기회를 또 주는 편인가요? ,2,몇 번까지 줘본 적 있나요?,"믿고 싶은 건가요, 끊기 싫어서인가요?",기회를 더 줘서 후회됐거나 만족했던 경험이 있나요?,2026-02-26 22:43:32.558 +0900,2026-02-26 22:43:32.558 +0900,,유지,510,,,,관계 온도
509,4,가족에게 인정받고 싶은 부분은 무엇인가요?,2,가족에게 인정받고 싶은 마음은 자연스러운 거예요.,"노력, 선택, 성격, 성취 중에 떠올려봐요.",인정받고 싶은 마음의 크기는 어떻게 변하고 있나요?,2026-02-26 22:43:32.558 +0900,2026-09-30 23:17:32.000 +0900,,문구 수정(가이드 재작성),509,"부모님한테 인정받고 싶은 마음이 있다면, 어떤 부분에서 인정받고 싶나요?",,,
508,4,사람과 멀어지는 가장 흔한 이유는 무엇이라고 생각하나요?,2,멀어지는 데에도 흔한 이유가 있죠.,"연락 빈도, 생활의 변화, 작은 오해를 떠올려봐요.",멀어지는 걸 막고 싶을 때 나는 어떻게 해요?,2026-02-26 22:43:32.558 +0900,2026-09-30 23:17:32.000 +0900,,문구 수정(가이드 재작성),508,"오래 알았는데 멀어진 사람이 있다면, 어떤 사이였나요?",,,
507,4,가족에게 가장 솔직해지기 어려운 부분은 무엇인가요?,2,가족이라서 오히려 솔직해지기 어려운 부분이 있어요.,"걱정, 진로, 연애, 속마음을 떠올려봐요.",솔직해지기 어려운 이유는 뭘까요?,2026-02-26 22:43:32.558 +0900,2026-09-30 23:17:32.000 +0900,,문구 수정(가이드 재작성),507,"가족이라서 참고 있는 게 있다면, 어떤 건가요?",,,친밀감 방식
506,4,"관계에서 내가 더 노력하는 편인가요, 받는 편인가요?",2,관계 속에서 주고받는 균형은 사람마다 달라요.,"먼저 연락하기, 챙겨주기, 챙김 받기를 떠올려봐요.",그 균형에 만족하는 편이에요?,2026-02-26 22:43:32.558 +0900,2026-09-30 23:17:32.000 +0900,,문구 수정(가이드 재작성),506,"나만 노력하는 것 같은 관계가 있다면, 어떤 관계인가요?",,,친밀감 방식
505,4,친구들이 말하는 나는 어떤 사람인가요?,1,친구들과 함께하다 보면 서로의 다양한 면을 알게 돼요.,친구들이 나에 대해 말할 때 자주 사용하는 표현을 떠올려봐요.,어떤 가치관과 행동이 지금의 이미지를 만들었을까요?,2026-02-26 22:43:32.558 +0900,2026-02-26 22:43:32.558 +0900,,유지,505,,,,자기 인식
504,4,친해지고 싶은 사람이 생기면 어떻게 하나요?,2,새롭게 사람들을 만나다보면 친해지고 싶은 사람을 발견하곤 해요.,"친해지고 싶다는 생각이 들자마자 말을 걸기도, 친해지고 싶다는 생각만 하기도 해요.",왜 친해지고 싶은지도 떠올리면서 써봐요.,2026-02-26 22:43:32.558 +0900,2026-02-26 22:43:32.558 +0900,,유지,504,,,,친밀감 방식
503,4,관계가 자연스럽게 멀어질 때 어떻게 행동하나요?,2,평생 함께할 것 같은 관계도 자연스럽게 멀어지곤 해요.,멀어지지 않게 노력하거나 어쩔 수 없다고 생각하며 받아들이기도 해요.,연락이 뜸해진 친구들을 떠올리면서 써봐요.,2026-02-26 22:43:32.558 +0900,2026-02-26 22:43:32.558 +0900,,유지,503,,,,관계 온도
502,4,나이가 들며 관계를 대하는 방식이 어떻게 달라졌나요?,2,나이가 들며 관계를 대하는 방식도 달라져요.,"친구 수, 연락 빈도, 기대하는 것을 떠올려봐요.",그 변화가 지금의 나에게 어떤 영향을 줬을까요?,2026-02-26 22:43:32.558 +0900,2026-09-30 23:17:32.000 +0900,,문구 수정(가이드 재작성),502,사람들과의 관계가 가장 크게 바뀌었던 순간은 언제인가요?,,,
501,4,인간관계에 쏟는 에너지는 어느 정도인가요?,2,관계에 쏟는 에너지 양은 사람마다 달라요.,쏟는 에너지는 얼마나 많은 사람과 관계를 유지하는지를 넘어 관계의 깊이에 따라서도 달라져요.,왜 지금 정도의 에너지를 쏟게 되었을지도 떠올려봐요.,2026-02-26 22:43:32.558 +0900,2026-02-26 22:43:32.558 +0900,,유지,501,,,,에너지 방향
500,4,의견이 다를 때 어떻게 대화를 풀어나가나요?,2,차이를 다루는 방법이 관계에 중요해요.,친구 혹은 가족과 의견이 달랐던 상황을 떠올려봐요.,왜 지금의 대화 방식으로 차이를 해결하게 되었을까요?,2026-02-26 22:43:32.558 +0900,2026-02-26 22:43:32.558 +0900,,유지,500,,,,관계 온도
499,4,넓고 얕은 관계와 좁고 깊은 관계 중 뭐가 더 좋나요?,2,사람마다 인간관계를 대하는 태도가 달라요.,"새로운 사람을 알아가며 내 세상을 넓히기도 하고, 소중한 사람과 깊게 교류하며 관계를 단단히 쌓아가기도 해요.",지금의 관계관이 만들어진 계기도 떠올려봐요.,2026-02-26 22:43:32.558 +0900,2026-02-26 22:43:32.558 +0900,,유지,499,,,,에너지 방향
498,4,메시지와 전화 중 어떤 연락이 더 편한가요?,2,연락 방식에도 편한 스타일이 있어요.,목소리로 바로 전하기와 글로 천천히 전하기를 떠올려봐요.,그 방식이 편한 이유는 뭐예요?,2026-02-26 22:43:32.558 +0900,2026-09-30 23:17:32.000 +0900,,문구 수정(가이드 재작성),498,어떤 연락 스타일을 갖고 있나요?,,,
497,4,관계에서 주고받는 것의 균형을 중요하게 생각하나요?,2,"내가 일방적으로 더 많이 줬거나, 반대로 과한 배려를 받았던 순간을 떠올려봐요.","베푸는 행위 자체에서 기쁨을 느끼는 편인가요, 아니면 내가 준 만큼 돌아오지 않을 때 서운함을 느끼는 편인가요?","돌려받는다는 것은 구체적으로 어떤 형태인가요? 눈에 보이는 행동인가요, 아니면 보이지 않는 진심인가요?",2026-02-26 22:43:32.558 +0900,2026-02-26 22:43:32.558 +0900,,유지,497,,,,관계 온도
496,4,"상대의 약한 모습을 알게 되면 더 가까워진 느낌인가요, 부담스러운가요?",2,누군가의 약점을 처음 알게 되었던 순간의 기분을 떠올려 봐요.,"그 사실이 관계를 더 단단하게 만들었나요, 아니면 더 조심스럽게 만들었나요?","타인의 약점은 나에게 인간적인 유대인가요, 아니면 내가 감당해야 할 무게인가요?",2026-02-26 22:43:32.558 +0900,2026-02-26 22:43:32.558 +0900,,유지,496,,,,친밀감 방식
495,4,오래된 관계와 새로운 관계 중 어디에 더 힘을 쓰나요?,2,최근 나의 시간과 에너지가 주로 누구에게 향했는지 돌아봐요.,관계 속 안정감과 설렘 중 무엇이 더 우선인가요?,왜 그쪽에 더 쏟고 있나요?,2026-02-26 22:43:32.558 +0900,2026-02-26 22:43:32.558 +0900,,유지,495,,,,새로움 추구
494,4,친한 친구가 큰 잘못을 하고 숨겨달라고 하면 어떻게 할 것 같나요?,2,우정과 정의 사이에서 갈등하는 내 마음을 가만히 들여다봐요.,친구를 지키고 싶은 마음과 두려운 마음 중 무엇이 더 큰가요?,내가 생각하는 진정한 우정의 책임은 어디까지인가요?,2026-02-26 22:43:32.558 +0900,2026-02-26 22:43:32.558 +0900,,유지,494,,,,가치·동기
493,4,절친을 소개할 때 가장 먼저 말하고 싶은 장점은 무엇인가요?,2,절친의 매력을 말할 때 우정의 깊이가 보여요.,"성격, 재능, 다정함, 유머를 떠올려봐요.",그 장점이 내 눈에 가장 먼저 보이는 이유는 뭘까요?,2026-02-26 22:43:32.558 +0900,2026-09-30 23:17:32.000 +0900,,문구 수정(가이드 재작성),493,절친을 이성에게 소개한다면 누구인가요?,,,
492,3,일과 쉼의 균형을 위해 지키고 싶은 것은 무엇인가요?,2,일과 쉼의 균형에는 나만의 규칙이 필요해요.,"퇴근 후 연락 안 보기, 주말 하루는 쉬기처럼 떠올려봐요.",나만의 균형 유지 비결을 한 문장으로 정리해봐요.,2026-02-26 22:43:32.558 +0900,2026-09-30 23:17:32.000 +0900,,문구 수정(가이드 재작성),492,"오늘 일과 삶의 균형을 위해 노력한 게 있다면, 어떤 건가요?",,,
491,3,충분히 쉬었다고 느끼려면 무엇이 필요한가요?,2,충분한 쉼의 조건은 사람마다 달라요.,"잠, 혼자만의 시간, 좋아하는 일을 떠올려봐요.",그 조건을 채우기 위해 할 수 있는 작은 일은 뭐예요?,2026-02-26 22:43:32.558 +0900,2026-09-30 23:17:32.000 +0900,,문구 수정(가이드 재작성),491,오늘 충분히 휴식했나요?,,,에너지 방향
490,3,겉으로는 '응' 하지만 속으로는 '싫어' 하는 것은 무엇인가요?,2,"마음은 싫은데 ""응""이라고 할 때가 있죠.","부탁, 약속, 모임을 떠올려봐요.","""아니""라고 말하기 어려운 이유는 뭘까요?",2026-02-26 22:43:32.558 +0900,2026-09-30 23:17:32.000 +0900,,문구 수정(가이드 재작성),490,"겉으론 '응'이라고 하지만 속으론 '싫어' 하는 게 있다면, 어떤 건가요?",,,관계 온도
489,3,당황하면 나도 모르게 나오는 말이나 행동은 무엇인가요?,2,당황하면 나도 모르게 튀어나오는 반응이 있어요.,"웃음, 말 더듬기, 얼굴 빨개지기를 떠올려봐요.",그 반응을 알게 되면 나를 더 잘 이해할 수 있을까요?,2026-02-26 22:43:32.558 +0900,2026-09-30 23:17:32.000 +0900,,문구 수정(가이드 재작성),489,"생각할 틈도 없이 자동으로 나오는 나만의 반응이 있다면, 어떤 건가요?",,,감정 민감도
488,3,이불 속에서 눈을 감으면 가장 먼저 떠오르는 생각은 뭔가요?,2,잠들기 전 고요한 순간에 떠오르는 생각이 있잖아요.,오늘 있었던 일이나 내일 할 일을 떠올려봐요.,"그 생각이 나를 편안하게 하나요, 아니면 잠을 방해하나요?",2026-02-26 22:43:32.558 +0900,2026-02-26 22:43:32.558 +0900,,유지,488,,,,감정 민감도
487,3,가장 귀찮은 루틴은 무엇인가요?,1,그 일을 해야 하는 시간이 다가오면 몸과 마음이 어떻게 반응하나요?,그 일을 해치웠을 때의 해방감과 미루고 있을 때의 압박감 중 무엇이 더 큰가요?,그 귀찮은 과정을 조금이라도 즐겁게 바꾸거나 생략할 수 있는 나만의 방법이 있을까요?,2026-02-26 22:43:32.558 +0900,2026-02-26 22:43:32.558 +0900,,유지,,,,,
486,3,잠들기 전 핸드폰을 얼마나 보나요?,2,"많이 보는 편인지, 거의 안 보는 편인지 생각해봐요.",무의식적으로 열게 되는 앱이 있어요?,자기 전 핸드폰 시간을 다른 걸로 바꾼다면 뭘 하고 싶어요?,2026-02-26 22:43:32.558 +0900,2026-02-26 22:43:32.558 +0900,,유지,,,,,
485,3,밤이 되면 생각이 많아지는 편인가요?,2,밤이 되면 달라지는 마음이 있죠.,낮에는 괜찮다가 밤에 떠오르는 생각을 떠올려봐요.,밤의 생각을 가볍게 하는 나만의 방법이 있나요?,2026-02-26 22:43:32.558 +0900,2026-09-30 23:17:32.000 +0900,,문구 수정(가이드 재작성),485,"밤에 갑자기 마음이 무거워진 적이 있다면, 어떤 생각이 찾아왔나요?",,,감정 민감도
484,3,자기 전에 하루를 돌아보면 어떤 장면이 주로 떠오르나요?,2,이불 속에서 자연스럽게 오늘을 떠올리는 편인지 바로 자는 편인지 생각해봐요.,돌아볼 때 주로 뭐가 떠올라요?,하루를 마무리하는 나만의 방식이 내일의 나에게 어떤 영향을 주고 있나요?,2026-02-26 22:43:32.558 +0900,2026-02-26 22:43:32.558 +0900,,유지,,,,,
483,3,꿈을 자주 기억하는 편인가요?,2,꿈을 기억하는 정도는 사람마다 달라요.,깨자마자 떠오르는 장면이 있는지 떠올려봐요.,꿈이 나에게는 어떤 의미일까요?,2026-02-26 22:43:32.558 +0900,2026-09-30 23:17:32.000 +0900,,문구 수정(가이드 재작성),483,"꿈을 기록해본 적이 있다면, 어떤 경험이었나요?",,,
482,3,꿈을 자주 꾸나요?,2,아침에 일어나서 꿈이 기억나는 편인지 떠올려봐요.,기억나는 꿈은 주로 어떤 느낌이에요?,꿈에서 반복적으로 느끼는 감정이 현실의 나와 연결되는 부분이 있나요?,2026-02-26 22:43:32.558 +0900,2026-02-26 22:43:32.558 +0900,,유지,,,,,
481,3,가장 잘 쓰고 있는 구독 서비스나 앱은 무엇인가요?,2,자주 쓰는 서비스에는 나의 일상이 담겨 있어요.,"음악, 영상, 배달, 공부 앱을 떠올려봐요.",그 서비스가 나에게 주는 즐거움은 뭐예요?,2026-02-26 22:43:32.558 +0900,2026-09-30 23:17:32.000 +0900,,문구 수정(가이드 재작성),481,지금 구독하고 있는 서비스는 무엇이 있나요?,,,
480,3,10년 후 나의 경제적 모습은 어떨 것 같나요?,2,미래의 경제 상황을 상상해봐요.,그 모습을 위해 지금 뭘 하고 있나요?,경제적 미래를 생각하면 어떤 감정이 드나요?,2026-02-26 22:43:32.558 +0900,2026-02-26 22:43:32.558 +0900,,유지,,,,,
479,3,나에게 투자할 가치가 있는 분야는 무엇인가요?,2,"교육, 건강, 외모, 경험 등 각자 다양한 분야에 투자하곤 해요.","아쉬운 부분을 채우고 싶은지, 강점을 더 발전시키고 싶은지 떠올려봐요.",자기 투자의 기준이 시간이 지나며 바뀌었나요?,2026-02-26 22:43:32.558 +0900,2026-02-26 22:43:32.558 +0900,,유지,,,,,
478,3,돈 걱정을 덜어주는 나만의 습관은 무엇인가요?,2,돈 걱정을 덜어주는 작은 습관이 있으면 든든해요.,"가계부, 자동 저축, 소비 목록 점검처럼 떠올려봐요.",그 습관이 마음에 어떤 여유를 줘요?,2026-02-26 22:43:32.558 +0900,2026-09-30 23:17:32.000 +0900,,문구 수정(가이드 재작성),478,"돈 때문에 고민했던 경험이 있다면, 어떤 상황이었나요?",,,
477,3,나에게 '돈'이란 한마디로 무엇인가요?,2,떠오르는 단어나 이미지가 있나요?,그 표현이 왜 떠올랐나요?,돈에 대한 나의 태도가 삶의 가치관에 어떻게 녹아있나요?,2026-02-26 22:43:32.558 +0900,2026-02-26 22:43:32.558 +0900,,유지,477,,,,가치·동기
476,3,바꾸고 싶은 나의 소비 습관은 무엇인가요?,2,후회했던 소비들의 공통점이 있나요?,"왜 후회하는지, 그리고 왜 아직 못 바꿨는지 떠올려봐요.",이상적인 나의 소비 모습은 어떤 건가요?,2026-02-26 22:43:32.558 +0900,2026-09-30 23:17:32.000 +0900,,문구 수정(가이드 유지),476,"소비 습관 중 바꾸고 싶은 게 있다면, 어떤 건가요?",,,계획·실행
475,3,누군가에게 돈을 쓸 때 기분이 어떤가요?,2,"선물, 밥 사기 등으로 누군가에게 돈을 썼을 때의 감정을 떠올려봐요.",줄 때 어떤 기분이 드나요?,"나를 위한 소비와 남을 위한 소비, 어느 쪽이 더 만족스러운가요?",2026-02-26 22:43:32.558 +0900,2026-02-26 22:43:32.558 +0900,,유지,475,,,,관계 온도
474,3,한 달에 가장 많이 쓰는 카테고리가 뭔가요?,2,"식비, 교통비, 쇼핑 등 다양한 소비를 하게 되죠.",그 비중에 만족하나요?,소비의 비중을 바꾼다면 어떻게 바꾸고 싶나요?,2026-02-26 22:43:32.558 +0900,2026-02-26 22:43:32.558 +0900,,유지,,,,,
473,3,"물건을 살 때 가격이 먼저인가요, 마음에 드는 게 먼저인가요?",2,물건을 고르는 기준에 나의 우선순위가 담겨 있어요.,가격 비교와 첫눈에 반한 물건을 떠올려봐요.,그 기준으로 산 물건에 대체로 만족하나요?,2026-02-26 22:43:32.558 +0900,2026-09-30 23:17:32.000 +0900,,문구 수정(가이드 재작성),473,"물건을 살 때 가격을 꼼꼼히 따져보는 편인가요, 아니면 가격보다 더 중요하게 여기는 나만의 기준이 있나요?",,,결정 방식
472,3,몸으로 해내서 뿌듯했던 순간은 언제인가요?,2,몸으로 해낸 순간은 오래 기억에 남아요.,"오래 걷기, 등산, 처음 해본 동작처럼 떠올려봐요.",그 성취감이 삶의 다른 부분에도 영향을 줬나요?,2026-02-26 22:43:32.558 +0900,2026-09-30 23:17:32.000 +0900,,문구 수정(가이드 재작성),472,"운동으로 성취감을 느낀 적이 있다면, 어떤 순간이었나요?",,,
471,3,작은 성취를 느낄 때 나는 어떻게 스스로를 챙기나요?,2,작은 성취도 챙겨주면 뿌듯함이 오래가요.,"기록하기, 나에게 선물하기, 자랑하기를 떠올려봐요.",그렇게 챙기면 어떤 힘이 생겨요?,2026-02-26 22:43:32.558 +0900,2026-09-30 23:17:32.000 +0900,,문구 수정(가이드 재작성),471,"나만의 작은 성취를 기록하는 방식이 있다면, 어떤 건가요?",,,자기 인식
470,3,몸과 관련해 이루고 싶은 목표는 무엇인가요?,2,몸과 관련된 목표는 구체적이든 막연하든 괜찮아요.,"건강, 체력, 자세, 잠처럼 떠올려봐요.","그 목표가 나를 움직이게 하나요, 부담을 주나요?",2026-02-26 22:43:32.558 +0900,2026-09-30 23:17:32.000 +0900,,문구 수정(가이드 재작성),470,"운동 목표가 있다면, 어떤 목표인가요?",,,
469,3,"귀찮은 날 나는 쉬는 편인가요, 그래도 하는 편인가요?",2,귀찮은 날의 선택에 나의 기준이 보여요.,"쉬는 날도 있고, 그래도 해내는 날도 있죠.",그 선택의 기준은 뭔가요?,2026-02-26 22:43:32.558 +0900,2026-09-30 23:17:32.000 +0900,,문구 수정(가이드 재작성),469,운동하기 싫은 날은 어떻게 하나요?,,,계획·실행
468,3,무언가를 꾸준히 하면서 알게 된 나의 모습은 무엇인가요?,2,꾸준히 하다 보면 새로운 나를 발견하게 돼요.,"인내심, 한계, 좋아하는 것을 떠올려봐요.",그 발견이 나를 이해하는 데 어떤 도움이 됐나요?,2026-02-26 22:43:32.558 +0900,2026-09-30 23:17:32.000 +0900,,문구 수정(가이드 재작성),468,운동하면서 나 자신에 대해 알게 된 점이 있나요?,,,자기 인식
467,3,"몸을 움직일 때 혼자가 좋나요, 함께가 좋나요?",2,"함께와 혼자, 둘 다 즐거움이 달라요.","산책, 운동, 춤처럼 몸을 움직일 때를 떠올려봐요.",그 선호가 생긴 이유가 있나요?,2026-02-26 22:43:32.558 +0900,2026-09-30 23:17:32.000 +0900,,문구 수정(가이드 재작성),467,운동할 때 혼자하는 것과 같이 하는 것 중 무엇이 더 좋은가요?,,,에너지 방향
466,3,운동 후에 꼭 하는 것은 무엇인가요? 운동을 안 한다면 나만의 휴식법을 알려주세요.,2,"샤워, 프로틴, 셀카 등 뭐든 떠올려봐요.",그게 왜 중요하게 느껴지나요?,운동 후 루틴이 성취감과 연결되나요?,2026-02-26 22:43:32.558 +0900,2026-09-30 23:17:32.000 +0900,,문구 수정(가이드 유지),466,"운동 후에 꼭 하는 것이 있다면, 어떤 건가요?",,,
465,3,운동 전에 꼭 하는 것은 무엇인가요? 운동을 안 한다면 해보고 싶은 운동을 알려주세요.,2,"스트레칭, 커피, 음악 틀기 등 작은 것도 괜찮아요.",그 루틴이 없으면 운동 느낌이 달라지나요?,준비 과정이 나에게 어떤 역할을 하나요?,2026-02-26 22:43:32.558 +0900,2026-09-30 23:17:32.000 +0900,,문구 수정(가이드 유지),465,"운동 전에 꼭 하는 루틴이 있다면, 어떤 건가요?",,,
464,3,몸을 움직일 때 꼭 듣는 음악은 무엇인가요?,2,움직일 때 듣는 음악에는 나만의 리듬이 있어요.,"신나는 곡, 잔잔한 곡, 팟캐스트를 떠올려봐요.",그 음악이 움직임에 어떤 힘을 줘요?,2026-02-26 22:43:32.558 +0900,2026-09-30 23:17:32.000 +0900,,문구 수정(가이드 재작성),464,"운동할 때 꼭 듣는 음악이 있다면, 어떤 건가요?",,,
463,3,공간이 깨끗해지면 마음도 달라지나요?,2,정리된 공간은 마음까지 시원하게 만들어줄 때가 있어요.,방 정리 후 느꼈던 기분을 떠올려봐요.,공간과 마음의 연결고리는 무엇일까요?,2026-02-26 22:43:32.558 +0900,2026-02-26 22:43:32.558 +0900,,유지,463,,,,계획·실행
462,3,지금 당장 버리고 싶은 것은 무엇인가요? 물건도 습관도 좋아요.,2,없어지면 시원할 것 같은 것들이 있죠.,"안 쓰는 물건, 버리고 싶은 습관, 쌓인 파일을 떠올려봐요.",왜 아직 버리지 못했을까요?,2026-02-26 22:43:32.558 +0900,2026-09-30 23:17:32.000 +0900,,문구 수정(가이드 재작성),462,"지금 당장 버리고 싶은 것이 있다면, 어떤 건가요?",,,
461,3,누군가 내 방에 오면 신경 쓰이나요?,2,손님이 온다고 할 때 급하게 치운 경험이 있다면 떠올려봐요.,평소의 내 공간과 보여주는 공간이 다른가요?,남에게 보이는 공간과 나만의 공간 사이에서 나는 어떤 사람이에요?,2026-02-26 22:43:32.558 +0900,2026-02-26 22:43:32.558 +0900,,유지,461,,,,에너지 방향
460,3,"주변이 어수선하면 바로 치우는 편인가요, 그냥 두는 편인가요?",2,어수선한 공간에서의 나를 떠올려봐요.,정리 안 된 공간이 스트레스를 주나요?,정리 안 된 공간에서 어떤 행동을 취하는지 궁금해요.,2026-02-26 22:43:32.558 +0900,2026-09-30 23:17:32.000 +0900,,문구 수정(가이드 유지),460,"주변이 어수선할 때 그대로 두는 편인가요, 아니면 정리를 해야만 마음이 편해지나요?",,,계획·실행
459,3,지금 내 방을 한 단어로 표현하면 무엇인가요?,2,내 방은 요즘의 나를 닮아 있을지도 몰라요.,방을 둘러보면서 떠오르는 단어를 골라봐요.,지금 방 상태가 요즘 내 마음과 비슷한 것 같나요?,2026-02-26 22:43:32.558 +0900,2026-09-30 23:17:32.000 +0900,,문구 수정(가이드 재작성),459,지금 내 방 상태가 어떤가요?,,,
458,3,"물건의 자리를 정해두는 편인가요, 그때그때 두는 편인가요?",2,물건의 자리에도 나만의 규칙이 있어요.,"열쇠, 휴대폰 충전기, 자주 쓰는 물건을 떠올려봐요.",정해진 자리가 나에게 어떤 안정감을 주나요?,2026-02-26 22:43:32.558 +0900,2026-09-30 23:17:32.000 +0900,,문구 수정(가이드 재작성),458,물건의 자리가 정해져 있는 편인가요? 나만의 정리 규칙이 있다면 어떤 건가요?,,,계획·실행
457,3,"물건을 잘 버리는 편인가요, 모아두는 편인가요?",2,물건을 대하는 방식에 내 성향이 보여요.,안 쓰는 물건 앞에서 고민하는 나를 떠올려봐요.,버리기 어렵거나 쉬운 이유는 뭘까요?,2026-02-26 22:43:32.558 +0900,2026-09-30 23:17:32.000 +0900,,문구 수정(가이드 재작성),457,물건을 잘 버리는 편인가요? 버릴 때 기준이 있다면 어떤 건가요?,,,계획·실행
456,3,무언가에 집중할 때 옆에 꼭 있어야 하는 것은 무엇인가요?,2,옆에 있어야 마음이 놓이는 것들이 있잖아요.,"텀블러, 음악, 간식, 향처럼 나만의 안정 아이템을 떠올려봐요.",그것이 곁에 있으면 어떤 점이 달라지나요?,2026-02-26 22:43:32.558 +0900,2026-09-30 23:17:32.000 +0900,,문구 수정(가이드 재작성),456,"공부나 작업할 때 옆에 꼭 있어야 편한 것이 있다면, 어떤 건가요?",,,
455,3,시험이나 발표 전에 긴장하는 편이에요?,2,중요한 순간 앞에서의 나를 떠올려봐요.,긴장이 도움이 되는 편이에요?,긴장을 다루는 나만의 방법이 있나요?,2026-02-26 22:43:32.558 +0900,2026-02-26 22:43:32.558 +0900,,유지,455,,,,감정 민감도
454,3,"잘하고 싶은 마음 vs 해야 하는 마음, 뭐가 더 크나요?",2,지금 하고 있는 것에 대한 솔직한 마음을 떠올려봐요.,두 마음의 비율이 어떻게 되나요?,그 비율이 만족스러운가요?,2026-02-26 22:43:32.558 +0900,2026-02-26 22:43:32.558 +0900,,유지,454,,,,가치·동기
453,3,마음 편히 쉬기 어려울 때는 언제인가요?,2,쉬어도 마음이 편하지 않을 때가 있어요.,"할 일이 남았을 때, 남들이 바쁠 때를 떠올려봐요.",그 불안은 어디서 오는 걸까요?,2026-02-26 22:43:32.558 +0900,2026-09-30 23:17:32.000 +0900,,문구 수정(가이드 재작성),453,"쉬고 있는데도 불안했던 적이 있다면, 그 불안은 어디에서 오는 걸까요?",,,자기 인식
452,3,무언가 하다가 잠깐 쉴 때 주로 무엇을 하나요?,2,쉬는 시간에 하는 일이 진짜 쉼이 되기도 해요.,"스트레칭, 휴대폰, 간식, 산책을 떠올려봐요.",그게 진짜 쉼이 되나요?,2026-02-26 22:43:32.558 +0900,2026-09-30 23:17:32.000 +0900,,문구 수정(가이드 재작성),452,공부하다 잠깐 쉴 때 주로 뭘 하나요?,,,
451,3,지쳤다는 걸 알려주는 나만의 신호는 무엇인가요?,2,지쳤다는 신호는 몸과 마음이 먼저 보내요.,"잠, 식욕, 말수, 표정의 변화를 떠올려봐요.",그 신호를 느끼면 나는 어떻게 해요?,2026-02-26 22:43:32.558 +0900,2026-09-30 23:17:32.000 +0900,,문구 수정(가이드 재작성),451,"번아웃이 온 적이 있다면, 어떤 상황에서였나요?",,,자기 인식
450,3,"집중이 안 될 때 잠깐 쉬는 편인가요, 억지로라도 버티는 편인가요?",2,집중이 풀릴 때 나만의 방법이 있으면 좋잖아요.,잠깐 쉬기와 억지로 버티기 중 뭐가 더 효과적인지 떠올려봐요.,그 방법이 통하는 이유는 뭘까요?,2026-02-26 22:43:32.558 +0900,2026-09-30 23:17:32.000 +0900,,문구 수정(가이드 재작성),450,"집중이 안 될 때 나를 다시 잡아주는 나만의 방법이 있다면, 어떤 건가요?",,,계획·실행
449,3,타이머나 시간 관리 도구를 쓰나요?,2,"뽀모도로, 타이머, 플래너 등 쓰고 있는 게 있다면 떠올려봐요.",그게 실제로 도움이 되나요?,시간을 관리하려는 것이 나에게 안정감을 주나요?,2026-02-26 22:43:32.558 +0900,2026-02-26 22:43:32.558 +0900,,유지,449,,,,계획·실행
448,3,무언가 하다 막히면 나는 어떻게 하나요?,2,막혔을 때의 반응은 사람마다 달라요.,"바로 물어보기, 혼자 끙끙대기, 잠시 쉬기를 떠올려봐요.",그 방식이 다른 상황에서도 비슷하게 나타나나요?,2026-02-26 22:43:32.558 +0900,2026-09-30 23:17:32.000 +0900,,문구 수정(가이드 재작성),448,공부하다 막히면 어떻게 하나요?,,,스트레스 대처
447,3,"여러 일을 동시에 하는 편인가요, 하나에 몰입하는 편인가요?",2,한꺼번에 많은 일을 할 때 내 마음은 보통 어떤 상태인지 가만히 살펴보세요.,어느 쪽일 때 내가 더 편안하게 능력을 발휘한다고 느끼는지 궁금해요.,나만의 작업 스타일에서 비롯되는 결과물의 특징이 있을까요?,2026-02-26 22:43:32.558 +0900,2026-09-30 23:17:32.000 +0900,,문구 수정(가이드 유지),447,"여러 일을 동시에 챙기는 편인가요, 아니면 하나에 깊이 몰입하는 편인가요?",,,계획·실행
446,3,무언가에 한 번 몰입하면 집중력은 보통 얼마나 지속되나요?,2,몰입하면 시간 가는 줄 모르는 편인지 떠올려봐요.,집중이 끊기는 순간이 있다면 주로 어떤 때예요?,나의 집중력 패턴이 나에 대해 뭘 말해주나요?,2026-02-26 22:43:32.558 +0900,2026-02-26 22:43:32.558 +0900,,유지,446,,,,계획·실행
445,3,"집중할 때 음악을 듣는 편인가요, 조용한 게 좋은가요?",2,집중하는 환경에도 나만의 취향이 있어요.,음악이 흐르는 환경과 고요한 환경을 떠올려봐요.,소리가 있을 때와 없을 때 나는 어떻게 달라져요?,2026-02-26 22:43:32.558 +0900,2026-09-30 23:17:32.000 +0900,,문구 수정(가이드 재작성),445,공부할 때 음악을 듣는 편인가요? 어떤 분위기의 음악인가요?,,,
444,3,카페와 집 중 어디서 더 집중이 잘 되나요?,1,집중이 잘 되는 장소는 사람마다 달라요.,카페의 적당한 소음과 집의 편안함을 떠올려봐요.,그 장소의 어떤 점이 나에게 맞나요?,2026-02-26 22:43:32.558 +0900,2026-09-30 23:17:32.000 +0900,,문구 수정(가이드 재작성),444,어디서 공부하는 게 가장 잘 되나요?,,,
443,3,집중이 가장 잘 되는 시간대는 언제인가요?,2,"아침, 낮, 밤 중 언제 머리가 가장 잘 돌아가는지 떠올려봐요.",그 시간대를 잘 활용하고 있나요?,내 집중 리듬을 안다는 게 나에게 어떤 도움을 주나요?,2026-02-26 22:43:32.558 +0900,2026-09-30 23:17:32.000 +0900,,문구 수정(가이드 유지),443,"집중이 잘 되는 시간대가 있다면, 언제인가요?",,,
442,3,"공부나 작업을 시작하기 전에 꼭 하는 게 있다면, 어떤 건가요?",2,"커피 내리기, 책상 정리, 음악 틀기 등 나만의 루틴이 있다면 떠올려봐요.",그 루틴이 없으면 시작이 잘 안 되나요?,시작 전 루틴이 나에게 어떤 역할을 하고 있을까요?,2026-02-26 22:43:32.558 +0900,2026-02-26 22:43:32.558 +0900,2026-09-30 23:17:32.000 +0900,비활성화(중복 통합),,,,,
441,3,몸을 움직이고 난 뒤의 기분은 어떤가요?,2,"땀 흘리고 나면 개운한 기분, 있잖아요.","상쾌함, 뿌듯함, 피곤함 등 솔직한 느낌을 적어봐요.",그 기분이 나를 다시 움직이게 만드나요?,2026-02-26 22:43:32.558 +0900,2026-02-26 22:43:32.558 +0900,,유지,,,,,
440,3,몸을 움직이면 나에게 어떤 변화가 생기나요?,2,몸을 움직이고 나면 몸도 마음도 달라지곤 해요.,"체력, 기분, 잠, 자신감 중에 떠올려봐요.",그 변화가 나의 일상에 어떤 영향을 줘요?,2026-02-26 22:43:32.558 +0900,2026-09-30 23:17:32.000 +0900,,문구 수정(가이드 재작성),440,운동이 나에게 주는 가장 큰 선물은 무엇인가요?,,,
439,3,좋아하는 운동이나 몸을 움직이는 방법은 무엇인가요? 산책도 좋아요.,1,몸을 움직이는 방법은 운동만 있는 게 아니에요.,"산책, 스트레칭, 춤, 자전거를 떠올려봐요.",그 방법이 좋은 이유는 뭐예요?,2026-02-26 22:43:32.558 +0900,2026-09-30 23:17:32.000 +0900,,문구 수정(가이드 재작성),439,좋아하는 운동은 어떤 운동인가요?,,,
438,3,몸을 움직이고 싶어지는 계기는 무엇인가요?,2,몸을 움직이고 싶어지는 계기는 사람마다 달라요.,"좋은 날씨, 스트레스, 건강 걱정, 친구의 권유를 떠올려봐요.",그 계기가 생기면 주로 어떻게 움직여요?,2026-02-26 22:43:32.558 +0900,2026-09-30 23:17:32.000 +0900,,문구 수정(가이드 재작성),438,"운동을 시작하게 된 계기가 있다면, 어떤 건가요?",,,
437,3,끝내지 못하고 붙잡고 있는 일은 무엇인가요?,2,끝내지 못한 일은 마음 한구석에 남아 있죠.,"손이 안 가는 일, 시작만 한 일을 떠올려봐요.",그 일을 끝내지 못하는 진짜 이유는 뭘까요?,2026-02-26 22:43:32.558 +0900,2026-09-30 23:17:32.000 +0900,,문구 수정(가이드 재작성),437,"손이 안 가서 끝까지 붙잡고 있었던 일이 있다면, 어떤 건가요?",,,계획·실행
436,3,계획보다 시간이 훨씬 더 오래 걸린 일은 무엇인가요?,2,예상 밖의 복병을 만나 시간을 많이 쓴 작업이 있나요?,왜 시간이 지체되었는지 원인을 차분히 분석해볼까요?,다음에 비슷한 일을 할 때 활용할 수 있는 나만의 팁은?,2026-02-26 22:43:32.558 +0900,2026-02-26 22:43:32.558 +0900,,유지,436,,,,계획·실행
435,3,요즘 정리하고 싶은 것은 무엇인가요? 물건도 마음도 좋아요.,2,정리하고 싶은 것에는 가벼워지고 싶은 마음이 담겨 있어요.,"옷장, 휴대폰 사진첩, 관계, 생각을 떠올려봐요.",그걸 정리하면 어떤 기분일 것 같아요?,2026-02-26 22:43:32.558 +0900,2026-09-30 23:17:32.000 +0900,,문구 수정(가이드 재작성),435,오늘 정리한 나의 생활이나 마음은 무엇이었나요?,,,
434,3,"아침형인가요, 저녁형인가요? 하루 중 가장 좋아하는 시간은?",2,하루 중 좋아하는 시간에 나의 리듬이 담겨 있어요.,상쾌한 아침과 고요한 밤을 떠올려봐요.,그 시간이 좋은 이유는 뭐예요?,2026-02-26 22:43:32.558 +0900,2026-09-30 23:17:32.000 +0900,,문구 수정(가이드 재작성),434,"아침이나 저녁, 평소와 달랐던 순간은 언제였나요?",,,
433,3,내 루틴 중에서 스스로 칭찬해주고 싶은 것은 무엇인가요?,2,어김없이 해내는 작은 약속이 있다면 칭찬해줄 만해요.,"물 마시기, 일찍 일어나기, 정리하기처럼 떠올려봐요.",그 루틴이 나에게 주는 힘은 뭐예요?,2026-02-26 22:43:32.558 +0900,2026-09-30 23:17:32.000 +0900,,문구 수정(가이드 재작성),433,오늘 루틴 중에서 나를 칭찬해주고 싶은 순간은 무엇인가요?,,,자기 인식
432,3,"나는 계획적으로 사는 편인가요, 즉흥적으로 사는 편인가요?",2,하루를 보내는 방식에 나의 리듬이 담겨 있어요.,꽉 짜인 일정과 흘러가는 대로의 하루를 떠올려봐요.,나에게 가장 잘 어울리는 하루의 모양은 뭐예요?,2026-02-26 22:43:32.558 +0900,2026-09-30 23:17:32.000 +0900,,문구 수정(가이드 재작성),432,오늘은 하루를 계획적으로 보냈나요 아니면 즉흥적으로 보냈나요?,,,계획·실행
431,3,하루 중 가장 많이 반복하는 행동은 무엇인가요?,2,하루 중 가장 많이 반복하는 행동에 내 일상이 담겨 있어요.,"휴대폰 보기, 물 마시기, 한숨 쉬기처럼 떠올려봐요.",그 행동이 나에게 어떤 의미인가요?,2026-02-26 22:43:32.558 +0900,2026-09-30 23:17:32.000 +0900,,문구 수정(가이드 재작성),431,오늘 하루 종일 가장 많이 반복한 행동은 무엇이었나요?,,,
430,3,나도 모르게 과하게 하는 것은 무엇인가요?,2,나도 모르게 과해지는 게 있죠.,"휴대폰, 간식, 걱정, 쇼핑 중에 떠올려봐요.",조금씩 줄여가는 나만의 방법이 있을까요?,2026-02-26 22:43:32.558 +0900,2026-09-30 23:17:32.000 +0900,,문구 수정(가이드 재작성),430,오늘 조금 과하다 싶었던 나의 행동은 무엇이었나요?,,,계획·실행
429,3,요즘 기분 좋게 자리 잡은 나의 루틴은 무엇인가요?,2,반복할수록 마음이 편안해지는 나만의 루틴이 생겼나요?,그 리듬이 나에게 참 잘 맞는다고 느끼는 이유는 무엇인가요?,이 건강한 흐름을 오래 지키기 위해 필요한 노력이 있다면?,2026-02-26 22:43:32.558 +0900,2026-09-30 23:17:32.000 +0900,,문구 수정(가이드 유지),429,요즘 내 삶에 기분 좋게 스며든 나만의 루틴은 무엇인가요?,,,
428,3,계속 미루고 있는 일 하나는 무엇인가요?,2,마음 한구석에 얹혀 있는 숙제 같은 일이 있죠.,"정리, 연락, 병원, 서류 같은 일을 떠올려봐요.",5분 안에 할 수 있는 첫 단계는 뭐예요?,2026-02-26 22:43:32.558 +0900,2026-09-30 23:17:32.000 +0900,,문구 수정(가이드 재작성),428,계속 미루고 있는 일 하나를 지금 꺼낸다면 무엇인가요?,,,계획·실행
427,3,하루 중 몸이 가장 바쁜 시간은 언제인가요?,2,몸이 가장 바쁜 시간에 하루의 리듬이 보여요.,"출근 준비, 점심시간, 퇴근 후를 떠올려봐요.",그 시간을 조금 여유롭게 만들 방법이 있을까요?,2026-02-26 22:43:32.558 +0900,2026-09-30 23:17:32.000 +0900,,문구 수정(가이드 재작성),427,오늘 몸이 가장 바쁘게 움직였던 시간은 언제인가요?,,,
426,3,요즘 나의 에너지를 가장 많이 쓰게 하는 일은 무엇인가요?,2,에너지를 가장 많이 쓰는 곳에 요즘의 내가 있어요.,"일, 관계, 걱정, 공부 중에 떠올려봐요.",그 소모가 보람차게 느껴지나요?,2026-02-26 22:43:32.558 +0900,2026-09-30 23:17:32.000 +0900,,문구 수정(가이드 재작성),426,오늘 나의 에너지를 가장 많이 잡아먹은 일은 무엇인가요?,,,
425,3,아무 생각 없이 반복하는 나의 습관은 무엇인가요?,2,아무 생각 없이 반복하는 습관에 나의 편안함이 숨어 있어요.,"휴대폰 확인, 손톱 만지기, 혼잣말을 떠올려봐요.","그 습관이 나를 편안하게 하나요, 바꾸고 싶나요?",2026-02-26 22:43:32.558 +0900,2026-09-30 23:17:32.000 +0900,,문구 수정(가이드 재작성),425,오늘 아무 생각 없이 기계적으로 반복한 행동은 무엇인가요?,,,
424,3,딱 5분만 투자해서 매일 하고 싶은 작은 습관은 무엇인가요?,2,"""언젠가 해야지""라며 마음의 짐처럼 둔 일이 있나요?",하루 5분이라면 어디서부터 가볍게 시작할 수 있을까요?,"일주일 후, 이 약속을 지킨 멋진 나에게 미리 한마디!",2026-02-26 22:43:32.558 +0900,2026-02-26 22:43:32.558 +0900,,유지,,,,,
423,3,요즘 나를 정신없이 바쁘게 하는 것은 무엇인가요?,2,정신없이 바쁜 요즘의 나를 돌아봐요.,"일, 공부, 약속, 집안일 중에 떠올려봐요.","그 바쁨이 나를 채워주나요, 지치게 하나요?",2026-02-26 22:43:32.558 +0900,2026-09-30 23:17:32.000 +0900,,문구 수정(가이드 재작성),423,오늘 나를 정신없이 달리게 만든 주범은 무엇인가요?,,,
422,3,"나도 모르게 반복하는, 조금 신경 쓰이는 버릇은 무엇인가요?",2,할 때마다 마음 한구석이 찝찝한 행동이 있나요?,그 사소한 버릇이 나의 하루 컨디션을 어떻게 좌우하나요?,내일 당장 실천해볼 수 있는 아주 귀여운 변화 하나는?,2026-02-26 22:43:32.558 +0900,2026-02-26 22:43:32.558 +0900,,유지,422,,,,자기 인식
421,3,지하철이나 버스에서 주로 무엇을 하며 시간을 보내나요?,1,이동 시간도 나만의 방식으로 채울 수 있어요.,"음악 듣기, 창밖 보기 혹은 스마트폰 보기를 생각해봐요.",그 시간을 그렇게 보내면 어떤 기분이 드나요?,2026-02-26 22:43:32.558 +0900,2026-02-26 22:43:32.558 +0900,,유지,,,,,
420,3,약속 없는 휴일엔 무엇을 하나요?,1,"이불 속에서 뒹굴거리기, 넷플릭스 정주행처럼 사소한 것도 좋아요.",지난 휴일에 뭘했는지 떠올려봐요.,그걸 할 때 어떤 기분이었나요?,2026-02-26 22:43:32.558 +0900,2026-02-26 22:43:32.558 +0900,,유지,420,,,,에너지 방향
419,3,잠들기 전 주로 무엇을 하나요?,2,"자기 전에 릴스 보기, 팩 붙이기 또는 스트레칭하기 등 다양한 활동을 하곤 해요.",자기 전에 그 일을 하는 이유는 무엇인가요?,자기 전 루틴으로 추가하고 싶은 일이 있나요?,2026-02-26 22:43:32.558 +0900,2026-09-30 23:17:32.000 +0900,,문구 수정(가이드 유지),419,"잠 들기 전 꼭 하는 일이 있다면, 어떤 건가요?",,,
418,3,오래 쓰는 물건에 정이 드는 편인가요? ,2,오래 쓴 물건에는 추억이 깃들기도 하잖아요.,지금 가장 오래 쓰고 있는 물건을 떠올려봐요.,그 물건과의 시간이 나에게 어떤 의미인가요?,2026-02-26 22:43:32.558 +0900,2026-02-26 22:43:32.558 +0900,,유지,,,,,
417,3,루틴으로 만들고 싶은 일은 무엇인가요?,2,루틴으로 만들고 싶은 일에는 바라는 내 모습이 담겨 있어요.,"운동, 기록, 독서, 정리처럼 떠올려봐요.",그 일을 꾸준히 하려면 뭐가 필요할까요?,2026-02-26 22:43:32.558 +0900,2026-09-30 23:17:32.000 +0900,,문구 수정(가이드 재작성),417,"최근에 시작한 일 중 루틴에 넣고 싶은 일이 있다면, 어떤 건가요?",,,
416,3,워라밸이 얼마나 중요한가요?,2,워라벨과 성과 또는 보상 중에 하나를 고른다면 어느 쪽을 선택하고 싶나요?,일과 삶 중 어느 것에 가중치를 두어 생각하는지 떠올려봐요.,왜 그렇게 생각하게 되었는지도 써볼까요?,2026-02-26 22:43:32.558 +0900,2026-02-26 22:43:32.558 +0900,,유지,416,,,,가치·동기
415,3,계획이 바뀌었을 때 어떻게 행동하나요?,2,완벽한 계획을 세웠다고 생각해도 어쩔 수 없이 계획이 바뀌기도 해요.,갑자기 아파서 가지 못하게 된 여행을 생각해봐요.,계획이 나에게 어떤 안정감을 주는지 떠올려봐요.,2026-02-26 22:43:32.558 +0900,2026-02-26 22:43:32.558 +0900,,유지,415,,,,계획·실행
414,3,아침형 인간인가요 저녁형 인간인가요?,1,생활루틴은 사람별로 다양해요.,미라클 모닝을 즐기는 아침형 인간 또는 나만의 밤을 즐기는 저녁형 인간 중 어디에 더 가까운가요?,이 생활 패턴의 장점과 단점도 생각해봐요.,2026-02-26 22:43:32.558 +0900,2026-02-26 22:43:32.558 +0900,,유지,414,,,,계획·실행
413,2,미안하다는 표현을 잘하는 편인가요? ,2,모든 표현이 중요하지만 미안한 마음을 잘 전달하는 건 정말 중요해요.,"최근 미안했던 적이 있다면, 그 때 나는 어떻게 행동했나요?",미안함을 잘 표현하지 못한다면 왜 그럴까요?,2026-02-26 22:43:32.558 +0900,2026-02-26 22:43:32.558 +0900,,유지,413,,,,관계 온도
412,2,고마운 마음을 잘 표현하는 편인가요? ,2,감사를 전한 경험을 떠올려봐요.,표현하기 어려운 이유가 있나요?,감사를 표현하면 관계가 어떻게 달라지나요?,2026-02-26 22:43:32.558 +0900,2026-02-26 22:43:32.558 +0900,,유지,412,,,,친밀감 방식
411,2,감정의 회복 속도가 빠른 편인가요 혹은 느린편인가요?,2,힘든 일 후 돌아오는 시간을 떠올려봐요.,"빨리 회복하는 편인가요, 오래 가나요?",회복 속도가 나에 대해 뭘 말해주나요?,2026-02-26 22:43:32.558 +0900,2026-02-26 22:43:32.558 +0900,,유지,411,,,,감정 민감도
410,2,감정을 글로 쓰면 정리가 되나요? 쓰고 나면 뭐가 달라지나요?,2,일기나 메모로 감정을 풀어본 적 있나요?,쓰고 나면 뭐가 달라지나요?,정리한 글을 되돌아보기도 하나요?,2026-02-26 22:43:32.558 +0900,2026-02-26 22:43:32.558 +0900,,유지,410,,,,스트레스 대처
409,2,나이가 들면서 가장 달라진 감정은 무엇인가요?,2,나이가 들면서 감정도 조금씩 모양이 바뀌어요.,더 커진 감정과 작아진 감정을 떠올려봐요.,"그 변화가 성장인가요, 무뎌진 건가요?",2026-02-26 22:43:32.558 +0900,2026-09-30 23:17:32.000 +0900,,문구 수정(가이드 재작성),409,나이가 들면서 감정이 변했나요?,,,
408,2,만약 감정이 사라진다면 어떨까요?,2,기쁨도 슬픔도 없는 상태를 상상해봐요.,"그게 편할 것 같나요, 공허할 것 같나요?",감정이 나에게 어떤 역할을 하고 있나요?,2026-02-26 22:43:32.558 +0900,2026-02-26 22:43:32.558 +0900,,유지,,,,,
407,2,"미래가 불안할 때, 어떤 부분이 가장 걱정되나요?",2,앞으로의 삶에 대한 막연한 걱정이요.,어떤 부분이 가장 불안한가요?,불안을 다루는 나만의 방법이 있나요?,2026-02-26 22:43:32.558 +0900,2026-02-26 22:43:32.558 +0900,,유지,407,,,,감정 민감도
406,2,혼자 있을 때 불안함을 어느정도 느끼나요?,2,"혼자만의 시간이 편한지, 불안한지요.",사람이 없으면 뭐가 달라지나요?,"외로움과 불안은 같은 건가요, 다른 건가요?",2026-02-26 22:43:32.558 +0900,2026-02-26 22:43:32.558 +0900,,유지,406,,,,감정 민감도
405,2,걱정이 생기면 나는 주로 어떻게 하나요?,2,걱정을 다루는 방식은 사람마다 달라요.,"바로 해결하기, 털어놓기, 잊으려 하기를 떠올려봐요.",그 방식이 걱정을 줄여주나요?,2026-02-26 22:43:32.558 +0900,2026-09-30 23:17:32.000 +0900,,문구 수정(가이드 재작성),405,걱정이 많은 편인가요? 요즘 가장 큰 걱정은 뭔가요?,,,스트레스 대처
404,2,가장 두려운 실패는 어떤 실패인가요?,2,두려운 실패에는 내가 지키고 싶은 게 담겨 있어요.,"관계, 일, 시험, 기대 중에 떠올려봐요.",그 실패가 두려운 이유는 뭐예요?,2026-02-26 22:43:32.558 +0900,2026-09-30 23:17:32.000 +0900,,문구 수정(가이드 재작성),404,실패가 두려운 편인가요? 어떤 실패가 가장 무서운가요?,,,감정 민감도
403,2,"잠 못 드는 밤, 나를 진정시키는 방법은 무엇인가요?",2,잠 못 드는 밤에는 나만의 방법이 필요해요.,"심호흡, 음악, 따뜻한 차, 생각 적기를 떠올려봐요.",그 방법이 효과 있는 이유는 뭘까요?,2026-02-26 22:43:32.558 +0900,2026-09-30 23:17:32.000 +0900,,문구 수정(가이드 재작성),403,"밤에 갑자기 불안해진 적이 있다면, 어떤 생각이 찾아왔나요?",,,스트레스 대처
402,2,가장 위로가 되는 말은 무엇인가요?,1,힘들 때 듣고 싶은 말을 떠올려봐요.,왜 그 말이 위로가 되나요?,나에게 필요한 위로의 방식은 뭔가요?,2026-02-26 22:43:32.558 +0900,2026-02-26 22:43:32.558 +0900,,유지,,,,,
401,2,"슬플 때 슬픈 노래를 듣는 편인가요, 신나는 노래를 듣는 편인가요?",2,슬플 때 찾는 노래에 감정을 다루는 방식이 보여요.,"슬픔에 푹 빠지는지, 신나는 걸로 바꾸는지 떠올려봐요.",그렇게 하고 나면 기분이 어떻게 달라져요?,2026-02-26 22:43:32.558 +0900,2026-09-30 23:17:32.000 +0900,,문구 수정(가이드 재작성),401,슬픈 영화나 노래를 일부러 찾아보며 감정을 쏟아내고 싶었던 적이 있나요?,,,스트레스 대처
400,2,혼자 울 때와 누군가 앞에서 울 때가 다른가요?,2,각각의 상황을 떠올려봐요.,어느 쪽이 더 편한가요?,눈물을 보여주는 것이 나에게 어떤 의미인가요?,2026-02-26 22:43:32.558 +0900,2026-02-26 22:43:32.558 +0900,,유지,400,,,,친밀감 방식
399,2,"울고 싶을 때 참는 편인가요, 우는 편인가요?",2,눈물을 대하는 방식은 사람마다 달라요.,울고 싶을 때의 나를 떠올려봐요.,참거나 울고 나면 마음이 어떻게 달라져요?,2026-02-26 22:43:32.558 +0900,2026-09-30 23:17:32.000 +0900,,문구 수정(가이드 재작성),399,"울고 싶어도 꾹 참아야만 했던 순간, 주저하게 만든 건 무엇이었나요?",,,스트레스 대처
398,2,화난 감정이 얼마나 오래가나요?,2,최근에 화가 났던 경험을 떠올려볼까요?,"화가 금방 풀리는 편인지, 느리게 풀리는 편인지 궁금해요.",화가 풀리는 과정도 적어봐요.,2026-02-26 22:43:32.558 +0900,2026-02-26 22:43:32.558 +0900,,유지,398,,,,감정 민감도
397,2,나만의 짜증이 나는 포인트는 무엇인가요?,2,반복적으로 짜증난다고 느껴왔던 부분이 있나요?,왜 그 부분에 민감한 것 같나요?,짜증났던 경험 속 짜증의 이유를 찾아봐요.,2026-02-26 22:43:32.558 +0900,2026-02-26 22:43:32.558 +0900,,유지,397,,,,감정 민감도
396,2,"참다가 폭발하는 편인가요, 그때그때 표현하는 편인가요?",2,감정을 표현하는 타이밍은 사람마다 달라요.,서운한 일이 생겼을 때의 나를 떠올려봐요.,그 방식이 관계에 어떤 영향을 주나요?,2026-02-26 22:43:32.558 +0900,2026-09-30 23:17:32.000 +0900,,문구 수정(가이드 재작성),396,"참다 참다 폭발한 적이 있다면, 어떤 상황이었나요?",,,스트레스 대처
395,2,화가 나면 어떻게 표현하나요?,1,"소리를 지르거나, 참거나, 울거나 등이요.",그 방식이 된 건 언제부터인가요?,화를 표현하는 방식에 만족하나요?,2026-02-26 22:43:32.558 +0900,2026-02-26 22:43:32.558 +0900,,유지,395,,,,스트레스 대처
394,2,다른 사람의 감정에 얼마나 예민하게 반응하는 편인가요?,2,"가까운 사람의 기분에 따라 내 기분도 같이 흔들리는 경험, 있잖아요.",주변 사람의 기분에 따라 내 기분이 어떻게 달라지는지 떠올려봐요.,타인의 감정에 영향받는 것이 나에게 어떤 의미인가요?,2026-02-26 22:43:32.558 +0900,2026-02-26 22:43:32.558 +0900,,유지,394,,,,관계 온도
393,2,"감정을 정리한 뒤에 대화하는 편인가요, 대화하면서 정리하는 편인가요?",2,갈등이나 감정적 상황에서의 나를 떠올려봐요.,두 방식을 각각 써본 적 있나요?,나의 방식이 관계에 미치는 영향도 떠올려봐요.,2026-02-26 22:43:32.558 +0900,2026-02-26 22:43:32.558 +0900,,유지,393,,,,결정 방식
392,2,남들보다 자주 느끼는 감정은 무엇인가요?,2,하루 중 가장 자주 찾아오는 감정을 떠올려봐요.,그 감정이 자주 오는 이유가 뭘까요?,그 감정이 나를 정의한다고 느끼나요?,2026-02-26 22:43:32.558 +0900,2026-02-26 22:43:32.558 +0900,,유지,392,,,,감정 민감도
391,2,가장 실망하는 순간은 어떤 때인가요?,2,최근에 실망했던 경험을 떠올려봐요.,"실망의 원인이 나인가요, 상대인가요, 상황인가요?",실망이 반복되는 패턴이 있나요?,2026-02-26 22:43:32.558 +0900,2026-02-26 22:43:32.558 +0900,,유지,,,,,
390,2,감정에 쉽게 휘둘리는 편인가요? ,2,기분에 따라 행동이 달라지는지 생각해봐요.,어떤 감정에 가장 약한 것 같나요?,"감정에 휘둘리는 것과 감정에 솔직한 것, 차이가 있나요?",2026-02-26 22:43:32.558 +0900,2026-02-26 22:43:32.558 +0900,,유지,390,,,,감정 민감도
389,2,감정을 숨기기 어려워하는 편인가요?,2,주변에서 표정 읽기 쉽다는 말을 듣는지 떠올려봐요.,"드러나는 게 편한가요, 불편한가요?",감정을 숨기고 싶을 때와 보여주고 싶을 때의 차이는 뭔가요?,2026-02-26 22:43:32.558 +0900,2026-02-26 22:43:32.558 +0900,,유지,389,,,,감정 민감도
388,2,나만 알고 싶은 나의 작은 비밀 취향은 무엇인가요?,2,나만 알고 싶은 취향은 은밀한 즐거움이에요.,"혼자 즐기는 음식, 콘텐츠, 습관을 떠올려봐요.",그 취향을 숨기고 싶은 이유는 뭐예요?,2026-02-26 22:43:32.558 +0900,2026-09-30 23:17:32.000 +0900,,문구 수정(가이드 재작성),388,내 삶에서 가장 들키기 싫은 건 무엇인가요?,,,
387,2,싫어하는 것이 나에게 주는 의외의 이점이 있을까요?,2,"정말 싫어하는 상황이나 사람, 감정을 하나 떠올려봐요.",그것이 혹시 나를 보호하거나 숨게 해주는 이득을 주진 않나요?,그 이득 없이도 괜찮다면 나는 어떤 새로운 선택을 하고 싶나요?,2026-02-26 22:43:32.558 +0900,2026-02-26 22:43:32.558 +0900,,유지,,,,,
386,2,힘든 일이 생기면 나는 주로 어떻게 버티나요?,2,힘든 시간을 버티는 방식은 사람마다 달라요.,"혼자 견디기, 털어놓기, 바쁘게 지내기, 잠시 멈추기를 떠올려봐요.",그 방식이 나를 어떻게 지켜주나요?,2026-02-26 22:43:32.558 +0900,2026-09-30 23:17:32.000 +0900,,문구 수정(가이드 재작성),386,지금 겪고 있는 힘든 일이 있다면 무엇인가요?,,,스트레스 대처
385,2,스스로 더 아껴주고 싶은 나의 모습은 무엇인가요?,2,아껴주고 싶은 모습은 그만큼 애쓰는 나의 모습이에요.,"늘 참는 나, 열심히 하는 나, 여린 나를 떠올려봐요.",그 모습에게 어떤 말을 해주고 싶어요?,2026-02-26 22:43:32.558 +0900,2026-09-30 23:17:32.000 +0900,,문구 수정(가이드 재작성),385,나의 어떤 면을 아직 받아들이지 못하고 있나요?,,,자기 인식
384,2,나도 가끔 이해 안 되는 내 습관은 무엇인가요?,2,"""왜 나는 이러지?"" 싶은 습관이 하나쯤 있죠.","먹는 습관, 말버릇, 미루는 습관을 떠올려봐요.",그 습관이 생긴 이유를 짐작해볼까요?,2026-02-26 22:43:32.558 +0900,2026-09-30 23:17:32.000 +0900,,문구 수정(가이드 재작성),384,"나도 이해 안 되는 내 모습이 있다면, 어떤 모습인가요?",,,
383,2,사람들이 잘 모르는 나의 의외의 모습은 무엇인가요?,2,의외의 모습이 오히려 나를 더 잘 보여주기도 해요.,"겉모습과 다른 취향, 성격, 습관을 떠올려봐요.",그 모습을 알면 사람들이 어떤 반응일 것 같아요?,2026-02-26 22:43:32.558 +0900,2026-09-30 23:17:32.000 +0900,,문구 수정(가이드 재작성),383,내 모습을 숨김없이 다 보여준다면 어떤 일이 벌어질 것 같나요?,,,자기 인식
382,2,가장 힘들었던 경험은 무엇이었나요?,2,떠올리기 괜찮은 범위에서만 생각해봐요. 무리하지 않아도 돼요.,그 경험이 나에게 어떤 흔적을 남겼나요?,그때의 나와 지금의 나는 어떻게 달라졌나요?,2026-02-26 22:43:32.558 +0900,2026-02-26 22:43:32.558 +0900,2026-09-30 23:17:32.000 +0900,비활성화(중복 통합),,,,,
381,2,가장 소중한 기억은 무엇인가요?,2,시간이 지나도 선명하게 남아 있는 장면을 떠올려봐요.,그 기억 속에서 어떤 감정을 느꼈나요?,그 기억이 소중한 이유가 지금의 나에 대해 뭘 말해주나요?,2026-02-26 22:43:32.558 +0900,2026-02-26 22:43:32.558 +0900,,유지,,,,,
380,2,하나의 감정을 더 이상 느끼지 않을 수 있다면 무엇을 고르고 싶나요?,2,다시는 느끼고 싶지 않은 감정이나 유독 약해지는 감정이 있기 마련이에요.,나에게 힘든 감정은 무엇인지 떠올려봐요.,그 감정이 사라지면 내 삶은 어떻게 변할까요?,2026-02-26 22:43:32.558 +0900,2026-02-26 22:43:32.558 +0900,,유지,,,,,
379,2,울고 나면 기분이 나아지는 편인가요?,2,울고 난 뒤의 마음은 사람마다 달라요.,"후련함, 허탈함, 개운함 중에 떠올려봐요.","울고 싶을 때 나는 참는 편인가요, 우는 편인가요?",2026-02-26 22:43:32.558 +0900,2026-09-30 23:17:32.000 +0900,,문구 수정(가이드 재작성),379,가장 많이 울었던 날은 언제였나요?,,,스트레스 대처
378,2,하나의 감정만 느낄 수 있다면 무엇을 남기고 싶나요?,2,"기쁨, 슬픔, 평온, 설렘 등 자유롭게 떠올려봐요.",왜 그 감정을 선택했나요?,그 선택이 나에게 가장 중요한 가치를 보여주고 있나요?,2026-02-26 22:43:32.558 +0900,2026-02-26 22:43:32.558 +0900,,유지,,,,,
377,2,방전됐을 때 나를 다시 충전해주는 것은 무엇인가요?,2,에너지가 바닥났을 때 나를 다시 일으키는 게 있어요.,"잠, 음식, 사람, 혼자만의 시간을 떠올려봐요.",나만의 급속 충전 방법을 하나 정한다면 뭐예요?,2026-02-26 22:43:32.558 +0900,2026-09-30 23:17:32.000 +0900,,문구 수정(가이드 재작성),377,"오늘 완전히 방전됐다가 다시 충전된 순간이 있다면, 어떤 때였나요?",,,에너지 방향
376,2,감정을 말로 표현하는 게 쉬운 편인가요?,2,감정을 말로 옮기는 건 생각보다 어려운 일이에요.,기쁠 때와 속상할 때를 나눠서 떠올려봐요.,말로 표현하기 어려울 땐 어떻게 전해요?,2026-02-26 22:43:32.558 +0900,2026-09-30 23:17:32.000 +0900,,문구 수정(가이드 재작성),376,"오늘 감정을 말로 설명하기 참 어려웠던 순간이 있다면, 어떤 때였나요?",,,스트레스 대처
375,2,이번 주 통틀어 가장 환하게 웃었던 기쁜 순간은 언제인가요?,2,세상을 다 가진 듯 마음이 환해졌던 찰나가 있나요?,"그 기쁨은 예상치 못한 선물이었나요, 나의 노력 끝에 왔나요?",비슷한 기쁨을 다음 주에도 나에게 선물할 수 있을까요?,2026-02-26 22:43:32.558 +0900,2026-02-26 22:43:32.558 +0900,2026-09-30 23:17:32.000 +0900,비활성화(중복 통합),,,,,
374,2,다시 느끼고 싶지 않은 감정은 무엇인가요?,2,다시 만나고 싶지 않은 감정도 있죠.,"불안, 서운함, 후회, 외로움 중에 떠올려봐요.",그 감정이 찾아오면 나를 어떻게 지켜요?,2026-02-26 22:43:32.558 +0900,2026-09-30 23:17:32.000 +0900,,문구 수정(가이드 재작성),374,오늘 느낀 감정 중 다시 느끼고 싶지 않은 건 무엇인가요?,,,
373,2,오래 간직하고 싶은 감정은 무엇인가요?,2,오래 간직하고 싶은 감정이 있다면 그건 나의 보물이에요.,"설렘, 뿌듯함, 따뜻함, 평온함을 떠올려봐요.",그 감정을 다시 느끼게 해주는 건 뭐예요?,2026-02-26 22:43:32.558 +0900,2026-09-30 23:17:32.000 +0900,,문구 수정(가이드 재작성),373,"오늘이 지나도 꼭 간직하고 싶은 감정이 있다면, 어떤 건가요?",,,
372,2,지금 내 마음이 가장 간절하게 외치는 소망은 무엇인가요?,2,"다른 누구도 아닌, 오직 나만을 위한 바람이 있나요?",그 바람을 이루기 위해 내가 지금 당장 할 수 있는 건 뭘까요?,"아주 작은 한 걸음, 오늘 바로 시작해볼 수 있을까요?",2026-02-26 22:43:32.558 +0900,2026-02-26 22:43:32.558 +0900,,유지,,,,,
371,2,지금 내 마음의 색깔을 고른다면 어떤 색인가요?,2,지금 기분을 색으로 칠한다면 어떤 톤이 어울릴까요?,"그 색은 따뜻한가요, 차가운가요? 아니면 선명한가요?",내일은 내 마음의 캔버스를 어떤 색으로 채우고 싶나요?,2026-02-26 22:43:32.558 +0900,2026-02-26 22:43:32.558 +0900,,유지,,,,,
370,2,아침에 눈을 뜨면 가장 먼저 드는 기분은 주로 어떤가요?,2,눈 뜨는 순간의 기분이 하루의 첫 색깔이 되기도 해요.,"개운함, 피곤함, 설렘, 막막함 중에 떠올려봐요.",그 첫 기분을 바꾸고 싶다면 뭘 해볼 수 있을까요?,2026-02-26 22:43:32.558 +0900,2026-09-30 23:17:32.000 +0900,,문구 수정(가이드 재작성),370,"오늘 아침, 눈을 떴을 때 가장 먼저 든 기분은 무엇인가요?",,,
369,2,가장 마주하기 싫은 감정은 무엇인가요?,2,마주하기 불편한 감정은 누구에게나 있어요.,"부끄러움, 외로움, 질투, 무력감을 떠올려봐요.",그 감정을 피하게 되는 이유는 뭘까요?,2026-02-26 22:43:32.558 +0900,2026-09-30 23:17:32.000 +0900,,문구 수정(가이드 재작성),369,오늘 내가 필사적으로 피하고 싶었던 감정은 무엇인가요?,,,감정 민감도
368,2,지금 내 기분을 한 단어로 말하면 무엇인가요?,2,머릿속을 스치는 가장 직관적인 단어 하나를 골라봐요.,왜 그 단어가 지금 내 마음의 대표가 되었을까요?,내일은 어떤 단어로 내 하루를 꾸며보고 싶나요?,2026-02-26 22:43:32.558 +0900,2026-09-30 23:17:32.000 +0900,,문구 수정(가이드 유지),368,지금 내 기분을 딱 한 단어로 정의한다면 뭘까요?,,,
367,2,속으로만 담아두는 감정은 주로 어떤 감정인가요?,2,꺼내지 않고 담아두는 감정이 있죠.,"서운함, 부러움, 불안, 고마움 중에 떠올려봐요.",그 감정을 꺼내기 어려운 이유는 뭘까요?,2026-02-26 22:43:32.558 +0900,2026-09-30 23:17:32.000 +0900,,문구 수정(가이드 재작성),367,"이번 주에 아직 꺼내지 못한 감정이 있다면, 무엇인가요?",,,스트레스 대처
366,2,"마음이 무거울 때, 어떻게 행동하나요?",2,내 기분의 원인을 스스로 다정하게 물어본 적 있나요?,이유를 알아냈을 때 마음이 조금 가벼워지는 걸 느꼈나요?,지금 마음 한구석을 짓누르는 게 있다면 밖으로 꺼내봐요.,2026-02-26 22:43:32.558 +0900,2026-02-26 22:43:32.558 +0900,,유지,366,,,,스트레스 대처
365,2,나를 가장 쉽게 지치게 만드는 것은 무엇인가요?,2,에너지를 쑥 빼앗아 가는 것들이 있어요.,"사람, 상황, 생각, 일 중에 떠올려봐요.",그것으로부터 나를 지키는 방법은 뭐예요?,2026-02-26 22:43:32.558 +0900,2026-09-30 23:17:32.000 +0900,,문구 수정(가이드 재작성),365,오늘 나를 가장 진 빠지게 만든 감정은 무엇인가요?,,,감정 민감도
364,2,나를 가장 강하게 흔드는 감정은 무엇인가요?,2,유독 강하게 나를 흔드는 감정이 있어요.,"분노, 불안, 설렘, 서운함 중에 떠올려봐요.",그 감정 아래 숨은 나의 바람은 뭘까요?,2026-02-26 22:43:32.558 +0900,2026-09-30 23:17:32.000 +0900,,문구 수정(가이드 재작성),364,최근 나를 가장 강하게 흔들어 놓은 감정은 무엇인가요?,,,감정 민감도
363,2,감정이 무뎌졌다고 느낄 때 나는 어떻게 하나요?,2,감정이 무뎌지는 건 쉬고 싶다는 신호일 수도 있어요.,"잠, 산책, 좋아하는 것 찾기, 사람 만나기를 떠올려봐요.",그렇게 하면 감정이 다시 살아나나요?,2026-02-26 22:43:32.558 +0900,2026-09-30 23:17:32.000 +0900,,문구 수정(가이드 재작성),363,감정이 멈추거나 굳어버린 것 같은 기분이 들었나요?,,,
362,2,기분이 갑자기 바뀌는 순간은 주로 언제인가요?,2,기분이 바뀌는 순간을 알면 나를 더 잘 돌볼 수 있어요.,"배고플 때, 피곤할 때, 누군가의 말을 들었을 때를 떠올려봐요.",그 순간을 미리 알아채면 어떻게 대처할 수 있을까요?,2026-02-26 22:43:32.558 +0900,2026-09-30 23:17:32.000 +0900,,문구 수정(가이드 재작성),362,"오늘 감정의 온도가 급격히 변한 시점이 있다면, 어떤 때였나요?",,,감정 민감도
361,2,"내 기분은 예측이 잘 되는 편인가요, 변덕스러운 편인가요?",2,기분의 흐름에도 나만의 패턴이 있어요.,하루 동안 기분이 어떻게 변하는지 떠올려봐요.,내 기분을 흔드는 건 주로 뭐예요?,2026-02-26 22:43:32.558 +0900,2026-09-30 23:17:32.000 +0900,,문구 수정(가이드 재작성),361,오늘 감정이 내 예상과 전혀 다르게 흘러갔나요?,,,감정 민감도
360,2,요즘 가장 자주 느끼는 감정은 무엇인가요?,2,자꾸 찾아오는 감정은 나에게 할 말이 있을지도 몰라요.,"기쁨, 피곤함, 설렘, 걱정 중에 떠올려봐요.",그 감정이 나에게 하고 싶은 말은 뭘까요?,2026-02-26 22:43:32.558 +0900,2026-09-30 23:17:32.000 +0900,,문구 수정(가이드 재작성),360,오늘 하루 중 가장 단골손님처럼 찾아온 감정은 무엇인가요?,,,
359,2,나를 든든하게 지탱해주는 감정은 무엇인가요?,2,내 안에서 뿌리 깊게 자리 잡은 긍정적인 힘이 있나요?,"그 에너지는 어디서 공급받고, 어떻게 유지되고 있나요?",나를 버티게 해주는 그 고마운 마음에게 인사해봐요.,2026-02-26 22:43:32.558 +0900,2026-09-30 23:17:32.000 +0900,,문구 수정(가이드 유지),359,요즘 나를 든든하게 지탱해주는 감정은 무엇인가요?,,,
358,2,마음이 흐릿하고 가라앉는 날은 주로 어떤 날인가요?,2,마음이 흐릿한 날에도 이유가 있을 수 있어요.,"날씨, 피로, 사람, 해야 할 일을 떠올려봐요.",그런 날의 나에게 어떤 말을 해주고 싶어요?,2026-02-26 22:43:32.558 +0900,2026-09-30 23:17:32.000 +0900,,문구 수정(가이드 재작성),358,"오늘 내 마음이 회색빛처럼 흐릿했던 때가 있다면, 어떤 순간이었나요?",,,
357,2,기분이 처질 때 나를 살려내는 것은 무엇인가요?,2,무거운 기분을 가볍게 해주는 나만의 치트키가 있어요.,"음식, 사람, 음악, 잠, 산책을 떠올려봐요.",그게 통하는 이유는 뭘까요?,2026-02-26 22:43:32.558 +0900,2026-09-30 23:17:32.000 +0900,,문구 수정(가이드 재작성),357,"축 처져 있다가 기분이 다시 살아난 계기가 있다면, 어떤 건가요?",,,스트레스 대처
356,2,나를 기분 좋게 하는 사소한 것은 무엇인가요?,1,거창하지 않아도 입가에 미소가 번지는 것들이 있어요.,"좋아하는 음료, 햇살, 귀여운 동물, 반가운 연락을 떠올려봐요.",그게 기분 좋은 이유는 뭘까요?,2026-02-26 22:43:32.558 +0900,2026-09-30 23:17:32.000 +0900,,문구 수정(가이드 재작성),356,"오늘 아주 잠깐이라도 행복이 스친 순간이 있다면, 어떤 순간이었나요?",,,
355,2,감정을 억누르기 힘든 순간은 주로 언제인가요?,2,참으려 해도 불쑥 튀어나오는 감정이 있어요.,"피곤할 때, 억울할 때, 무시당했다고 느낄 때를 떠올려봐요.",그 감정이 전하려는 진심은 뭘까요?,2026-02-26 22:43:32.558 +0900,2026-09-30 23:17:32.000 +0900,,문구 수정(가이드 재작성),355,오늘 감정을 억누르기 힘든 순간이 있었나요?,,,감정 민감도
354,2,요즘 내 마음 상태를 점수로 매기면 몇 점인가요?,2,마음 상태를 숫자로 보면 더 선명해져요.,0점부터 10점 사이에서 골라봐요.,그 점수를 1점 올리려면 뭐가 필요할까요?,2026-02-26 22:43:32.558 +0900,2026-09-30 23:17:32.000 +0900,,문구 수정(가이드 재작성),354,오늘 하루 감정 그래프를 그리면 어떤 모양일까요?,,,
353,2,내가 나에게 가장 듣고 싶은 칭찬은 무엇인가요?,2,나에게 하는 칭찬은 다른 사람의 칭찬만큼 힘이 돼요.,"성실함, 다정함, 끈기처럼 인정받고 싶은 부분을 떠올려봐요.",그 칭찬을 오늘 나에게 해준다면 어떨까요?,2026-02-26 22:43:32.558 +0900,2026-09-30 23:17:32.000 +0900,,문구 수정(가이드 재작성),353,오늘 내 자신에게 칭찬 한 마디를 남긴다면 무엇일까요?,,,
352,2,나를 가장 잘 설명해주는 노래는 무엇인가요?,2,"들을 때마다 ""이건 내 얘기야"" 싶은 노래가 있죠.","가사, 분위기, 멜로디 중 뭐가 나와 닮았는지 떠올려봐요.",그 노래가 나를 설명해주는 이유는 뭐예요?,2026-02-26 22:43:32.558 +0900,2026-09-30 23:17:32.000 +0900,,문구 수정(가이드 재작성),352,"나를 가장 잘 설명해주는 노래 한 소절이 있다면, 어떤 노래인가요?",,,
351,2,스스로도 놀랐던 내 감정 반응은 무엇인가요?,2,평소의 나답지 않은 반응에 새로운 내가 숨어 있어요.,"생각보다 크게 웃거나 울었던 순간, 의외로 덤덤했던 순간을 떠올려봐요.",그 반응이 놀라웠던 이유는 뭘까요?,2026-02-26 22:43:32.558 +0900,2026-09-30 23:17:32.000 +0900,,문구 수정(가이드 재작성),351,"내 안에서 낯선 감정이 고개를 들었던 적이 있다면, 어떤 느낌이었나요?",,,감정 민감도
350,2,몸과 마음이 기분 좋게 늘어지는 순간은 언제인가요?,2,긴장이 탁 풀리는 순간은 소중한 쉼이에요.,"따뜻한 이불 속, 샤워 후, 주말 오후를 떠올려봐요.",이런 편안함을 더 자주 느끼려면 무엇이 필요할까요?,2026-02-26 22:43:32.558 +0900,2026-09-30 23:17:32.000 +0900,,문구 수정(가이드 재작성),350,몸과 마음이 기분 좋게 늘어진 순간이 있었나요?,,,
349,2,울컥할 때 나는 주로 어떻게 넘기나요?,2,감정이 파도처럼 밀려올 때가 있어요.,"솔직하게 표현하는지, 꾹 눌러 담는지 떠올려봐요.",그렇게 넘기고 나면 마음이 어떻게 달라져요?,2026-02-26 22:43:32.558 +0900,2026-09-30 23:17:32.000 +0900,,문구 수정(가이드 재작성),349,"울컥하거나 감정이 터질 뻔한 순간, 어떻게 넘겼나요?",,,스트레스 대처
348,2,"요즘 내 마음은 기쁨, 불안, 평온 중 어디에 가까운가요?",2,요즘 내 곁을 지키는 기분에 이름을 붙여봐요.,"기쁨, 불안, 평온 중 가장 가까운 걸 골라봐요.",그 마음이 된 이유는 뭐라고 생각해요?,2026-02-26 22:43:32.558 +0900,2026-09-30 23:17:32.000 +0900,,문구 수정(가이드 재작성),348,오늘 하루를 관통한 감정에 이름을 붙인다면 무엇일까요?,,,
347,2,힘든 날 나를 달래주는 나만의 방법은 무엇인가요?,2,힘든 날 나를 달래는 방법이 있으면 든든해요.,"따뜻한 음식, 좋아하는 노래, ""괜찮아""라는 혼잣말을 떠올려봐요.",그 방법이 나에게 잘 맞는 이유는 뭘까요?,2026-02-26 22:43:32.558 +0900,2026-09-30 23:17:32.000 +0900,,문구 수정(가이드 재작성),347,"오늘 속으로 나를 가만히 안아준 적이 있다면, 어떤 순간이었나요?",,,스트레스 대처
346,2,지금 내 머릿속에 흐르는 BGM은 무엇인가요?,2,지금 기분에 어울리는 멜로디나 가사가 떠오르나요?,"가사가 내 마음 같아서인가요, 아니면 분위기 때문인가요?",그 노래가 지금 나에게 들려주고 싶은 말은 무엇일까요?,2026-02-26 22:43:32.558 +0900,2026-02-26 22:43:32.558 +0900,,유지,,,,,
345,2,고생한 나를 토닥여주고 싶은 날은 주로 어떤 날인가요?,2,버겁지만 끝까지 해낸 날은 토닥여줄 만해요.,"바빴던 날, 참았던 날, 애썼던 날을 떠올려봐요.",그날의 나에게 건네고 싶은 한마디는 뭐예요?,2026-02-26 22:43:32.558 +0900,2026-09-30 23:17:32.000 +0900,,문구 수정(가이드 재작성),345,최근 나에게 고생했다고 토닥여주고 싶은 날은 언제였나요?,,,
344,2,멍하니 있고 싶을 때는 언제인가요?,2,멍하니 있고 싶은 순간은 마음이 쉬고 싶다는 신호일 수 있어요.,"퇴근길, 잠들기 전, 창밖을 볼 때를 떠올려봐요.",멍하니 있고 나면 어떤 기분이 들어요?,2026-02-26 22:43:32.558 +0900,2026-09-30 23:17:32.000 +0900,,문구 수정(가이드 재작성),344,오늘 갑자기 멍해진 순간이 있었나요?,,,
343,2,"내가 느끼는 감정과 남들이 보는 내 감정, 얼마나 다른가요?",2,"나는 화가 났지만 상대는 무덤덤했던 적, 혹은 별거 아닌 감정이 과하게 전달된 적 있나요?","감정을 일부러 숨기는 편인가요, 아니면 오히려 크게 표현하는 편인가요?","타인이 내 감정을 실제보다 과하게 혹은 부족하게 읽을 때, 안도감을 느끼나요 아니면 섭섭함을 느끼나요?",2026-02-26 22:43:32.558 +0900,2026-02-26 22:43:32.558 +0900,,유지,343,,,,자기 인식
342,2,감정이 격해질 때 말이 많아지나요 적어지나요?,2,화가 나거나 슬펐던 최근의 순간을 떠올려 봐요.,"내 마음을 설명하려 애썼나요, 아니면 침묵하며 감정을 가라앉혔나요?",감정이 격해졌을 때의 행동에 대해 후회한적이 있는지도 생각해봐요.,2026-02-26 22:43:32.558 +0900,2026-02-26 22:43:32.558 +0900,,유지,342,,,,스트레스 대처
341,1,평소 어떤 상상을 가장 자주 하나요?,2,"주로 현실에서 벗어나고 싶을 때인가요, 아니면 더 나은 미래를 꿈꿀 때인가요?",상상 속의 시공간은 지금 내가 발을 딛고 있는 현실과 얼마나 다른가요?,그 상상이 나에게 어떤 위로를 주나요?,2026-02-26 22:43:32.558 +0900,2026-02-26 22:43:32.558 +0900,,유지,341,,,,새로움 추구
340,1,집에 방이 하나 더 생긴다면 무엇을 하는 장소로 만들고 싶나요?,2,"그 공간은 나를 위한 완벽한 쉼터인가요, 아니면 무언가에 몰입하는 공간인가요?",그 방에 혼자 있을 때 어떤 소품이나 가구가 나를 가장 편안하게 만들까요?,그 공간에서 어떤 시간을 보내고 싶나요?,2026-02-26 22:43:32.558 +0900,2026-02-26 22:43:32.558 +0900,,유지,,,,,
339,1,유튜버가 된다면 어떤 콘텐츠를 올리고 싶나요?,1,내가 관심 있는 내용을 같은 관심사를 갖은 사람들과 공유하는 건 재밌는 일이에요.,조회수와 상관없이 내가 가장 즐겁게 이야기할 수 있는 주제가 있나요?,그 주제에 관심을 갖게 된 이유가 궁금해요.,2026-02-26 22:43:32.558 +0900,2026-02-26 22:43:32.558 +0900,,유지,,,,,
338,1,더 깊이 알고 싶은 분야나 주제는 무엇인가요?,2,더 알고 싶은 마음은 새로운 나를 여는 문이에요.,요즘 자꾸 찾아보게 되는 분야나 주제를 떠올려봐요.,그 주제가 궁금해진 계기는 뭐예요?,2026-02-26 22:43:32.558 +0900,2026-09-30 23:17:32.000 +0900,,문구 수정(가이드 재작성),338,오늘 새롭게 알게 된 것 중 더 궁금해진 건 무엇이었나요?,,,새로움 추구
337,1,나에게 진짜 휴식은 어떤 모습인가요?,2,진짜 쉼의 모습은 사람마다 정말 달라요.,"혼자 누워 있기, 산책, 사람 만나기, 취미 즐기기를 떠올려봐요.",그렇게 쉬고 나면 어떤 에너지가 생겨요?,2026-02-26 22:43:32.558 +0900,2026-09-30 23:17:32.000 +0900,,문구 수정(가이드 재작성),337,오늘 온전한 휴식시간을 보냈나요?,,,에너지 방향
336,1,복잡한 마음을 잠시 쉬게 해주는 것은 무엇인가요?,2,생각을 잠시 멈추게 해주는 것이 있으면 든든해요.,"좋아하는 활동, 장소, 물건, 사람을 떠올려봐요.",그게 나를 쉬게 하는 이유는 뭘까요?,2026-02-26 22:43:32.558 +0900,2026-09-30 23:17:32.000 +0900,,문구 수정(가이드 재작성),336,오늘 내 복잡한 마음을 잠시 쉬게 해준 건 무엇이었나요?,,,스트레스 대처
335,1,돈이 아깝지 않았던 소비는 무엇인가요?,2,돈을 썼는데도 오히려 채워진 느낌이 드는 소비가 있어요.,"물건, 경험, 선물, 음식 중에 떠올려봐요.",그 소비가 아깝지 않았던 이유는 뭐예요?,2026-02-26 22:43:32.558 +0900,2026-09-30 23:17:32.000 +0900,,문구 수정(가이드 재작성),335,오늘 쓴 돈이나 시간 중 가심비 최고였던 건 무엇이었나요?,,,
334,1,요즘 가장 꽂혀 있는 키워드는 무엇인가요?,2,자주 떠오르는 단어에 요즘의 내가 담겨 있어요.,검색창이나 대화에 자주 등장하는 단어를 떠올려봐요.,그 키워드에 꽂힌 이유는 뭐예요?,2026-02-26 22:43:32.558 +0900,2026-09-30 23:17:32.000 +0900,,문구 수정(가이드 재작성),334,이번 주 가장 꽂혔던 키워드는 뭐였나요?,,,
333,1,가장 좋아하는 소리나 향기는 무엇인가요?,2,좋아하는 감각에는 기억이 함께 담겨 있어요.,"빗소리, 파도 소리, 갓 구운 빵 냄새, 비누 향을 떠올려봐요.",그 소리나 향기를 맡으면 어떤 기억이 떠올라요?,2026-02-26 22:43:32.558 +0900,2026-09-30 23:17:32.000 +0900,,문구 수정(가이드 재작성),333,"오늘 기억에 남는 소리나 향기가 있다면, 어떤 건가요?",,,
332,1,기분까지 충전해주는 나만의 소울푸드는 무엇인가요?,1,한 입만으로 기분이 살아나는 음식이 있죠.,힘들 때나 기분 좋을 때 떠오르는 음식을 생각해봐요.,그 음식이 나를 채워주는 이유는 뭘까요?,2026-02-26 22:43:32.558 +0900,2026-09-30 23:17:32.000 +0900,,문구 수정(가이드 재작성),332,오늘 먹은 것 중 기분까지 완벽하게 충전해준 메뉴는 무엇인가요?,,,
331,1,기록으로 남기고 싶은 순간은 주로 어떤 때인가요?,2,남기고 싶은 순간에는 내가 아끼는 것이 담겨 있어요.,"사진, SNS, 일기, 메모 중 어디에 주로 남기는지 떠올려봐요.",그 순간을 기록하고 싶은 이유는 뭐예요?,2026-02-26 22:43:32.558 +0900,2026-09-30 23:17:32.000 +0900,,문구 수정(가이드 재작성),331,SNS에 일상을 올리는 편인가요? 올린다면 어떤 순간을 주로 올리나요?,,,
330,1,돈 걱정 없이 한 달 살기 한다면 어디로 가고 싶나요?,2,"유럽 소도시, 동남아 해변, 일본 시골... 어디가 떠오르나요?",거기서 뭐 하면서 보내면 즐거울 것 같은지도 떠올려봐요.,가고 싶다는 마음을 갖게 된 이유도 생각해봐요.,2026-02-26 22:43:32.558 +0900,2026-02-26 22:43:32.558 +0900,,유지,,,,,
329,1,하루만 다른 사람으로 살 수 있다면 어떤 사람으로 살고 싶나요?,2,딱 떠오르는 사람이 있나요? 연예인이든 가상인물이든 괜찮아요.,그 사람의 뭐가 궁금하거나 부러운 건가요?,지금의 나와 다른 점도 떠올려봐요.,2026-02-26 22:43:32.558 +0900,2026-02-26 22:43:32.558 +0900,,유지,329,,,,자기 인식
328,1,모으고 있는 물건이 있나요? 없다면 자꾸 사게 되는 물건을 알려주세요.,2,모으는 물건에는 나만의 애정이 담겨 있어요.,"스티커, 컵, 키링, 엽서처럼 떠올려봐요.",그 물건을 모으게 된 시작은 뭐였어요?,2026-02-26 22:43:32.558 +0900,2026-09-30 23:17:32.000 +0900,,문구 수정(가이드 재작성),328,꾸준히 수집하는 물건이 있다면 무엇인가요?,,,
327,1,유독 마음이 끌리는 외국어가 있다면 무엇인가요?,2,"어떤 단어의 발음이 예뻐서, 혹은 좋아하는 영화나 노래의 분위기가 좋아서 자꾸만 귀를 기울이게 되는 언어가 있는지 떠올려 보세요.",낯설지만 멋지게 느껴지는 이유를 적어보고,내가 그 언어를 쓰게 된다면 가장 먼저 무엇을 하고 싶은지도 떠올려봐요.,2026-02-26 22:43:32.558 +0900,2026-02-26 22:43:32.558 +0900,,유지,,,,,
326,1,평소 좋아하는 스타일링 분위기는 무엇인가요? 옷·헤어·메이크업 무엇이든 좋아요.,2,스타일링은 나를 표현하는 방법 중 하나예요.,"옷, 헤어, 메이크업 중 신경 쓰는 걸 떠올려봐요.",그 분위기가 좋은 이유는 뭐예요?,2026-02-26 22:43:32.558 +0900,2026-09-30 23:17:32.000 +0900,,문구 수정(가이드 재작성),326,평소 좋아하는 메이크업 분위기는 무엇인가요?,,,
325,1,마음에 오래 남은 문장은 무엇인가요? 책·노래·대사 무엇이든 좋아요.,2,오래 남는 문장은 내 마음 어딘가를 건드렸기 때문이에요.,"책, 노래 가사, 드라마 대사를 떠올려봐요.",그 문장이 오래 남은 이유는 뭘까요?,2026-02-26 22:43:32.558 +0900,2026-09-30 23:17:32.000 +0900,,문구 수정(가이드 재작성),325,좋아하는 시의 제목이나 글귀가 있다면 어떤 건가요?,,,
324,1,지금 당장 떠나고 싶은 여행지는 어디인가요?,2,왜 하필 지금 그곳의 풍경이 간절하게 떠오르는지 생각해 봐요.,그곳에 도착해서 가장 먼저 내뱉고 싶은 말은 무엇인가요?,여행을 마치고 돌아올 때 어떤 마음을 챙겨오고 싶나요?,2026-02-26 22:43:32.558 +0900,2026-02-26 22:43:32.558 +0900,,유지,,,,,
323,1,가장 좋아하는 브랜드는 무엇인가요?,2,유독 끌리는 브랜드가 있잖아요.,그 브랜드의 어떤 점이 좋은지 떠올려봐요.,그 브랜드의 어떤 물건들을 갖고 있나요?,2026-02-26 22:43:32.558 +0900,2026-02-26 22:43:32.558 +0900,,유지,,,,,
322,1,좋아하는 계절과 시간대는 언제인가요?,2,그때 주로 어디에서 누구와 무엇을 하고 싶은지 상상해 봐요.,그 풍경을 가만히 바라볼 때 내 마음은 어떤 상태가 되나요?,그 계절과 시간이 돌아오면 나는 어떤 새로운 다짐을 하나요?,2026-02-26 22:43:32.558 +0900,2026-02-26 22:43:32.558 +0900,,유지,,,,,
321,1,"한 번쯤은 시도해보고 싶은 패션 스타일이 있다면, 어떤 건가요?",2,멋있다고 생각하면서 안 입는 스타일 있지 않나요?,"나랑 안 어울릴 것 같아서, 눈에 띌 것 같아서...",왜 그 스타일을 입고 싶은지도 떠올려봐요.,2026-02-26 22:43:32.558 +0900,2026-02-26 22:43:32.558 +0900,,유지,,,,,
320,1,힘들 때 찾게 되는 곳은 어디인가요?,2,"역사적 공간에서 바쁘게 움직이는 광화문, 바다가 보여서 위로가 되는 묵호 등 각자 다른 공간에서 위로를 얻곤 해요.",왜 힘이 되는 공간이라고 생각하나요?,그곳을 찾았던 기억들을 더듬어봐요.,2026-02-26 22:43:32.558 +0900,2026-09-30 23:17:32.000 +0900,,문구 수정(가이드 유지),320,"힘들 때마다 찾게 되는 곳이 있다면, 어디인가요?",,,스트레스 대처
319,1,반대되는 성격이 좋나요 아니면 비슷한 성격이 좋나요?,2,"다른 성격이라 더 좋기도, 같은 성격이라 더 좋기도 해요.",내가 좋아하는 유형의 사람들을 떠올리며 좋아하는 성격을 구체적으로 생각해봐요.,왜 그런 성격을 선호하나요?,2026-02-26 22:43:32.558 +0900,2026-02-26 22:43:32.558 +0900,,유지,319,,,,친밀감 방식
318,1,가장 좋아하는 게임은 무엇인가요?,2,스트레스를 받으면 자꾸 찾게 되는 게임이 있나요?,그 게임을 왜 좋아하게 됐는지 생각해봐요.,어떤 시간대에 그 게임을 하는지도 적어봐요.,2026-02-26 22:43:32.558 +0900,2026-02-26 22:43:32.558 +0900,,유지,,,,,
317,1,노래방에 가면 꼭 부르는 노래는 무엇인가요?,1,"고음이 가득해서 스트레스가 풀리는 노래, 서정적인 멜로디가 좋은 노래 혹은 친구들과 부르기 재밌는 아이돌 노래인가요?",18번 곡이 있다면 뭘지 떠올려봐요.,그 노래를 부를 때 어떤 기분이 드나요?,2026-02-26 22:43:32.558 +0900,2026-02-26 22:43:32.558 +0900,,유지,,,,,
316,1,가장 좋아하는 유튜버는 누구인가요?,2,유튜브가 레드오션이라고 해도 자꾸 생각나서 찾게 되는 유튜버가 있나요?,어떻게 그 유튜버를 알게 됐는지 떠올려봐요.,어떤 점이 자꾸 영상을 보게 만드나요?,2026-02-26 22:43:32.558 +0900,2026-02-26 22:43:32.558 +0900,,유지,,,,,
315,1,새로운 걸 배울 때 나에게 맞는 방식은 무엇인가요?,2,배우는 방식은 사람마다 달라요.,"직접 해보기, 영상 보기, 책 읽기, 누군가에게 배우기를 떠올려봐요.",그 방식이 나에게 맞는 이유는 뭘까요?,2026-02-26 22:43:32.558 +0900,2026-09-30 23:17:32.000 +0900,,문구 수정(가이드 재작성),315,"나만의 공부 스타일이 있다면, 어떤 건가요?",,,새로움 추구
314,1,여행 갈 때 계획파인가요 무계획파인가요?,2,여행을 가는 건 즐거운 일이죠.,"더 즐기기 위해 촘촘한 계획을 채우기도 하고, 자유롭게 즐기고자 계획 없이 떠나기도 해요.","같이 가는 사람에 따라 달라지는지, 어떤 여행을 즐기는지 떠올려봐요.",2026-02-26 22:43:32.558 +0900,2026-02-26 22:43:32.558 +0900,,유지,314,,,,계획·실행
313,1,이동하는 시간에 나는 주로 무슨 생각을 하나요?,2,이동 시간은 의외로 나만의 소중한 사색 시간이 되기도 해요.,"음악 듣기, 멍 때리기, SNS 보기 등을 떠올려봐요.",그 시간이 나에게 어떤 의미인가요?,2026-02-26 22:43:32.558 +0900,2026-02-26 22:43:32.558 +0900,,유지,313,,,,새로움 추구
312,1,낮잠 자는 걸 좋아하나요?,2,사람마다 수면 방식이 달라요.,"밤에 짧게 자고 낮잠 자는 걸 즐기기도, 낮잠 자는 걸 기피하기도 하죠.",언제쯤 졸음이 쏟아졌는지도 떠올려봐요.,2026-02-26 22:43:32.558 +0900,2026-02-26 22:43:32.558 +0900,,유지,,,,,
311,1,취미에 일주일에 얼마나 시간을 쓰나요?,2,좋아하는 일이어도 매일 같이 시간을 내기 어렵기도 해요.,"취미 생활은 무엇인지, 어떻게 즐기고 있는지 떠올려봐요.",취미에 대한 목표는 무엇인가요?,2026-02-26 22:43:32.558 +0900,2026-02-26 22:43:32.558 +0900,,유지,311,,,,가치·동기
310,1,최애 잠옷은 무엇인가요?,2,너덜너덜해져도 놓아줄 수 없는 최애 잠옷이 있나요?,왜 그 잠옷을 좋아하는지도 궁금해요.,집에서 어떻게 지내는 걸 좋아하나요?,2026-02-26 22:43:32.558 +0900,2026-02-26 22:43:32.558 +0900,,유지,,,,,
309,1,"언젠가 살아보고 싶은 곳이 있다면, 어디인가요?",2,"맑은 공기가 있는 지방, 화려한 불빛으로 가득한 도시, 혹은 오래 살아 정감이 가는 고향인가요?",언제 어떻게 살고 싶은지도 떠올려봐요.,이상적인 집은 뭐라고 생각하고 있나요?,2026-02-26 22:43:32.558 +0900,2026-02-26 22:43:32.558 +0900,,유지,,,,,
308,1,쉴 때마다 구경하는 앱은 무엇인가요?,2,쉴 틈이 날 때마다 손이 가는 앱이 있죠.,"인스타, 유튜브, 당근 등 뭐가 떠오르나요?",그 앱을 몇시간 썼는지도 확인해봐요.,2026-02-26 22:43:32.558 +0900,2026-02-26 22:43:32.558 +0900,,유지,,,,,
307,1,인생 드라마는 무엇인가요?,1,16부작이어도 너무 짧다고 느껴질 정도로 재밌었던 드라마를 떠올려봐요.,"로맨스, 스릴러, 코미디 혹은 직업물이었나요?",그 드라마가 내게 미친 영향도 떠올려봐요.,2026-02-26 22:43:32.558 +0900,2026-02-26 22:43:32.558 +0900,,유지,,,,,
306,1,지금까지 산 것 중 가장 만족스러운 건 무엇인가요?,2,돈을 썼는데 더 풍족해진 것 같은 소비가 있어요.,"오래 쓴 물건, 잘 산 옷, 좋은 경험을 떠올려봐요.",그 물건이 일상에 어떤 변화를 줬나요?,2026-02-26 22:43:32.558 +0900,2026-09-30 23:17:32.000 +0900,,문구 수정(가이드 재작성),306,최근 산 것 중 가장 만족스러운 건 무엇인가요?,,,
305,1,위시리스트에서 가장 사고 싶은 것은 무엇인가요?,2,위시리스트가 가득 차도 그중에서 가장 생각나는 물건이 있죠.,"독특해서 매일 입기 어려울 것 같은 옷, 맛있어보이지만 비싼 젤리, 신기한데 쓸지 모를 물건인가요?",왜 사고 싶었는데 아직 사지 않았는지 떠올려봐요.,2026-02-26 22:43:32.558 +0900,2026-02-26 22:43:32.558 +0900,,유지,,,,,
304,1,"사진을 많이 찍나요, 눈으로만 담는 것을 즐기나요?",2,"멋진 풍경을 마주했을 때 카메라를 먼저 꺼내는지, 혹은 가만히 감상부터 하는지 떠올려 봐요.",최근 여행이나 나들이 때를 떠올려봐요.,"사진 찍기에 집중하느라 순간을 놓쳤거나, 사진을 남기지 않아 아쉬웠던 경험이 있나요?",2026-02-26 22:43:32.558 +0900,2026-02-26 22:43:32.558 +0900,,유지,,,,,
303,1,"야심 차게 시작했다가 금방 포기한 취미가 있다면, 어떤 건가요?",2,도전했다는 것만으로도 충분히 재미있는 경험이에요.,3일 만에 접은 헬스장? 아니면 야심 차게 구독한 영어 회화인가요?,왜 계속하지 못했을까요?,2026-02-26 22:43:32.558 +0900,2026-02-26 22:43:32.558 +0900,,유지,303,,,,계획·실행
302,1,평생 한 가지 음식만 먹을 수 있다면 뭘 고르겠어요?,2,매일 먹어도 질리지 않는 음식을 떠올려봐요.,든든한 밥이나 면 요리 혹은 평소 가장 좋아하는 음식을 떠올려 봐요.,왜 그 음식을 유독 좋아하는지도 생각해봐요.,2026-02-26 22:43:32.558 +0900,2026-02-26 22:43:32.558 +0900,,유지,,,,,
301,1,꼭 필요하진 않지만 사고 싶은 물건은 무엇인가요?,2,필요하진 않아도 갖고 싶은 게 있죠.,"귀여운 소품, 새 옷, 취미 용품을 떠올려봐요.",그걸 갖고 싶은 이유는 뭐예요?,2026-02-26 22:43:32.558 +0900,2026-09-30 23:17:32.000 +0900,,문구 수정(가이드 재작성),301,최근에 꼭 필요하지 않지만 산 물건은 무엇인가요?,,,
300,6,인생에서 꼭 한 번은 경험하고 싶은 순간은 무엇인가요?,2,꼭 해보고 싶은 순간에는 내가 바라는 삶이 담겨 있어요.,"오로라 보기, 무대에 서기, 가족과 여행하기처럼 떠올려봐요.",그 순간을 위해 지금 할 수 있는 작은 일은 뭐예요?,2025-12-27 20:31:07.893 +0900,2026-09-30 23:17:32.000 +0900,,문구 수정(가이드 재작성),300,"내 인생에서 꼭 한 번은 경험하고 싶은 순간이 있다면, 어떤 건가요?",,,
299,6,먼 훗날의 내가 지금의 나에게 해줄 말은 무엇일까요?,2,먼 훗날의 내가 지금을 본다면 어떤 마음일까요?,"응원, 걱정, 고마움 중 뭐가 먼저 떠오르나요?",그 말을 지금의 나에게 해준다면 뭐가 달라질까요?,2025-12-27 20:31:07.893 +0900,2026-09-30 23:17:32.000 +0900,,문구 수정(가이드 재작성),299,"인생의 마지막 날, 되돌아본다면 나에게 어떤 말을 할까요?",,,
298,6,남과 나를 비교하게 될 때 어떤 생각이 드나요?,2,남들과 비교하며 마음이 흔들리는 순간이 있잖아요.,부러움인지 혹은 자책인지 솔직한 기분을 생각해봐요.,비교를 멈추고 나에게 집중하려면 무엇을 해야 할까요?,2025-12-27 20:31:07.893 +0900,2025-12-27 20:31:07.893 +0900,,유지,298,,,,감정 민감도
297,6,도전을 해야할 때 나의 마음은 어떤가요?,2,새로운 시작을 앞둔 마음가짐에서 내 성향이 보여요.,실패에 대한 걱정이나 성공에 대한 기대 중 무엇이 더 큰지 봐요.,두려움을 이겨내고 도전했던 마지막 기억은 언제인가요?,2025-12-27 20:31:07.893 +0900,2025-12-27 20:31:07.893 +0900,,유지,297,,,,새로움 추구
296,6,나를 기억하는 사람들에게 어떤 인상을 남기고 싶나요?,2,죽음 이후에도 남겨질 나의 흔적에 대해 생각해봐요.,재산인가요 아니면 내가 남긴 작품이나 이름인가요?,그 유산을 위해 지금 나는 어떻게 살고 있나요?,2025-12-27 20:31:07.893 +0900,2025-12-27 20:31:07.893 +0900,,유지,,,,,
295,6,"힘든 시간을 보내고 있는 사람에게, 어떤 말을 건네고 싶나요?",2,"힘들어하는 누군가를 마주했을 때, 입 밖으로 꺼내지는 못했어도 마음속으로 꼭 전하고 싶었던 진심 어린 문장을 가만히 떠올려봐요.",내가 어려웠던 순간에 나에게 전해주고 싶었던 말일 수도 있어요.,"그 따뜻한 말들이 결국 나 스스로에게도 해주고 싶었던 말은 아니었을지 생각하며, 소중한 사람에게 건네고 싶은  말들을 적어볼까요?",2025-12-27 20:31:07.893 +0900,2025-12-27 20:31:07.893 +0900,,유지,,,,,
294,6,억울한 일을 당했을 때 나는 어떻게 대처하나요?,2,나의 정의로움이 시험받는 순간은 누구에게나 힘들어요.,끝까지 따지는 편인지 혹은 시간이 해결해주길 기다리는지 봐요.,그 대처 방식이 내 마음을 보호하는 데 최선이었나요?,2025-12-27 20:31:07.893 +0900,2025-12-27 20:31:07.893 +0900,,유지,294,,,,관계 온도
293,6,나의 인생을 한 단어로 표현한다면 무엇인가요?,2,내 인생을 한 단어로 적는다면 뭐가 떠오를까요?,"치열함, 따스함 혹은 모험인가요?",그 단어를 선택한 이유는 무엇인가요?,2025-12-27 20:31:07.893 +0900,2025-12-27 20:31:07.893 +0900,,유지,,,,,
292,6,더 나은 세상을 위해 지키는 작은 습관은 무엇인가요?,2,더 나은 세상은 작은 습관에서 시작돼요.,"분리수거, 기부, 친절한 말 한마디를 떠올려봐요.",그 습관을 이어가는 이유는 뭐예요?,2025-12-27 20:31:07.893 +0900,2026-09-30 23:17:32.000 +0900,2026-02-26 22:43:32.558 +0900,이미 삭제됨(다시 쓸 때를 위한 수정안),292,내가 생각하는 '사회적 책임'이란 무엇인가요?,,,
291,6,과거로 돌아가 딱 하나를 바꿀 수 있다면 무엇을 바꾸고 싶나요?,2,후회와 아쉬움을 통해 지금의 나를 돌아보는 시간이에요.,진로 선택이나 인연에 대한 결정이었나요?,그 선택을 바꾼다면 지금의 나는 어떻게 변해 있을까요?,2025-12-27 20:31:07.893 +0900,2026-09-30 23:17:32.000 +0900,,문구 수정(가이드 유지),291,"과거로 돌아갈 수 있다면 바꾸고 싶은 선택이 있다면, 어떤 건가요?",,,결정 방식
290,6,"사람은 원래 착한가요, 노력해야 착해지나요?",2,사람에 대한 나의 근본적인 시각을 확인해봐요.,성선설과 성악설 중 어느 쪽에 더 마음이 가나요?,이 믿음이 사람을 대하는 내 태도를 어떻게 만드나요?,2025-12-27 20:31:07.893 +0900,2026-09-30 23:17:32.000 +0900,,문구 수정(가이드 유지),290,"사람은 원래 착하다고 생각하나요, 아니면 노력해야 착해질 수 있다고 생각하나요?",,,
289,6,내가 가장 중요하게 생각하는 옳고 그름의 기준은 무엇인가요?,2,가장 마음이 쓰이는 지점을 보면 내 기준이 느껴져요.,"정직, 책임, 배려 등이 될 수도 있어요.",이런 기준을 지키기 위해 어떤 행동을 해왔을까요?,2025-12-27 20:31:07.893 +0900,2026-09-30 23:17:32.000 +0900,,문구 수정(가이드 유지),289,내가 가장 중요하게 생각하는 옮고 그름의 기준은 무엇인가요?,,,가치·동기
288,6,환경이나 이웃을 위해 챙기는 작은 습관이 있나요? 없다면 해보고 싶은 것을 알려주세요.,2,작은 행동도 누군가에게는 큰 힘이 될 때가 있어요.,"분리수거, 텀블러, 문 잡아주기처럼 사소한 것도 좋아요.",그 행동 속에 담긴 내 마음도 적어볼까요?,2025-12-27 20:31:07.893 +0900,2026-09-30 23:17:32.000 +0900,,문구 수정(가이드 재작성),288,더 나은 세상을 위해 소소하게라도 하고 있는 행동이 있나요?,,,
287,6,나에게 '일'은 어떤 의미인가요?,2,일은 단순히 돈을 버는 것 이상의 의미가 있어요.,생계 수단인지 혹은 나를 표현하는 방법인지 봐요.,일을 하면서 내가 가장 중요하게 지키고 싶은 모습은 무엇인가요?,2025-12-27 20:31:07.893 +0900,2025-12-27 20:31:07.893 +0900,,유지,287,,,,가치·동기
286,6,다시 태어난다면 어떤 사람으로 살고 싶나요?,2,지금의 내가 아닌 다른 모습을 상상해보는 시간이에요.,지금과 완전히 다른 직업이나 성격을 그려봐요.,왜 그런 모습으로 살아보고 싶은 걸까요?,2025-12-27 20:31:07.893 +0900,2025-12-27 20:31:07.893 +0900,,유지,,,,,
285,6,돈으로 살 수 없는 것 중 가장 아끼는 건 무엇인가요?,2,살다 보면 돈보다 더 중요한 것들이 보여요.,함께 쌓은 추억이나 건강 혹은 깊은 신뢰를 떠올려 봐요.,그것들을 지키기 위해 내가 기꺼이 할 수 있는 일은 무엇인가요?,2025-12-27 20:31:07.893 +0900,2025-12-27 20:31:07.893 +0900,,유지,,,,,
284,6,삶의 의미를 어디에서 찾나요?,2,왜 살아야 하는지에 대한 나만의 답을 찾아봐요.,"성취, 사랑 혹은 평범한 하루의 반복인가요?",삶의 원동력이 되는 것들을 찬찬히 떠올려봐요.,2025-12-27 20:31:07.893 +0900,2025-12-27 20:31:07.893 +0900,,유지,284,,,,가치·동기
283,6,나의 가치관과 충돌하는 상황에서 나는 어떻게 하나요?,2,신념을 지키는 것과 타협하는 것 사이의 갈등이에요.,끝까지 고집하는지 혹은 유연하게 맞추는지 봐요.,그 선택 뒤에 남는 감정은 어떤가요?,2025-12-27 20:31:07.893 +0900,2025-12-27 20:31:07.893 +0900,,유지,283,,,,가치·동기
282,6,내 인생의 전환점이라고 부를 만한 일은 무엇인가요?,2,내 삶의 궤적을 바꾼 결정적인 순간이 있을 거예요.,우연한 만남이나 예상치 못한 사고인가요?,그 사건 이후로 내 생각은 어떻게 달라졌나요?,2025-12-27 20:31:07.893 +0900,2026-09-30 23:17:32.000 +0900,,문구 수정(가이드 유지),282,인생에서 가장 큰 영향을 준 사건은 무엇인가요?,,,
281,6,나에게 '가족'이란 어떤 존재인가요?,2,가족을 생각할 때 드는 마음을 떠올려봐요.,그 안에 다양한 이유가 얽혀있을거에요.,그 이유들을 톺아보면서 가족과의 관계가 내 삶에 어떤 영향을 미쳤는지도 떠올려봐요.,2025-12-27 20:31:07.893 +0900,2025-12-27 20:31:07.893 +0900,,유지,,,,,
280,6,요즘 내 일상은 일과 쉼 중 어느 쪽으로 기울어 있나요?,2,일과 쉼 사이의 균형은 계속 움직여요.,요즘 일주일을 떠올려서 비교해봐요.,지금 내 삶은 내가 원하는 균형에 가까운가요?,2025-12-27 20:31:07.893 +0900,2026-09-30 23:17:32.000 +0900,,문구 수정(가이드 재작성),280,요즘 나의 일상 균형은 잘 맞고 있나요? 어느 쪽으로 기울어져 있나요?,,,
279,6,100억이 생긴다면 내 삶의 목표가 바뀔까요?,2,돈은 삶의 많은 부분을 바꾸지만 전부는 아닐 거예요.,그 돈으로 사고 싶은 것보다 하고 싶은 일을 생각해봐요.,돈이 충분해도 여전히 목표로 삼고 싶은 것이 있나요?,2025-12-27 20:31:07.893 +0900,2025-12-27 20:31:07.893 +0900,,유지,279,,,,가치·동기
278,6,내가 주변 사람들에게 줄 수 있는 좋은 영향은 뭘까요?,2,변화에 대한 나의 믿음을 확인해보는 시간이에요.,한 사람의 영웅인가요 아니면 다수의 작은 실천인가요?,나는 그 힘에 보탬이 되는 삶을 살고 있나요?,2025-12-27 20:31:07.893 +0900,2025-12-27 20:31:07.893 +0900,,유지,,,,,
277,6,내가 가장 자유롭다고 느끼는 순간은 언제인가요?,2,"자유로운 느낌은 사람마다 다른 순간, 다른 이유로 찾아와요.",가장 최근에 얽매이는 것 없이 진짜 홀가분하다고 느꼈던 순간은 언제였나요?,그렇게 느낀 이유는 무엇인가요?,2025-12-27 20:31:07.893 +0900,2025-12-27 20:31:07.893 +0900,,유지,277,,,,가치·동기
276,6,죽음 너머에는 무엇이 기다리고 있다고 생각하나요?,2,평소에 죽음에 대해 해본 생각들을 떠올려봐요.,"무언가 새로운 세상이 있을까요, 아니면 모든 것이 멈추고 사라지는 완전한 끝일까요?",그 끝을 떠올려보면 기분이 어떤가요?,2025-12-27 20:31:07.893 +0900,2025-12-27 20:31:07.893 +0900,,유지,,,,,
275,6,행복하려면 꼭 필요한 세 가지는 무엇인가요?,2,행복의 기준은 나만이 정할 수 있어요.,"사람, 건강, 돈, 시간, 취미 중에 떠올려봐요.",그 세 가지를 지금 얼마나 갖고 있나요?,2025-12-27 20:31:07.893 +0900,2026-09-30 23:17:32.000 +0900,,문구 수정(가이드 재작성),275,내가 생각하는 행복은 어떤 상태인가요?,,,가치·동기
274,6,손해를 봐도 지키고 싶은 원칙은 무엇인가요?,2,나를 나답게 만드는 건 스스로와의 약속이에요.,포기하고 싶지 않은 신념을 하나 찾아봐요.,그 원칙이 인생의 중심을 어떻게 잡아주나요?,2025-12-27 20:31:07.893 +0900,2025-12-27 20:31:07.893 +0900,,유지,274,,,,가치·동기
273,6,나는 '직감'을 믿는 편인가요?,2,가끔은 논리보다 느낌이 더 정확할 때가 있어요.,첫인상을 믿는 편인지 혹은 근거를 찾는 편인지 봐요.,직관을 믿고 결정해서 좋았던 기억이 있나요?,2025-12-27 20:31:07.893 +0900,2025-12-27 20:31:07.893 +0900,,유지,273,,,,결정 방식
272,6,인생에서 '운'이 차지하는 비중은 어느 정도일까요?,2,노력만큼이나 우연한 행운도 삶에 큰 영향을 줘요.,내 성공이 실력인지 혹은 운이 좋았던 것인지 봐요.,운이 좋았다고 느꼈던 특별한 경험이 있나요?,2025-12-27 20:31:07.893 +0900,2025-12-27 20:31:07.893 +0900,,유지,272,,,,결정 방식
271,6,공정하지 않다고 느끼는 상황은 언제인가요?,2,불공정함을 느끼는 지점에 내 기준이 보여요.,"노력만큼 받지 못할 때, 규칙이 다르게 적용될 때를 떠올려봐요.",그럴 때 나는 어떻게 반응해요?,2025-12-27 20:31:07.893 +0900,2026-09-30 23:17:32.000 +0900,,문구 수정(가이드 재작성),271,내가 생각하는 '공정하다'는 건 어떤 건가요?,,,가치·동기
270,6,"약속을 지키는 편인가요, 유연하게 바꾸는 편인가요?",2,다른 사람 혹은 나 자신과의 약속에 대한 생각이에요.,무슨 일이 있어도 지키는지 혹은 유연하게 대처하는지 봐요.,약속에 대한 평소 생각을 들려줘요.,2025-12-27 20:31:07.893 +0900,2026-09-30 23:17:32.000 +0900,,문구 수정(가이드 유지),270,나에게 '약속'은 어떤 무게인가요?,,,계획·실행
269,6,용기가 필요할 때 나는 어떻게 마음을 먹나요?,2,용기가 필요할 때 나만의 방법이 있어요.,"혼잣말, 심호흡, 누군가의 응원을 떠올려봐요.",그렇게 마음먹으면 실제로 움직여지나요?,2025-12-27 20:31:07.893 +0900,2026-09-30 23:17:32.000 +0900,,문구 수정(가이드 재작성),269,가장 큰 용기를 냈던 순간은 언제인가요?,,,
268,6,시간이 가장 빨리 가는 순간은 언제인가요?,2,시간 가는 줄 모르는 순간에 내 진짜 관심이 있어요.,"좋아하는 사람과 있을 때, 몰입할 때, 놀 때를 떠올려봐요.",그 순간이 빨리 지나가는 이유는 뭘까요?,2025-12-27 20:31:07.893 +0900,2026-09-30 23:17:32.000 +0900,,문구 수정(가이드 재작성),268,나에게 '시간'은 어떤 의미인가요?,,,가치·동기
267,6,사람들에게 보여주고 싶은 나의 모습은 무엇인가요?,2,내가 세상에 증명하고 싶은 나의 모습이 있어요.,전문성이나 따뜻한 성품을 생각해봐요.,그 가치가 내 삶의 원동력이 되어주나요?,2025-12-27 20:31:07.893 +0900,2025-12-27 20:31:07.893 +0900,,유지,267,,,,자기 인식
266,6,내가 생각하는 '성실하다'는 건 어떤 건가요?,2,"성실하다는 게 뭘까, 가끔 생각하게 되죠.",매일 같은 일을 하는 것인지 포기하지 않는 것인지 봐요.,나는 지금 성실하게 살고 있다고 느끼나요?,2025-12-27 20:31:07.893 +0900,2025-12-27 20:31:07.893 +0900,,유지,,,,,
265,6,나를 가장 성장시켰던 어려움은 무엇인가요?,2,아픈 기억도 지나고 보면 성장의 계기가 돼요.,힘들었던 취업 준비나 이별의 시기인가요?,그 시간을 견뎌낸 나에게 어떤 말을 해주고 싶나요?,2025-12-27 20:31:07.893 +0900,2025-12-27 20:31:07.893 +0900,2026-09-30 23:17:32.000 +0900,비활성화(중복 통합),,,,,
264,6,실패했을 때 나를 일으켜 세우는 생각은 무엇인가요?,2,넘어지는 것보다 다시 일어나는 마음이 더 중요해요.,다시 하면 돼' 혹은 '배운 게 있어' 같은 생각인가요?,그 생각이 나를 얼마나 단단하게 만들어주나요?,2025-12-27 20:31:07.893 +0900,2025-12-27 20:31:07.893 +0900,,유지,264,,,,스트레스 대처
263,6,매일 잊지 않으려는 마음가짐은 무엇인가요?,2,매일 지키려 노력하는 마음가짐이 삶을 결정해요.,"성실함, 긍정, 정직 등 다양한 태도가 있어요.",왜 그 태도를 가장 중요하게 생각하나요?,2025-12-27 20:31:07.893 +0900,2026-09-30 23:17:32.000 +0900,,문구 수정(가이드 유지),263,"매일 지키고 싶은 나만의 마음가짐이 있다면, 어떤 건가요?",,,
262,6,내가 생각하는 멋진 어른은 어떤 모습인가요?,2,여유 있고 다정한 모습 또는 끝없이 도전하는 태도 등 멋진 어른의 모습은 참 다양해요.,그중에서도 가만히 보고 있으면 '나도 저렇게 나이 들고 싶다'는 마음이 드는 어른들이 있죠.,"수많은 어른들 중에서도, 유독 그 모습이 멋지게 다가온 이유는 무엇인가요?",2025-12-27 20:31:07.893 +0900,2025-12-27 20:31:07.893 +0900,,유지,,,,,
261,6,돈을 기분 좋게 썼던 기억은 무엇인가요?,2,돈을 쓴 흔적을 보면 내가 소중히 여기는 게 보여요.,나를 위한 투자나 선물을 샀던 때를 봐요.,그 소비에 내 어떤 생각이 담겨 있나요?,2025-12-27 20:31:07.893 +0900,2025-12-27 20:31:07.893 +0900,,유지,,,,,
260,6,나의 좌우명은 무엇인가요?,2,마음속에 늘 새겨두고 있는 한 줄이 있나요?,꼭 무겁거나 진지한 한 줄일 필욘 없어요.,이 문장이 내 삶에 어떻게 영향을 미쳤나요?,2025-12-27 20:31:07.893 +0900,2025-12-27 20:31:07.893 +0900,,유지,,,,,
259,6,나를 가장 설레게 하는 단어는 무엇인가요?,1,듣기만 해도 기분 좋아지는 단어가 하나쯤 있어요.,"여행, 시작 혹은 돈인가요?",왜 그 단어가 설렘을 가져올까요?,2025-12-27 20:31:07.893 +0900,2025-12-27 20:31:07.893 +0900,,유지,,,,,
258,6,무엇을 가장 배우고 싶나요?,2,시간이나 돈이 좀 더 있었다면 배우고 싶은 것이 있나요?,"외국어, 요리 혹은 코딩처럼 취미부터 실무까지 다양해요.",그것을 배우고 나면 나는 어떻게 바뀔까요?,2025-12-27 20:31:07.893 +0900,2025-12-27 20:31:07.893 +0900,,유지,258,,,,새로움 추구
257,6,내가 생각하는 '부자'의 기준은 무엇인가요?,2,경제적인 것 이상의 가치를 생각해보는 시간이에요.,통장 잔고인가요 아니면 시간의 자유인가요?,나는 지금 얼마나 부유한 사람이라고 느끼나요?,2025-12-27 20:31:07.893 +0900,2025-12-27 20:31:07.893 +0900,,유지,257,,,,가치·동기
256,6,돈을 쓸 때 가장 아깝지 않은 곳은 어디인가요?,2,소비 패턴을 보면 내가 무엇을 아끼는지 알 수 있어요.,"여행, 교육 혹은 맛있는 음식인가요?",어떤 만족감이 돈이 아깝지 않게 만들까요?,2025-12-27 20:31:07.893 +0900,2025-12-27 20:31:07.893 +0900,,유지,256,,,,가치·동기
255,6,존경하는 사람의 어떤 점을 닮고 싶나요?,1,닮고 싶은 사람에게서 내가 추구하는 가치가 보여요.,역사 속 인물이나 주변 어른을 떠올려봐요.,그 점을 닮기 위해 해볼 수 있는 건 뭐예요?,2025-12-27 20:31:07.893 +0900,2026-09-30 23:17:32.000 +0900,,문구 수정(가이드 재작성),255,가장 존경하는 인물은 누구인가요?,,,
254,6,5년 뒤 '잘 살고 있다'고 느끼려면 뭐가 필요할까요?,2,성공의 기준은 남이 정해주는 게 아니에요.,높은 지위인가요 아니면 마음의 평온인가요?,그 목표를 향해 나는 지금 잘 가고 있나요?,2025-12-27 20:31:07.893 +0900,2025-12-27 20:31:07.893 +0900,,유지,254,,,,가치·동기
253,6,가장 보람을 느끼는 순간은 언제인가요?,1,사소한 성취가 모여 삶의 의미를 만들기도 해요.,일을 끝냈을 때나 도움을 줬을 때를 봐요.,그 기분이 나를 계속 움직이게 하나요?,2025-12-27 20:31:07.893 +0900,2025-12-27 20:31:07.893 +0900,,유지,253,,,,가치·동기
252,6,지칠 때 힘이 되는 말은 무엇인가요? 책·노래·누군가의 말 무엇이든 좋아요.,2,마음을 일으켜 세우는 말 한마디가 큰 힘이 돼요.,평소 아끼는 글귀나 명언을 떠올려 봐요.,이 문장이 내 삶의 방향을 어떻게 잡아주나요?,2025-12-27 20:31:07.893 +0900,2026-09-30 23:17:32.000 +0900,,문구 수정(가이드 유지),252,"지칠 때 힘이 되는 나만의 문장이 있다면, 어떤 문장인가요?",,,
251,6,인생에서 가장 소중한 단어 3개는 무엇인가요?,1,중요하게 여기는 가치는 시간이 흐르며 조금씩 변해요.,"건강, 자유, 가족 같은 단어들을 나열해 봐요.",소중하게 여기게 된 이유가 있을까요?,2025-12-27 20:31:07.893 +0900,2025-12-27 20:31:07.893 +0900,,유지,,,,,
250,5,내가 생각하는 '좋은 파트너'란 어떤 사람인가요?,2,함께 걷는 사람과 나누고 싶은 핵심 가치를 찾아봐요.,서로의 성장을 돕는 것인지 혹은 묵묵한 지지인가요?,나는 그런 파트너가 되어줄 준비가 되었나요?,2025-12-27 20:31:07.893 +0900,2025-12-27 20:31:07.893 +0900,2026-02-26 22:43:32.558 +0900,이미 삭제됨,,,,,
249,5,사랑하는 사람과 단둘이 보내는 시간이 왜 소중한가요?,2,함께 있는 시간은 관계의 뿌리를 단단하게 해요.,깊은 대화나 말 없는 편안함을 생각해봐요.,그 시간이 나라는 사람을 어떻게 채워주나요?,2025-12-27 20:31:07.893 +0900,2025-12-27 20:31:07.893 +0900,,유지,,,,,
248,5,내 인생에서 사랑이 차지하는 비중은 몇 퍼센트쯤일까요?,2,내 삶에서 사랑은 얼마만큼의 자리를 차지하고 있을까요?,50%인가요 아니면 90% 이상인가요?,사랑 외에 내 삶을 채우는 다른 소중한 것은 무엇인가요?,2025-12-27 20:31:07.893 +0900,2025-12-27 20:31:07.893 +0900,,유지,248,,,,가치·동기
247,5,사랑하는 사람에게 더 자주 하고 싶은 말은 무엇인가요?,2,자주 할수록 좋은 말이 있죠.,"고마워, 사랑해, 괜찮아 같은 말을 떠올려봐요.",그 말을 더 자주 하지 못하는 이유는 뭘까요?,2025-12-27 20:31:07.893 +0900,2026-09-30 23:17:32.000 +0900,,문구 수정(가이드 재작성),247,"사랑하는 사람에게 끝내 하지 못한 말이 있다면, 어떤 말인가요?",,,
246,5,영원한 사랑이 있다고 생각하나요?,2,영원함에 대한 나만의 기준을 세워보는 시간이에요.,죽을 때까지의 마음인가요 아니면 변치 않는 신뢰인가요?,나는 그 영원함을 실천할 준비가 되어 있나요?,2025-12-27 20:31:07.893 +0900,2025-12-27 20:31:07.893 +0900,,유지,,,,,
245,5,사랑을 하면 나는 어떻게 달라지나요?,2,사랑은 생각보다 나를 많이 바꾸기도 해요.,"말투, 생활 패턴, 표정, 우선순위를 떠올려봐요.",그 변화가 마음에 드는 편이에요?,2025-12-27 20:31:07.893 +0900,2026-09-30 23:17:32.000 +0900,,문구 수정(가이드 재작성),245,"사랑하는 사람 때문에 내가 바뀐 점이 있다면, 어떤 건가요?",,,
244,5,나에게 사랑은 '선택'인가요 아니면 '운명'인가요?,2,"사랑이 찾아오는 건지, 내가 만들어가는 건지 궁금해요.",노력해서 일구는 것인지 우연히 찾아오는 것인지 봐요.,이 생각이 사랑을 대하는 내 태도를 어떻게 만드나요?,2025-12-27 20:31:07.893 +0900,2025-12-27 20:31:07.893 +0900,2026-02-26 22:43:32.558 +0900,이미 삭제됨,,,,,
243,5,사랑에 빠졌을 때 가장 두려운 건 뭘까요?,2,깊은 감정 뒤에는 나를 지키려는 본능이 숨어 있어요.,나를 잃어버리는 것인지 혹은 상처받는 것인지 봐요.,그 두려움을 안아줄 수 있는 방법은 무엇일까요?,2025-12-27 20:31:07.893 +0900,2025-12-27 20:31:07.893 +0900,,유지,243,,,,친밀감 방식
242,5,사랑하는 사람과 함께 꿈꾸는 노후의 모습은 무엇인가요?,2,인생의 긴 여정을 누구와 어떻게 보낼지 그려봐요.,조용한 시골집이나 활기찬 도시에서의 노년인가요?,그 풍경 속에 있는 나는 어떤 표정을 짓고 있나요?,2025-12-27 20:31:07.893 +0900,2025-12-27 20:31:07.893 +0900,,유지,,,,,
241,5,사랑이 변한다고 믿나요 아니면 사람이 변한다고 믿나요?,2,시간이 흐르며 달라지는 것들에 대해 생각해보는 시간이에요.,마음이 식는 것인지 사람이 바뀌는 것인지 봐요.,이 믿음이 나의 연애 방식에 어떤 영향을 주나요?,2025-12-27 20:31:07.893 +0900,2025-12-27 20:31:07.893 +0900,,유지,,,,,
240,5,연애세포가 되살아나는 순간은 언제인가요?,2,메마른 일상에 사랑의 온기가 필요할 때가 있어요.,길에서 다정한 연인을 보았을 때나 외로움이 깊어질 때인가요?,사랑이 오면 이번에는 어떤 모습으로 맞이하고 싶나요?,2025-12-27 20:31:07.893 +0900,2025-12-27 20:31:07.893 +0900,,유지,,,,,
239,5,사랑하는 사람을 위해 어디까지 양보할 수 있나요?,2,서로 맞추어가는 과정에서 내가 놓을 수 있는 걸 찾아봐요.,생활 습관인가요 아니면 꿈이나 목표인가요?,양보하고 나서 내 마음이 후회되지는 않나요?,2025-12-27 20:31:07.893 +0900,2025-12-27 20:31:07.893 +0900,,유지,239,,,,관계 온도
238,5,사랑에서 '진심을 다한다'는 건 어떤 건가요?,2,상대를 위해 나를 내어주는 범위를 생각해보는 시간이에요.,시간을 내주는 것인가요 아니면 내 신념을 바꾸는 것인가요?,어디까지 헌신할 때 내가 가장 행복한가요?,2025-12-27 20:31:07.893 +0900,2025-12-27 20:31:07.893 +0900,,유지,,,,,
237,5,사랑할 때 가장 걱정되는 것은 무엇인가요?,2,상처받는 것에 대한 두려움은 누구에게나 있어요.,버려질까 봐 혹은 구속당할까 봐 걱정되나요?,그 두려움을 어떻게 이겨내고 싶은지 궁금해요.,2025-12-27 20:31:07.893 +0900,2026-09-30 23:17:32.000 +0900,,문구 수정(가이드 유지),237,사랑에 대해 내가 가진 가장 큰 두려움은 무엇인가요?,,,친밀감 방식
236,5,나 자신을 사랑하는 방법은 무엇인가요?,2,타인을 사랑하기 전에 나를 먼저 아끼는 게 중요해요.,맛있는 것을 사주거나 나를 칭찬해주는 일인가요?,나를 사랑할 때 타인을 향한 마음은 어떻게 변하나요?,2025-12-27 20:31:07.893 +0900,2025-12-27 20:31:07.893 +0900,,유지,236,,,,자기 인식
235,5,헤어짐을 받아들이는 나만의 방식은 무엇인가요?,2,헤어짐을 받아들이는 방식은 사람마다 달라요.,"울기, 바쁘게 지내기, 친구 만나기, 기록하기를 떠올려봐요.",그 방식이 나를 어떻게 지켜주나요?,2025-12-27 20:31:07.893 +0900,2026-09-30 23:17:32.000 +0900,,문구 수정(가이드 재작성),235,이별을 통해 배운 가장 큰 깨달음은 무엇인가요?,,,스트레스 대처
234,5,사랑하는 사람에게 서운할 때 나는 어떻게 행동하나요?,2,서운함은 기대가 있을 때 생기는 자연스러운 마음이에요.,말없이 표정으로 티를 내는지 혹은 조근조근 말하는지 봐요.,그 서운함이 풀렸을 때 내 마음은 어떤가요?,2025-12-27 20:31:07.893 +0900,2025-12-27 20:31:07.893 +0900,,유지,234,,,,친밀감 방식
233,5,오래된 연인들의 편안함과 설렘 중 무엇이 더 좋은가요?,2,시간이 흐르며 변하는 감정의 색깔을 골라봐요.,익숙한 편안함인가요 아니면 낯선 설렘인가요?,왜 그 감정이 지금 나에게 더 필요한가요?,2025-12-27 20:31:07.893 +0900,2025-12-27 20:31:07.893 +0900,,유지,233,,,,친밀감 방식
232,5,결혼에 대한 나의 생각은 어떤가요?,2,삶의 큰 선택에 대한 나의 가치관을 묻는 질문이에요.,"필수라고 생각하나요, 아니면 선택이라고 생각하나요?",결혼을 한다면 어떤 삶을 꿈꾸는지 궁금해요.,2025-12-27 20:31:07.893 +0900,2025-12-27 20:31:07.893 +0900,,유지,,,,,
231,5,나의 연애관을 한 문장으로 표현하면?,2,나만의 사랑 방식이 담긴 한 문장이 있을 거예요.,"'천천히, 깊게'처럼 짧게 써봐도 좋아요.",그 연애관이 생긴 이유는 뭐예요?,2025-12-27 20:31:07.893 +0900,2026-09-30 23:17:32.000 +0900,,문구 수정(가이드 재작성),231,나만의 독특한 연애관이 있다면 무엇인가요?,,,
230,5,사랑하는 사람이 슬플 때 나는 어떻게 대처하나요?,2,상대의 아픔을 함께 나누는 방법이 궁금해요.,가만히 들어주는지 혹은 해결책을 제시하는지 봐요.,내 위로가 그 사람에게 어떤 힘이 되었나요?,2025-12-27 20:31:07.893 +0900,2025-12-27 20:31:07.893 +0900,,유지,230,,,,관계 온도
229,5,좋은 연애는 나를 어떻게 바꾼다고 생각하나요?,2,누군가를 아끼는 마음은 변화를 불러오기도 해요.,"더 다정해지기, 부지런해지기, 나를 더 아끼기를 떠올려봐요.",그런 변화가 생기는 이유는 뭘까요?,2025-12-27 20:31:07.893 +0900,2026-09-30 23:17:32.000 +0900,,문구 수정(가이드 재작성),229,"사랑이 나를 더 나은 사람으로 만든 적이 있다면, 어떻게 달라졌나요?",,,
228,5,사랑하는 사람과 꼭 나눠보고 싶은 대화 주제는 무엇인가요?,2,서로의 내면을 공유하는 시간은 사랑을 깊게 해요.,미래 계획이나 과거의 아픔 혹은 꿈인가요?,그런 대화를 나누고 나면 기분이 어떨까요?,2025-12-27 20:31:07.893 +0900,2026-09-30 23:17:32.000 +0900,,문구 수정(가이드 유지),228,"사랑하는 사람과 나누고 싶은 깊은 대화 주제가 있다면, 어떤 건가요?",,,
227,5,사랑하는 사람과 다툼이 생기면 어떻게 해결하나요?,2,싸우는 방식보다 화해하는 방식이 더 중요해요.,대화로 바로 푸는지 혹은 감정을 식히고 말하는지 봐요.,화해하고 난 뒤에 관계가 더 단단해지나요?,2025-12-27 20:31:07.893 +0900,2025-12-27 20:31:07.893 +0900,,유지,227,,,,관계 온도
226,5,내가 생각하는 '좋은 연인'은 어떤 사람인가요?,2,함께 걸어갈 사람에게 바라는 모습을 그려봐요.,나를 있는 그대로 봐주는 사람인가요?,나는 누군가에게 좋은 상대방인가요?,2025-12-27 20:31:07.893 +0900,2025-12-27 20:31:07.893 +0900,,유지,,,,,
225,5,연애할 때 가장 중요하게 보는 성격은 무엇인가요?,1,가치관이 잘 맞는 사람을 찾는 중요한 기준이에요.,"다정함, 책임감 혹은 유머 감각인가요?",그 성격이 왜 나랑 잘 맞을 것 같나요?,2025-12-27 20:31:07.893 +0900,2025-12-27 20:31:07.893 +0900,,유지,,,,,
224,5,질투심이 들 때 나는 어떻게 반응하나요?,2,질투는 사랑의 또 다른 얼굴이기도 해요.,솔직하게 표현하는지 아니면 속으로 삭이는지 봐요.,질투가 내 관계에 어떤 영향을 주는지 궁금해요.,2025-12-27 20:31:07.893 +0900,2025-12-27 20:31:07.893 +0900,,유지,224,,,,감정 민감도
223,5,사랑과 우정의 경계선은 어디라고 생각하나요?,2,친구에서 연인이 되는 순간의 차이가 궁금해요.,스킨십인가요 아니면 자꾸 생각나는 빈도인가요?,내 마음이 친구가 아닌 연인으로 향할 때 어떤 신호가 오나요?,2025-12-27 20:31:07.893 +0900,2025-12-27 20:31:07.893 +0900,,유지,,,,,
222,5,이상형과 실제로 끌리는 사람은 얼마나 닮았나요?,2,머릿속 이상형과 실제로 마음이 가는 사람은 다를 수 있어요.,이상형 조건과 끌렸던 사람들의 특징을 비교해봐요.,조건보다 내 마음을 더 움직이는 건 뭐예요?,2025-12-27 20:31:07.893 +0900,2026-09-30 23:17:32.000 +0900,,문구 수정(가이드 재작성),222,이상형과 실제 연인은 얼마나 닮았나요?,,,
221,5,좋아하는 사람에게 주고 싶은 선물은 무엇인가요?,1,물건보다 그 안에 담긴 내 마음이 중요해요.,직접 쓴 편지나 상대방에게 꼭 필요한 물건인가요?,선물을 고를 때 어떤 표정을 상상하며 준비하나요?,2025-12-27 20:31:07.893 +0900,2025-12-27 20:31:07.893 +0900,,유지,,,,,
220,5,받고 싶은 고백은 어떤 모습인가요?,1,받고 싶은 고백에는 내가 바라는 사랑이 담겨 있어요.,"장소, 말, 분위기를 떠올려봐요.",그런 고백을 받으면 어떤 기분일 것 같아요?,2025-12-27 20:31:07.893 +0900,2026-09-30 23:17:32.000 +0900,,문구 수정(가이드 재작성),220,가장 기억에 남는 고백의 순간은 언제인가요?,,,
219,5,좋아하는 사람의 습관 중 귀엽게 느껴지는 것은 무엇인가요? 연인·가족·친구 누구든 좋아요.,2,남들은 모르지만 나만 아는 매력 포인트가 있죠.,특이한 웃음소리나 말버릇을 생각해봐요.,그 모습이 왜 그렇게 사랑스럽게 느껴지나요?,2025-12-27 20:31:07.893 +0900,2026-09-30 23:17:32.000 +0900,,문구 수정(가이드 유지),219,"사랑하는 사람의 습관 중 귀여운 점이 있다면, 어떤 건가요?",,,
218,5,연애할 때 나의 연락 스타일은 어떤가요?,2,연락 자주 하는 게 애정의 척도라고 생각하나요?,수시로 톡을 하는지 아니면 용건만 간단히 하는지 봐요.,나와 연락 스타일이 다른 사람을 만나면 어떨까요?,2025-12-27 20:31:07.893 +0900,2025-12-27 20:31:07.893 +0900,,유지,218,,,,친밀감 방식
217,5,설렘의 유통기한은 언제까지라고 생각하나요?,2,뜨거운 감정이 편안함으로 바뀌는 시점이 궁금해요.,몇 달인가요 아니면 평생 갈 수 있다고 믿나요?,설렘이 사라진 자리를 무엇으로 채우고 싶나요?,2025-12-27 20:31:07.893 +0900,2025-12-27 20:31:07.893 +0900,,유지,,,,,
216,5,좋아하는 사람의 외모에서 끌리는 포인트는 무엇인가요?,2,취향이 드러나는 가장 솔직한 포인트예요.,선한 눈매나 다정한 말투 혹은 웃는 얼굴인가요?,왜 그런 모습에 마음이 먼저 반응하는 걸까요?,2025-12-27 20:31:07.893 +0900,2025-12-27 20:31:07.893 +0900,,유지,,,,,
215,5,사랑하는 사람과 매일 하고 싶은 사소한 일은 무엇인가요?,1,거창한 것보다 소소한 일상이 사랑을 채워줘요.,같이 산책하기나 아침 인사 나누기인가요?,그 작은 일이 왜 그렇게 소중하게 느껴질까요?,2025-12-27 20:31:07.893 +0900,2025-12-27 20:31:07.893 +0900,,유지,,,,,
214,5,"첫눈에 반하는 편인가요, 천천히 스며드는 편인가요?",2,"첫눈에 반하는 순간, 정말 있을까요?",첫인상이 중요한지 아니면 오래 봐야 하는지 봐요.,사랑에 빠지는 속도에 대해서도 적어봐요.,2025-12-27 20:31:07.893 +0900,2026-09-30 23:17:32.000 +0900,,문구 수정(가이드 유지),214,"첫눈에 반한 적이 있다면, 어떤 느낌이었나요?",,,친밀감 방식
213,5,"사랑은 설렘에 가까운가요, 편안함에 가까운가요?",1,사람마다 사랑의 모습은 다 달라요.,두근거림과 편안함 중 뭐가 먼저 떠오르나요?,내가 그리는 사랑에 대해 말해볼까요?,2025-12-27 20:31:07.893 +0900,2026-09-30 23:17:32.000 +0900,,문구 수정(가이드 재작성),213,내가 생각하는 사랑은 어떤 느낌인가요?,,,친밀감 방식
212,5,좋아하는 사람에게 제일 먼저 보여주고 싶은 내 모습은 뭘까요?,1,나의 매력을 어떻게 어필하고 싶은지 궁금해요.,밝은 에너지나 다정함 혹은 똑똑한 모습인가요?,왜 그 점을 상대방이 알아봐 주길 바라나요?,2025-12-27 20:31:07.893 +0900,2025-12-27 20:31:07.893 +0900,,유지,,,,,
211,5,누군가를 좋아하기 시작하면 나는 어떻게 달라지나요?,2,누군가 좋아지면 평소와 다른 행동을 하게 돼요.,자꾸 웃음이 나거나 연락을 기다리게 되나요?,그 설레는 기분이 들 때 가장 먼저 드는 생각은 무엇인가요?,2025-12-27 20:31:07.893 +0900,2026-09-30 23:17:32.000 +0900,,문구 수정(가이드 유지),211,"사랑이 시작될 때 나만 아는 신호가 있다면, 어떤 건가요?",,,친밀감 방식
210,4,요즘 나를 가장 편하게 해주는 관계는 어떤 관계인가요?,2,편한 관계는 요즘의 나를 지탱해줘요.,"가족, 오랜 친구, 연인, 동료를 떠올려봐요.",그 관계가 편한 이유는 뭘까요?,2025-12-27 20:31:07.893 +0900,2026-09-30 23:17:32.000 +0900,2026-02-26 22:43:32.558 +0900,이미 삭제됨(다시 쓸 때를 위한 수정안),210,지금 내 주변 인연들에 대해 점수를 매긴다면?,,,
209,4,상대가 진심이라고 느끼게 되는 행동은 무엇인가요?,2,진짜 마음은 말보다 행동에서 드러날 때가 많아요.,"작은 약속을 지킬 때, 힘들 때 곁에 있을 때를 떠올려봐요.",나는 진심을 어떤 행동으로 보여주나요?,2025-12-27 20:31:07.893 +0900,2026-09-30 23:17:32.000 +0900,,문구 수정(가이드 재작성),209,사람 사이의 진심은 언제 확인된다고 생각하나요?,,,
208,4,관계에서 가장 힘든 순간은 어떤 때인가요?,2,사람 사이의 문제는 늘 어렵고 복잡하죠.,맞춰주는 일인가요 아니면 내 마음을 표현하는 일인가요?,그 어려움을 조금 덜어낼 수 있는 방법은 무엇일까요?,2025-12-27 20:31:07.893 +0900,2025-12-27 20:31:07.893 +0900,,유지,208,,,,감정 민감도
207,4,나를 기억할 때 사람들이 떠올렸으면 하는 이미지는 무엇인가요?,2,누구나 사람들에게 보여지고 싶은 모습이 있어요.,다정한 사람 혹은 똑똑한 사람인가요?,그 이미지를 위해 지금 어떤 노력을 하고 있나요?,2025-12-27 20:31:07.893 +0900,2025-12-27 20:31:07.893 +0900,,유지,,,,,
206,4,사람들에게 어떤 부분에서 인정받고 싶나요?,2,누구에게나 인정받고 싶은 마음이 있잖아요.,능력에 대한 인정인가요 아니면 인격에 대한 인정인가요?,그 인정을 받으면 삶이 어떻게 달라질까요?,2025-12-27 20:31:07.893 +0900,2025-12-27 20:31:07.893 +0900,,유지,206,,,,가치·동기
205,4,누군가를 믿게 되는 순간은 언제인가요?,2,믿음은 관계를 지탱하는 단단한 뿌리예요.,"약속을 지킬 때, 비밀을 지켜줄 때, 힘들 때 곁에 있을 때를 떠올려봐요.",믿음을 지키기 위해 내가 중요하게 여기는 건 뭐예요?,2025-12-27 20:31:07.893 +0900,2026-09-30 23:17:32.000 +0900,,문구 수정(가이드 재작성),205,내가 생각하는 믿음의 무게는 어느 정도인가요?,,,친밀감 방식
204,4,사람들과 헤어지고 집에 가는 길에 드는 생각은 무엇인가요?,2,사람들과 어울린 후의 느낌이 내 에너지를 말해줘요.,즐거움인지 혹은 공허함이나 피곤함인지 봐요.,오늘의 만남이 나에게 어떤 의미였나요?,2025-12-27 20:31:07.893 +0900,2025-12-27 20:31:07.893 +0900,,유지,204,,,,에너지 방향
203,4,나를 가장 화나게 하는 말은 무엇인가요?,2,유독 마음을 상하게 하는 특정 단어나 표현이 있어요.,내 노력을 무시하거나 나를 판단하는 말인가요?,왜 그 말이 유독 아프게 들리는 걸까요?,2025-12-27 20:31:07.893 +0900,2025-12-27 20:31:07.893 +0900,,유지,203,,,,감정 민감도
202,4,다른 사람의 좋은 소식을 들으면 어떤 마음이 먼저 드나요?,2,남의 좋은 소식 앞에서는 여러 마음이 들 수 있어요.,"기쁨, 부러움, 조급함 중 뭐가 먼저 오는지 봐요.",그 마음이 드는 이유는 뭘까요?,2025-12-27 20:31:07.893 +0900,2026-09-30 23:17:32.000 +0900,,문구 수정(가이드 재작성),202,"다른 사람의 성공을 축하해줄 때, 진심으로 기뻐할 수 있나요?",,,감정 민감도
201,4,사람들 앞의 나와 혼자 있을 때의 나는 어떻게 다른가요?,2,가끔은 사회적인 역할과 내 본 모습이 다를 수 있어요.,밝은 척하는지 아니면 묵묵히 자리를 지키는지 생각해봐요.,진짜 나를 보여주었을 때 어떤 편안함이 느껴지나요?,2025-12-27 20:31:07.893 +0900,2026-09-30 23:17:32.000 +0900,,문구 수정(가이드 유지),201,사람들 속에서 내 진짜 모습은 어떤가요?,,,자기 인식
200,4,내가 꿈꾸는 이상적인 관계는 어떤 모습인가요?,2,서로에게 긍정적인 영향을 주는 사이를 그려봐요.,적당한 거리 유지나 솔직한 대화인가요?,그런 관계를 만들기 위해 내가 할 수 있는 건 무엇인가요?,2025-12-27 20:31:07.893 +0900,2025-12-27 20:31:07.893 +0900,,유지,,,,,
199,4,나를 진심으로 아껴주는 사람들의 행동은 무엇인가요?,2,사랑과 배려는 사소한 행동에서 나타나요.,안부를 묻는 연락이나 나를 챙겨주는 작은 손길인가요?,그 행동들을 떠올리면 마음이 얼마나 따뜻해지나요?,2025-12-27 20:31:07.893 +0900,2025-12-27 20:31:07.893 +0900,,유지,,,,,
198,4,진심이 통했다고 느끼는 순간은 주로 언제인가요?,2,말하지 않아도 마음이 이어지는 때가 있어요.,눈빛만으로 이해받았거나 우연히 생각이 같았던 때인가요?,그때 느꼈던 감정을 한 단어로 말해볼까요?,2025-12-27 20:31:07.893 +0900,2026-09-30 23:17:32.000 +0900,,문구 수정(가이드 유지),198,진심이 통했다고 느꼈던 특별한 순간은 언제인가요?,,,
197,4,사람들에게 내가 줄 수 있는 도움은 무엇인가요?,2,나만의 작은 재능이 누군가에게 큰 힘이 될 수 있어요.,고민 들어주기나 실질적인 도움을 생각해봐요.,남을 도울 때 내 마음은 어떤 기분인가요?,2025-12-27 20:31:07.893 +0900,2025-12-27 20:31:07.893 +0900,,유지,,,,,
196,4,새로운 사람을 만나는 게 설레나요 혹은 부담되나요?,2,낯선 만남에 대한 태도에서 내 성향이 보여요.,새로운 이야기가 즐거운지 아니면 긴장되는지 봐요.,어떨 때 새로운 사람과 빨리 친해지나요?,2025-12-27 20:31:07.893 +0900,2025-12-27 20:31:07.893 +0900,,유지,196,,,,에너지 방향
195,4,가장 오래된 친구와의 추억 하나를 들려주세요.,2,오랜 시간을 함께한 인연은 그 자체로 힘이 돼요.,어릴 적 같이 놀던 일이나 힘든 일을 이겨낸 기억인가요?,그 인연이 지금까지 이어지는 이유는 무엇일까요?,2025-12-27 20:31:07.893 +0900,2026-09-30 23:17:32.000 +0900,,문구 수정(가이드 유지),195,가장 오래된 인연과의 추억 중 하나는 무엇인가요?,,,
194,4,약한 모습을 보여주기 쉬운 사람은 어떤 사람인가요?,2,약함을 드러내는 건 큰 용기가 필요한 일이에요.,"판단하지 않는 사람, 비밀을 지켜주는 사람을 떠올려봐요.",그런 사람에게는 왜 마음이 열릴까요?,2025-12-27 20:31:07.893 +0900,2026-09-30 23:17:32.000 +0900,,문구 수정(가이드 재작성),194,나의 약한 모습을 보여주는 게 두려운가요?,,,친밀감 방식
193,4,누군가를 보며 닮고 싶다고 느낀 태도는 무엇인가요?,2,만나는 사람들로부터 좋은 면을 닮아가기도 해요.,부지런함이나 다정한 말투를 생각해봐요.,그 태도가 내 삶을 어떻게 더 좋게 만드나요?,2025-12-27 20:31:07.893 +0900,2026-09-30 23:17:32.000 +0900,,문구 수정(가이드 유지),193,누군가에게 배운 삶의 자세가 있다면 무엇인가요?,,,
192,4,가까운 사람에게 가장 듣고 싶은 말은 무엇인가요?,2,말 한마디에 그간의 힘듦이 녹아내리기도 해요.,"고생했어 혹은 ""보고 싶었어"" 같은 말인가요?",그 말을 들으면 기분이 어떻게 바뀔까요?,2025-12-27 20:31:07.893 +0900,2026-09-30 23:17:32.000 +0900,,문구 수정(가이드 유지),192,사람들에게 듣고 싶은 진심 어린 말은 무엇인가요?,,,
191,4,나를 지치게 하는 관계는 어떤 모습인가요?,2,나를 지치게 하는 관계에는 공통점이 있어요.,"일방적인 연락, 무시, 지나친 기대를 떠올려봐요.",그런 관계에서 나를 지키는 방법은 뭐예요?,2025-12-27 20:31:07.893 +0900,2026-09-30 23:17:32.000 +0900,,문구 수정(가이드 재작성),191,나를 가장 힘들게 했던 인연은 누구였나요?,,,감정 민감도
190,4,관계를 정리하게 되는 순간은 언제인가요?,2,모든 인연을 억지로 붙잡고 있을 수는 없어요.,"거짓말, 무례함, 일방적인 관계 같은 순간을 떠올려봐요.",관계를 정리하고 나면 마음이 어떤가요?,2025-12-27 20:31:07.893 +0900,2026-09-30 23:17:32.000 +0900,,문구 수정(가이드 재작성),190,"관계를 정리할 때 나만의 기준이 있다면, 어떤 건가요?",,,가치·동기
189,4,나를 바꾸려 하는 사람을 만나면 어떻게 하나요?,2,나의 고유한 모습을 지키는 건 정말 중요한 일이에요.,참고 맞추는지 혹은 단호하게 거절하는지 봐요.,그 대처가 나를 지키는 데 도움이 되나요?,2025-12-27 20:31:07.893 +0900,2025-12-27 20:31:07.893 +0900,,유지,189,,,,관계 온도
188,4,말이나 행동을 조심하게 되는 상황은 언제인가요?,2,말 한마디가 생각보다 큰 무게를 가질 때가 있어요.,"처음 만난 자리, 윗사람 앞, 속상한 친구 앞을 떠올려봐요.",조심하게 되는 이유는 뭘까요?,2025-12-27 20:31:07.893 +0900,2026-09-30 23:17:32.000 +0900,,문구 수정(가이드 재작성),188,"누군가에게 의도치 않게 상처를 준 적이 있다면, 어떤 일이었나요?",,,감정 민감도
187,4,소중한 관계를 지키기 위해 어떤 노력을 하나요?,2,관계도 식물처럼 꾸준한 정성이 필요해요.,주기적으로 연락하거나 작은 선물을 챙기는 일인가요?,그 노력이 상대방에게 어떻게 전달될까요?,2025-12-27 20:31:07.893 +0900,2025-12-27 20:31:07.893 +0900,,유지,187,,,,친밀감 방식
186,4,나를 믿어주는 사람들의 공통점은 무엇인가요?,2,나를 지지해주는 사람들에게서 내 장점이 보여요.,다정함이나 정직함을 알아봐 주는 사람들인가요?,어떤 경험에서 믿어준다는 느낌을 받았는지도 떠올려봐요.,2025-12-27 20:31:07.893 +0900,2025-12-27 20:31:07.893 +0900,,유지,,,,,
185,4,여러 사람 사이에서 나는 어떤 자리에 있을 때 편한가요?,2,여러 사람 사이에서 편한 자리는 사람마다 달라요.,"대화를 이끄는 자리, 듣는 자리, 옆에서 챙기는 자리를 떠올려봐요.",그 자리가 편한 이유는 뭘까요?,2025-12-27 20:31:07.893 +0900,2026-09-30 23:17:32.000 +0900,,문구 수정(가이드 재작성),185,"사람들 사이에서 소외감을 느꼈던 적이 있다면, 어떤 상황이었나요?",,,에너지 방향
184,4,사람들에게 내 이야기를 잘 하는 편인가요?,2,가끔은 내 마음을 보여주는 게 조심스러울 때가 있어요.,상처받기 싫어서인지 혹은 말주변이 없어서인지 봐요.,어떤 사람에게는 내 이야기를 더 하고 싶나요?,2025-12-27 20:31:07.893 +0900,2025-12-27 20:31:07.893 +0900,,유지,184,,,,친밀감 방식
183,4,"다투고 나면 먼저 사과하는 편인가요, 기다리는 편인가요?",2,사과는 관계를 지키려는 노력 중 하나예요.,다툰 뒤 먼저 연락하는 쪽인지 떠올려봐요.,그렇게 하는 이유는 뭐라고 생각해요?,2025-12-27 20:31:07.893 +0900,2026-09-30 23:17:32.000 +0900,,문구 수정(가이드 재작성),183,다투면 먼저 사과하는 편인가요? 사과할 때 나만의 방식이 있나요?,,,관계 온도
182,4,오해가 생겼을 때 어떻게 대처하나요?,2,꼬인 마음을 푸는 건 큰 용기가 필요해요.,먼저 대화를 거는지 혹은 시간을 두는지 봐요.,내 진심을 전하는 가장 좋은 방법은 무엇일까요?,2025-12-27 20:31:07.893 +0900,2025-12-27 20:31:07.893 +0900,,유지,182,,,,관계 온도
181,4,나를 있는 그대로 봐주는 사람은 어떤 사람인가요?,2,꾸밈없이 편하게 있을 수 있는 관계가 있어요.,가족이나 정말 친한 친구를 떠올려 봐요.,그 사람 앞에서는 왜 유독 마음이 편해지나요?,2025-12-27 20:31:07.893 +0900,2026-09-30 23:17:32.000 +0900,,문구 수정(가이드 유지),181,나를 있는 그대로 봐주는 사람은 누구인가요?,,,
180,4,다른 사람 칭찬을 잘해주는 편인가요? ,2,좋은 점을 발견하고 말해주는 건 큰 능력이에요.,진심으로 칭찬을 자주 하는지 아니면 쑥스러워하는지 봐요.,칭찬을 건넸을 때 상대방과 나의 분위기가 어떻게 변하나요?,2025-12-27 20:31:07.893 +0900,2025-12-27 20:31:07.893 +0900,,유지,180,,,,관계 온도
179,4,사람들과 어울리는 것과 혼자 있는 것 중 무엇이 더 좋나요?,2,에너지를 얻는 방식이 사람마다 다 달라요.,왁자지껄한 모임인가요 아니면 조용한 고립인가요?,지금 나에게 더 필요한 시간은 어떤 쪽인가요?,2025-12-27 20:31:07.893 +0900,2025-12-27 20:31:07.893 +0900,,유지,179,,,,에너지 방향
178,4,나를 성장하게 한 사람은 어떤 점이 달랐나요?,2,어떤 만남은 내 삶을 긍정적으로 바꿔놓기도 해요.,엄격했던 선생님이나 따뜻했던 선배 혹은 경쟁자였나요?,그 사람이 나에게 남긴 가장 큰 가르침은 무엇인가요?,2025-12-27 20:31:07.893 +0900,2026-09-30 23:17:32.000 +0900,,문구 수정(가이드 유지),178,나를 성장하게 한 인연이 있다면 누구인가요?,,,
177,4,누군가에게 실망했을 때 어떤 태도를 취하나요?,2,실망감은 기대가 컸을 때 찾아오는 감정이에요.,조용히 마음을 정리하는지 아니면 대화로 푸는지 봐요.,그 대처 방식이 내 마음을 보호하는 데 최선인가요?,2025-12-27 20:31:07.893 +0900,2025-12-27 20:31:07.893 +0900,,유지,177,,,,관계 온도
176,4,내가 생각하는 '좋은 사람'의 기준은 무엇인가요?,2,내가 닮고 싶은 모습이기도 하고 바라는 모습이기도 해요.,"다정함, 정직함 혹은 성실함인가요?",나 자신은 그 기준에 얼마나 가까운 사람인가요?,2025-12-27 20:31:07.893 +0900,2025-12-27 20:31:07.893 +0900,,유지,176,,,,가치·동기
175,4,불편한 사람과 거리를 둘 때 나는 어떻게 하는 편인가요?,2,나를 지키기 위해 적당한 간격을 두는 건 용기예요.,연락 줄이기나 단호하게 말하기 혹은 자연스럽게 멀어지기인가요?,거리를 두고 나면 내 마음이 얼마나 가벼워지나요?,2025-12-27 20:31:07.893 +0900,2026-09-30 23:17:32.000 +0900,,문구 수정(가이드 유지),175,"나를 힘들게 하는 사람과 거리를 두는 방법이 있다면, 어떤 건가요?",,,관계 온도
174,4,관계에서 오는 스트레스를 어떻게 해결하나요?,2,사람 때문에 힘든 마음을 다스리는 나만의 법이 필요해요.,혼자 시간을 보내기나 다른 친구와 대화하기인가요?,그 방법이 정말 마음을 다시 편안하게 해주나요?,2025-12-27 20:31:07.893 +0900,2025-12-27 20:31:07.893 +0900,,유지,174,,,,스트레스 대처
173,4,진정한 친구는 몇 명이면 충분하다고 생각하나요?,2,진정한 친구란 무엇일까요?,"그 기준을 떠올렸을 때, 지금 내 곁에 자연스럽게 그려지는 얼굴은 몇 명인가요?",지금 곁에 있는 친구의 수로 충분한가요? 아니면 내가 마음속으로 바라는 이상적인 숫자가 따로 있나요?,2025-12-27 20:31:07.893 +0900,2025-12-27 20:31:07.893 +0900,,유지,173,,,,에너지 방향
172,4,거절을 해야 할 때 어떤 마음이 드나요?,2,거절은 나를 지키는 방법이기도 해요.,"미안함, 후련함, 부담감 등 다양한 감정을 느낄 수 있어요.",거절할 때 주로 하는 생각도 떠올려봐요.,2025-12-27 20:31:07.893 +0900,2025-12-27 20:31:07.893 +0900,,유지,172,,,,관계 온도
171,4,친구 사이에도 꼭 지켜야 하는 선은 무엇인가요?,2,가까울수록 존중해야 할 경계가 필요해요.,사생활 존중이나 약속 지키기 혹은 말투인가요?,왜 그 선을 넘지 않는 게 관계 유지에 중요할까요?,2025-12-27 20:31:07.893 +0900,2025-12-27 20:31:07.893 +0900,,유지,,,,,
170,4,나를 잘 이해해주는 사람들은 어떤 공통점을 가졌나요?,2,설명하지 않아도 마음을 알아주는 사람들이 있어요.,"잘 들어주는지, 판단하지 않는지 떠올려봐요.",그 사람들이 나를 이해해줄 때 어떤 위로를 받나요?,2025-12-27 20:31:07.893 +0900,2026-09-30 23:17:32.000 +0900,,문구 수정(가이드 재작성),170,나를 가장 잘 이해한다고 느끼는 사람은 누구인가요?,,,
169,4,다른 사람의 고민을 잘 들어주는 편인가요? ,2,경청은 최고의 대화 기술 중 하나예요.,조언을 해주는 편인가요 아니면 그냥 들어주는 편인가요?,고민을 들어주고 나면 내 마음은 어떤가요?,2025-12-27 20:31:07.893 +0900,2025-12-27 20:31:07.893 +0900,,유지,169,,,,관계 온도
168,4,다른 사람에게 내 이야기를 어디까지 털어놓나요?,2,마음의 문을 여는 깊이는 사람마다 다 달라요.,가벼운 일상만 말하는지 깊은 고민도 말하는지 봐요.,어느 정도까지 말했을 때 가장 마음이 편한가요?,2025-12-27 20:31:07.893 +0900,2025-12-27 20:31:07.893 +0900,,유지,168,,,,친밀감 방식
167,4,나와 유머 코드가 잘 맞는 사람은 어떤 사람인가요?,1,웃음 포인트가 같다는 건 마음이 통한다는 신호예요.,나의 사소한 농담에도 빵 터지는 친구인가요?,그 사람과 대화할 때 왜 유독 즐거움이 느껴질까요?,2025-12-27 20:31:07.893 +0900,2026-09-30 23:17:32.000 +0900,,문구 수정(가이드 유지),167,나랑 유머 코드가 가장 잘 맞는 사람은 누구인가요?,,,
166,4,서운한 점이 있을 때 솔직하게 말하는 편인가요? ,2,진심을 전하는 건 관계를 건강하게 유지하는 방법이에요.,바로 말하는지 아니면 참았다가 나중에 말하는지 봐요.,말하고 난 뒤의 기분은 시원한가요 아니면 미안한가요?,2025-12-27 20:31:07.893 +0900,2025-12-27 20:31:07.893 +0900,,유지,166,,,,친밀감 방식
165,4,주변 사람들이 나에게 자주 부탁하는 것은 무엇인가요?,2,남들이 나를 어떤 면에서 의지하는지 보여주는 증거예요.,조언 구하기나 일손 돕기 같은 것인가요?,그 부탁을 들어줄 때 내 마음은 어떤가요?,2025-12-27 20:31:07.893 +0900,2026-09-30 23:17:32.000 +0900,,문구 수정(가이드 유지),165,"주변 사람들로부터 자주 듣는 부탁이 있다면, 어떤 건가요?",,,
164,4,반대되는 성격의 사람과도 잘 지내는 편인가요?,2,다름을 받아들이는 건 마음의 폭을 넓히는 일이에요.,나와 반대인 씩씩한 사람이나 조용한 사람인가요?,그 사람을 통해 내가 배우는 점은 무엇인가요?,2025-12-27 20:31:07.893 +0900,2025-12-27 20:31:07.893 +0900,,유지,164,,,,관계 온도
163,4,친구를 사귈 때 가장 중요하게 보는 점은 무엇인가요?,2,관계를 시작할 때 나도 모르게 보는 기준이 있어요.,"성격, 예의, 대화 코드 중 무엇인가요?",그 포인트가 왜 가장 중요한가요?,2025-12-27 20:31:07.893 +0900,2026-09-30 23:17:32.000 +0900,,문구 수정(가이드 유지),163,친구를 사귀 때 가장 중요하게 보는 점은 무엇인가요?,,,가치·동기
162,4,처음 만난 사람과 어색함을 풀기 위해 주로 어떤 말을 하나요?,1,첫 대화의 물꼬를 트는 나만의 요령이 있을 거예요.,날씨 이야기나 가벼운 칭찬 혹은 질문인가요?,왜 그 질문이 분위기를 푸는 데 도움이 될까요?,2025-12-27 20:31:07.893 +0900,2025-12-27 20:31:07.893 +0900,,유지,,,,,
161,4,사람들이 말하는 나의 첫인상은 어떤가요?,2,남이 보는 내 모습은 내가 아는 것과 다를 수 있어요.,차갑다 혹은 친근하다는 말을 들어봤나요?,그 첫인상이 나의 진짜 모습과 얼마나 닮았나요?,2025-12-27 20:31:07.893 +0900,2025-12-27 20:31:07.893 +0900,,유지,,,,,
160,4,연락처에 저장된 이름 중 가장 재밌는 이름은 무엇인가요?,2,연락처 속 이름에는 소소한 재미가 숨어 있어요.,"별명, 이모지, 특이한 설명을 붙인 이름을 떠올려봐요.",그 이름을 붙이게 된 사연이 있나요?,2025-12-27 20:31:07.893 +0900,2026-09-30 23:17:32.000 +0900,,문구 수정(가이드 재작성),160,연락처 목록에서 가장 의외의 인물은 누구인가요?,,,
159,4,처음 만난 사람에게 호감을 느끼는 포인트는 무엇인가요?,2,처음 만난 사람에게도 끌리는 포인트가 있어요.,"예쁜 말투, 잘 웃는 얼굴, 비슷한 취향을 떠올려봐요.",그 포인트에 마음이 가는 이유는 뭘까요?,2025-12-27 20:31:07.893 +0900,2026-09-30 23:17:32.000 +0900,,문구 수정(가이드 재작성),159,"요즘 새로 알게 된 사람 중 호감이 가는 사람이 있다면, 어떤 점이 끌리나요?",,,친밀감 방식
158,4,나를 잘 웃게 하는 사람은 어떤 유머를 가졌나요?,2,함께 웃을 수 있다는 건 정말 소중한 인연이에요.,"엉뚱한 유머, 말장난, 리액션, 표정 개그를 떠올려봐요.",그 유머에 내가 웃게 되는 이유는 뭘까요?,2025-12-27 20:31:07.893 +0900,2026-09-30 23:17:32.000 +0900,,문구 수정(가이드 재작성),158,"나를 웃게 만드는 재주가 있는 친구가 있다면, 어떤 사람인가요?",,,
157,4,길에서 우연히 만나면 반가울 사람은 어떤 사이인가요?,1,예상치 못한 만남이 설렘을 줄 때가 있어요.,연락이 끊긴 옛 친구나 보고 싶은 지인인가요?,그 사람을 만나면 가장 먼저 무슨 말을 하고 싶나요?,2025-12-27 20:31:07.893 +0900,2026-09-30 23:17:32.000 +0900,,문구 수정(가이드 유지),157,길에서 우연히 만나면 반가울 사람은 누구인가요?,,,
156,4,생일에 받으면 가장 기분 좋은 축하는 어떤 건가요?,2,축하받는 방식에도 취향이 있어요.,"깜짝 파티, 손편지, 선물, 조용한 식사를 떠올려봐요.",그 축하가 좋은 이유는 뭐예요?,2025-12-27 20:31:07.893 +0900,2026-09-30 23:17:32.000 +0900,,문구 수정(가이드 재작성),156,내 생일에 가장 먼저 축하해준 사람은 누구인가요?,,,
155,4,받으면 기분 좋아지는 메시지는 어떤 메시지인가요?,1,작은 메시지 하나가 하루를 빛나게 하기도 해요.,응원의 말이나 갑작스러운 안부를 떠올려봐요.,그런 메시지를 받으면 어떤 기분이 들어요?,2025-12-27 20:31:07.893 +0900,2026-09-30 23:17:32.000 +0900,,문구 수정(가이드 재작성),155,최근 누군가에게 받은 기분 좋은 문자는 무엇인가요?,,,
154,4,같이 밥 먹을 때 편한 사람은 어떤 사람인가요?,1,식사 시간은 서로의 긴장이 가장 많이 풀리는 때예요.,가족처럼 편한 친구나 마음이 잘 맞는 동료인가요?,그 사람 앞에서는 어떤 대화도 술술 나오나요?,2025-12-27 20:31:07.893 +0900,2026-09-30 23:17:32.000 +0900,,문구 수정(가이드 유지),154,같이 밥 먹을 때 가장 편한 사람은 누구인가요?,,,
153,4,만나면 기운이 나는 사람은 어떤 사람인가요?,2,함께 있는 것만으로도 에너지가 충전되는 관계가 있죠.,항상 밝은 사람이나 내 말을 잘 들어주는 사람인가요?,그 사람의 어떤 점이 나를 기분 좋게 만드나요?,2025-12-27 20:31:07.893 +0900,2026-09-30 23:17:32.000 +0900,,문구 수정(가이드 유지),153,"만났을 때 기운을 얻게 되는 사람이 있다면, 누구인가요?",,,에너지 방향
152,4,고민이 있을 때 가장 먼저 찾게 되는 친구는 어떤 사람인가요?,1,고민을 먼저 꺼내고 싶은 사람에게는 이유가 있어요.,"잘 들어주는 사람, 해결책을 주는 사람, 편한 사람을 떠올려봐요.",그런 사람에게 마음이 가는 이유는 뭘까요?,2025-12-27 20:31:07.893 +0900,2026-09-30 23:17:32.000 +0900,,문구 수정(가이드 재작성),152,고민이 있을 때 가장 먼저 생각나는 친구는 누구인가요?,,,친밀감 방식
151,4,가족 중 대화가 가장 편한 사람은 어떤 점이 편한가요?,1,가장 가까운 사이일수록 편한 이유가 보여요.,"말이 잘 통하는지, 편들어주는지, 비밀을 지켜주는지 떠올려봐요.",그 사람과 대화할 때 내 모습은 어떤가요?,2025-12-27 20:31:07.893 +0900,2026-09-30 23:17:32.000 +0900,,문구 수정(가이드 재작성),151,가족 중 가장 편하게 대화하는 사람은 누구인가요?,,,
150,3,요즘 나의 일상에 제목을 붙인다면 무엇일까요?,2,일상을 하나의 제목으로 요약해보는 시간이에요.,"평범한 제목도, 시적인 제목도 좋아요.",그 제목이 요즘 내 마음을 얼마나 잘 설명하나요?,2025-12-27 20:31:07.893 +0900,2026-09-30 23:17:32.000 +0900,,문구 수정(가이드 재작성),150,오늘 하루를 기록한다면 어떤 제목을 붙이고 싶나요?,,,
149,3,일상을 잘 보냈다고 느끼는 날은 어떤 날인가요?,2,평범한 하루를 잘 보냈다고 느끼는 기준은 저마다 달라요.,"할 일을 끝낸 날, 푹 쉰 날, 좋은 사람을 만난 날을 떠올려봐요.",그런 날을 더 자주 만들려면 뭐가 필요할까요?,2025-12-27 20:31:07.893 +0900,2026-09-30 23:17:32.000 +0900,,문구 수정(가이드 재작성),149,일상을 꾸려간다는 게 나에게 어떤 의미인가요?,,,가치·동기
148,3,예전보다 나아진 나의 습관은 무엇인가요? 작은 것도 좋아요.,2,과거의 나와 지금의 나를 한 번 떠올려봐요.,나쁜 버릇을 고쳤거나 새로운 좋은 습관을 들였나요?,그 변화를 위해 내가 들인 노력은 무엇이었나요?,2025-12-27 20:31:07.893 +0900,2026-09-30 23:17:32.000 +0900,,문구 수정(가이드 유지),148,과거의 나보다 좋아진 습관이 있다면 무엇인가요?,,,
147,3,"반복되는 일상 속, 나를 가장 뿌듯하게 만드는 루틴은 무엇인가요?",2,"매일 지켜내는 루틴들이 모두 소중하지만, 그중에서도 스스로를 가장 뿌듯하게 만드는 순간이 있지 않나요?",그 행동이 유독 나를 뿌듯하게 만드는 진짜 이유는 무엇일까요?,"가끔은 귀찮거나 건너뛰고 싶은 날도 있을 텐데, 그럼에도 불구하고 그 루틴을 계속 유지하게 만드는 힘은 어디서 나오는지도 떠올려봐요.",2025-12-27 20:31:07.893 +0900,2025-12-27 20:31:07.893 +0900,,유지,,,,,
146,3,지루한 반복을 견디게 하는 생각은 무엇인가요?,2,반복되는 일상 속에 진짜 성장이 숨어 있어요.,"오늘만 하자는 마음인가요, 아니면 미래를 위한 인내인가요?",그 생각을 하면 지루함이 조금 덜어지나요?,2025-12-27 20:31:07.893 +0900,2025-12-27 20:31:07.893 +0900,,유지,,,,,
145,3,나에게 '규칙적인 하루'란 어떤 건가요?,2,규칙적인 하루도 내가 정의하기 나름인 법이에요.,어떤 날이 규칙적인 하루로 기억되는지 떠올려봐요.,그리고 규칙적인 하루는 어떤 기분을 가져왔는지도 생각해볼까요?,2025-12-27 20:31:07.893 +0900,2025-12-27 20:31:07.893 +0900,,유지,,,,,
144,3,남들이 보는 나는 어떤 사람일까요?,2,"남들이 보는 나는 어떤 사람일까, 가끔 궁금하죠.",성실한 사람 혹은 여유로운 사람일까요?,그 평가가 내가 바라는 나의 모습과 닮았나요?,2025-12-27 20:31:07.893 +0900,2025-12-27 20:31:07.893 +0900,,유지,144,,,,자기 인식
143,3,나를 가장 잘 보여주는 생활 습관은 무엇인가요?,2,습관을 보면 나라는 사람이 보이기도 해요.,항상 정리하는 습관이나 메모하는 태도인가요?,남들이 그 습관을 보고 나를 어떻게 평가할까요?,2025-12-27 20:31:07.893 +0900,2025-12-27 20:31:07.893 +0900,,유지,143,,,,자기 인식
142,3,평생 지키고 싶은 단 하나의 습관은 무엇인가요?,2,나를 지탱해주는 가장 중심적인 행동이에요.,일찍 일어나기나 정직하게 말하기 같은 건가요?,왜 그 습관만큼은 꼭 지키고 싶은가요?,2025-12-27 20:31:07.893 +0900,2025-12-27 20:31:07.893 +0900,,유지,,,,,
141,3,지금의 습관을 10년 동안 이어가면 나는 어떤 사람이 되어 있을까요?,2,작은 반복이 나중에 큰 변화를 만들기도 해요.,건강 습관이나 공부 습관을 떠올려 봐요.,10년 뒤의 내 모습이 자랑스러울 것 같나요?,2025-12-27 20:31:07.893 +0900,2026-09-30 23:17:32.000 +0900,,문구 수정(가이드 유지),141,지금의 습관이 10년 뒤 나를 어디로 데려갈까요?,,,
140,3,중요한 약속 전날 나는 주로 무엇을 하나요?,2,정성을 들이는 만큼 약속이 소중하게 느껴져요.,옷 골라두기나 약속 장소 확인하기인가요?,그 준비가 당일의 기분에 어떤 영향을 주나요?,2025-12-27 20:31:07.893 +0900,2026-09-30 23:17:32.000 +0900,,문구 수정(가이드 유지),140,"중요한 약속 전날 꼭 하는 준비가 있다면, 어떤 건가요?",,,
139,3,집 청소를 가장 꼼꼼히 하는 날은 언제인가요?,2,청소는 마음의 복잡함을 털어내는 과정이기도 해요.,스트레스 받은 날이나 손님이 오는 날인가요?,청소를 끝내고 나면 내 기분은 어떤가요?,2025-12-27 20:31:07.893 +0900,2025-12-27 20:31:07.893 +0900,,유지,,,,,
138,3,"새로운 걸 시작할 때 일단 해보는 편인가요, 충분히 알아보고 시작하는 편인가요?",2,새로운 걸 시작하는 방식에 내 성향이 보여요.,일단 부딪히기와 충분히 알아보기를 떠올려봐요.,그 방식으로 시작했을 때 결과는 대체로 어땠어요?,2025-12-27 20:31:07.893 +0900,2026-09-30 23:17:32.000 +0900,,문구 수정(가이드 재작성),138,"새로운 취미를 시작할 때 거치는 과정이 있다면, 어떤 건가요?",,,결정 방식
137,3,잠이 오지 않을 때 몸을 편하게 만드는 방법은 무엇인가요?,2,잠들기 전의 편안함은 내일의 시작을 결정해요.,따뜻한 우유 마시기나 명상 혹은 조용한 음악인가요?,그 방법을 쓰면 정말 마음이 놓이나요?,2025-12-27 20:31:07.893 +0900,2025-12-27 20:31:07.893 +0900,,유지,,,,,
136,3,"기록하는 편인가요, 기억에 맡기는 편인가요?",2,기록은 나중에 나를 돌아보게 하는 힘이 돼요.,"메모, 사진, 일기, 기억 중 뭘 주로 쓰는지 떠올려봐요.",그 방식이 나에게 잘 맞는 이유는 뭐예요?,2025-12-27 20:31:07.893 +0900,2026-09-30 23:17:32.000 +0900,,문구 수정(가이드 재작성),136,"매일 일기를 쓰거나 기록을 남기는 습관이 있다면, 어떤 방식인가요?",,,계획·실행
135,3,"화난 마음을 가라앉히는 나만의 루틴이 있다면, 어떤 건가요?",2,감정을 다스리는 법을 아는 건 소중한 능력이에요.,노래 크게 듣기나 일기 쓰기 혹은 잠자기인가요?,이 루틴이 나를 다시 평온하게 만들어주나요?,2025-12-27 20:31:07.893 +0900,2025-12-27 20:31:07.893 +0900,2026-09-30 23:17:32.000 +0900,비활성화(중복 통합),,,,,
134,3,스마트폰 없이 보내는 시간이 하루에 얼마나 되나요?,2,가끔은 기기에서 벗어나 쉬는 시간이 필요해요.,산책 시간이나 밥 먹는 시간 혹은 아예 없는지 봐요.,그 시간 동안 내 마음은 어떤 상태인가요?,2025-12-27 20:31:07.893 +0900,2025-12-27 20:31:07.893 +0900,,유지,,,,,
133,3,계절이 바뀌면 가장 먼저 느끼는 변화는 무엇인가요?,2,계절의 변화는 작은 곳에서 먼저 느껴져요.,"공기 냄새, 옷차림, 해 지는 시간을 떠올려봐요.",계절이 바뀌면 내 기분은 어떻게 달라져요?,2025-12-27 20:31:07.893 +0900,2026-09-30 23:17:32.000 +0900,,문구 수정(가이드 재작성),133,"계절이 바뀔 때 집 안에서 바꾸는 게 있다면, 어떤 건가요?",,,
132,3,중요한 일을 앞두고 하는 나만의 준비는 무엇인가요? 징크스도 좋아요.,2,불안을 이겨내기 위해 하는 나만의 규칙이에요.,특정 옷을 입거나 정해진 음식을 먹는 일인가요?,그 행동이 마음의 안정을 찾는 데 도움이 되나요?,2025-12-27 20:31:07.893 +0900,2026-09-30 23:17:32.000 +0900,,문구 수정(가이드 유지),132,"중요한 일을 앞두고 지키는 징크스 같은 행동이 있다면, 어떤 건가요?",,,계획·실행
131,3,망가진 하루를 바로잡는 나만의 방법은 무엇인가요?,2,모든 게 꼬인 날을 되돌리고 싶을 때가 있죠.,주변 정리나 세수 같은 사소한 일인가요?,이 행동이 마음을 어떻게 다시 잡아주나요?,2025-12-27 20:31:07.893 +0900,2025-12-27 20:31:07.893 +0900,,유지,131,,,,스트레스 대처
130,3,정리 정돈을 할 때 가장 먼저 하는 일은 무엇인가요?,2,공간을 비우는 건 마음을 정리하는 것과 비슷해요.,버릴 물건 고르기나 자리 배치하기인가요?,깨끗해진 공간을 보면 기분이 어떻게 바뀌나요?,2025-12-27 20:31:07.893 +0900,2025-12-27 20:31:07.893 +0900,,유지,,,,,
129,3,가장 좋아하는 기념일은 무엇인가요?,2,특별한 날을 기억하는 방식은 저마다 달라요.,"생일, 기념일, 명절, 나만의 기념일을 떠올려봐요.",그날이 특별한 이유는 뭐예요?,2025-12-27 20:31:07.893 +0900,2026-09-30 23:17:32.000 +0900,,문구 수정(가이드 재작성),129,"기념일에 반복적으로 하는 일이 있다면, 어떤 건가요?",,,
128,3,"짐을 쌀 때 꼼꼼하게 챙기는 편인가요, 최소한만 챙기는 편인가요?",2,짐을 싸는 방식에서 평소의 꼼꼼함이 보여요.,"목록을 만드는지, 필요한 것만 챙기는지 떠올려봐요.",빠뜨린 게 생기면 나는 어떻게 해요?,2025-12-27 20:31:07.893 +0900,2026-09-30 23:17:32.000 +0900,,문구 수정(가이드 재작성),128,"여행 가방을 싸는 나만의 규칙이 있다면, 어떤 건가요?",,,계획·실행
127,3,하기 싫은 일을 할 때 나를 움직이게 하는 한마디는 무엇인가요?,2,하기 싫은 일 앞에서는 누구나 큰 결심이 필요해요.,"'일단 5분만', '끝나면 맛있는 거' 같은 말을 떠올려봐요.",그 말을 하고 나면 정말 몸이 움직여지나요?,2025-12-27 20:31:07.893 +0900,2026-09-30 23:17:32.000 +0900,,문구 수정(가이드 재작성),127,"운동하기 싫을 때 나를 움직이게 하는 주문이 있다면, 어떤 건가요?",,,가치·동기
126,3,무언가를 시작하기 전 마음을 가다듬는 방법은 무엇인가요?,2,집중하기 위해 나만의 의식이 필요할 때가 있어요.,책상 정리나 차 마시기 혹은 심호흡인가요?,그 행동을 하면 집중력이 얼마나 올라가나요?,2025-12-27 20:31:07.893 +0900,2026-09-30 23:17:32.000 +0900,,문구 수정(가이드 유지),126,"업무나 공부를 시작하기 전 마음을 가다듬는 행동이 있다면, 어떤 건가요?",,,스트레스 대처
125,3,"돈을 계획적으로 쓰는 편인가요, 그때그때 쓰는 편인가요?",2,돈을 쓰는 방식에 삶의 태도가 담겨 있어요.,계획한 소비와 갑자기 한 소비를 떠올려봐요.,그 방식에 만족하는 편이에요?,2025-12-27 20:31:07.893 +0900,2026-09-30 23:17:32.000 +0900,,문구 수정(가이드 재작성),125,"가계부를 쓰거나 돈을 관리하는 방법이 있다면, 어떤 건가요?",,,계획·실행
124,3,"약속 시간에 딱 맞춰 가는 편인가요, 일찍 가는 편인가요?",2,시간을 대하는 태도에 성격이 묻어나잖아요.,약속 장소에 도착하는 내 모습을 떠올려봐요.,그렇게 하는 이유는 뭐라고 생각해요?,2025-12-27 20:31:07.893 +0900,2026-09-30 23:17:32.000 +0900,,문구 수정(가이드 재작성),124,"약속 시간에 늦지 않기 위해 하는 준비가 있다면, 어떤 건가요?",,,계획·실행
123,3,건강을 위해 챙기고 있는 것은 무엇인가요? 작은 것도 좋아요.,2,나를 가꾸는 습관은 몸에서 먼저 나타나요.,비타민이나 물 마시기 혹은 건강식을 떠올려 봐요.,이 습관을 유지하는 게 나에게 어떤 느낌을 주나요?,2025-12-27 20:31:07.893 +0900,2026-09-30 23:17:32.000 +0900,,문구 수정(가이드 유지),123,"건강을 위해 매일 챙겨 먹는 게 있다면, 어떤 건가요?",,,
122,3,할 일이 많을 때 어떤 순서로 처리하나요?,2,바쁠수록 중심을 잡는 기준이 필요해요.,쉬운 일부터 하는지 아니면 급한 일부터 하는지 봐요.,그 순서가 나에게 가장 잘 맞는 방법인가요?,2025-12-27 20:31:07.893 +0900,2025-12-27 20:31:07.893 +0900,,유지,122,,,,계획·실행
121,3,주말에 꼭 하는 일은 무엇인가요?,2,주말은 일주일을 정리하는 시간이에요.,늦잠 자기나 대청소 혹은 취미 활동을 생각해봐요.,그 일을 하고 나면 마음이 얼마나 충전되나요?,2025-12-27 20:31:07.893 +0900,2025-12-27 20:31:07.893 +0900,,유지,,,,,
120,3,주말과 평일의 루틴 중 가장 큰 차이점은 무엇인가요?,2,휴식과 업무의 균형을 어떻게 맞추는지 봐요.,기상 시간이나 먹는 음식인가요?,이 차이가 내 삶의 리듬에 어떤 영향을 주고 있나요?,2025-12-27 20:31:07.893 +0900,2025-12-27 20:31:07.893 +0900,,유지,,,,,
119,3,꾸준히 이어가고 있는 습관은 무엇인가요? 작은 것도 좋아요.,2,꾸준함은 작은 것에서 시작돼요.,"물 마시기, 스트레칭, 일기처럼 작은 것도 좋아요.",그 습관을 이어가게 하는 힘은 뭐예요?,2025-12-27 20:31:07.893 +0900,2026-09-30 23:17:32.000 +0900,,문구 수정(가이드 재작성),119,"내가 지키는 습관 중 남들에게 추천하고 싶은 게 있다면, 어떤 건가요?",,,
118,3,"일정을 머릿속으로 기억하는 편인가요, 적어두는 편인가요?",2,일정을 다루는 방식에 나의 성향이 묻어나요.,"다이어리, 캘린더 앱, 메모, 머릿속을 떠올려봐요.",그 방식이 나에게 어떤 안정감을 주나요?,2025-12-27 20:31:07.893 +0900,2026-09-30 23:17:32.000 +0900,,문구 수정(가이드 재작성),118,"하루 일정을 정리하는 나만의 도구가 있다면, 어떤 건가요?",,,계획·실행
117,3,새로운 루틴을 만들 때 가장 힘든 점은 무엇인가요?,2,습관을 바꾸는 건 정말 쉽지 않은 일이에요.,처음 시작하는 것인가요 아니면 유지하는 것인가요?,어려움을 이겨낼 나만의 전략이 있나요?,2025-12-27 20:31:07.893 +0900,2025-12-27 20:31:07.893 +0900,,유지,117,,,,계획·실행
116,3,반복되는 일상에서 가장 지루하게 느끼는 순간은 언제인가요?,2,반복의 권태로움을 느끼는 지점을 찾아봐요.,출퇴근 길이나 설거지 같은 집안일인가요?,이 시간을 조금 더 즐겁게 바꿀 방법은 없을까요?,2025-12-27 20:31:07.893 +0900,2025-12-27 20:31:07.893 +0900,,유지,116,,,,새로움 추구
115,3,"미루고 싶을 때 나를 움직이게 하는 건 마감인가요, 의지인가요?",2,귀찮음을 이겨내는 힘은 사람마다 달라요.,정해진 기한과 스스로의 다짐 중 뭐가 더 잘 통해요?,그 방식이 통하지 않을 때는 어떻게 해요?,2025-12-27 20:31:07.893 +0900,2026-09-30 23:17:32.000 +0900,,문구 수정(가이드 재작성),115,"미루고 싶을 때 나를 움직이게 하는 나만의 방법이 있다면, 어떤 건가요?",,,계획·실행
114,3,하루 중 온전히 나만을 위해 쓰는 시간은 얼마나 되나요?,2,바쁜 일상 속에서 나를 챙기는 시간이에요.,딱 10분인가요 아니면 한 시간인가요?,그 시간을 어떻게 채울 때 가장 행복한가요?,2025-12-27 20:31:07.893 +0900,2025-12-27 20:31:07.893 +0900,,유지,114,,,,에너지 방향
113,3,스트레스가 쌓이면 나도 모르게 하는 행동은 무엇인가요?,2,나를 달래는 해소법을 아는 건 소중한 능력이에요.,매운 음식 먹기나 음악 크게 듣기인가요?,이 행동이 마음을 어떻게 다시 진정시키나요?,2025-12-27 20:31:07.893 +0900,2026-09-30 23:17:32.000 +0900,,문구 수정(가이드 유지),113,"스트레스가 쌓였을 때 나도 모르게 하는 행동이 있다면, 어떤 건가요?",,,스트레스 대처
112,3,집중력이 필요할 때 찾는 장소는 어디인가요?,2,몰입의 즐거움을 느꼈던 곳을 떠올려 봐요.,카페 구석 자리나 내 방 책상인가요?,그 장소의 어떤 점이 집중을 도와줄까요?,2025-12-27 20:31:07.893 +0900,2025-12-27 20:31:07.893 +0900,,유지,,,,,
111,3,나에게 주는 확실한 보상은 무엇인가요?,2,오늘도 수고한 자신에게 줄 선물이 필요해요.,맛있는 저녁이나 좋아하는 영상 시청인가요?,이 보상이 스트레스를 어떻게 녹여주나요?,2025-12-27 20:31:07.893 +0900,2025-12-27 20:31:07.893 +0900,,유지,111,,,,가치·동기
110,3,하루를 기분 좋게 시작하게 해주는 것은 무엇인가요?,2,하루의 시작을 기분 좋게 만드는 게 있어요.,"음악, 커피, 햇살, 좋아하는 아침 메뉴를 떠올려봐요.",그게 있으면 하루가 어떻게 달라져요?,2025-12-27 20:31:07.893 +0900,2026-09-30 23:17:32.000 +0900,,문구 수정(가이드 재작성),110,"하루를 시작할 때 듣는 음악 장르가 있다면, 어떤 장르인가요?",,,
109,3,매일 사용하는 물건 중 가장 아끼는 것은 무엇인가요?,1,나의 일상에 가장 깊숙이 들어온 물건이에요.,매일 쓰는 펜이나 자주 쓰는 안경인가요?,그 물건이 내 일상을 얼마나 편하게 해주나요?,2025-12-27 20:31:07.893 +0900,2025-12-27 20:31:07.893 +0900,,유지,,,,,
108,3,집에 도착하자마자 가장 먼저 하는 일은 무엇인가요?,1,밖에서의 나를 내려놓고 돌아오는 첫 단계예요.,손 씻기나 편한 옷으로 갈아입기인가요?,그 행동을 할 때 마음이 얼마나 편해지나요?,2025-12-27 20:31:07.893 +0900,2025-12-27 20:31:07.893 +0900,,유지,,,,,
107,3,하루 중 스마트폰을 가장 많이 보는 시간은 언제인가요?,2,나의 여가 시간이 어디로 흘러가는지 보여줘요.,출퇴근 길인가요 아니면 자기 전 침대 위인가요?,그 시간에 주로 무엇을 보며 시간을 보내나요?,2025-12-27 20:31:07.893 +0900,2025-12-27 20:31:07.893 +0900,,유지,,,,,
106,3,식사 후에 주로 무엇을 하나요?,2,밥을 먹고 난 뒤의 작은 여유를 봐요.,"커피 마시기, 산책, 눕기, 휴대폰 보기를 떠올려봐요.",그 시간이 나에게 어떤 쉼이 되나요?,2025-12-27 20:31:07.893 +0900,2026-09-30 23:17:32.000 +0900,,문구 수정(가이드 재작성),106,"식사 후에 습관적으로 하는 행동이 있다면, 어떤 건가요?",,,
105,3,외출 전 거울 앞에서 마지막으로 확인하는 것은 무엇인가요?,2,외출 전 마지막 점검에 내가 신경 쓰는 부분이 보여요.,"머리, 옷매무새, 얼굴, 전체 분위기를 떠올려봐요.",그 부분을 확인하는 이유는 뭐예요?,2025-12-27 20:31:07.893 +0900,2026-09-30 23:17:32.000 +0900,,문구 수정(가이드 재작성),105,외출하기 전 꼭 챙기는 물건은 무엇인가요?,,,
104,3,휴식을 취할 때 몸이 가장 좋아하는 자세는 무엇인가요?,1,쉴 때만큼은 몸이 원하는 대로 맡겨봐요.,소파에 기대앉거나 대자로 눕는 자세인가요?,그 자세가 어떤 휴식을 주는지 궁금해요.,2025-12-27 20:31:07.893 +0900,2025-12-27 20:31:07.893 +0900,,유지,,,,,
103,3,하루 중 에너지가 가장 넘치는 시간은 언제인가요?,2,내 몸의 리듬이 언제 가장 활발한지 봐요.,오전 10시인가요 아니면 조용한 새벽인가요?,왜 그때 유독 기운이 나는 걸까요?,2025-12-27 20:31:07.893 +0900,2025-12-27 20:31:07.893 +0900,,유지,,,,,
102,3,자기 전에 주로 무엇을 하나요?,2,밤을 닫는 나만의 시간이 있어요.,"휴대폰 보기, 씻기, 음악 듣기, 스트레칭을 떠올려봐요.",그 시간이 잠드는 데 도움이 되나요?,2025-12-27 20:31:07.893 +0900,2026-09-30 23:17:32.000 +0900,,문구 수정(가이드 재작성),102,"매일 밤 자기 전 꼭 지키는 습관이 있다면, 어떤 건가요?",,,
101,3,아침에 일어나면 가장 먼저 무엇을 하나요?,1,하루 첫 단추를 어떻게 끼우느냐가 중요해요.,물 마시기나 기지개 켜기 같은 습관인가요?,이 작은 행동이 하루의 시작을 어떻게 만드나요?,2025-12-27 20:31:07.893 +0900,2025-12-27 20:31:07.893 +0900,,유지,,,,,
100,2,내 인생을 계절에 비유하면 지금은 어떤 계절인가요?,2,인생에도 계절이 있어요.,"새싹 돋는 봄, 뜨거운 여름, 무르익는 가을, 쉬어가는 겨울을 떠올려봐요.",그 계절이라고 느낀 이유는 뭐예요?,2025-12-27 20:31:07.893 +0900,2026-09-30 23:17:32.000 +0900,,문구 수정(가이드 재작성),100,내 인생을 감정 한 줄로 요약하면 뭘까요?,,,
99,2,사랑한다고 느끼는 순간은 언제인가요?,2,사랑은 다양한 순간에 모습을 드러내요.,"누군가를 챙길 때, 함께 웃을 때, 보고 싶을 때를 떠올려봐요.",그 순간에 사랑을 느끼는 이유는 뭘까요?,2025-12-27 20:31:07.893 +0900,2026-09-30 23:17:32.000 +0900,,문구 수정(가이드 재작성),99,나에게 사랑이란 어떤 감정인가요?,,,
98,2,나만 아는 나의 속마음은 어떤 모습인가요?,2,누구에게도 말하지 못한 나만의 내면이 있어요.,겉으로 보이는 나와 속마음이 다른 순간을 떠올려봐요.,그 속마음을 누군가에게 보여준다면 어떨 것 같아요?,2025-12-27 20:31:07.893 +0900,2026-09-30 23:17:32.000 +0900,,문구 수정(가이드 재작성),98,나만 아는 내 마음의 모양은 어떤 걸까요?,,,자기 인식
97,2,"마지막 순간에 느끼고 싶은 감정이 있다면, 어떤 감정인가요?",2,"인생의 끝에서 느끼고 싶은 감정, 한번 상상해봐요.","평온함, 감사 혹은 후련함인가요?",그 감정을 느끼기 위해 지금 어떻게 살아야 할까요?,2025-12-27 20:31:07.893 +0900,2025-12-27 20:31:07.893 +0900,,유지,,,,,
96,2,나를 가장 자주 움직이게 하는 감정은 무엇인가요?,2,나를 움직이는 감정이 하나쯤 있어요.,"설렘, 불안, 호기심, 책임감을 떠올려봐요.",그 감정이 나를 어떤 방향으로 이끌어요?,2025-12-27 20:31:07.893 +0900,2026-09-30 23:17:32.000 +0900,,문구 수정(가이드 재작성),96,내 인생에 가장 큰 영향을 준 감정은 뭘까요?,,,가치·동기
95,2,내가 생각하는 용기 있는 행동은 어떤 건가요?,2,용기는 단순히 무서움이 없는 상태가 아니에요.,"솔직해지기, 먼저 사과하기, 다시 시작하기를 떠올려봐요.",지금 내가 용기 내고 싶은 건 뭐예요?,2025-12-27 20:31:07.893 +0900,2026-09-30 23:17:32.000 +0900,,문구 수정(가이드 재작성),95,내가 생각하는 진짜 용기란 무엇인가요?,,,
94,2,힘든 시간을 지나며 배운 것은 무엇인가요?,2,힘든 시간을 지나면서 배운 게 있잖아요.,힘든 시기를 견디며 얻은 깨달음이 있나요?,그 가르침이 지금의 삶에 어떤 힘이 되나요?,2025-12-27 20:31:07.893 +0900,2026-09-30 23:17:32.000 +0900,,문구 수정(가이드 유지),94,가장 힘들었던 순간에서 배운게 있다면 무엇인가요?,,,
93,2,살아있길 잘했다 싶은 작은 순간은 언제인가요?,2,살아있어서 좋다고 느끼는 순간은 생각보다 가까이 있어요.,"맛있는 음식, 좋은 날씨, 따뜻한 대화를 떠올려봐요.",그런 순간을 더 자주 만나려면 뭐가 필요할까요?,2025-12-27 20:31:07.893 +0900,2026-09-30 23:17:32.000 +0900,,문구 수정(가이드 재작성),93,"내가 세상에 태어나길 잘했다고 느낀 순간이 있다면, 어떤 때였나요?",,,
92,2,오늘 밤 잠들기 전 나에게 해주고 싶은 말은 무엇인가요?,2,오늘 하루도 수고했어요. 나에게 한마디 건네봐요.,하루를 마무리하며 건네는 한마디인가요?,이 말이 내일을 맞이할 용기를 줄까요?,2025-12-27 20:31:07.893 +0900,2025-12-27 20:31:07.893 +0900,,유지,,,,,
91,2,내 성격 중 가장 소중히 여기는 모습은 무엇인가요?,2,나에 대해 가장 좋아하는 점을 한번 떠올려봐요.,남들은 모르는 다정함이나 인내심인가요?,그 모습이 인생을 사는 데 왜 소중할까요?,2025-12-27 20:31:07.893 +0900,2025-12-27 20:31:07.893 +0900,,유지,91,,,,자기 인식
90,2,"지금 나에게 가장 필요한 것은 휴식, 위로, 자극 중 무엇인가요?",2,내 마음이 무엇을 원하는지 물어보는 시간이에요.,"푹 쉬고 싶은지, 위로받고 싶은지, 새로운 자극이 필요한지 떠올려봐요.",그걸 채우기 위해 해볼 수 있는 작은 일은 뭐예요?,2025-12-27 20:31:07.893 +0900,2026-09-30 23:17:32.000 +0900,,문구 수정(가이드 재작성),90,지금 내가 가장 필요한 감정은 뭘까요?,,,
89,2,나를 가장 미소 짓게 하는 추억은 무엇인가요?,2,좋은 기억은 언제든 꺼내 볼 수 있는 힘이 돼요.,어릴 적 여행이나 친구들과의 수다인가요?,그때의 기분을 지금 다시 느껴볼 수 있을까요?,2025-12-27 20:31:07.893 +0900,2025-12-27 20:31:07.893 +0900,,유지,,,,,
88,2,한계에 부딪혔다고 느낄 때 나는 어떻게 하나요?,2,한계를 느끼는 건 누구에게나 있는 일이에요.,"더 버티기, 잠시 멈추기, 도움 요청하기 중 뭐에 가까워요?",그 방식이 나에게 도움이 되나요?,2025-12-27 20:31:07.893 +0900,2026-09-30 23:17:32.000 +0900,,문구 수정(가이드 재작성),88,"최근에 나의 한계를 느꼈던 적이 있다면, 어떤 순간이었나요?",,,스트레스 대처
87,2,다른 사람을 보며 멋지다고 느끼는 포인트는 무엇인가요?,2,외적인 것보다 내면의 멋이 더 중요할 때가 있어요.,열정적인 모습이나 다정한 태도인가요?,왜 그런 모습에 마음이 가는지 궁금해요.,2025-12-27 20:31:07.893 +0900,2025-12-27 20:31:07.893 +0900,,유지,,,,,
86,2,슬플 때 나를 건져주는 것은 무엇인가요?,2,다시 일어설 수 있게 도와주는 게 있어요.,"친구의 한마디, 좋아하는 취미, 시간을 떠올려봐요.",그게 나에게 통하는 이유는 뭘까요?,2025-12-27 20:31:07.893 +0900,2026-09-30 23:17:32.000 +0900,,문구 수정(가이드 재작성),86,한참 슬펐을 때 나를 건져준 건 무엇인가요?,,,스트레스 대처
85,2,나를 감동시키는 것은 주로 어떤 순간인가요?,2,마음을 울리는 순간은 사람마다 달라요.,"뜻밖의 위로, 정성스러운 선물, 누군가의 노력을 떠올려봐요.",그 순간에 감동받는 이유는 뭘까요?,2025-12-27 20:31:07.893 +0900,2026-09-30 23:17:32.000 +0900,,문구 수정(가이드 재작성),85,누군가에게 깊은 감동을 받았던 순간은 언제인가요?,,,
84,2,남에게 잘 말하지 않는 걱정은 어떤 종류인가요?,2,속에 담아둔 걱정은 나를 무겁게 만들기도 해요.,미래에 대한 불안이나 관계에 대한 고민인가요?,그 걱정을 조금 가볍게 비울 수 있는 방법은 없을까요?,2025-12-27 20:31:07.893 +0900,2026-09-30 23:17:32.000 +0900,,문구 수정(가이드 유지),84,"남에게 말하지 못한 비밀스러운 걱정이 있다면, 어떤 건가요?",,,감정 민감도
83,2,감정이 흔들릴 때 나는 주로 무엇을 하나요?,2,마음이 흔들릴 때 나를 지키는 방법이 있으면 든든해요.,"일기 쓰기, 산책, 누군가와 이야기하기를 떠올려봐요.",그렇게 하면 마음이 어떻게 달라져요?,2025-12-27 20:31:07.893 +0900,2026-09-30 23:17:32.000 +0900,,문구 수정(가이드 재작성),83,"내 감정을 다스리는 나만의 루틴이 있다면, 어떤 건가요?",,,스트레스 대처
82,2,두려움을 이겨낼 때 나에게 가장 힘이 되는 것은 무엇인가요?,2,두려움 앞에서 나를 붙잡아주는 게 있어요.,"응원해준 사람, 스스로 한 약속, 예전의 경험을 떠올려봐요.",그게 힘이 되는 이유는 뭘까요?,2025-12-27 20:31:07.893 +0900,2026-09-30 23:17:32.000 +0900,,문구 수정(가이드 재작성),82,"두려움을 극복하고 무언가 해낸 적이 있다면, 어떤 일이었나요?",,,스트레스 대처
81,2,"감정을 솔직하게 말하는 편인가요, 참는 편인가요?",2,감정을 표현하는 방식은 사람마다 달라요.,"서운할 때, 기쁠 때 각각의 나를 떠올려봐요.",그 방식이 관계에 어떤 영향을 주나요?,2025-12-27 20:31:07.893 +0900,2026-09-30 23:17:32.000 +0900,,문구 수정(가이드 재작성),81,"감정을 솔직하게 표현해서 후련했던 순간이 있다면, 어떤 때였나요?",,,스트레스 대처
80,2,"용서가 쉬운 편인가요, 어려운 편인가요?",2,용서는 나를 위한 일이기도 해요.,서운했던 일이 풀렸던 때와 오래 남았던 때를 떠올려봐요.,용서가 어렵거나 쉬운 이유는 뭘까요?,2025-12-27 20:31:07.893 +0900,2026-09-30 23:17:32.000 +0900,,문구 수정(가이드 재작성),80,"최근에 누군가를 용서했던 경험이 있다면, 어떤 일이었나요?",,,관계 온도
79,2,나는 언제 행복하다고 느끼나요?,2,행복은 정답이 없고 사람마다 기준이 달라요.,"소소한 일상이 행복인지, 큰 성취가 행복인지 떠올려봐요.",지금 내 삶에서 행복을 느끼는 순간은 언제인가요?,2025-12-27 20:31:07.893 +0900,2026-09-30 23:17:32.000 +0900,,문구 수정(가이드 유지),79,행복의 기준이 있다면 무엇인가요?,,,
78,2,과거의 나에게 해주고 싶은 위로의 말은 무엇인가요?,2,힘들었던 시간을 지나온 나를 안아주는 시간이에요.,그때의 나에게 꼭 해주고 싶었던 말인가요?,그 말을 지금의 나에게도 해주는 건 어떨까요?,2025-12-27 20:31:07.893 +0900,2026-09-30 23:17:32.000 +0900,,문구 수정(가이드 유지),78,"과거의 나에게 해주고 싶은 위로가 있다면, 어떤 말인가요?",,,
77,2,내가 가장 예민하게 반응하는 포인트는 무엇인가요?,2,유독 마음이 상하거나 화가 나는 부분이 있어요.,예의 없는 태도나 무시당하는 기분인가요?,왜 그 지점에서 마음이 크게 흔들리는 걸까요?,2025-12-27 20:31:07.893 +0900,2025-12-27 20:31:07.893 +0900,,유지,77,,,,감정 민감도
76,2,실수했을 때 나 자신에게 어떤 말을 해주나요?,2,누구나 실수하지만 대처하는 방식은 다 달라요.,비난하는 말인가요 아니면 다독이는 말인가요?,자신에게 조금 더 다정해질 방법은 없을까요?,2025-12-27 20:31:07.893 +0900,2025-12-27 20:31:07.893 +0900,,유지,76,,,,자기 인식
75,2,내가 생각하는 나만의 장점은 무엇인가요?,2,나만의 장점을 발견하는 건 정말 중요한 일이에요.,"책임감, 유머 감각 혹은 성실함일 수도 있어요.",그 점이 일상에서 어떤 힘이 되나요?,2025-12-27 20:31:07.893 +0900,2025-12-27 20:31:07.893 +0900,,유지,75,,,,자기 인식
74,2,말로 표현하기 가장 어려운 감정은 무엇인가요?,2,말 한마디로 정의하기 어려운 마음이 있죠.,"시원섭섭함, 설레면서 두려운 기분처럼 떠올려봐요.",그 감정을 표현하기 어려운 이유는 뭘까요?,2025-12-27 20:31:07.893 +0900,2026-09-30 23:17:32.000 +0900,,문구 수정(가이드 재작성),74,"최근에 느낀 감정 중 이름 붙이기 힘든 게 있었다면, 어떤 느낌이었나요?",,,감정 민감도
73,2,남들 시선이 가장 신경 쓰이는 상황은 언제인가요?,2,가끔은 타인의 눈이 부담스럽게 느껴지기도 해요.,옷차림이나 말실수를 걱정할 때가 있나요?,남들의 시선에서 자유로워지면 무엇을 하고 싶나요?,2025-12-27 20:31:07.893 +0900,2026-09-30 23:17:32.000 +0900,,문구 수정(가이드 유지),73,남들 시선을 많이 신경 쓰는 편인가요? 어떤 상황에서 특히 그런가요?,,,감정 민감도
72,2,슬픈 감정을 실컷 쏟아내고 나면 어떤가요?,2,슬픔을 쏟아내는 건 마음을 씻어내는 일이에요.,가벼워진 느낌이나 개운한 기분인가요?,그 뒤에 찾아오는 맑은 마음은 어떤 힘이 되나요?,2025-12-27 20:31:07.893 +0900,2025-12-27 20:31:07.893 +0900,,유지,72,,,,스트레스 대처
71,2,화가 났을 때 마음을 가라앉히는 방법은 무엇인가요?,2,감정을 다스리는 나만의 기술이 필요해요.,찬물 마시기나 짧은 산책을 생각해봐요.,이 방법이 평온함을 되찾는 데 도움이 되나요?,2025-12-27 20:31:07.893 +0900,2025-12-27 20:31:07.893 +0900,,유지,71,,,,스트레스 대처
70,2,기분이 울적할 때 찾게 되는 음식은 무엇인가요?,2,음식은 때로 따뜻한 위로가 되어주기도 해요.,매콤한 음식이나 달콤한 디저트인가요?,그 맛을 볼 때 기분이 어떻게 바뀌나요?,2025-12-27 20:31:07.893 +0900,2025-12-27 20:31:07.893 +0900,,유지,,,,,
69,2,용기를 냈던 순간 중 기억에 남는 것은 언제인가요?,2,아주 사소한 도전도 용기가 필요한 일이에요.,먼저 인사를 건네거나 새로운 시도를 했나요?,그때의 내 모습이 어떻게 느껴졌나요?,2025-12-27 20:31:07.893 +0900,2026-09-30 23:17:32.000 +0900,,문구 수정(가이드 유지),69,"최근에 용기를 냈던 경험이 있다면, 어떤 순간이었나요?",,,
68,2,나를 가장 편안하게 해주는 소리는 무엇인가요?,1,소리만으로도 긴장이 풀릴 때가 있어요.,"빗소리, 파도 소리 혹은 누군가의 목소리인가요?",그 소리가 편안하게 만드는 이유는 무엇일까요?,2025-12-27 20:31:07.893 +0900,2025-12-27 20:31:07.893 +0900,,유지,,,,,
67,2,나는 주로 어떤 상황에서 질투를 느끼나요?,2,질투는 내가 무엇을 원하는지 알려주는 신호예요.,그 때의 대상이나 상황을 떠올려 봐요.,내가 왜 그 순간 마음이 흔들렸을까요?,2025-12-27 20:31:07.893 +0900,2026-09-30 23:17:32.000 +0900,,문구 수정(가이드 유지),67,최근에 질투를 느꼈던 순간이 있다면 어떤 상황이었나요?,,,감정 민감도
66,2,가장 뿌듯했던 순간은 언제인가요?,1,작은 성취가 모여 큰 기쁨이 되기도 해요.,도움을 줬던 일이나 할 일을 끝낸 순간인가요?,그 뿌듯함이 나를 어떻게 움직이게 하나요?,2025-12-27 20:31:07.893 +0900,2026-09-30 23:17:32.000 +0900,,문구 수정(가이드 유지),66,최근에 가장 뿌듯했던 순간은 언제인가요?,,,
65,2,혼자 있을 때 주로 어떤 감정을 느끼나요?,2,혼자만의 시간은 내 마음을 들여다보는 기회예요.,"편안함, 외로움 혹은 자유로움인가요?",혼자만의 시간이 나에게 어떤 의미인가요?,2025-12-27 20:31:07.893 +0900,2025-12-27 20:31:07.893 +0900,,유지,65,,,,에너지 방향
64,2,칭찬을 들었을 때 어떤 반응을 보이나요?,2,쑥스러우면서도 기분 좋은 순간을 느껴봐요.,기쁨을 숨기지 않고 솔직하게 표현했나요?,어떤 인정을 받을 때 가장 행복한지 궁금해요.,2025-12-27 20:31:07.893 +0900,2025-12-27 20:31:07.893 +0900,,유지,64,,,,자기 인식
63,2,다가오는 일 중 가장 기대되는 것은 무엇인가요?,2,작은 기대감이 하루를 버티는 즐거움이 돼요.,"약속, 여행, 휴일, 택배를 떠올려봐요.",그 일이 기대되는 진짜 이유는 뭐예요?,2025-12-27 20:31:07.893 +0900,2026-09-30 23:17:32.000 +0900,,문구 수정(가이드 재작성),63,"내일 일어날 일 중 설레는 게 있다면, 어떤 건가요?",,,
62,2,불안할 때 마음을 가라앉히는 나만의 방법은 무엇인가요?,2,흔들릴 때 중심을 잡아주는 방법이 있으면 든든해요.,"심호흡, 산책, 좋아하는 말 떠올리기를 생각해봐요.",그 방법이 나에게 잘 맞는 이유는 뭘까요?,2025-12-27 20:31:07.893 +0900,2026-09-30 23:17:32.000 +0900,,문구 수정(가이드 재작성),62,"불안한 마음이 들 때 나를 잡아주는 문장이 있다면, 어떤 문장인가요?",,,스트레스 대처
61,2,답답할 때 나는 주로 어떻게 푸나요?,2,마음대로 되지 않을 때 답답함이 찾아와요.,"걷기, 수다, 음악, 잠처럼 나만의 방법을 떠올려봐요.",그 방법을 쓰고 나면 얼마나 풀리나요?,2025-12-27 20:31:07.893 +0900,2026-09-30 23:17:32.000 +0900,,문구 수정(가이드 재작성),61,최근 나를 가장 답답하게 만든 일은 무엇인가요?,,,스트레스 대처
60,2,지금 누군가에게 전하고 싶은 말은 무엇인가요?,2,속에 담아둔 말을 꺼내는 것만으로도 가벼워져요.,누군가에게 하고 싶은 말이나 나에게 하는 말인가요?,그 말을 하고 나면 기분이 어떨까요?,2025-12-27 20:31:07.893 +0900,2026-09-30 23:17:32.000 +0900,,문구 수정(가이드 유지),60,지금 당장 하고 싶은 말이 있다면 무엇인가요?,,,
59,2,요즘 가장 아쉬운 것은 무엇인가요?,2,아쉬움은 더 잘하고 싶은 마음에서 시작돼요.,"하지 못한 일, 놓친 기회, 부족한 시간을 떠올려봐요.",그 아쉬움을 어떻게 달래주고 싶나요?,2025-12-27 20:31:07.893 +0900,2026-09-30 23:17:32.000 +0900,,문구 수정(가이드 재작성),59,오늘 하루 중 가장 아쉬웠던 순간은 언제인가요?,,,
58,2,"지금 내 마음은 따뜻한 편인가요, 차가운 편인가요?",1,마음에도 온도가 있어요.,따뜻함과 차가움 사이 어디쯤인지 떠올려봐요.,그런 온도가 된 이유는 뭘까요?,2025-12-27 20:31:07.893 +0900,2026-09-30 23:17:32.000 +0900,,문구 수정(가이드 재작성),58,지금 내 마음의 온도는 몇 도쯤 될까요?,,,
57,2,가장 크게 웃었던 일은 무엇인가요?,1,웃음은 가장 건강한 감정 표현이에요.,친구와 수다 떨던 일이나 예능 프로그램을 생각해봐요.,그때 어떤 기분이었는지 다시 느껴볼까요?,2025-12-27 20:31:07.893 +0900,2026-09-30 23:17:32.000 +0900,,문구 수정(가이드 유지),57,최근에 가장 크게 웃었던 일은 무엇인가요?,,,
56,2,들으면 기운이 나는 말은 무엇인가요?,1,말 한마디에 하루의 색깔이 바뀌기도 해요.,누군가의 응원이나 우연히 읽은 글귀를 떠올려봐요.,그 말이 힘이 되는 이유는 뭘까요?,2025-12-27 20:31:07.893 +0900,2026-09-30 23:17:32.000 +0900,,문구 수정(가이드 재작성),56,오늘 나를 기운 나게 한 말은 무엇인가요?,,,
55,2,지금 가장 보고 싶은 사람은 어떤 사람인가요? 이름 대신 이유를 알려주세요.,2,그리움은 내 마음이 누굴 향하는지 알려줘요.,멀리 있는 친구나 가족 혹은 연인인가요?,그 사람을 생각하면 어떤 감정이 먼저 드나요?,2025-12-27 20:31:07.893 +0900,2026-09-30 23:17:32.000 +0900,,문구 수정(가이드 유지),55,지금 가장 보고 싶은 사람은 누구인가요?,,,
54,2,눈물이 나는 순간은 주로 어떤 때인가요?,2,눈물은 마음의 환기구가 되어주기도 해요.,"슬픈 영화, 감동적인 장면, 속상한 일을 떠올려봐요.",눈물이 나고 나면 마음이 어떻게 달라져요?,2025-12-27 20:31:07.893 +0900,2026-09-30 23:17:32.000 +0900,,문구 수정(가이드 재작성),54,"최근에 눈물이 났던 적이 있다면, 어떤 순간이었나요?",,,감정 민감도
53,2,하루 중 가장 차분해지는 때는 언제인가요?,2,하루 중 잠시 숨을 고르는 때가 있어요.,"아침 커피 한 잔, 퇴근길, 잠들기 전을 떠올려봐요.",그 시간에 차분해지는 이유는 뭘까요?,2025-12-27 20:31:07.893 +0900,2026-09-30 23:17:32.000 +0900,,문구 수정(가이드 재작성),53,오늘 하루 중 가장 차분했던 때는 언제인가요?,,,
52,2,요즘 나를 웃게 만드는 장면은 무엇인가요?,1,사소한 일에 마음이 풀리기도 해요.,길에서 본 동물이나 재미있는 영상인가요?,어떤 상황에서 마음이 편해지는지 궁금해요.,2025-12-27 20:31:07.893 +0900,2026-09-30 23:17:32.000 +0900,,문구 수정(가이드 유지),52,오늘 나를 웃게 만든 장면은 무엇인가요?,,,
51,2,지금 내 기분을 날씨로 표현하면 어떤 날씨인가요?,1,마음도 날씨처럼 매일 변하는 게 당연해요.,"맑음, 흐림, 비, 눈 등 다양한 날씨가 있어요.",왜 지금의 마음이 그 날씨와 닮았다고 생각했는지도 써봐요.,2025-12-27 20:31:07.893 +0900,2026-09-30 23:17:32.000 +0900,,문구 수정(가이드 유지),51,지금 기분을 날씨로 말하면 어떤가요?,,,
50,1,예전과 비교해 가장 많이 바뀐 내 취향은 무엇인가요?,2,취향이 바뀌면 나도 바뀐 거잖아요.,예전엔 싫었지만 지금은 좋은 것을 찾아봐요.,취향이 바뀌면서 내 삶은 어떻게 달라졌나요?,2025-12-27 20:31:07.893 +0900,2026-09-30 23:17:32.000 +0900,,문구 수정(가이드 유지),50,"예전엔 좋아했는데 지금은 아닌 취향이 있다면, 어떤 건가요?",,,새로움 추구
49,1,내 인생을 영화 장르로 표현한다면 어떤 장르일까요?,2,내 인생을 장르로 보면 의외의 모습이 보여요.,"로맨스, 코미디, 성장물, 스릴러를 떠올려봐요.",그 장르라고 생각한 이유는 뭐예요?,2025-12-27 20:31:07.893 +0900,2026-09-30 23:17:32.000 +0900,,문구 수정(가이드 재작성),49,누군가 나에 대한 책을 쓴다면 제목은 뭘까요?,,,
48,1,내가 좋아하는 사람들의 공통점은 무엇인가요?,2,끌리는 사람들에게서 나의 가치관이 보여요.,성격이나 대화 스타일을 떠올려 봐요.,그 공통점이 나에 대해 뭘 알려주나요?,2025-12-27 20:31:07.893 +0900,2025-12-27 20:31:07.893 +0900,,유지,,,,,
47,1,상상 속 완벽한 하루는 어떤 모습인가요?,2,내가 행복해지는 모든 요소가 담긴 하루예요.,아침에 눈 뜨는 것부터 잠들기까지 상상해봐요.,이 하루를 위해 오늘 할 수 있는 건 무엇인가요?,2025-12-27 20:31:07.893 +0900,2025-12-27 20:31:07.893 +0900,,유지,,,,,
46,1,내 취향이 남들과 가장 다른 점은 뭘까요?,2,"남들과 좀 다른 내 취향, 은근 자랑스럽잖아요.",남들은 잘 모르는 나만의 취향을 떠올려봐요.,이 차별점이 나를 어떻게 특별하게 만드나요?,2025-12-27 20:31:07.893 +0900,2025-12-27 20:31:07.893 +0900,,유지,46,,,,새로움 추구
45,1,어떤 공간에 있을 때 가장 나답다고 느끼나요?,2,공간은 나를 보호해주기도 하고 드러내기도 해요.,"도서관, 카페 혹은 침대 위 등 그 어떤 공간도 좋아요.",그 공간이 나에게 어떤 안정감을 주나요?,2025-12-27 20:31:07.893 +0900,2025-12-27 20:31:07.893 +0900,,유지,45,,,,자기 인식
44,1,나를 가장 잘 표현하는 단어 하나는 무엇인가요?,2,나를 딱 한 단어로 표현한다면 뭐가 떠오를까요?,"따뜻함, 성실함, 자유 같은 단어를 생각해봐요.",왜 그 단어가 나를 가장 잘 보여주나요?,2025-12-27 20:31:07.893 +0900,2025-12-27 20:31:07.893 +0900,,유지,,,,,
43,1,딱 하나만 평생 다시 볼 수 있다면 어떤 책·영화·드라마를 고를까요?,2,오래 곁에 두고 싶은 이야기가 하나쯤 있죠.,"몇 번을 봐도 좋은 책이나 영화, 드라마를 떠올려봐요.",그 작품이 나에게 남겨준 건 뭐예요?,2025-12-27 20:31:07.893 +0900,2026-09-30 23:17:32.000 +0900,,문구 수정(가이드 재작성),43,딱 한 권만 남길 수 있다면 어떤 책인가요?,,,
42,1,내가 모은 물건들의 공통점은 무엇인가요?,2,마음에 들어서 사 모은 물건들을 보면 공통점이 있어요.,공통점을 떠올리면 나만의 미적 기준이 보일 거예요.,그 기준이 나에 대해 뭘 말해주는 것 같나요?,2025-12-27 20:31:07.893 +0900,2025-12-27 20:31:07.893 +0900,,유지,,,,,
41,1,10년 뒤에는 어떤 분위기의 사람이고 싶나요?,2,"10년 뒤의 나, 어떤 분위기를 풍기고 있을까요?",어떤 분위기의 사람이 되고 싶은지 상상해봐요.,그 분위기를 위해 지금 무엇을 채우면 좋을까요?,2025-12-27 20:31:07.893 +0900,2025-12-27 20:31:07.893 +0900,,유지,,,,,
40,1,수집하고 싶은 물건이 있다면 무엇인가요?,2,모으는 건 뿌듯하고 재밌죠.,"우표, 컵, 신발 혹은 귀여운 피규어인가요?",모으기 시작한 계기가 있나요?,2025-12-27 20:31:07.893 +0900,2025-12-27 20:31:07.893 +0900,,유지,,,,,
39,1,가장 좋아하는 계절의 풍경은 무엇인가요?,2,자연이 주는 힐링이 있어요.,벚꽃 핀 거리나 단풍 든 산을 그려봐요.,그 풍경을 보면 어떤 기분이 드나요?,2025-12-27 20:31:07.893 +0900,2025-12-27 20:31:07.893 +0900,,유지,,,,,
38,1,좋아하는 것을 감상할 때 나는 어떻게 즐기나요? 전시·영화·음악 무엇이든 좋아요.,2,좋아하는 것을 즐기는 방식에도 내 성향이 담겨 있어요.,"천천히 음미하는지, 여러 번 반복하는지, 누군가와 나누는지 떠올려봐요.",그 방식이 나의 성격과 어떻게 닮았나요?,2025-12-27 20:31:07.893 +0900,2026-09-30 23:17:32.000 +0900,,문구 수정(가이드 재작성),38,"전시회에서 작품을 보는 나만의 방식이 있다면, 어떤 건가요?",,,
37,1,가장 좋아하는 요일은 언제인가요?,2,요일마다 느껴지는 공기의 무게가 달라요.,금요일 저녁이나 일요일 아침인가요?,왜 그 요일에 유독 마음이 가벼워지나요?,2025-12-27 20:31:07.893 +0900,2025-12-27 20:31:07.893 +0900,,유지,,,,,
36,1,자신 있게 만들 수 있는 음식이 있나요? 없다면 가장 좋아하는 음식을 알려주세요.,2,"나를 위해 만드는 음식도, 좋아하는 음식도 모두 나의 취향이에요.",간단한 라면부터 정성 들인 찌개까지 떠올려봐요.,그 음식에 얽힌 이야기가 있나요?,2025-12-27 20:31:07.893 +0900,2026-09-30 23:17:32.000 +0900,,문구 수정(가이드 재작성),36,"나만의 특별한 요리 레시피가 있다면, 어떤 건가요?",,,
35,1,가장 좋아하는 작가나 아티스트는 누구인가요?,2,유독 마음이 가는 작가나 아티스트가 있잖아요.,글귀나 그림 혹은 음악 스타일을 떠올려 봐요.,그의 작품에서 어떤 위로를 받나요?,2025-12-27 20:31:07.893 +0900,2025-12-27 20:31:07.893 +0900,,유지,,,,,
34,1,어떤 라이프스타일로 살고 싶나요?,2,"""와, 저렇게 살고 싶다!"" 하고 느낀 적 있을 거예요.","미니멀한 삶이나 북적이는 삶, 모두 멋지죠.",그런 삶이 왜 마음에 들었나요?,2025-12-27 20:31:07.893 +0900,2025-12-27 20:31:07.893 +0900,,유지,34,,,,가치·동기
33,1,누군가에게 선물할 때 가장 신경 쓰는 건 무엇인가요?,2,선물 고르는 데도 나만의 스타일이 있잖아요.,실용성이나 디자인 혹은 상대의 취향인가요?,선물을 고를 때 어떤 마음이 드는지 궁금해요.,2025-12-27 20:31:07.893 +0900,2025-12-27 20:31:07.893 +0900,,유지,,,,,
32,1,오래 간직하고 있는 물건은 무엇인가요?,2,물건에 담긴 기억은 쉽게 사라지지 않아요.,어릴 때 인형이나 편지 혹은 일기장인가요?,그 물건이 나에게 어떤 의미로 남아있나요?,2025-12-27 20:31:07.893 +0900,2026-09-30 23:17:32.000 +0900,,문구 수정(가이드 유지),32,"오래된 물건 중 버리지 못하는 게 있다면, 어떤 물건인가요?",,,
31,1,좋아하는 목소리나 말투는 어떤 느낌인가요?,2,대화할 때 기분을 좋게 만드는 포인트가 있어요.,차분한 말투나 밝은 목소리를 떠올려 봐요.,왜 그런 느낌에 마음이 가는지 궁금해요.,2025-12-27 20:31:07.893 +0900,2026-09-30 23:17:32.000 +0900,,문구 수정(가이드 유지),31,"좋아하는 목소리나 말투가 있다면, 어떤 느낌인가요?",,,
30,1,가장 좋아하는 영화 장르는 무엇인가요?,1,영화 속에서 다양한 세상을 만날 수 있잖아요.,넷플릭스 켜면 제일 먼저 뭘 찾나요?,그 장르에 끌리는 이유가 뭘까요?,2025-12-27 20:31:07.893 +0900,2025-12-27 20:31:07.893 +0900,,유지,,,,,
29,1,사진 찍을 때 주로 담는 장면은 무엇인가요?,2,폰 갤러리를 열면 어떤 사진이 가장 많은지 봐봐요.,"풍경, 음식 혹은 같이 있는 사람들인가요?",그 장면을 기록하는 이유는 무엇인가요?,2025-12-27 20:31:07.893 +0900,2025-12-27 20:31:07.893 +0900,,유지,,,,,
28,1,가장 좋아하는 꽃의 이름은 무엇인가요?,2,꽃마다 풍기는 분위기가 다 달라요.,"장미, 튤립 혹은 들꽃을 생각해봐요.",그 꽃을 가장 좋아하게 된 추억이 있나요?,2025-12-27 20:31:07.893 +0900,2025-12-27 20:31:07.893 +0900,,유지,,,,,
27,1,자기 전 머릿속으로 그리는 상상은 무엇인가요?,2,꿈꾸는 세상이 상상 속에 담겨 있어요.,여행 계획이나 미래의 내 모습을 떠올려 봐요.,그 상상이 나에게 어떤 위로를 주나요?,2025-12-27 20:31:07.893 +0900,2025-12-27 20:31:07.893 +0900,,유지,27,,,,새로움 추구
26,1,스트레스를 받을 때 찾게 되는 노래는 어떤 분위기인가요?,2,음악은 마음을 진정시키는 좋은 방법이에요.,시끄러운 음악이나 아주 조용한 곡인가요?,그 노래들이 마음을 어떻게 달래주나요?,2025-12-27 20:31:07.893 +0900,2025-12-27 20:31:07.893 +0900,,유지,26,,,,스트레스 대처
25,1,자주 가는 단골 가게는 어디인가요?,2,자주 가는 곳에는 나만의 이유가 있어요.,"식당, 카페, 빵집, 동네 가게를 떠올려봐요.",그곳의 어떤 점이 나를 계속 가게 만드나요?,2025-12-27 20:31:07.893 +0900,2026-09-30 23:17:32.000 +0900,,문구 수정(가이드 재작성),25,"나만 알고 있는 맛집이 있다면, 어떤 곳인가요?",,,
24,1,입었을 때 가장 나다운 옷차림은 무엇인가요?,2,만족스러운 스타일이 최고의 옷차림이에요.,가장 즐겨 입는 상의나 아끼는 신발인가요?,그 옷을 입은 나는 어떤 기분인가요?,2025-12-27 20:31:07.893 +0900,2025-12-27 20:31:07.893 +0900,,유지,,,,,
23,1,무인도에 딱 하나만 가져간다면 무엇인가요?,2,하나만 골라야 한다면 진짜 소중한 게 보여요.,생존 아이템 말고 마음이 편해지는 걸로 골라봐요.,그걸 고른 이유가 나에 대해 뭘 말해주는 것 같나요?,2025-12-27 20:31:07.893 +0900,2025-12-27 20:31:07.893 +0900,,유지,,,,,
22,1,서점에서 제목만 보고 고르는 분야는 무엇인가요?,2,어떤 주제에 꽂히면 시간 가는 줄 모르잖아요.,소설이나 예술 혹은 자기계발 분야를 골라봐요.,왜 이 주제에 자꾸 마음이 이끌릴까요?,2025-12-27 20:31:07.893 +0900,2025-12-27 20:31:07.893 +0900,,유지,,,,,
21,1,좋아하는 풍경은 어떤 풍경인가요?,2,좋아하는 풍경에는 내 마음이 쉬는 곳이 담겨 있어요.,"바다, 노을, 도시 야경, 골목길을 떠올려봐요.",그 풍경을 보면 어떤 기분이 들어요?,2025-12-27 20:31:07.893 +0900,2026-09-30 23:17:32.000 +0900,,문구 수정(가이드 재작성),21,"남들은 모르지만 혼자 발견한 풍경이 있다면, 어떤 풍경인가요?",,,
20,1,"좋아하는 향이 있다면, 어떤 향인가요?",2,향기는 공간의 분위기를 바꿔주기도 해요.,비누 향이나 꽃향기 혹은 나무 냄새인가요?,그 향이 나를 어떻게 만들어주는 것 같나요?,2025-12-27 20:31:07.893 +0900,2025-12-27 20:31:07.893 +0900,,유지,,,,,
19,1,가장 아끼는 옷은 어떤 스타일인가요?,2,옷은 나를 표현하는 가장 쉬운 방법이에요.,편안한 옷이나 화려한 옷을 떠올려 봐요.,그 옷을 입었을 때의 기분은 어떤가요?,2025-12-27 20:31:07.893 +0900,2025-12-27 20:31:07.893 +0900,,유지,,,,,
18,1,책·영화·드라마를 고를 때 가장 먼저 보는 것은 무엇인가요?,2,이야기를 고르는 나만의 기준이 있어요.,"제목, 표지나 포스터, 리뷰, 추천 중 뭐가 먼저예요?",그 기준이 나에 대해 뭘 말해주는 것 같나요?,2025-12-27 20:31:07.893 +0900,2026-09-30 23:17:32.000 +0900,,문구 수정(가이드 재작성),18,책을 고를 때 가장 먼저 보는 것은 무엇인가요?,,,
17,1,새로운 곳에 가면 꼭 해보는 것은 무엇인가요?,2,낯선 곳에서의 첫 행동에 내 취향이 보여요.,"맛집 찾기, 산책하기, 사진 찍기, 기념품 사기를 떠올려봐요.",그걸 하면 그곳이 어떻게 다르게 느껴져요?,2025-12-27 20:31:07.893 +0900,2026-09-30 23:17:32.000 +0900,,문구 수정(가이드 재작성),17,여행지에서 꼭 들르는 곳은 어디인가요?,,,새로움 추구
16,1,가장 좋아하는 신발은 무엇인가요?,2,편안한 신발은 발걸음을 가볍게 해요.,운동화나 구두 혹은 편한 슬리퍼인가요?,그 신발을 신고 어디로 가고 싶나요?,2025-12-27 20:31:07.893 +0900,2025-12-27 20:31:07.893 +0900,,유지,,,,,
15,1,주말 아침에 가장 하고 싶은 일은 무엇인가요?,2,쉬는 날의 시작을 상상하면 기분이 좋아져요.,늦잠? 브런치? 산책? 뭐가 먼저 떠오르나요?,그 시간이 왜 그렇게 소중하게 느껴질까요?,2025-12-27 20:31:07.893 +0900,2025-12-27 20:31:07.893 +0900,,유지,,,,,
14,1,집에서 가장 편한 자리는 어디인가요?,2,방 안에도 마음이 머무는 구석이 있어요.,침대 위나 소파 한쪽을 생각해봐요.,그 자리가 쉬는 데 어떤 도움을 주나요?,2025-12-27 20:31:07.893 +0900,2025-12-27 20:31:07.893 +0900,,유지,,,,,
13,1,가방 속에 늘 챙기는 물건은 무엇인가요?,2,가방 속에 꼭 넣고 다니는 것들이 있잖아요.,거울이나 메모장 혹은 이어폰을 확인해봐요.,이 물건이 나에 대해 말해주는 건 뭘까요?,2025-12-27 20:31:07.893 +0900,2025-12-27 20:31:07.893 +0900,,유지,,,,,
12,1,혼자 시간을 보낼 때 찾는 장소는 어디인가요?,2,가끔은 세상과 잠시 거리를 둘 곳이 필요해요.,자주 가는 카페나 공원 벤치를 떠올려 봐요.,그곳에 있으면 왜 나다운 느낌이 들까요?,2025-12-27 20:31:07.893 +0900,2025-12-27 20:31:07.893 +0900,,유지,12,,,,에너지 방향
11,1,새로 시도해서 재밌었던 일은 무엇인가요?,2,새로운 걸 해보면 의외로 나에 대해 알게 되기도 해요.,"가본 적 없는 장소, 처음 먹어본 음식, 새 취미를 떠올려봐요.",그걸 하면서 나에 대해 새로 알게 된 게 있나요?,2025-12-27 20:31:07.893 +0900,2026-09-30 23:17:32.000 +0900,,문구 수정(가이드 재작성),11,최근 새로 시도해서 재밌던 일은 무엇인가요?,,,새로움 추구
10,1,빵집에 가면 가장 먼저 집는 빵은 무엇인가요?,2,빵집 문 열면 손이 먼저 가는 곳이 있잖아요.,달콤한 크림빵이나 담백한 식빵을 떠올려 봐요.,왜 그 맛에 자꾸 손이 가는 걸까요?,2025-12-27 20:31:07.893 +0900,2025-12-27 20:31:07.893 +0900,,유지,,,,,
9,1,가장 좋아하는 날씨는 어떤 건가요?,1,날씨에 따라 하고 싶은 일도 달라져요.,구름 없는 맑은 날이나 눈 오는 날인가요?,그런 날씨에 밖에 나가면 어떤 기분이 드나요?,2025-12-27 20:31:07.893 +0900,2025-12-27 20:31:07.893 +0900,,유지,,,,,
8,1,요즘 자주 보는 영상의 주제는 무엇인가요?,1,요즘 빠져있는 영상이 있을 거예요.,"브이로그, 운동, 공부 등 즐겨찾기를 봐요.",그 영상을 자주 보게 된 이유는 무엇일까요?,2025-12-27 20:31:07.893 +0900,2025-12-27 20:31:07.893 +0900,,유지,,,,,
7,1,집에서 가장 좋아하는 컵은 무엇인가요?,2,매일 쓰는 물건에도 은근히 정이 가잖아요.,자주 쓰는 머그컵이나 유리잔을 봐요.,그 컵을 쓸 때 왜 유독 마음이 편한가요?,2025-12-27 20:31:07.893 +0900,2025-12-27 20:31:07.893 +0900,,유지,,,,,
6,1,가장 좋아하는 과일은 무엇인가요?,2,과일의 단맛은 기분을 좋게 만들어줘요.,"사과, 포도, 딸기 등 떠오르는 걸 말해봐요.",그 과일과 관련된 추억이 있나요?,2025-12-27 20:31:07.893 +0900,2025-12-27 20:31:07.893 +0900,,유지,,,,,
5,1,계절이 바뀔 때 떠오르는 냄새는 무엇인가요?,2,공기 속에도 계절마다 다른 향이 섞여 있어요.,풀냄새나 찬 바람 혹은 낙엽 향을 생각해봐요.,그 향기는 어떤 기억을 데려오나요?,2025-12-27 20:31:07.893 +0900,2026-09-30 23:17:32.000 +0900,2026-02-26 22:43:32.558 +0900,이미 삭제됨(다시 쓸 때를 위한 수정안),5,"계절이 바뀌 때 기억나는 냄새가 있다면, 어떤 냄새인가요?",,,
4,1,카페에서 항상 고르는 메뉴는 무엇인가요?,1,익숙한 맛은 마음을 편안하게 해요.,커피나 티 혹은 에이드 종류를 생각해봐요.,그 맛을 볼 때 왜 마음이 편해지나요?,2025-12-27 20:31:07.893 +0900,2025-12-27 20:31:07.893 +0900,,유지,,,,,
3,1,비 오는 날 듣고 싶어지는 노래는 무엇인가요?,2,빗소리에 어울리는 노래는 즐거움을 줘요.,차분한 발라드나 연주곡을 떠올려 봐요.,비 오는 날에 유독 그 노래가 듣고 싶어지는 이유가 있을까요?,2025-12-27 20:31:07.893 +0900,2026-09-30 23:17:32.000 +0900,,문구 수정(가이드 유지),3,"비 올 때 듣고 싶은 노래가 있다면, 어떤 노래인가요?",,,
2,1,가장 자주 듣는 노래는 무엇인가요?,1,좋은 노래는 하루를 버티는 힘이 돼요.,플레이리스트 맨 위에 있는 곡을 봐요.,이 노래가 왜 마음을 편하게 해줄까요?,2025-12-27 20:31:07.893 +0900,2025-12-27 20:31:07.893 +0900,,유지,,,,,
1,1,가장 좋아하는 색깔은 무엇인가요?,2,색깔 하나로 기분이 달라질 때가 있어요.,지금 입은 옷이나 주변 소품을 봐요.,그 색을 보면 어떤 기분이 드나요?,2025-12-27 20:31:07.893 +0900,2026-09-30 23:17:32.000 +0900,,문구 수정(가이드 유지),1,요즘 자주 찾는 색깔은 무엇인가요?,,,
,6,덜 벌어도 저녁이 있는 삶과 더 벌고 바쁜 삶 중 무엇을 고를까요?,1,둘 다 누군가에게는 좋은 삶이에요.,퇴근 후의 여유와 통장의 여유를 비교해봐요.,그 선택이 요즘의 나에게 더 끌리는 이유는 뭐예요?,2026-09-30 23:17:32.000 +0900,2026-09-30 23:17:32.000 +0900,,신규,,,Y029,자아분석,가치·동기
,6,인정받을 때와 자유로울 때 중 언제 더 힘이 나나요?,1,힘이 나는 순간을 알면 나를 움직이는 법도 보여요.,칭찬을 들을 때와 마음대로 할 수 있을 때를 떠올려봐요.,그 조건을 일상에 더 늘릴 방법이 있을까요?,2026-09-30 23:17:32.000 +0900,2026-09-30 23:17:32.000 +0900,,신규,,,Y030,자아분석,가치·동기
,6,"하기 싫은 일을 해내게 하는 건 보상인가요, 책임감인가요?",1,하기 싫은 일도 결국 해내게 만드는 힘이 있죠.,"끝나고 받을 보상과 해야 한다는 마음, 뭐가 더 커요?",그 힘이 떨어질 때는 어떻게 다시 채우나요?,2026-09-30 23:17:32.000 +0900,2026-09-30 23:17:32.000 +0900,,신규,,,Y031,자아분석,가치·동기
,6,이기는 것과 즐기는 것 중 뭐가 더 중요한가요?,1,승부 앞에서 진짜 내 모습이 드러나기도 해요.,"게임, 내기, 경쟁 상황을 떠올려봐요.",지고 나면 어떤 마음이 드는 편이에요?,2026-09-30 23:17:32.000 +0900,2026-09-30 23:17:32.000 +0900,,신규,,,Y032,자아분석,가치·동기
,6,"중요한 선택은 장단점을 따지나요, 끌리는 대로 하나요?",1,결정하는 방식에는 나만의 습관이 있어요.,최근에 고민했던 선택을 하나 떠올려봐요.,그렇게 결정했을 때 결과는 대체로 어땠어요?,2026-09-30 23:17:32.000 +0900,2026-09-30 23:17:32.000 +0900,,신규,,,Y035,자아분석,결정 방식
,6,안정적인 길과 설레는 도전 중 지금 더 끌리는 쪽은 어디인가요?,2,같은 사람도 시기에 따라 끌리는 쪽이 달라져요.,지금 내 상황에서 더 필요한 게 뭔지 떠올려봐요.,1년 전의 나라면 어떻게 답했을까요?,2026-09-30 23:17:32.000 +0900,2026-09-30 23:17:32.000 +0900,,신규,,,Y033,자아분석,가치·동기
,6,한 일에 대한 후회와 안 한 일에 대한 후회 중 뭐가 더 큰가요?,2,후회에도 종류가 있어요.,해봐서 아쉬운 일과 못 해봐서 아쉬운 일을 떠올려봐요.,그 후회가 지금의 나에게 남긴 건 뭐예요?,2026-09-30 23:17:32.000 +0900,2026-09-30 23:17:32.000 +0900,,신규,,,Y036,자아분석,결정 방식
,2,작은 실수를 하면 얼마나 오래 마음에 남나요?,2,작은 실수를 떠나보내는 속도는 사람마다 달라요.,"하루, 일주일, 몇 년 후에 문득 떠오르는지 생각해봐요.",실수를 털어내는 나만의 방법이 있나요?,2026-09-30 23:17:32.000 +0900,2026-09-30 23:17:32.000 +0900,,신규,,,Y022,자아분석,감정 민감도
,2,다 내려놓고 싶을 때 나를 다시 붙잡는 것은 무엇인가요?,2,버티게 하는 이유는 생각보다 작은 것일 수도 있어요.,"사람, 목표, 약속, 좋아하는 것 중 뭐가 떠오르나요?",그것이 나에게 힘이 되는 이유는 뭐예요?,2026-09-30 23:17:32.000 +0900,2026-09-30 23:17:32.000 +0900,,신규,,,Y026,자아분석,스트레스 대처
,2,실수한 나에게 나는 주로 어떤 말을 하나요?,2,나에게 하는 말은 나를 대하는 태도를 보여줘요.,"""괜찮아""와 ""또 그랬네"" 중 뭐가 먼저 나오나요?",친구가 같은 실수를 했다면 뭐라고 말해줄 것 같아요?,2026-09-30 23:17:32.000 +0900,2026-09-30 23:17:32.000 +0900,,신규,,,Y037,자아분석,자기 인식
,2,"새로운 모임에 가기 전날, 설레나요 걱정되나요?",2,새로운 자리 앞에서는 여러 감정이 함께 와요.,"처음 가는 모임, 첫 출근, 첫 수업 전날을 떠올려봐요.",그 마음을 다스리는 나만의 방법이 있나요?,2026-09-30 23:17:32.000 +0900,2026-09-30 23:17:32.000 +0900,,신규,,,Y040,자아분석,에너지 방향
,2,"걱정이 생기면 최악까지 상상하나요, 금방 잊나요?",2,걱정이 흘러가는 방향은 사람마다 달라요.,걱정이 커질 때와 금방 잊힐 때의 차이를 떠올려봐요.,걱정이 커질 때 나를 진정시키는 건 뭐예요?,2026-09-30 23:17:32.000 +0900,2026-09-30 23:17:32.000 +0900,,신규,,,Y020,자아분석,감정 민감도
,2,"속상한 일은 누군가에게 털어놓나요, 혼자 정리하나요?",2,속상함을 다루는 방식에는 정답이 없어요.,"털어놓고 싶은 사람이 있는지, 혼자가 편한지 떠올려봐요.",그렇게 하고 나면 마음이 어떻게 달라져요?,2026-09-30 23:17:32.000 +0900,2026-09-30 23:17:32.000 +0900,,신규,,,Y025,자아분석,스트레스 대처
,2,"좋은 일이 생기면 마음껏 기뻐하나요, 괜히 불안해지나요?",2,좋은 일 앞에서도 마음이 복잡할 수 있어요.,"기쁨이 먼저인지, '이래도 되나' 싶은 마음이 먼저인지 떠올려봐요.",기쁨을 온전히 누리게 해주는 건 뭐예요?,2026-09-30 23:17:32.000 +0900,2026-09-30 23:17:32.000 +0900,,신규,,,Y042,자아분석,감정 민감도
,2,"비 오는 날엔 기분이 가라앉나요, 오히려 좋아지나요?",1,날씨는 생각보다 마음에 큰 영향을 줘요.,"빗소리, 흐린 하늘, 축축한 공기를 떠올려봐요.",날씨 말고도 내 기분을 바꾸는 환경이 있나요?,2026-09-30 23:17:32.000 +0900,2026-09-30 23:17:32.000 +0900,,신규,,,Y023,자아분석,감정 민감도
,2,"머리가 복잡할 때 몸을 움직이나요, 가만히 쉬나요?",1,복잡한 머리를 식히는 방법은 저마다 달라요.,"걷기, 청소, 운동 또는 눕기, 멍때리기를 떠올려봐요.",그 방법을 하고 나면 어떤 변화가 있어요?,2026-09-30 23:17:32.000 +0900,2026-09-30 23:17:32.000 +0900,,신규,,,Y024,자아분석,스트레스 대처
,2,혼자 있는 시간이 며칠 이어지면 어떤 기분이 드나요?,2,혼자만의 시간이 주는 느낌은 사람마다 달라요.,"편안함, 자유로움, 심심함, 외로움 중 뭐에 가까워요?",그럴 때 나는 무엇으로 균형을 맞추나요?,2026-09-30 23:17:32.000 +0900,2026-09-30 23:17:32.000 +0900,,신규,,,Y004,자아분석,에너지 방향
,2,칭찬 열 번과 지적 한 번 중 뭐가 더 오래 남나요?,2,좋은 말보다 아픈 말이 오래 남기도 해요.,최근에 들었던 칭찬과 지적을 하나씩 떠올려봐요.,오래 남는 말은 나에게 어떤 영향을 주나요?,2026-09-30 23:17:32.000 +0900,2026-09-30 23:17:32.000 +0900,,신규,,,Y021,자아분석,감정 민감도
,2,친구의 실수와 내 실수 중 어느 쪽에 더 너그러운가요?,2,남에게는 너그러운데 나에게는 엄격할 때가 있죠.,같은 실수를 친구가 했을 때와 내가 했을 때를 비교해봐요.,그 차이는 어디서 온다고 생각해요?,2026-09-30 23:17:32.000 +0900,2026-09-30 23:17:32.000 +0900,,신규,,,Y038,자아분석,자기 인식
,2,"지적을 받으면 이유부터 따지나요, 기분부터 상하나요?",2,같은 지적도 받아들이는 방식은 다 달라요.,이유가 궁금한 마음과 서운한 마음 중 뭐가 먼저 와요?,지적을 잘 받아들이게 되는 조건은 뭐예요?,2026-09-30 23:17:32.000 +0900,2026-09-30 23:17:32.000 +0900,,신규,,,Y044,자아분석,결정 방식
,4,누군가 나를 싫어한다는 걸 알면 얼마나 신경 쓰이나요?,2,모두에게 좋은 사람일 수는 없지만 신경은 쓰이죠.,"궁금함, 서운함, 억울함, 무덤덤함 중 뭐에 가까워요?",그럴 때 나를 지켜주는 생각은 뭐예요?,2026-09-30 23:17:32.000 +0900,2026-09-30 23:17:32.000 +0900,,신규,,,Y041,자아분석,감정 민감도
,4,친구가 늦으면 몇 분까지 괜찮나요?,2,기다림의 기준은 사람마다 조금씩 달라요.,"5분, 10분, 30분 중 어디부터 마음이 달라지나요?",그 시간을 넘기면 어떤 마음이 드나요?,2026-09-30 23:17:32.000 +0900,2026-09-30 23:17:32.000 +0900,,신규,,,Y017,자아분석,관계 온도
,4,"""나 우울해서 빵 샀어""라는 말에 나는 뭐라고 답하나요?",2,같은 말에도 반응은 정말 다양하죠.,"""무슨 빵?""과 ""무슨 일 있어?"" 중 뭐가 먼저 나올까요?",그 답에 나의 어떤 면이 담겨 있다고 생각해요?,2026-09-30 23:17:32.000 +0900,2026-09-30 23:17:32.000 +0900,,신규,,,Y018,자아분석,관계 온도
,4,"기대고 싶을 때 먼저 말하나요, 알아주길 기다리나요?",2,기대고 싶은 마음을 전하는 방식은 사람마다 달라요.,"직접 말하기와 눈치채주길 기다리기, 뭐가 더 익숙해요?",기다리게 된다면 그 이유는 뭘까요?,2026-09-30 23:17:32.000 +0900,2026-09-30 23:17:32.000 +0900,,신규,,,Y027,자아분석,친밀감 방식
,4,"약속이 갑자기 취소되면 아쉬운가요, 내심 반가운가요?",1,약속이 취소될 때의 기분에는 나도 몰랐던 내가 담겨 있어요.,아쉬움과 안도감 중 먼저 드는 감정을 떠올려봐요.,그 기분이 드는 이유는 뭐라고 생각해요?,2026-09-30 23:17:32.000 +0900,2026-09-30 23:17:32.000 +0900,,신규,,,Y001,자아분석,에너지 방향
,4,"엘리베이터에서 아는 사람을 만나면 말을 거나요, 휴대폰을 보나요?",1,누구나 한 번쯤 겪는 어색한 순간이죠.,"말을 걸 때와 휴대폰을 볼 때, 각각 내 마음을 떠올려봐요.",그런 순간 나를 움직이는 마음은 뭐예요?,2026-09-30 23:17:32.000 +0900,2026-09-30 23:17:32.000 +0900,,신규,,,Y003,자아분석,에너지 방향
,4,"식당에서 음식이 잘못 나오면 말하나요, 그냥 먹나요?",1,말할지 말지 잠깐 고민되는 순간이죠.,메뉴가 다르게 나왔던 상황을 떠올려봐요.,"말하지 못했다면, 말하고 나면 어떤 마음이 들어요?",2026-09-30 23:17:32.000 +0900,2026-09-30 23:17:32.000 +0900,,신규,,,Y015,자아분석,관계 온도
,4,"메뉴 정할 때 나는 '아무거나'인가요, 의견을 내는 편인가요?",1,메뉴 정하기에도 관계 속 내 역할이 드러나요.,'아무거나'라고 해놓고 속으로 원하는 게 있던 적도 떠올려봐요.,그 역할이 편한 이유는 뭐예요?,2026-09-30 23:17:32.000 +0900,2026-09-30 23:17:32.000 +0900,,신규,,,Y016,자아분석,관계 온도
,4,"상대의 짧은 답장, 그냥 넘기나요 괜히 신경 쓰이나요?",1,짧은 답장 하나에도 마음이 흔들릴 수 있어요.,"'ㅇㅇ', '응.' 같은 답을 받았을 때를 떠올려봐요.",신경이 쓰인다면 주로 어떤 생각이 드나요?,2026-09-30 23:17:32.000 +0900,2026-09-30 23:17:32.000 +0900,,신규,,,Y019,자아분석,감정 민감도
,4,"남의 부탁을 들어주고 나면 뿌듯한가요, 지치나요?",2,도움을 주고 난 뒤의 마음에 내 한계가 보여요.,기꺼이 도운 부탁과 억지로 도운 부탁을 나눠봐요.,거절해도 괜찮았을 부탁이 있었나요?,2026-09-30 23:17:32.000 +0900,2026-09-30 23:17:32.000 +0900,,신규,,,Y043,자아분석,관계 온도
,3,"아무 약속 없는 주말, 설레나요 심심한가요?",1,빈 주말을 대하는 마음은 사람마다 정말 달라요.,아무 계획 없는 토요일 아침을 상상해봐요.,그런 주말을 보내고 나면 어떤 기분이 들어요?,2026-09-30 23:17:32.000 +0900,2026-09-30 23:17:32.000 +0900,,신규,,,Y002,자아분석,에너지 방향
,3,"마감이 있는 일은 미리 끝내나요, 직전에 몰아서 하나요?",1,마감을 대하는 방식에는 나만의 리듬이 있어요.,"과제, 업무, 약속 준비처럼 마감이 있던 일을 떠올려봐요.",그 방식이 나에게 잘 맞는다고 느껴요?,2026-09-30 23:17:32.000 +0900,2026-09-30 23:17:32.000 +0900,,신규,,,Y005,자아분석,계획·실행
,3,"안 읽은 알림이 쌓여 있으면 바로 지우나요, 그냥 두나요?",1,쌓인 알림을 보는 마음도 사람마다 달라요.,빨간 숫자가 보이면 어떤 기분이 드나요?,정리하고 싶은 마음은 다른 곳에서도 드러나나요?,2026-09-30 23:17:32.000 +0900,2026-09-30 23:17:32.000 +0900,,신규,,,Y006,자아분석,계획·실행
,3,"내 책상은 깔끔한 편인가요, 어질러져도 다 찾는 편인가요?",1,책상은 나만의 질서를 보여주는 공간이에요.,지금 내 책상 위를 떠올려봐요.,내가 편하다고 느끼는 공간의 상태는 어떤 모습이에요?,2026-09-30 23:17:32.000 +0900,2026-09-30 23:17:32.000 +0900,,신규,,,Y007,자아분석,계획·실행
,3,"할 일은 목록으로 적나요, 머릿속에 두나요?",1,할 일을 다루는 방식은 머릿속 정리 습관이기도 해요.,"메모앱, 다이어리, 포스트잇, 머릿속 중 어디에 두나요?",그 방식이 나에게 어떤 안정감을 주나요?,2026-09-30 23:17:32.000 +0900,2026-09-30 23:17:32.000 +0900,,신규,,,Y008,자아분석,계획·실행
,3,"사고 싶은 물건이 생기면 바로 사나요, 장바구니에 묵혀두나요?",1,사고 싶은 마음을 다루는 방식은 저마다 달라요.,최근에 장바구니에 담았던 물건을 떠올려봐요.,"바로 사고 나서와 묵혀두고 나서, 언제 더 만족하나요?",2026-09-30 23:17:32.000 +0900,2026-09-30 23:17:32.000 +0900,,신규,,,Y009,자아분석,계획·실행
,3,"할 일이 쌓이면 바로 시작하나요, 딴짓부터 하게 되나요?",1,일이 쌓이면 누구나 딴짓이 하고 싶어지죠.,"청소, 휴대폰, 간식처럼 자꾸 손이 가는 게 있나요?",나를 결국 시작하게 만드는 건 뭐예요?,2026-09-30 23:17:32.000 +0900,2026-09-30 23:17:32.000 +0900,,신규,,,Y010,자아분석,계획·실행
,3,"아무것도 안 한 날, 뿌듯한가요 죄책감이 드나요?",2,쉬는 날을 대하는 마음은 사람마다 달라요.,하루 종일 누워 있던 날 저녁을 떠올려봐요.,나에게 '잘 쉬었다'는 건 어떤 날이에요?,2026-09-30 23:17:32.000 +0900,2026-09-30 23:17:32.000 +0900,,신규,,,Y039,자아분석,자기 인식
,5,"좋아하는 사람이 생기면 티가 나나요, 꽁꽁 숨기나요?",2,좋아하는 마음은 숨기려 해도 드러나기도 하죠.,주변 사람들이 눈치챘던 순간을 떠올려봐요.,"티가 나는 게 좋나요, 들킬까 봐 신경 쓰이나요?",2026-09-30 23:17:32.000 +0900,2026-09-30 23:17:32.000 +0900,,신규,,,Y028,자아분석,친밀감 방식
,1,"단골집에 가면 먹던 메뉴를 시키나요, 새 메뉴에 도전하나요?",1,"익숙한 맛과 새로운 맛, 둘 다 즐거움이 있어요.",실패 없는 선택과 새로운 발견 중 뭐가 더 끌려요?,다른 일에서도 비슷한 선택을 하는 편이에요?,2026-09-30 23:17:32.000 +0900,2026-09-30 23:17:32.000 +0900,,신규,,,Y011,자아분석,새로움 추구
,1,아는 길과 처음 가보는 길 중 어느 쪽으로 가고 싶나요?,1,길을 고르는 방식에도 내 성향이 묻어나요.,익숙한 편안함과 낯선 설렘 중 뭐가 더 좋아요?,새로운 길을 가다 헤매면 어떤 기분이 들어요?,2026-09-30 23:17:32.000 +0900,2026-09-30 23:17:32.000 +0900,,신규,,,Y012,자아분석,새로움 추구
,1,유행하는 것과 나만 아는 것 중 뭐가 더 끌리나요?,1,좋아하는 것을 고르는 기준은 사람마다 달라요.,모두가 좋아하는 것과 나만 알고 싶은 것을 떠올려봐요.,나만 알던 게 유명해지면 어떤 기분이 들어요?,2026-09-30 23:17:32.000 +0900,2026-09-30 23:17:32.000 +0900,,신규,,,Y013,자아분석,새로움 추구
,1,"노래는 듣던 것만 듣나요, 새로운 걸 찾아 듣나요?",1,노래 취향에는 익숙함과 새로움 사이의 내가 담겨요.,"반복 재생 목록과 새 노래 추천, 뭘 더 자주 켜요?",새로운 걸 찾게 되는 때는 주로 언제예요?,2026-09-30 23:17:32.000 +0900,2026-09-30 23:17:32.000 +0900,,신규,,,Y014,자아분석,새로움 추구
,1,"메뉴 고를 때 오래 고민하나요, 금방 고르나요?",1,메뉴 고르는 모습에 결정 스타일이 담겨 있어요.,배달앱이나 식당 메뉴판 앞의 나를 떠올려봐요.,다른 선택을 할 때도 비슷한 편이에요?,2026-09-30 23:17:32.000 +0900,2026-09-30 23:17:32.000 +0900,,신규,,,Y034,자아분석,결정 방식
,6,하루 동안 다른 직업으로 살아본다면 무엇을 해보고 싶나요?,1,다른 직업을 상상하면 숨은 관심사가 보여요.,평소 궁금했던 직업이나 멋져 보였던 일을 떠올려봐요.,그 직업에서 가장 해보고 싶은 순간은 뭐예요?,2026-09-30 23:17:32.000 +0900,2026-09-30 23:17:32.000 +0900,,신규,,,X029,재미 보강,
,6,하루 동안 투명인간이 된다면 무엇을 하고 싶나요?,1,투명인간 상상은 숨은 호기심을 보여줘요.,"가보고 싶던 곳, 보고 싶던 장면을 떠올려봐요.",그걸 하고 싶은 이유는 뭐예요?,2026-09-30 23:17:32.000 +0900,2026-09-30 23:17:32.000 +0900,,신규,,,X050,재미 보강,
,6,좀비 사태가 일어나면 나는 어떤 역할을 맡을 것 같나요?,1,위기 상황의 나를 상상하면 의외의 모습이 보여요.,"리더, 정보통, 요리사, 겁쟁이 중 뭘까요?",그 역할을 떠올린 이유는 뭐예요?,2026-09-30 23:17:32.000 +0900,2026-09-30 23:17:32.000 +0900,,신규,,,X052,재미 보강,
,6,전생에 나는 무엇이었을 것 같나요?,1,전생 상상에는 지금의 나다움이 담겨 있어요.,"동물, 직업, 시대, 물건처럼 자유롭게 떠올려봐요.",그렇게 생각한 이유는 뭐예요?,2026-09-30 23:17:32.000 +0900,2026-09-30 23:17:32.000 +0900,,신규,,,X053,재미 보강,
,6,절대 양보할 수 없는 나만의 고집은 무엇인가요?,2,고집에는 나만의 기준이 담겨 있어요.,"음식, 습관, 물건, 생활 방식 중에 떠올려봐요.",그 고집이 생긴 이유는 뭘까요?,2026-09-30 23:17:32.000 +0900,2026-09-30 23:17:32.000 +0900,,신규,,,X028,재미 보강,
,6,내가 나라를 세운다면 첫 번째 법은 무엇인가요?,2,내가 만든 규칙에는 내 가치관이 담겨 있어요.,"꼭 지켜졌으면 하는 것, 없어졌으면 하는 것을 떠올려봐요.",그 법을 가장 먼저 만든 이유는 뭐예요?,2026-09-30 23:17:32.000 +0900,2026-09-30 23:17:32.000 +0900,,신규,,,X051,재미 보강,
,6,남들은 이상하게 봐도 나는 진지한 신념은 무엇인가요?,2,남들이 웃어도 나에게는 진지한 게 있죠.,"음식, 물건, 습관, 믿음 중에 떠올려봐요.",그 신념을 지키게 된 이유는 뭐예요?,2026-09-30 23:17:32.000 +0900,2026-09-30 23:17:32.000 +0900,,신규,,,X055,재미 보강,
,6,10억을 받는 대신 1년 동안 휴대폰 없이 살 수 있나요?,1,"큰돈과 연결 없는 일상, 상상만 해도 고민되죠.",휴대폰 없이 불편할 일과 편해질 일을 떠올려봐요.,휴대폰이 없다면 가장 먼저 채우고 싶은 시간은 뭐예요?,2026-09-30 23:17:32.000 +0900,2026-09-30 23:17:32.000 +0900,,신규,,,X027,재미 보강,
,6,타임머신을 한 번 탄다면 과거와 미래 중 어디로 갈까요?,1,"과거와 미래, 둘 다 궁금한 곳이죠.",다시 보고 싶은 순간과 미리 보고 싶은 순간을 떠올려봐요.,그곳에서 가장 먼저 하고 싶은 건 뭐예요?,2026-09-30 23:17:32.000 +0900,2026-09-30 23:17:32.000 +0900,,신규,,,X054,재미 보강,
,2,나를 단번에 웃게 만드는 것은 무엇인가요?,1,웃음 버튼은 사람마다 정말 달라요.,"영상, 친구의 말투, 동물, 추억 중 뭐가 떠오르나요?",그걸 보면 왜 웃음이 나는 것 같아요?,2026-09-30 23:17:32.000 +0900,2026-09-30 23:17:32.000 +0900,,신규,,,X002,재미 보강,
,2,듣기만 해도 괜히 기분이 좋아지는 단어는 무엇인가요?,1,어떤 단어는 듣기만 해도 기분이 좋아져요.,"휴가, 퇴근, 맛집, 칭찬 같은 단어를 떠올려봐요.",그 단어가 좋은 이유는 뭘까요?,2026-09-30 23:17:32.000 +0900,2026-09-30 23:17:32.000 +0900,,신규,,,X034,재미 보강,
,2,짜증이 날 때 가장 빨리 풀리는 방법은 무엇인가요?,2,짜증은 누구에게나 찾아오는 감정이에요.,"달달한 것 먹기, 음악 듣기, 잠깐 걷기처럼 떠올려봐요.",그 방법이 잘 통하는 이유는 뭘까요?,2026-09-30 23:17:32.000 +0900,2026-09-30 23:17:32.000 +0900,,신규,,,X001,재미 보강,
,2,긴장하면 몸 어디에 가장 먼저 티가 나나요?,2,긴장은 몸이 먼저 알려주기도 해요.,"손, 배, 목소리, 얼굴 중 어디가 먼저 반응하나요?",그 신호를 느끼면 나는 어떻게 긴장을 풀어요?,2026-09-30 23:17:32.000 +0900,2026-09-30 23:17:32.000 +0900,,신규,,,X003,재미 보강,
,2,평소 내 기분을 이모지 하나로 고른다면 무엇인가요?,1,기분을 이모지로 고르면 의외로 정확해요.,평소 메시지에 자주 쓰는 이모지를 떠올려봐요.,그 이모지를 고른 이유는 뭐예요?,2026-09-30 23:17:32.000 +0900,2026-09-30 23:17:32.000 +0900,,신규,,,X004,재미 보강,
,2,혼자 있다가 빵 터지게 되는 건 주로 어떤 순간인가요?,2,혼자 있을 때 터지는 웃음은 진짜 내 웃음이죠.,"영상, 옛날 사진, 갑자기 떠오른 기억을 떠올려봐요.",그런 순간이 나에게 어떤 에너지를 주나요?,2026-09-30 23:17:32.000 +0900,2026-09-30 23:17:32.000 +0900,,신규,,,X005,재미 보강,
,2,스트레스를 받으면 당기는 음식은 무엇인가요?,2,스트레스 받을 때 당기는 음식은 마음의 신호예요.,"매운 것, 달콤한 것, 바삭한 것 중 뭐에 가까워요?",그 음식을 먹고 나면 기분이 어떻게 달라져요?,2026-09-30 23:17:32.000 +0900,2026-09-30 23:17:32.000 +0900,,신규,,,X011,재미 보강,
,2,칭찬을 들으면 나는 어떻게 반응하는 편인가요?,2,칭찬 앞에서의 반응은 사람마다 달라요.,"쑥스러워하기, 고맙다고 하기, 손사래 치기 중 뭐에 가까워요?",칭찬을 편하게 받으려면 뭐가 필요할까요?,2026-09-30 23:17:32.000 +0900,2026-09-30 23:17:32.000 +0900,,신규,,,X019,재미 보강,
,2,기분이 가라앉는 날 나를 끌어올리는 한 가지는 무엇인가요?,2,가라앉는 날에도 나를 끌어올리는 게 있어요.,"음식, 사람, 노래, 산책 중에 떠올려봐요.",그게 나에게 통하는 이유는 뭘까요?,2026-09-30 23:17:32.000 +0900,2026-09-30 23:17:32.000 +0900,,신규,,,X035,재미 보강,
,2,나를 위로하는 플레이리스트에 제목을 붙인다면 무엇인가요?,2,위로가 되는 노래에는 내 마음이 담겨 있어요.,그 플레이리스트에 담긴 노래 분위기를 떠올려봐요.,그 제목을 짓게 된 이유는 뭐예요?,2026-09-30 23:17:32.000 +0900,2026-09-30 23:17:32.000 +0900,,신규,,,X033,재미 보강,
,2,"감동받으면 나는 티가 나는 편인가요, 속으로 삼키는 편인가요?",1,감동을 표현하는 방식은 사람마다 달라요.,"눈물, 말, 표정, 조용한 감사 중 뭐에 가까워요?",감동을 표현하고 나면 어떤 기분이에요?,2026-09-30 23:17:32.000 +0900,2026-09-30 23:17:32.000 +0900,,신규,,,X036,재미 보강,
,4,처음 보는 사람에게서 가장 먼저 눈이 가는 부분은 무엇인가요?,2,첫인상에서 보는 곳에 내 기준이 담겨 있어요.,"눈빛, 표정, 말투, 옷차림 중 뭐가 먼저 보여요?",그 부분을 먼저 보게 된 이유는 뭘까요?,2026-09-30 23:17:32.000 +0900,2026-09-30 23:17:32.000 +0900,,신규,,,X013,재미 보강,
,4,무인도에 딱 한 명과 간다면 어떤 사람과 가고 싶나요?,1,무인도라는 상상에 내가 원하는 사람이 보여요.,"든든한 사람, 웃긴 사람, 손재주 있는 사람을 떠올려봐요.",그런 사람을 고른 이유는 뭐예요?,2026-09-30 23:17:32.000 +0900,2026-09-30 23:17:32.000 +0900,,신규,,,X017,재미 보강,
,4,단체 사진을 찍을 때 나는 주로 어디에 서 있나요?,2,단체 사진 속 자리에도 내 성향이 보여요.,"가운데, 끝자리, 뒷줄 중 어디에 있나요?",그 자리가 편한 이유는 뭐예요?,2026-09-30 23:17:32.000 +0900,2026-09-30 23:17:32.000 +0900,,신규,,,X042,재미 보강,
,4,친구 휴대폰에 나는 어떤 이름으로 저장되어 있을 것 같나요?,1,친구가 붙여준 이름에는 내가 보여요.,"별명, 이모지, 이름 뒤에 붙은 말을 떠올려봐요.",그렇게 저장됐다면 어떤 기분일 것 같아요?,2026-09-30 23:17:32.000 +0900,2026-09-30 23:17:32.000 +0900,,신규,,,X058,재미 보강,
,4,처음 만난 사람과 말을 놓기까지 보통 얼마나 걸리나요?,2,친해지는 속도는 사람마다 달라요.,"처음 만난 자리, 두 번째 만남을 떠올려봐요.",말을 놓고 나면 관계가 어떻게 달라져요?,2026-09-30 23:17:32.000 +0900,2026-09-30 23:17:32.000 +0900,,신규,,,X059,재미 보강,
,4,친구들에게 가장 자주 듣는 말은 무엇인가요?,2,자주 듣는 말에는 남들이 보는 내가 담겨 있어요.,"칭찬, 놀림, 부탁, 걱정 중에 떠올려봐요.",그 말을 들으면 어떤 기분이 들어요?,2026-09-30 23:17:32.000 +0900,2026-09-30 23:17:32.000 +0900,,신규,,,X060,재미 보강,
,4,자주 연락하는 사이와 가끔 연락해도 편한 사이 중 뭐가 더 좋나요?,1,관계마다 편한 거리는 조금씩 달라요.,매일 연락하는 친구와 오랜만에 만나도 편한 친구를 떠올려봐요.,나에게 편한 관계의 조건은 뭐예요?,2026-09-30 23:17:32.000 +0900,2026-09-30 23:17:32.000 +0900,,신규,,,X015,재미 보강,
,4,"대화할 때 나는 주로 듣는 쪽인가요, 말하는 쪽인가요?",1,대화 속 역할에도 내 성향이 담겨 있어요.,친구들과 모였을 때의 나를 떠올려봐요.,그 역할이 편한 이유는 뭐예요?,2026-09-30 23:17:32.000 +0900,2026-09-30 23:17:32.000 +0900,,신규,,,X018,재미 보강,
,4,"모임에서 나는 총무, 길잡이, 분위기 메이커 중 어떤 역할인가요?",1,모임 속 역할은 자연스럽게 정해지기도 해요.,"계산, 길 찾기, 분위기 살리기 중 내가 주로 맡는 건 뭐예요?",그 역할을 맡게 된 이유는 뭘까요?,2026-09-30 23:17:32.000 +0900,2026-09-30 23:17:32.000 +0900,,신규,,,X043,재미 보강,
,4,친구들이 나를 한 단어로 소개한다면 뭐라고 할까요?,2,친구들이 보는 나는 내가 아는 나와 다를 수도 있어요.,친구들이 나를 부를 때 자주 쓰는 말을 떠올려봐요.,"그 단어가 마음에 드나요, 의외인가요?",2026-09-30 23:17:32.000 +0900,2026-09-30 23:17:32.000 +0900,,신규,,,X014,재미 보강,
,3,나만 알고 있는 생활 꿀팁은 무엇인가요?,1,작지만 확실한 꿀팁은 나누고 싶어지죠.,"정리, 요리, 절약, 시간 관리 중 떠오르는 게 있나요?",그 꿀팁은 어떻게 알게 됐어요?,2026-09-30 23:17:32.000 +0900,2026-09-30 23:17:32.000 +0900,,신규,,,X010,재미 보강,
,3,장을 볼 때 매번 장바구니에 담는 것은 무엇인가요?,2,장바구니에는 나의 생활이 담겨 있어요.,"과일, 간식, 음료, 늘 떨어지는 생필품을 떠올려봐요.",그걸 매번 사게 되는 이유는 뭐예요?,2026-09-30 23:17:32.000 +0900,2026-09-30 23:17:32.000 +0900,,신규,,,X009,재미 보강,
,3,갑자기 30분이 비면 주로 무엇을 하며 보내나요?,2,예상치 못한 30분은 작은 선물 같아요.,"휴대폰, 산책, 낮잠, 밀린 일 중 뭘 하게 되나요?",그 30분을 가장 알차게 쓴다면 뭘 하고 싶어요?,2026-09-30 23:17:32.000 +0900,2026-09-30 23:17:32.000 +0900,,신규,,,X007,재미 보강,
,3,주말 아침 나를 침대에서 일으키는 것은 무엇인가요?,2,주말 아침의 나를 움직이는 건 뭘까요?,"배고픔, 햇살, 약속, 좋아하는 일 중에 떠올려봐요.",그게 없다면 언제까지 누워 있을 것 같아요?,2026-09-30 23:17:32.000 +0900,2026-09-30 23:17:32.000 +0900,,신규,,,X008,재미 보강,
,3,검색창에 가장 자주 입력하는 단어는 무엇인가요?,2,검색 기록에는 요즘의 내가 담겨 있어요.,"맛집, 날씨, 궁금한 단어, 사람 이름을 떠올려봐요.",그 단어를 자주 찾게 되는 이유는 뭐예요?,2026-09-30 23:17:32.000 +0900,2026-09-30 23:17:32.000 +0900,,신규,,,X038,재미 보강,
,3,잠잘 때 주로 어떤 자세로 자나요?,2,잠자는 자세에도 나만의 편안함이 있어요.,"바로 눕기, 옆으로 눕기, 엎드리기, 이불 꼭 안기를 떠올려봐요.",그 자세가 편한 이유는 뭘까요?,2026-09-30 23:17:32.000 +0900,2026-09-30 23:17:32.000 +0900,,신규,,,X041,재미 보강,
,3,"알람은 한 번에 끄는 편인가요, 여러 개 맞춰두는 편인가요?",1,알람 습관에도 나만의 아침이 담겨 있어요.,알람 개수와 스누즈 버튼을 떠올려봐요.,그렇게 일어나면 아침 기분이 어때요?,2026-09-30 23:17:32.000 +0900,2026-09-30 23:17:32.000 +0900,,신규,,,X006,재미 보강,
,3,"씻는 건 아침파인가요, 저녁파인가요?",1,씻는 시간에도 나만의 리듬이 있어요.,하루를 여는 샤워와 하루를 닫는 샤워를 떠올려봐요.,그 시간이 나에게 주는 의미는 뭐예요?,2026-09-30 23:17:32.000 +0900,2026-09-30 23:17:32.000 +0900,,신규,,,X012,재미 보강,
,5,가장 설레는 한마디를 꼽는다면 무엇인가요?,1,어떤 말은 오래도록 마음을 두근거리게 해요.,"""보고 싶어"", ""잘했어"", ""네 생각났어"" 같은 말을 떠올려봐요.",그 말이 설레는 이유는 뭘까요?,2026-09-30 23:17:32.000 +0900,2026-09-30 23:17:32.000 +0900,,신규,,,X032,재미 보강,
,5,연인에게 가장 듣고 싶은 칭찬은 무엇인가요?,1,연인의 칭찬은 유난히 오래 남아요.,"외모, 성격, 능력, 마음 씀씀이 중 뭐가 떠오르나요?",그 칭찬을 듣고 싶은 이유는 뭘까요?,2026-09-30 23:17:32.000 +0900,2026-09-30 23:17:32.000 +0900,,신규,,,X057,재미 보강,
,5,내 연애 스타일을 노래 제목으로 표현하면 무엇인가요?,2,연애 스타일을 노래로 표현하면 재밌어요.,"달달한 발라드, 신나는 댄스곡, 잔잔한 인디곡을 떠올려봐요.",그 노래를 고른 이유는 뭐예요?,2026-09-30 23:17:32.000 +0900,2026-09-30 23:17:32.000 +0900,,신규,,,X056,재미 보강,
,5,"좋아하는 마음은 먼저 표현하는 편인가요, 기다리는 편인가요?",2,좋아하는 마음을 드러내는 방식은 사람마다 달라요.,"먼저 연락하기, 티 내기, 기다리기를 떠올려봐요.",그 방식이 나에게 편한 이유는 뭘까요?,2026-09-30 23:17:32.000 +0900,2026-09-30 23:17:32.000 +0900,,신규,,,X031,재미 보강,
,1,내 방에서 가장 아끼는 물건은 무엇인가요?,1,아끼는 물건에는 이야기가 담겨 있어요.,"선물 받은 것, 오래 쓴 것, 추억이 있는 것을 떠올려봐요.",그 물건이 특별해진 이유는 뭐예요?,2026-09-30 23:17:32.000 +0900,2026-09-30 23:17:32.000 +0900,,신규,,,X021,재미 보강,
,1,아무리 반복해서 들어도 질리지 않는 노래는 무엇인가요?,1,질리지 않는 노래는 마음의 단골 같아요.,언제 들어도 좋은 노래를 떠올려봐요.,그 노래가 계속 좋은 이유는 뭘까요?,2026-09-30 23:17:32.000 +0900,2026-09-30 23:17:32.000 +0900,,신규,,,X023,재미 보강,
,1,가장 좋아하는 과자는 무엇인가요?,1,좋아하는 과자에는 추억이 담겨 있기도 해요.,어릴 때부터 먹던 과자나 요즘 꽂힌 과자를 떠올려봐요.,그 과자를 먹으면 어떤 기분이 들어요?,2026-09-30 23:17:32.000 +0900,2026-09-30 23:17:32.000 +0900,,신규,,,X048,재미 보강,
,1,내 알고리즘에 자주 뜨는 영상은 어떤 종류인가요?,2,알고리즘은 나보다 내 관심사를 잘 알기도 해요.,추천 목록에 자주 뜨는 영상을 떠올려봐요.,그 영상들을 보면 나는 어떤 사람처럼 보일까요?,2026-09-30 23:17:32.000 +0900,2026-09-30 23:17:32.000 +0900,,신규,,,X039,재미 보강,
,1,배달앱에서 가장 자주 시키는 메뉴는 무엇인가요?,2,자주 시키는 메뉴에는 나의 위로가 담겨 있어요.,주문 내역에서 가장 자주 보이는 메뉴를 떠올려봐요.,그 메뉴가 생각나는 날은 주로 어떤 날이에요?,2026-09-30 23:17:32.000 +0900,2026-09-30 23:17:32.000 +0900,,신규,,,X040,재미 보강,
,1,한 가지 색 옷만 입어야 한다면 무슨 색을 고를까요?,1,좋아하는 색에는 내 분위기가 담겨 있어요.,옷장에서 가장 많이 보이는 색을 떠올려봐요.,그 색을 입으면 어떤 기분이 들어요?,2026-09-30 23:17:32.000 +0900,2026-09-30 23:17:32.000 +0900,,신규,,,X022,재미 보강,
,1,이름을 새로 지을 수 있다면 어떤 이름을 고를까요?,1,이름을 다시 짓는다면 새로운 나를 상상하게 돼요.,"부르기 좋은 이름, 뜻이 좋은 이름을 떠올려봐요.",그 이름에 담고 싶은 의미는 뭐예요?,2026-09-30 23:17:32.000 +0900,2026-09-30 23:17:32.000 +0900,,신규,,,X025,재미 보강,
,1,평생 무료로 받을 수 있다면 무엇을 고를까요?,1,평생 무료라는 말은 생각만 해도 즐겁죠.,"매일 쓰는 것, 좋아하는 음식, 경험을 떠올려봐요.",그걸 고른 이유는 뭐예요?,2026-09-30 23:17:32.000 +0900,2026-09-30 23:17:32.000 +0900,,신규,,,X030,재미 보강,
,1,휴대폰 사진첩에 가장 많이 있는 사진은 무엇인가요?,2,사진첩은 내 관심사를 가장 솔직하게 보여줘요.,"음식, 풍경, 사람, 캡처 중 뭐가 가장 많아요?",그 사진을 자주 찍는 이유는 뭘까요?,2026-09-30 23:17:32.000 +0900,2026-09-30 23:17:32.000 +0900,,신규,,,X037,재미 보강,
,1,라면을 끓일 때 꼭 넣는 재료는 무엇인가요?,2,라면 레시피에는 나만의 고집이 담겨 있어요.,"계란, 파, 치즈, 김치 중 뭘 넣나요?",그 재료를 넣게 된 계기가 있나요?,2026-09-30 23:17:32.000 +0900,2026-09-30 23:17:32.000 +0900,,신규,,,X044,재미 보강,
,1,선물을 고를 때 실용성과 의미 중 뭘 더 챙기나요?,1,선물 고르는 방식에 마음 쓰는 법이 담겨요.,꼭 필요한 물건과 추억이 담긴 물건 중 뭘 고르나요?,받을 때도 같은 기준인가요?,2026-09-30 23:17:32.000 +0900,2026-09-30 23:17:32.000 +0900,,신규,,,X016,재미 보강,
,1,"민트초코는 호인가요, 불호인가요?",1,민트초코는 영원한 국민 논쟁이죠.,"치약 맛인가요, 상쾌한 디저트인가요?",호불호가 갈리는 다른 음식도 있나요?,2026-09-30 23:17:32.000 +0900,2026-09-30 23:17:32.000 +0900,,신규,,,X020,재미 보강,
,1,바다와 산 중 쉬러 가고 싶은 곳은 어디인가요?,1,쉬는 곳을 고르는 데도 취향이 드러나요.,탁 트인 수평선과 초록빛 숲길을 떠올려봐요.,그곳에서 가장 하고 싶은 건 뭐예요?,2026-09-30 23:17:32.000 +0900,2026-09-30 23:17:32.000 +0900,,신규,,,X024,재미 보강,
,1,"붕어빵은 머리부터 먹나요, 꼬리부터 먹나요?",1,사소하지만 은근히 진지한 논쟁이죠.,바삭한 꼬리와 팥 가득한 머리를 떠올려봐요.,다른 음식에도 나만의 먹는 순서가 있나요?,2026-09-30 23:17:32.000 +0900,2026-09-30 23:17:32.000 +0900,,신규,,,X026,재미 보강,
,1,치킨은 후라이드와 양념 중 뭐가 더 좋은가요?,1,치킨 앞에서는 누구나 진지해지죠.,바삭한 후라이드와 달콤한 양념을 떠올려봐요.,반반을 시킬 때도 더 손이 가는 쪽이 있나요?,2026-09-30 23:17:32.000 +0900,2026-09-30 23:17:32.000 +0900,,신규,,,X045,재미 보강,
,1,"얼죽아인가요, 뜨아파인가요?",1,계절 상관없이 커피 취향은 확고하죠.,한겨울 아이스와 한여름 따뜻한 커피를 떠올려봐요.,그 선택을 고집하는 이유는 뭐예요?,2026-09-30 23:17:32.000 +0900,2026-09-30 23:17:32.000 +0900,,신규,,,X046,재미 보강,
,1,짜장면과 짬뽕 중 뭐가 더 끌리나요?,1,중식당 앞 영원한 고민이죠.,달콤한 짜장과 얼큰한 짬뽕을 떠올려봐요.,그날의 기분에 따라 달라지나요?,2026-09-30 23:17:32.000 +0900,2026-09-30 23:17:32.000 +0900,,신규,,,X047,재미 보강,
,1,"복숭아는 딱딱한 게 좋나요, 물렁한 게 좋나요?",1,복숭아 취향은 의외로 확고하게 갈리죠.,아삭한 식감과 말랑한 달콤함을 떠올려봐요.,다른 음식에서도 식감을 중요하게 보는 편이에요?,2026-09-30 23:17:32.000 +0900,2026-09-30 23:17:32.000 +0900,,신규,,,X049,재미 보강,
,5,썸 탈 때 가장 설레는 순간은 언제라고 생각하나요?,2,썸은 연애보다 더 설렌다는 말도 있죠.,"연락이 올 때, 눈이 마주칠 때, 약속을 잡을 때를 떠올려봐요.",그 순간이 설레는 이유는 뭘까요?,2026-09-30 23:17:32.000 +0900,2026-09-30 23:17:32.000 +0900,,신규,,,L019,연애,
,5,이상형을 연예인 한 명으로 말한다면 누구인가요?,1,이상형을 떠올리면 괜히 기분이 좋아지죠.,"외모, 분위기, 말투 중 뭐가 먼저 떠오르나요?",그 사람의 어떤 점이 가장 끌려요?,2026-09-30 23:17:32.000 +0900,2026-09-30 23:17:32.000 +0900,,신규,,,L018,연애,
,5,연인에게 불리고 싶은 애칭은 무엇인가요?,1,부르는 이름 하나에도 관계의 온도가 담겨요.,"귀여운 별명, 이름, 둘만 아는 호칭을 떠올려봐요.",그 애칭으로 불리면 어떤 기분일 것 같아요?,2026-09-30 23:17:32.000 +0900,2026-09-30 23:17:32.000 +0900,,신규,,,L025,연애,
,5,연애 중에 다른 사람에게 대시를 받으면 연인에게 말하는 편인가요?,2,말할지 말지 고민되는 순간이 있을 수 있어요.,"솔직하게 알리는 게 나은가요, 조용히 정리하는 게 나은가요?",연인이 같은 상황이라면 나는 어떻게 해주길 바라요?,2026-09-30 23:17:32.000 +0900,2026-09-30 23:17:32.000 +0900,,신규,,,L013,연애,
,5,연인과의 연락 텀은 몇 시간까지 괜찮나요?,2,연락 텀은 사람마다 편한 기준이 정말 달라요.,바쁜 날과 한가한 날을 나눠서 생각해봐요.,연락이 늦어질 때 나는 어떤 마음이 드나요?,2026-09-30 23:17:32.000 +0900,2026-09-30 23:17:32.000 +0900,,신규,,,L010,연애,
,5,나만의 해피플레이스에 좋아하는 사람을 데려간다면 어디로 갈까요?,1,좋아하는 곳을 나누는 건 마음을 여는 일이에요.,"자주 가는 카페, 산책길, 동네 맛집을 떠올려봐요.",그곳을 함께 가고 싶은 이유는 뭐예요?,2026-09-30 23:17:32.000 +0900,2026-09-30 23:17:32.000 +0900,,신규,,,L015,연애,
,5,좋아하는 사람의 카톡 프로필이 바뀌면 바로 확인하는 편인가요?,2,좋아하면 작은 변화에도 눈이 가게 돼요.,"프로필 사진, 배경, 상태 메시지 중 뭘 먼저 보나요?",그 변화에서 나는 주로 뭘 읽어내려고 하나요?,2026-09-30 23:17:32.000 +0900,2026-09-30 23:17:32.000 +0900,,신규,,,L021,연애,
,5,연애 예능에 나간다면 나는 어떤 캐릭터일까요?,1,연애할 때의 나를 캐릭터로 보면 재밌어요.,"직진형, 신중형, 분위기 메이커, 반전 매력 중 뭘까요?",그 캐릭터라고 생각한 이유는 뭐예요?,2026-09-30 23:17:32.000 +0900,2026-09-30 23:17:32.000 +0900,,신규,,,L026,연애,
,5,나의 연애 스타일을 음식에 비유하면 무엇일까요?,1,연애 스타일도 음식처럼 맛이 다 달라요.,"달달한 디저트, 매운 떡볶이, 든든한 국밥처럼 떠올려봐요.",그 음식으로 고른 이유는 뭐예요?,2026-09-30 23:17:32.000 +0900,2026-09-30 23:17:32.000 +0900,,신규,,,L029,연애,
,5,환승 이별과 잠수 이별 중 뭐가 더 최악인가요?,2,어떤 이별이든 아프지만 더 아픈 방식이 있죠.,"배신감과 허무함, 뭐가 더 오래 남을 것 같아요?",내가 생각하는 '좋은 이별'은 어떤 모습이에요?,2026-09-30 23:17:32.000 +0900,2026-09-30 23:17:32.000 +0900,,신규,,,L008,연애,
,5,연애할 때 나의 애교 지수는 10점 만점에 몇 점인가요?,2,애교에도 사람마다 스타일이 있어요.,"말투, 행동, 표정 중 어디서 애교가 나오나요?",그 점수가 나온 이유는 뭐예요?,2026-09-30 23:17:32.000 +0900,2026-09-30 23:17:32.000 +0900,,신규,,,L022,연애,
,5,"연인이 이성 친구와 한 달 동안 몰래 연락하며 내 깜짝 이벤트를 준비했다면, 감동인가요 서운한가요?",2,고마운 마음과 서운한 마음이 동시에 들 수 있어요.,"이벤트의 설렘과 비밀 연락의 찜찜함, 뭐가 더 크게 다가오나요?",내가 연인에게 가장 바라는 투명함은 어디까지인가요?,2026-09-30 23:17:32.000 +0900,2026-09-30 23:17:32.000 +0900,,신규,,,L001,연애,
,5,"내가 먼저 집에 간 뒤 연인과 내 친구 둘이 더 마신다면 괜찮나요, 신경 쓰이나요?",2,커플 사이에 유독 의견이 갈리는 상황이에요.,"내 친구를 믿는 마음과 괜히 신경 쓰이는 마음, 어느 쪽이 커요?",이런 일에 신경이 쓰인다면 그 이유는 뭘까요?,2026-09-30 23:17:32.000 +0900,2026-09-30 23:17:32.000 +0900,,신규,,,L002,연애,
,5,"연인 차에 이성 친구가 블루투스를 연결하는 건 괜찮나요, 신경 쓰이나요?",2,사소해 보여도 은근히 마음이 쓰이는 논쟁이죠.,"그냥 노래일 뿐인가요, 둘만의 공간에 들어온 느낌인가요?",나에게 연인과 '둘만의 영역'은 어디까지인가요?,2026-09-30 23:17:32.000 +0900,2026-09-30 23:17:32.000 +0900,,신규,,,L003,연애,
,5,짠돌이 애인과 과소비 애인 중 누가 더 힘든가요?,1,돈을 대하는 방식은 연애에서도 크게 드러나요.,"아끼는 쪽과 쓰는 쪽, 어느 쪽이 더 답답하게 느껴지나요?",나는 연인에게 어떤 소비 스타일로 보일까요?,2026-09-30 23:17:32.000 +0900,2026-09-30 23:17:32.000 +0900,,신규,,,L004,연애,
,5,좋아하는 사람이 날 싫어하는 것과 싫어하는 사람이 날 좋아하는 것 중 뭐가 더 괴로운가요?,1,"짝사랑의 아픔과 원치 않는 관심, 둘 다 쉽지 않아요.","내 마음이 닿지 않는 것과 남의 마음을 거절하는 것, 뭐가 더 무거워요?",거절하는 쪽과 거절당하는 쪽 중 나는 어디가 더 힘든 편이에요?,2026-09-30 23:17:32.000 +0900,2026-09-30 23:17:32.000 +0900,,신규,,,L005,연애,
,5,단톡방 고백과 길거리 고백 중 뭐가 더 받기 싫은가요?,1,고백은 받는 방식도 꽤 중요하죠.,"여러 사람 앞의 부담과 낯선 사람 앞의 당황, 뭐가 더 싫어요?",받고 싶은 고백 장면이 있다면 어떤 모습이에요?,2026-09-30 23:17:32.000 +0900,2026-09-30 23:17:32.000 +0900,,신규,,,L006,연애,
,5,돌려 말하는 애인과 팩폭하는 애인 중 누가 더 좋은가요?,1,말하는 방식은 연애의 온도를 크게 바꿔요.,"배려 섞인 우회와 시원한 직구, 뭐가 더 편해요?",나는 연인에게 어떤 방식으로 말하는 편이에요?,2026-09-30 23:17:32.000 +0900,2026-09-30 23:17:32.000 +0900,,신규,,,L007,연애,
,5,친구의 전 애인과 전 애인의 친구 중 누구와 연애하는 게 그나마 나은가요?,1,둘 다 쉽지 않은 선택이라 더 재밌는 질문이에요.,"친구와의 관계와 옛 연인의 그림자, 뭐가 더 걸리나요?",연애할 때 주변 관계를 얼마나 신경 쓰는 편이에요?,2026-09-30 23:17:32.000 +0900,2026-09-30 23:17:32.000 +0900,,신규,,,L009,연애,
,5,"연인과 폰 비밀번호, 위치 공유, 통장 중 어디까지 공유할 수 있나요?",1,가까운 사이일수록 공유의 선이 궁금해져요.,편하게 열 수 있는 것과 끝까지 지키고 싶은 걸 나눠봐요.,나에게 연애 속 '사생활'은 어떤 의미인가요?,2026-09-30 23:17:32.000 +0900,2026-09-30 23:17:32.000 +0900,,신규,,,L011,연애,
,5,"치킨 닭다리 두 개, 연인에게 다 양보할 수 있나요?",1,사소한 양보에도 마음의 크기가 드러나요.,"하나는 양보, 둘 다는 고민인가요?",연애할 때 내가 기꺼이 양보하는 건 주로 뭐예요?,2026-09-30 23:17:32.000 +0900,2026-09-30 23:17:32.000 +0900,,신규,,,L012,연애,
,5,연인과 가장 친한 친구가 싸우면 누구 편을 들 것 같나요?,1,양쪽 다 소중해서 더 어려운 상황이에요.,"누가 옳은지가 먼저인가요, 누가 더 속상한지가 먼저인가요?",갈등 사이에서 나는 주로 어떤 역할을 맡아요?,2026-09-30 23:17:32.000 +0900,2026-09-30 23:17:32.000 +0900,,신규,,,L014,연애,
,5,"연애할 때 나는 리드하는 쪽인가요, 맞춰주는 쪽인가요?",1,연애할 때의 나는 평소와 다를 수도 있어요.,데이트 코스를 정할 때나 의견이 갈릴 때를 떠올려봐요.,"그 역할이 나에게 편한가요, 아니면 익숙해진 건가요?",2026-09-30 23:17:32.000 +0900,2026-09-30 23:17:32.000 +0900,,신규,,,L016,연애,
,5,"연하, 동갑, 연상 중 누가 더 끌리나요?",1,끌리는 나이대에도 나만의 이유가 있죠.,"편안함, 설렘, 든든함 중 뭘 기대하나요?",그 나이대에 끌리는 이유를 한 단어로 말한다면요?,2026-09-30 23:17:32.000 +0900,2026-09-30 23:17:32.000 +0900,,신규,,,L017,연애,
,5,읽씹과 안읽씹 중 뭐가 더 서운한가요?,1,답장 하나에 마음이 오르락내리락하기도 해요.,"읽고 답이 없는 것과 아예 안 읽은 것, 뭐가 더 신경 쓰여요?",답장이 늦을 때 나는 주로 어떤 상상을 하나요?,2026-09-30 23:17:32.000 +0900,2026-09-30 23:17:32.000 +0900,,신규,,,L020,연애,
,5,다정한 말투와 장난스러운 말투 중 뭐가 더 설레나요?,1,설렘 포인트는 말투에서 오기도 해요.,따뜻하게 챙겨주는 말과 장난스럽게 놀리는 말을 떠올려봐요.,그 말투에 설레는 이유는 뭘까요?,2026-09-30 23:17:32.000 +0900,2026-09-30 23:17:32.000 +0900,,신규,,,L023,연애,
,5,"연인과 커플템 맞추는 건 좋나요, 부끄럽나요?",1,커플템은 설렘과 쑥스러움이 함께 오죠.,"반지, 옷, 폰케이스처럼 종류마다 다를 수도 있어요.",티 나는 커플템과 은근한 커플템 중 뭐가 더 좋아요?,2026-09-30 23:17:32.000 +0900,2026-09-30 23:17:32.000 +0900,,신규,,,L024,연애,
,5,"연인이 나보다 친구 약속을 먼저 챙기면 서운한가요, 이해되나요?",1,"사랑과 우정 사이, 서운함은 자연스러운 감정이에요.",약속의 중요도나 횟수에 따라 달라지나요?,내가 연인에게 가장 바라는 우선순위는 뭐예요?,2026-09-30 23:17:32.000 +0900,2026-09-30 23:17:32.000 +0900,,신규,,,L027,연애,
,5,"연인의 휴대폰, 보고 싶나요 아니면 모르는 게 약인가요?",1,궁금함과 믿음 사이에서 고민될 수 있어요.,확인하고 싶은 마음과 믿고 싶은 마음 중 어느 쪽이 커요?,연애에서 나에게 '신뢰'는 어떤 모습이에요?,2026-09-30 23:17:32.000 +0900,2026-09-30 23:17:32.000 +0900,,신규,,,L028,연애,
,5,사귀기 전에 몇 번쯤 만나고 고백하는 게 적당하다고 생각하나요?,2,고백 타이밍은 사람마다 감이 달라요.,만남 횟수보다 중요한 신호가 있다면 뭘까요?,나는 마음을 확인할 때 뭘 보고 판단해요?,2026-09-30 23:17:32.000 +0900,2026-09-30 23:17:32.000 +0900,,신규,,,L030,연애,
,6,절대 하고 싶지 않은 일은 무엇인가요?,1,하기 싫은 일을 알면 내가 원하는 것도 보여요.,"직업, 역할, 상황 중에 떠올려봐요.",그 일이 싫은 이유는 뭐예요?,2026-09-30 23:17:32.000 +0900,2026-09-30 23:17:32.000 +0900,,신규,,,S009,외부 디깅,
,6,누구에게나 꼭 한 번 해보라고 추천하고 싶은 것은 무엇인가요?,1,추천하고 싶은 경험은 나를 바꾼 경험이기도 해요.,"장소, 음식, 취미, 습관을 떠올려봐요.",그걸 추천하고 싶은 이유는 뭐예요?,2026-09-30 23:17:32.000 +0900,2026-09-30 23:17:32.000 +0900,,신규,,,S050,외부 디깅,
,6,'이게 없으면 내 삶이 허전하다' 싶은 것은 무엇인가요?,1,없으면 허전한 것이 나를 채워주는 것이에요.,"사람, 물건, 습관, 음식 중에 떠올려봐요.",그게 나에게 주는 건 뭐예요?,2026-09-30 23:17:32.000 +0900,2026-09-30 23:17:32.000 +0900,,신규,,,S054,외부 디깅,
,6,남들은 잘 모르는 나의 숨은 재주는 무엇인가요?,1,숨은 재주는 의외의 순간에 빛나죠.,"손재주, 기억력, 흉내, 요리 같은 걸 떠올려봐요.",그 재주를 처음 발견한 건 언제예요?,2026-09-30 23:17:32.000 +0900,2026-09-30 23:17:32.000 +0900,,신규,,,S061,외부 디깅,
,6,하루아침에 재능 하나를 얻을 수 있다면 무엇을 고를까요?,1,갖고 싶은 재능에는 바라는 내 모습이 담겨요.,"노래, 그림, 언어, 운동 신경 중 뭐가 끌려요?",그 재능이 생기면 가장 먼저 뭘 하고 싶어요?,2026-09-30 23:17:32.000 +0900,2026-09-30 23:17:32.000 +0900,,신규,,,S003,외부 디깅,
,6,수정구슬이 딱 하나의 진실을 알려준다면 무엇을 묻고 싶나요?,1,하나의 진실만 알 수 있다면 고민되죠.,"나의 미래, 누군가의 마음, 세상의 비밀을 떠올려봐요.",그 답을 알면 무엇이 달라질까요?,2026-09-30 23:17:32.000 +0900,2026-09-30 23:17:32.000 +0900,,신규,,,S014,외부 디깅,
,6,내 이름의 뜻은 나와 얼마나 닮았나요?,2,이름에는 누군가의 바람이 담겨 있어요.,내 이름의 뜻이나 느낌을 떠올려봐요.,그 이름과 나는 어디가 닮았어요?,2026-09-30 23:17:32.000 +0900,2026-09-30 23:17:32.000 +0900,,신규,,,S048,외부 디깅,
,6,절대 실패하지 않는다면 무엇에 도전하고 싶나요?,1,실패가 없다면 숨겨둔 꿈이 보여요.,"일, 취미, 관계, 여행 중에 떠올려봐요.",그 도전을 막고 있는 건 뭘까요?,2026-09-30 23:17:32.000 +0900,2026-09-30 23:17:32.000 +0900,,신규,,,S055,외부 디깅,
,6,나보다 어린 사람에게 꼭 해주고 싶은 조언 하나는 무엇인가요?,2,해주고 싶은 조언에는 내가 배운 게 담겨 있어요.,내가 그 나이 때 듣고 싶었던 말을 떠올려봐요.,그 조언을 떠올리게 된 경험이 있나요?,2026-09-30 23:17:32.000 +0900,2026-09-30 23:17:32.000 +0900,,신규,,,S057,외부 디깅,
,6,다시 태어난다면 사람 말고 무엇으로 태어나고 싶나요?,1,사람이 아닌 존재로 태어난다면 뭐가 될까요?,"고양이, 나무, 구름, 바다를 떠올려봐요.",그걸 고른 이유는 뭐예요?,2026-09-30 23:17:32.000 +0900,2026-09-30 23:17:32.000 +0900,,신규,,,S081,외부 디깅,
,6,살면서 한 번쯤 해보고 싶은 작은 일탈은 무엇인가요?,1,작은 일탈은 일상에 숨을 불어넣어 줘요.,"평일 휴가, 혼자 여행, 새벽 드라이브를 떠올려봐요.",그 일탈을 하면 어떤 기분일 것 같아요?,2026-09-30 23:17:32.000 +0900,2026-09-30 23:17:32.000 +0900,,신규,,,S084,외부 디깅,
,6,당연하게 여겼지만 사실 고마운 것은 무엇인가요?,2,당연한 것에 고마움을 느끼면 일상이 달라져요.,"건강, 가족, 집, 일상적인 편리함을 떠올려봐요.",그 고마움을 표현해본 적 있어요?,2026-09-30 23:17:32.000 +0900,2026-09-30 23:17:32.000 +0900,,신규,,,S095,외부 디깅,
,6,'나는 ___한 사람이다' 빈칸에 넣고 싶은 말은 무엇인가요?,2,빈칸 하나로 나를 설명하는 건 어렵지만 재밌어요.,"성격, 태도, 좋아하는 것 중에 떠올려봐요.",그 말을 고른 이유는 뭐예요?,2026-09-30 23:17:32.000 +0900,2026-09-30 23:17:32.000 +0900,,신규,,,S096,외부 디깅,
,6,묘비에 딱 한 줄을 남긴다면 무엇을 쓰고 싶나요?,2,한 줄로 남기는 말에는 내 삶의 태도가 담겨요.,"좌우명, 농담, 고마운 말을 떠올려봐요.",그 문장을 고른 이유는 뭐예요?,2026-09-30 23:17:32.000 +0900,2026-09-30 23:17:32.000 +0900,,신규,,,S041,외부 디깅,
,6,내 인생의 리즈 시절은 언제라고 생각하나요?,2,리즈 시절은 외모만의 이야기가 아니에요.,"가장 나다웠던 때, 빛났던 때를 떠올려봐요.",그때의 나와 지금의 나는 어떤 점이 달라요?,2026-09-30 23:17:32.000 +0900,2026-09-30 23:17:32.000 +0900,,신규,,,S078,외부 디깅,
,6,내 삶에서 가장 점수가 높은 영역은 무엇인가요?,2,삶의 영역마다 만족도는 다를 수 있어요.,"일, 관계, 건강, 취미, 쉼 중에 떠올려봐요.",그 영역이 좋은 이유는 뭐예요?,2026-09-30 23:17:32.000 +0900,2026-09-30 23:17:32.000 +0900,,신규,,,S101,외부 디깅,
,6,90살까지 산다면 30대의 몸과 30대의 마음 중 무엇을 지키고 싶나요?,1,"몸과 마음, 둘 다 소중한 선택이에요.",건강한 몸과 젊은 마음 중 뭐가 더 아쉬울 것 같아요?,그 선택에 담긴 나의 가치는 뭐예요?,2026-09-30 23:17:32.000 +0900,2026-09-30 23:17:32.000 +0900,,신규,,,S013,외부 디깅,
,6,"설명을 들을 때 예시가 먼저 필요한가요, 큰 그림이 먼저 필요한가요?",1,이해하는 방식에도 순서가 있어요.,새로운 걸 배울 때의 나를 떠올려봐요.,그 방식으로 설명을 들으면 뭐가 달라져요?,2026-09-30 23:17:32.000 +0900,2026-09-30 23:17:32.000 +0900,,신규,,,S023,외부 디깅,
,6,"'착하다', '대단하다', '독특하다' 중 가장 듣고 싶은 말은 무엇인가요?",1,듣고 싶은 말에는 바라는 나의 모습이 담겨 있어요.,세 단어를 하나씩 들었을 때를 상상해봐요.,그 말을 듣고 싶은 이유는 뭐예요?,2026-09-30 23:17:32.000 +0900,2026-09-30 23:17:32.000 +0900,,신규,,,S027,외부 디깅,
,6,옳은 것과 평화로운 것 중 뭐가 더 중요한가요?,1,옳음과 평화 사이에서 고민될 때가 있어요.,의견이 부딪혔던 순간을 떠올려봐요.,그 선택을 하고 나면 마음이 어때요?,2026-09-30 23:17:32.000 +0900,2026-09-30 23:17:32.000 +0900,,신규,,,S029,외부 디깅,
,6,머리가 좋은 것과 눈치가 빠른 것 중 나는 어느 쪽에 더 가깝나요?,1,똑똑함에도 여러 종류가 있어요.,문제를 푸는 머리와 분위기를 읽는 눈치를 떠올려봐요.,그 능력이 빛났던 순간은 언제예요?,2026-09-30 23:17:32.000 +0900,2026-09-30 23:17:32.000 +0900,,신규,,,S089,외부 디깅,
,6,"건강, 관계, 일, 쉼 중 지금 가장 챙기고 싶은 것은 무엇인가요?",1,지금 챙기고 싶은 영역에 요즘의 내가 보여요.,네 가지 중 가장 소홀했던 걸 떠올려봐요.,그걸 챙기기 위한 작은 한 걸음은 뭐예요?,2026-09-30 23:17:32.000 +0900,2026-09-30 23:17:32.000 +0900,,신규,,,S100,외부 디깅,
,6,알면서도 모른 척하고 싶은 것은 무엇인가요?,2,알고 싶지 않은 것도 있죠.,"사람의 속마음, 가격, 결과처럼 떠올려봐요.",모른 척하는 이유는 뭐예요?,2026-09-30 23:17:32.000 +0900,2026-09-30 23:17:32.000 +0900,,신규,,,S056,외부 디깅,
,6,오래 해보고 싶었지만 아직 미뤄둔 일은 무엇인가요?,2,미뤄둔 일에는 이루고 싶은 마음이 담겨 있어요.,"배우기, 여행, 정리, 도전처럼 떠올려봐요.",그 일을 시작하게 해줄 작은 계기는 뭘까요?,2026-09-30 23:17:32.000 +0900,2026-09-30 23:17:32.000 +0900,,신규,,,S015,외부 디깅,
,6,나에게 스스로 던져보고 싶은 질문은 무엇인가요?,2,나에게 묻고 싶은 질문에는 궁금한 내가 담겨 있어요.,요즘 자주 드는 생각을 질문으로 바꿔봐요.,그 질문에 지금의 나는 뭐라고 답할까요?,2026-09-30 23:17:32.000 +0900,2026-09-30 23:17:32.000 +0900,,신규,,,S049,외부 디깅,
,6,모든 게 잘 풀린 10년 뒤의 나는 어떤 하루를 보내고 있을까요?,2,잘 풀린 미래를 상상하면 원하는 게 보여요.,"아침, 점심, 저녁을 순서대로 떠올려봐요.",그 하루에서 지금 시작할 수 있는 건 뭐예요?,2026-09-30 23:17:32.000 +0900,2026-09-30 23:17:32.000 +0900,,신규,,,S093,외부 디깅,
,6,평범해지는 것과 틀리는 것 중 뭐가 더 싫은가요?,1,피하고 싶은 것에서 나의 욕구가 보여요.,"눈에 띄지 않는 것과 실수하는 것, 뭐가 더 신경 쓰여요?",그 마음은 언제부터 생긴 것 같아요?,2026-09-30 23:17:32.000 +0900,2026-09-30 23:17:32.000 +0900,,신규,,,S030,외부 디깅,
,6,사람들이 너무 높게 치는 것 같은 덕목은 무엇인가요?,2,모두가 좋다고 말하는 것에도 다른 생각이 들 수 있어요.,"성실, 겸손, 인내처럼 떠올려봐요.",그렇게 생각하게 된 계기가 있나요?,2026-09-30 23:17:32.000 +0900,2026-09-30 23:17:32.000 +0900,,신규,,,S005,외부 디깅,
,6,'인생은 결국 혼자'라는 말에 얼마나 동의하나요?,2,혼자라는 말에 대한 생각은 사람마다 달라요.,외로움과 자립 중 뭐가 먼저 떠오르나요?,그렇게 생각하게 된 이유는 뭐예요?,2026-09-30 23:17:32.000 +0900,2026-09-30 23:17:32.000 +0900,,신규,,,S083,외부 디깅,
,6,좋아하는 일과 잘하는 일이 겹치는 지점은 무엇인가요?,2,좋아하는 일과 잘하는 일이 만나는 곳에 내가 있어요.,칭찬받는 일과 즐거운 일을 나란히 적어봐요.,그 지점을 더 키우려면 뭘 해볼 수 있을까요?,2026-09-30 23:17:32.000 +0900,2026-09-30 23:17:32.000 +0900,,신규,,,S098,외부 디깅,
,6,세상에 필요하다고 느끼는 일 중 내가 보탤 수 있는 것은 무엇인가요?,2,작은 보탬도 세상을 조금 바꿔요.,"나눔, 재능, 시간, 관심 중에 떠올려봐요.",그 일을 하면 어떤 마음이 들 것 같아요?,2026-09-30 23:17:32.000 +0900,2026-09-30 23:17:32.000 +0900,,신규,,,S099,외부 디깅,
,2,나를 단번에 김빠지게 만드는 것은 무엇인가요?,1,잘 가던 기분이 한순간에 꺾일 때가 있죠.,"말투, 상황, 태도 중에 떠올려봐요.",그럴 때 나는 어떻게 기분을 되돌려요?,2026-09-30 23:17:32.000 +0900,2026-09-30 23:17:32.000 +0900,,신규,,,S010,외부 디깅,
,2,내 몸에서 가장 마음에 드는 부분은 어디인가요?,2,내 몸의 좋은 점을 찾아보는 것도 좋은 연습이에요.,"눈, 손, 웃는 얼굴, 목소리를 떠올려봐요.",그 부분이 마음에 드는 이유는 뭐예요?,2026-09-30 23:17:32.000 +0900,2026-09-30 23:17:32.000 +0900,,신규,,,S071,외부 디깅,
,2,노래를 흥얼거리게 되는 건 주로 언제인가요?,2,흥얼거림은 마음이 편하다는 신호예요.,"샤워할 때, 걸을 때, 요리할 때를 떠올려봐요.",그때 주로 무슨 노래를 흥얼거려요?,2026-09-30 23:17:32.000 +0900,2026-09-30 23:17:32.000 +0900,,신규,,,S011,외부 디깅,
,2,요즘 나에게 일어난 좋은 일 세 가지는 무엇인가요?,2,좋은 일은 작을수록 잘 잊혀요.,"맛있게 먹은 밥, 좋은 날씨, 반가운 연락을 떠올려봐요.",그 일들이 나에게 어떤 기분을 줬어요?,2026-09-30 23:17:32.000 +0900,2026-09-30 23:17:32.000 +0900,,신규,,,S094,외부 디깅,
,2,가장 행복했던 기억을 5초 안에 떠올리면 무엇이 떠오르나요?,2,가장 먼저 떠오르는 기억이 진짜 행복일지도 몰라요.,생각하지 말고 바로 떠오르는 장면을 적어봐요.,그 기억이 행복했던 이유는 뭐예요?,2026-09-30 23:17:32.000 +0900,2026-09-30 23:17:32.000 +0900,,신규,,,S052,외부 디깅,
,2,들었던 칭찬 중 가장 오래 기억에 남는 말은 무엇인가요?,2,어떤 칭찬은 오래도록 나를 지켜줘요.,누군가 무심코 해준 말을 떠올려봐요.,그 말이 오래 남은 이유는 뭘까요?,2026-09-30 23:17:32.000 +0900,2026-09-30 23:17:32.000 +0900,,신규,,,S064,외부 디깅,
,2,나는 나 자신과 얼마나 친한가요?,2,나와 친한 정도는 나를 대하는 태도에서 보여요.,"혼자 있을 때 편한지, 나에게 다정한지 떠올려봐요.",나와 더 친해지려면 뭘 해볼 수 있을까요?,2026-09-30 23:17:32.000 +0900,2026-09-30 23:17:32.000 +0900,,신규,,,S079,외부 디깅,
,2,"사소한 일이 오래 신경 쓰이는 편인가요, 금방 잊는 편인가요?",1,사소한 일이 마음에 남는 정도는 다 달라요.,"말실수, 작은 오해, 스쳐 간 표정을 떠올려봐요.",오래 남을 때 나는 어떻게 털어내요?,2026-09-30 23:17:32.000 +0900,2026-09-30 23:17:32.000 +0900,,신규,,,S021,외부 디깅,
,2,"나는 마음이 여린 편인가요, 단단한 편인가요?",1,"여린 마음과 단단한 마음, 둘 다 나의 모습이에요.",상처받는 순간과 버티는 순간을 떠올려봐요.,어떤 상황에서 내 마음이 달라지나요?,2026-09-30 23:17:32.000 +0900,2026-09-30 23:17:32.000 +0900,,신규,,,S022,외부 디깅,
,2,친구가 나와 같은 실수를 했다면 친구에게 뭐라고 말해줄까요?,2,친구에게 하는 말은 나에게도 필요한 말일 수 있어요.,"위로, 조언, 농담 중 뭐가 먼저 나오나요?",그 말을 나에게도 해줄 수 있을까요?,2026-09-30 23:17:32.000 +0900,2026-09-30 23:17:32.000 +0900,,신규,,,S092,외부 디깅,
,2,"통제받을 때, 무시당할 때, 지루할 때 중 언제가 가장 참기 힘든가요?",2,참기 힘든 상황을 알면 내가 지키고 싶은 게 보여요.,"자유, 존중, 재미 중 뭐가 가장 중요한지 떠올려봐요.",그런 상황이 오면 나는 어떻게 반응해요?,2026-09-30 23:17:32.000 +0900,2026-09-30 23:17:32.000 +0900,,신규,,,S028,외부 디깅,
,4,한 번에 정이 떨어지는 행동은 무엇인가요?,1,한순간에 마음이 식는 행동이 있죠.,"무례함, 거짓말, 뒷담화, 약속 어기기를 떠올려봐요.",그 행동이 유독 싫은 이유는 뭐예요?,2026-09-30 23:17:32.000 +0900,2026-09-30 23:17:32.000 +0900,,신규,,,S077,외부 디깅,
,4,전화 걸기 전에 할 말을 미리 연습하는 편인가요?,2,전화 한 통에도 준비가 필요한 사람이 있어요.,중요한 전화와 편한 전화를 나눠서 떠올려봐요.,연습하는 이유는 뭐라고 생각해요?,2026-09-30 23:17:32.000 +0900,2026-09-30 23:17:32.000 +0900,,신규,,,S012,외부 디깅,
,4,나랑 친해지는 방법은 무엇인가요?,2,친해지는 데에도 나만의 방법이 있죠.,"같이 밥 먹기, 먼저 말 걸기, 취향 나누기를 떠올려봐요.",그 방법이 통하는 이유는 뭘까요?,2026-09-30 23:17:32.000 +0900,2026-09-30 23:17:32.000 +0900,,신규,,,S035,외부 디깅,
,4,낯을 얼마나 가리는 편인가요?,2,낯가림의 정도는 사람마다 정말 달라요.,처음 만난 자리의 첫 10분을 떠올려봐요.,낯가림이 풀리는 순간은 언제예요?,2026-09-30 23:17:32.000 +0900,2026-09-30 23:17:32.000 +0900,,신규,,,S037,외부 디깅,
,4,다시 태어나도 친구가 되고 싶은 사람은 어떤 사람인가요?,2,다시 만나고 싶은 인연에는 이유가 있어요.,"함께 있으면 편한 사람, 배울 게 많은 사람을 떠올려봐요.",그 사람의 어떤 점이 좋아요?,2026-09-30 23:17:32.000 +0900,2026-09-30 23:17:32.000 +0900,,신규,,,S046,외부 디깅,
,4,오래 알고 지내고 싶다고 느끼는 사람의 신호는 무엇인가요?,2,오래 함께하고 싶은 사람에게는 신호가 있어요.,"대화가 편할 때, 침묵이 어색하지 않을 때를 떠올려봐요.",나는 그런 사람에게 어떻게 다가가요?,2026-09-30 23:17:32.000 +0900,2026-09-30 23:17:32.000 +0900,,신규,,,S076,외부 디깅,
,4,절친이 나를 잊는 것과 내가 절친을 잊는 것 중 뭐가 더 슬픈가요?,2,"잊는 것과 잊히는 것, 둘 다 슬픈 상상이에요.",절친과의 추억을 떠올려봐요.,그 우정을 지키기 위해 내가 하는 건 뭐예요?,2026-09-30 23:17:32.000 +0900,2026-09-30 23:17:32.000 +0900,,신규,,,S044,외부 디깅,
,4,지금까지 받은 선물 중 가장 기억에 남는 것은 무엇인가요?,2,기억에 남는 선물에는 마음이 담겨 있어요.,비싼 것보다 오래 남은 것을 떠올려봐요.,그 선물이 특별했던 이유는 뭐예요?,2026-09-30 23:17:32.000 +0900,2026-09-30 23:17:32.000 +0900,,신규,,,S063,외부 디깅,
,4,"주목받는 자리는 편한 편인가요, 부담스러운 편인가요?",1,주목받는 자리를 대하는 마음은 사람마다 달라요.,"발표, 생일 축하, 소개 자리를 떠올려봐요.",그 자리에서 나는 주로 어떤 모습이에요?,2026-09-30 23:17:32.000 +0900,2026-09-30 23:17:32.000 +0900,,신규,,,S017,외부 디깅,
,4,"누가 고민을 털어놓으면 해결해주고 싶나요, 들어주고 싶나요?",1,고민을 들을 때 반응은 사람마다 달라요.,"해결책을 찾아주고 싶은지, 마음을 알아주고 싶은지 떠올려봐요.",내가 고민을 털어놓을 때는 어떤 반응을 원해요?,2026-09-30 23:17:32.000 +0900,2026-09-30 23:17:32.000 +0900,,신규,,,S020,외부 디깅,
,4,"답장은 빠른 편인가요, 느린 편인가요?",1,답장 속도에도 내 스타일이 담겨 있어요.,메시지 알림이 왔을 때의 나를 떠올려봐요.,답장이 늦어지는 건 주로 어떤 때예요?,2026-09-30 23:17:32.000 +0900,2026-09-30 23:17:32.000 +0900,,신규,,,S036,외부 디깅,
,4,하얀 거짓말을 하게 되는 순간은 주로 언제인가요?,2,하얀 거짓말은 누구에게나 있는 작은 배려예요.,"선물 받을 때, 음식 맛볼 때, 안부를 물을 때를 떠올려봐요.",그 거짓말은 누구를 위한 걸까요?,2026-09-30 23:17:32.000 +0900,2026-09-30 23:17:32.000 +0900,,신규,,,S006,외부 디깅,
,4,나와 함께 있는 시간을 한마디로 표현하면 어떤 느낌일까요?,2,나와 함께하는 시간은 상대에게 어떤 느낌일까요?,"편안함, 재미, 든든함, 설렘 중에 떠올려봐요.",그렇게 느끼게 하는 나의 모습은 뭘까요?,2026-09-30 23:17:32.000 +0900,2026-09-30 23:17:32.000 +0900,,신규,,,S075,외부 디깅,
,4,"연락이 뜸해지면 불안해지는 편인가요, 크게 신경 안 쓰는 편인가요?",2,연락이 뜸해질 때의 마음은 사람마다 달라요.,"하루, 사흘, 일주일을 떠올려봐요.",불안해진다면 무엇이 나를 안심시켜 줘요?,2026-09-30 23:17:32.000 +0900,2026-09-30 23:17:32.000 +0900,,신규,,,S033,외부 디깅,
,4,'이걸 같이 나눌 사람이 있으면 좋겠다' 싶은 것은 무엇인가요?,2,좋은 걸 보면 함께 나누고 싶은 마음이 들어요.,"맛있는 음식, 멋진 풍경, 재밌는 콘텐츠를 떠올려봐요.",그걸 누구와 나누고 싶어요?,2026-09-30 23:17:32.000 +0900,2026-09-30 23:17:32.000 +0900,,신규,,,S016,외부 디깅,
,4,"가까워질수록 편해지나요, 가끔 거리를 두고 싶어지나요?",2,가까워지는 속도와 거리는 사람마다 달라요.,친해진 뒤의 나를 떠올려봐요.,거리를 두고 싶을 때는 어떤 때예요?,2026-09-30 23:17:32.000 +0900,2026-09-30 23:17:32.000 +0900,,신규,,,S034,외부 디깅,
,3,주변에서 알려준 나의 잠버릇은 무엇인가요?,2,잠버릇은 나만 모르는 내 모습이에요.,가족이나 친구가 해준 말을 떠올려봐요.,그 이야기를 들었을 때 어떤 기분이었어요?,2026-09-30 23:17:32.000 +0900,2026-09-30 23:17:32.000 +0900,,신규,,,S082,외부 디깅,
,3,나도 모르게 자주 쓰는 말버릇은 무엇인가요?,2,말버릇에는 나도 모르는 내 모습이 담겨 있어요.,"""대박"", ""진짜?"", ""아무튼"" 같은 말을 떠올려봐요.",그 말을 자주 쓰게 된 이유는 뭘까요?,2026-09-30 23:17:32.000 +0900,2026-09-30 23:17:32.000 +0900,,신규,,,S001,외부 디깅,
,3,혼자 생각에 잠기는 시간이 많은 편인가요?,2,생각에 잠기는 시간은 나를 알아가는 시간이기도 해요.,"이동 중, 잠들기 전, 샤워 중을 떠올려봐요.",그 시간에 주로 어떤 생각을 해요?,2026-09-30 23:17:32.000 +0900,2026-09-30 23:17:32.000 +0900,,신규,,,S018,외부 디깅,
,3,'매일이 이랬으면 좋겠다' 싶은 날은 어떤 날인가요?,2,'매일 이랬으면' 싶은 날에 내가 원하는 삶이 보여요.,"날씨, 사람, 할 일, 기분을 떠올려봐요.",그런 날을 조금 더 늘리려면 뭐가 필요할까요?,2026-09-30 23:17:32.000 +0900,2026-09-30 23:17:32.000 +0900,,신규,,,S047,외부 디깅,
,3,어떤 일이 있으면 하루가 괜찮았다고 느끼나요?,2,괜찮은 하루의 기준은 생각보다 작을 수 있어요.,"맛있는 밥, 좋은 대화, 일찍 잠들기를 떠올려봐요.",그런 날을 더 자주 만들 방법이 있을까요?,2026-09-30 23:17:32.000 +0900,2026-09-30 23:17:32.000 +0900,,신규,,,S097,외부 디깅,
,3,요즘 잘하고 싶어서 연습 중인 것은 무엇인가요?,2,잘하고 싶은 마음은 성장의 신호예요.,"취미, 일, 말하기, 운동처럼 떠올려봐요.",그걸 잘하게 되면 뭐가 달라질까요?,2026-09-30 23:17:32.000 +0900,2026-09-30 23:17:32.000 +0900,,신규,,,S067,외부 디깅,
,3,남들은 이상하게 볼지 몰라도 나에겐 당연한 습관은 무엇인가요?,2,남들이 보기엔 특이해도 나에겐 자연스러운 게 있죠.,"먹는 순서, 정리 방식, 잠버릇을 떠올려봐요.",그 습관은 언제부터 생겼어요?,2026-09-30 23:17:32.000 +0900,2026-09-30 23:17:32.000 +0900,,신규,,,S058,외부 디깅,
,3,"해야 할 일은 바로 처리하는 편인가요, 몰아서 하는 편인가요?",1,일을 처리하는 속도에도 나만의 리듬이 있어요.,"메일 답장, 설거지, 과제를 떠올려봐요.",그 방식이 나에게 잘 맞는다고 느껴요?,2026-09-30 23:17:32.000 +0900,2026-09-30 23:17:32.000 +0900,,신규,,,S019,외부 디깅,
,3,"짐은 며칠 전에 싸나요, 떠나기 직전에 싸나요?",1,짐 싸는 방식에 준비 스타일이 보여요.,출발 전날 밤과 며칠 전의 나를 떠올려봐요.,빠뜨린 물건이 생기면 나는 어떻게 해요?,2026-09-30 23:17:32.000 +0900,2026-09-30 23:17:32.000 +0900,,신규,,,S025,외부 디깅,
,3,"새 물건을 사면 설명서부터 읽나요, 일단 써보나요?",1,새 물건 앞에서의 나는 어떤 모습일까요?,설명서를 펼치는 나와 버튼부터 누르는 나를 떠올려봐요.,다른 일을 시작할 때도 비슷한 편이에요?,2026-09-30 23:17:32.000 +0900,2026-09-30 23:17:32.000 +0900,,신규,,,S026,외부 디깅,
,3,"금요일 밤엔 집에 있는 게 좋나요, 밖에 나가는 게 좋나요?",1,금요일 밤을 보내는 방식에 에너지 방향이 보여요.,집에서의 휴식과 밖에서의 약속을 떠올려봐요.,그렇게 보내면 주말이 어떻게 달라져요?,2026-09-30 23:17:32.000 +0900,2026-09-30 23:17:32.000 +0900,,신규,,,S091,외부 디깅,
,5,연애할 때 이것만은 꼭 지켜줬으면 하는 한 가지는 무엇인가요?,1,연애에서 지켜줬으면 하는 선이 있죠.,"연락, 약속, 거짓말, 존중 중에 떠올려봐요.",그게 중요한 이유는 뭐예요?,2026-09-30 23:17:32.000 +0900,2026-09-30 23:17:32.000 +0900,,신규,,,S085,외부 디깅,
,5,좋아하는 마음을 표현할 때 나는 주로 무엇을 하나요?,2,좋아하는 마음은 저마다의 방식으로 흘러나와요.,"연락, 선물, 챙겨주기, 표현하기를 떠올려봐요.",그 방식이 상대에게 잘 전해진다고 느껴요?,2026-09-30 23:17:32.000 +0900,2026-09-30 23:17:32.000 +0900,,신규,,,S032,외부 디깅,
,5,연애할 때 나만의 질투 기준선은 어디쯤인가요?,2,질투의 기준선은 사람마다 정말 달라요.,"연락, 칭찬, 친밀함 중 어디서부터 신경 쓰이나요?",질투가 생길 때 나는 어떻게 표현해요?,2026-09-30 23:17:32.000 +0900,2026-09-30 23:17:32.000 +0900,,신규,,,S088,외부 디깅,
,5,"애인이 생기면 친구들에게 바로 소개하는 편인가요, 천천히 하는 편인가요?",2,연인을 소개하는 속도에도 내 성향이 보여요.,자랑하고 싶은 마음과 조심스러운 마음을 떠올려봐요.,천천히 한다면 그 이유는 뭐예요?,2026-09-30 23:17:32.000 +0900,2026-09-30 23:17:32.000 +0900,,신규,,,S045,외부 디깅,
,5,"사랑받는다고 느끼는 건 말, 시간, 선물, 도움, 스킨십 중 무엇인가요?",1,사랑을 느끼는 방식은 사람마다 달라요.,"다정한 말, 함께하는 시간, 작은 선물, 도움, 스킨십을 떠올려봐요.",나는 사랑을 줄 때도 같은 방식이에요?,2026-09-30 23:17:32.000 +0900,2026-09-30 23:17:32.000 +0900,,신규,,,S031,외부 디깅,
,5,"연인이 내 친구의 깻잎을 떼어주는 건 괜찮나요, 신경 쓰이나요?",1,깻잎 논쟁은 커플들의 영원한 숙제죠.,"배려라고 느껴지나요, 선을 넘는다고 느껴지나요?",내가 연인이라면 어떻게 행동할 것 같아요?,2026-09-30 23:17:32.000 +0900,2026-09-30 23:17:32.000 +0900,,신규,,,S087,외부 디깅,
,5,연인이 있을 때 이성 친구와는 어디까지 괜찮다고 생각하나요?,2,이성 친구에 대한 기준은 커플마다 달라요.,"연락, 단둘이 만남, 술자리를 나눠서 생각해봐요.",그 기준은 어떻게 정해졌어요?,2026-09-30 23:17:32.000 +0900,2026-09-30 23:17:32.000 +0900,,신규,,,S086,외부 디깅,
,1,나에게 가장 사치스러운 즐거움은 무엇인가요?,1,작은 사치가 하루를 버티게 해주기도 해요.,"비싼 디저트, 늦잠, 택시처럼 떠올려봐요.",그 즐거움이 나에게 주는 건 뭐예요?,2026-09-30 23:17:32.000 +0900,2026-09-30 23:17:32.000 +0900,,신규,,,S002,외부 디깅,
,1,사람 이름 중 가장 좋아하는 이름은 무엇인가요?,1,이름에도 좋아하는 느낌이 있죠.,"부르기 좋은 이름, 뜻이 예쁜 이름을 떠올려봐요.",그 이름이 좋은 이유는 뭐예요?,2026-09-30 23:17:32.000 +0900,2026-09-30 23:17:32.000 +0900,,신규,,,S004,외부 디깅,
,1,가장 싫어하는 단어는 무엇인가요?,1,이유 없이 싫은 단어도 있죠.,듣기만 해도 기분이 가라앉는 말을 떠올려봐요.,그 단어가 싫어진 이유가 있나요?,2026-09-30 23:17:32.000 +0900,2026-09-30 23:17:32.000 +0900,,신규,,,S007,외부 디깅,
,1,듣기만 해도 싫은 소리는 무엇인가요?,1,소리에도 참기 힘든 게 있어요.,"쩝쩝 소리, 긁는 소리, 알람 소리를 떠올려봐요.",그 소리를 들으면 어떤 기분이 드나요?,2026-09-30 23:17:32.000 +0900,2026-09-30 23:17:32.000 +0900,,신규,,,S008,외부 디깅,
,1,호불호 갈리는 음식 중 나는 좋아하는 것은 무엇인가요?,1,호불호 갈리는 음식을 좋아하면 괜히 뿌듯하죠.,"오이, 고수, 가지, 파인애플 피자를 떠올려봐요.",그 음식의 매력은 뭐라고 생각해요?,2026-09-30 23:17:32.000 +0900,2026-09-30 23:17:32.000 +0900,,신규,,,S038,외부 디깅,
,1,지금 휴대폰 배경화면은 무엇인가요? 왜 그걸로 했나요?,1,배경화면에는 요즘 내 마음이 담겨 있어요.,"사진, 그림, 기본 배경 중 뭔지 떠올려봐요.",그걸 볼 때마다 어떤 기분이 들어요?,2026-09-30 23:17:32.000 +0900,2026-09-30 23:17:32.000 +0900,,신규,,,S039,외부 디깅,
,1,남들이 알면 신기해할 나만의 TMI는 무엇인가요?,1,사소한 TMI가 의외로 나를 잘 보여줘요.,"특이한 습관, 의외의 취향, 신기한 경험을 떠올려봐요.",그 이야기를 하면 사람들은 어떤 반응이에요?,2026-09-30 23:17:32.000 +0900,2026-09-30 23:17:32.000 +0900,,신규,,,S040,외부 디깅,
,1,나를 해시태그 세 개로 표현하면 무엇인가요?,1,나를 세 단어로 줄이면 의외로 잘 보여요.,"성격, 취향, 요즘 관심사를 떠올려봐요.",그중 가장 나다운 해시태그는 뭐예요?,2026-09-30 23:17:32.000 +0900,2026-09-30 23:17:32.000 +0900,,신규,,,S059,외부 디깅,
,1,나를 동물에 비유하면 어떤 동물인가요?,1,동물 비유에는 내 분위기가 담겨 있어요.,"고양이, 강아지, 곰, 다람쥐를 떠올려봐요.",그 동물과 닮은 점은 뭐예요?,2026-09-30 23:17:32.000 +0900,2026-09-30 23:17:32.000 +0900,,신규,,,S062,외부 디깅,
,1,발음이 가장 재미있는 우리말 단어는 무엇인가요?,1,말소리에도 재미가 있죠.,"몽글몽글, 보들보들처럼 입에 붙는 단어를 떠올려봐요.",그 단어를 말하면 어떤 기분이 들어요?,2026-09-30 23:17:32.000 +0900,2026-09-30 23:17:32.000 +0900,,신규,,,S069,외부 디깅,
,1,누구에게나 추천하고 싶은 나의 필수템은 무엇인가요?,1,필수템에는 내 생활 방식이 담겨 있어요.,"가방 속, 책상 위, 침대 옆을 떠올려봐요.",그게 없으면 어떤 점이 불편할 것 같아요?,2026-09-30 23:17:32.000 +0900,2026-09-30 23:17:32.000 +0900,,신규,,,S072,외부 디깅,
,1,남들은 이해 못 해도 포기 못 하는 나의 취향은 무엇인가요?,1,남들이 몰라줘도 소중한 취향이 있죠.,"음식, 음악, 옷, 취미 중에 떠올려봐요.",그 취향이 좋은 이유는 뭐예요?,2026-09-30 23:17:32.000 +0900,2026-09-30 23:17:32.000 +0900,,신규,,,S073,외부 디깅,
,1,이야기만 나오면 눈이 반짝이는 주제는 무엇인가요?,1,눈이 반짝이는 주제에 진짜 관심이 있어요.,몇 시간이고 이야기할 수 있는 주제를 떠올려봐요.,그 주제에 빠지게 된 계기는 뭐예요?,2026-09-30 23:17:32.000 +0900,2026-09-30 23:17:32.000 +0900,,신규,,,S074,외부 디깅,
,1,잃어버린 물건 중 하나를 되찾을 수 있다면 무엇을 고를까요?,1,잃어버린 물건에는 추억이 담겨 있어요.,"어릴 때 물건, 선물 받은 것을 떠올려봐요.",그 물건을 되찾으면 뭘 하고 싶어요?,2026-09-30 23:17:32.000 +0900,2026-09-30 23:17:32.000 +0900,,신규,,,S051,외부 디깅,
,1,악기를 하나 배울 수 있다면 무엇을 배우고 싶나요?,1,배우고 싶은 악기에는 좋아하는 소리가 담겨 있어요.,"피아노, 기타, 드럼, 바이올린을 떠올려봐요.",그 악기로 가장 연주하고 싶은 곡은 뭐예요?,2026-09-30 23:17:32.000 +0900,2026-09-30 23:17:32.000 +0900,,신규,,,S053,외부 디깅,
,1,다큐멘터리를 하나 만든다면 무엇에 대해 찍고 싶나요?,1,찍고 싶은 이야기에는 내 관심이 담겨 있어요.,"사람, 동물, 장소, 음식, 사회 이야기를 떠올려봐요.",그 이야기를 사람들에게 보여주고 싶은 이유는 뭐예요?,2026-09-30 23:17:32.000 +0900,2026-09-30 23:17:32.000 +0900,,신규,,,S066,외부 디깅,
,1,타투를 하나 새긴다면 어떤 그림이나 글자를 넣고 싶나요?,1,몸에 새기고 싶은 건 오래 간직하고 싶은 것이에요.,"문장, 날짜, 그림, 상징을 떠올려봐요.",그걸 새기고 싶은 이유는 뭐예요?,2026-09-30 23:17:32.000 +0900,2026-09-30 23:17:32.000 +0900,,신규,,,S068,외부 디깅,
,1,지금까지 해본 머리 스타일 중 가장 마음에 들었던 건 무엇인가요?,2,마음에 들었던 머리 스타일에 그때의 내가 있어요.,사진첩 속 예전 모습을 떠올려봐요.,그 스타일이 좋았던 이유는 뭐예요?,2026-09-30 23:17:32.000 +0900,2026-09-30 23:17:32.000 +0900,,신규,,,S080,외부 디깅,
,1,"멍하니 있을 때 주로 현실적인 생각을 하나요, 엉뚱한 상상을 하나요?",1,멍할 때 떠오르는 생각에 내 성향이 담겨 있어요.,할 일 목록과 엉뚱한 공상을 떠올려봐요.,그런 생각이 나에게 주는 건 뭐예요?,2026-09-30 23:17:32.000 +0900,2026-09-30 23:17:32.000 +0900,,신규,,,S024,외부 디깅,
,1,평생 여름과 평생 겨울 중 뭐가 더 나은가요?,1,"더위와 추위, 누구나 견디기 힘든 쪽이 있죠.","햇살과 눈, 에어컨과 이불을 떠올려봐요.",그 계절이 좋은 이유는 뭐예요?,2026-09-30 23:17:32.000 +0900,2026-09-30 23:17:32.000 +0900,,신규,,,S042,외부 디깅,
,1,탕수육은 찍먹인가요 부먹인가요?,1,탕수육 앞의 논쟁은 끝나지 않죠.,바삭함과 촉촉함 중 뭐가 좋아요?,같이 먹는 사람과 방식이 다르면 어떻게 해요?,2026-09-30 23:17:32.000 +0900,2026-09-30 23:17:32.000 +0900,,신규,,,S043,외부 디깅,
,1,창가 자리와 통로 자리 중 어디가 좋나요?,1,자리 취향에도 나만의 이유가 있어요.,창밖 풍경과 편한 이동을 떠올려봐요.,그 자리가 편한 이유는 뭐예요?,2026-09-30 23:17:32.000 +0900,2026-09-30 23:17:32.000 +0900,,신규,,,S060,외부 디깅,
,1,"커피파인가요, 차파인가요?",1,하루를 여는 음료에도 취향이 보여요.,진한 커피 향과 따뜻한 차 한 잔을 떠올려봐요.,그 음료를 마시면 어떤 기분이 들어요?,2026-09-30 23:17:32.000 +0900,2026-09-30 23:17:32.000 +0900,,신규,,,S065,외부 디깅,
,1,편한 신발과 예쁜 신발 중 뭐를 고르나요?,1,신발 고르는 기준에 내 우선순위가 보여요.,오래 걷는 날과 특별한 날을 떠올려봐요.,다른 물건을 고를 때도 비슷한 기준이에요?,2026-09-30 23:17:32.000 +0900,2026-09-30 23:17:32.000 +0900,,신규,,,S070,외부 디깅,
,1,함께 사는 것과 혼자 사는 것 중 뭐가 더 편한가요?,1,"함께와 혼자, 둘 다 장단점이 있어요.",같이 사는 즐거움과 혼자 사는 자유를 떠올려봐요.,지금의 나에게 더 필요한 건 뭐예요?,2026-09-30 23:17:32.000 +0900,2026-09-30 23:17:32.000 +0900,,신규,,,S090,외부 디깅,
,6,나를 소개할 때 가장 먼저 꺼내는 말은 무엇인가요?,2,나를 소개하는 첫마디에 나의 중심이 보여요.,"이름, 일, 취미, 성격 중에 뭐가 먼저 나오나요?",그 말을 먼저 하게 되는 이유는 뭘까요?,2026-09-30 23:17:32.000 +0900,2026-09-30 23:17:32.000 +0900,,신규,,,N017,내부 보강,
,6,내 하루에서 '해야 해'와 '하고 싶어'의 비율은 몇 대 몇인가요?,2,하루의 균형은 비율로 보면 선명해져요.,어제 한 일들을 떠올려서 나눠봐요.,'하고 싶어'를 조금 늘린다면 뭘 넣고 싶어요?,2026-09-30 23:17:32.000 +0900,2026-09-30 23:17:32.000 +0900,,신규,,,N020,내부 보강,
,6,나를 위한 소비와 남을 위한 소비 중 뭐가 더 기분 좋나요?,1,돈을 쓰는 기쁨도 방향에 따라 달라요.,나에게 준 선물과 누군가에게 준 선물을 떠올려봐요.,그 기분이 오래가는 쪽은 어디예요?,2026-09-30 23:17:32.000 +0900,2026-09-30 23:17:32.000 +0900,,신규,,,N048,내부 보강,
,6,딱 1년만 자유롭게 살 수 있다면 가장 먼저 무엇을 할까요?,2,1년의 자유는 생각만 해도 설레죠.,"여행, 배움, 휴식, 도전 중에 떠올려봐요.",그걸 가장 먼저 하고 싶은 이유는 뭐예요?,2026-09-30 23:17:32.000 +0900,2026-09-30 23:17:32.000 +0900,,신규,,,N021,내부 보강,
,6,"지금 애쓰는 일은 내가 원해서인가요, 남의 기대 때문인가요?",2,애쓰는 이유를 알면 지치는 이유도 보여요.,지금 가장 힘을 쏟는 일을 떠올려봐요.,내가 원하는 방향으로 조금 바꾼다면 뭘 바꿀 수 있을까요?,2026-09-30 23:17:32.000 +0900,2026-09-30 23:17:32.000 +0900,,신규,,,N012,내부 보강,
,6,"완벽하게 하고 싶은 마음은 잘하고 싶어서인가요, 실수가 싫어서인가요?",2,완벽하려는 마음에는 이유가 있어요.,잘하고 싶은 기대와 틀리기 싫은 걱정을 떠올려봐요.,그 마음이 나를 돕는 때와 힘들게 하는 때는 언제예요?,2026-09-30 23:17:32.000 +0900,2026-09-30 23:17:32.000 +0900,,신규,,,N018,내부 보강,
,6,10년 전의 나와 지금의 나 중 누가 더 행복할까요?,2,행복은 시기마다 모양이 달라요.,10년 전의 나를 떠올려봐요.,그때와 지금의 행복은 어떻게 달라요?,2026-09-30 23:17:32.000 +0900,2026-09-30 23:17:32.000 +0900,,신규,,,N049,내부 보강,
,2,스트레스를 받으면 몸의 어디가 가장 먼저 신호를 보내나요?,2,몸은 마음보다 먼저 신호를 보내기도 해요.,"어깨, 위, 머리, 잠 중 어디가 먼저 반응하나요?",그 신호를 느끼면 나는 어떻게 해요?,2026-09-30 23:17:32.000 +0900,2026-09-30 23:17:32.000 +0900,,신규,,,N001,내부 보강,
,2,기분이 좋을 때 나도 모르게 하는 행동은 무엇인가요?,2,기분 좋을 때의 행동은 숨길 수 없죠.,"흥얼거리기, 춤추기, 말 많아지기를 떠올려봐요.",그 모습을 주변에서 알아채나요?,2026-09-30 23:17:32.000 +0900,2026-09-30 23:17:32.000 +0900,,신규,,,N041,내부 보강,
,2,좋은 기분을 오래 붙잡는 나만의 방법은 무엇인가요?,2,좋은 기분을 오래 가져가는 방법도 있어요.,"좋아하는 노래 듣기, 기록하기, 나누기를 떠올려봐요.",그 방법이 효과 있는 이유는 뭘까요?,2026-09-30 23:17:32.000 +0900,2026-09-30 23:17:32.000 +0900,,신규,,,N043,내부 보강,
,2,외로움을 느끼는 순간은 주로 언제인가요?,2,외로움은 혼자일 때만 오는 건 아니에요.,"늦은 밤, 주말, 모임 뒤를 떠올려봐요.",외로울 때 나를 채워주는 건 뭐예요?,2026-09-30 23:17:32.000 +0900,2026-09-30 23:17:32.000 +0900,,신규,,,N002,내부 보강,
,2,마음속에서 나를 가장 자주 다그치는 말은 무엇인가요?,2,마음속 다그치는 말은 나를 지치게 하기도 해요.,"""왜 이것밖에 못 해"", ""빨리 해"" 같은 말을 떠올려봐요.",그 말을 다정하게 바꾼다면 어떻게 말할 수 있을까요?,2026-09-30 23:17:32.000 +0900,2026-09-30 23:17:32.000 +0900,,신규,,,N007,내부 보강,
,2,"설렐 때와 긴장할 때, 내 몸은 어떻게 다르게 반응하나요?",2,설렘과 긴장은 몸에서 비슷하게 느껴지기도 해요.,"심장, 손, 얼굴, 배를 떠올려봐요.",두 감정을 나는 어떻게 구분해요?,2026-09-30 23:17:32.000 +0900,2026-09-30 23:17:32.000 +0900,,신규,,,N042,내부 보강,
,2,"힘들 때 나를 달래는 방법은 진짜 쉼인가요, 잠깐 미루는 건가요?",2,쉼처럼 보여도 미루기일 때가 있어요.,"쉬고 나서 개운한지, 찜찜한지 떠올려봐요.",나에게 진짜 쉼은 어떤 모습이에요?,2026-09-30 23:17:32.000 +0900,2026-09-30 23:17:32.000 +0900,,신규,,,N006,내부 보강,
,2,여럿이 있을 때와 혼자일 때 중 언제 더 외로운가요?,2,외로움은 사람 수와 꼭 같이 가진 않아요.,북적이는 자리와 혼자인 방을 떠올려봐요.,그 외로움은 어떤 모양이에요?,2026-09-30 23:17:32.000 +0900,2026-09-30 23:17:32.000 +0900,,신규,,,N011,내부 보강,
,4,가족에게 물려받아 좋았던 습관은 무엇인가요?,1,가족에게 물려받은 습관은 나도 모르게 스며들어요.,"정리, 식사, 인사, 말투를 떠올려봐요.",그 습관이 좋았던 순간은 언제예요?,2026-09-30 23:17:32.000 +0900,2026-09-30 23:17:32.000 +0900,,신규,,,N019,내부 보강,
,4,친구와 만나면 주로 어디서 시간을 보내나요?,1,친구와 만나는 장소에 우리 관계가 보여요.,"카페, 식당, 집, 산책길을 떠올려봐요.",그곳이 편한 이유는 뭐예요?,2026-09-30 23:17:32.000 +0900,2026-09-30 23:17:32.000 +0900,,신규,,,N022,내부 보강,
,4,친구에게 가장 자주 보내는 이모티콘은 무엇인가요?,1,자주 쓰는 이모티콘에 내 말투가 담겨 있어요.,대화방에서 가장 자주 누르는 걸 떠올려봐요.,그 이모티콘을 쓰는 이유는 뭐예요?,2026-09-30 23:17:32.000 +0900,2026-09-30 23:17:32.000 +0900,,신규,,,N024,내부 보강,
,4,처음 만난 사람과 금방 친해지게 되는 대화 주제는 무엇인가요?,2,대화가 잘 풀리는 주제에 내 관심이 보여요.,"음식, 여행, 취미, 요즘 이슈를 떠올려봐요.",그 주제가 편한 이유는 뭐예요?,2026-09-30 23:17:32.000 +0900,2026-09-30 23:17:32.000 +0900,,신규,,,N026,내부 보강,
,4,오랜만에 연락할 때 가장 먼저 보내는 말은 무엇인가요?,2,오랜만의 첫마디는 은근히 고민되죠.,"""잘 지내?"", 짤, 근황 이야기를 떠올려봐요.",연락을 먼저 하게 되는 건 어떤 때예요?,2026-09-30 23:17:32.000 +0900,2026-09-30 23:17:32.000 +0900,,신규,,,N027,내부 보강,
,4,친구들 사이에서 나는 어떤 캐릭터인가요?,2,친구들 사이 캐릭터는 자연스럽게 정해지기도 해요.,"분위기 메이커, 상담가, 계획 담당을 떠올려봐요.",그 캐릭터가 마음에 드나요?,2026-09-30 23:17:32.000 +0900,2026-09-30 23:17:32.000 +0900,,신규,,,N028,내부 보강,
,4,함께 있으면 시간이 빨리 가는 사람은 어떤 사람인가요?,2,시간이 빨리 가는 사람에게는 공통점이 있어요.,"대화가 잘 통하는 사람, 웃음이 많은 사람을 떠올려봐요.",그 사람과 있을 때 나는 어떤 모습이에요?,2026-09-30 23:17:32.000 +0900,2026-09-30 23:17:32.000 +0900,,신규,,,N031,내부 보강,
,4,나를 잘 아는 친구가 말하는 나의 버릇은 무엇일까요?,1,친구가 보는 내 버릇은 나도 몰랐던 모습이에요.,"말버릇, 손버릇, 표정을 떠올려봐요.",그 버릇을 알게 됐을 때 어떤 기분이었어요?,2026-09-30 23:17:32.000 +0900,2026-09-30 23:17:32.000 +0900,,신규,,,N030,내부 보강,
,4,사람을 만나고 나면 혼자만의 시간이 꼭 필요한 편인가요?,2,사람을 만난 뒤의 회복 방식은 다 달라요.,모임이 끝나고 집에 돌아온 나를 떠올려봐요.,혼자 있는 시간에 주로 뭘 해요?,2026-09-30 23:17:32.000 +0900,2026-09-30 23:17:32.000 +0900,,신규,,,N032,내부 보강,
,4,"힘들 때 나에게 필요한 건 해결책인가요, 공감인가요?",1,힘들 때 필요한 도움은 사람마다 달라요.,방법을 알려주는 말과 마음을 알아주는 말을 떠올려봐요.,그런 도움을 받으면 어떤 변화가 있어요?,2026-09-30 23:17:32.000 +0900,2026-09-30 23:17:32.000 +0900,,신규,,,N009,내부 보강,
,4,거절하고 나면 미안함과 후련함 중 뭐가 더 큰가요?,1,거절 뒤의 마음에도 내 성향이 보여요.,거절했던 순간을 하나 떠올려봐요.,그 마음이 드는 이유는 뭐라고 생각해요?,2026-09-30 23:17:32.000 +0900,2026-09-30 23:17:32.000 +0900,,신규,,,N010,내부 보강,
,4,"약속은 미리 잡는 편인가요, 즉흥적으로 만나는 편인가요?",1,약속 잡는 방식에 내 리듬이 보여요.,미리 정한 약속과 갑자기 생긴 약속을 떠올려봐요.,어떤 약속이 더 즐거운 편이에요?,2026-09-30 23:17:32.000 +0900,2026-09-30 23:17:32.000 +0900,,신규,,,N023,내부 보강,
,4,"단체 대화방에서 나는 말하는 편인가요, 보는 편인가요?",1,단톡방 속 내 모습도 나의 한 면이에요.,알림이 쌓일 때의 나를 떠올려봐요.,그 역할이 편한 이유는 뭐예요?,2026-09-30 23:17:32.000 +0900,2026-09-30 23:17:32.000 +0900,,신규,,,N025,내부 보강,
,3,시간 가는 줄 모르고 빠져드는 일은 무엇인가요?,1,시간 가는 줄 모르는 일에 내 진짜 관심이 있어요.,"게임, 정리, 그림, 대화, 영상 중에 떠올려봐요.",그 일에 빠지면 어떤 기분이 들어요?,2026-09-30 23:17:32.000 +0900,2026-09-30 23:17:32.000 +0900,,신규,,,N015,내부 보강,
,3,일주일 중 가장 기다려지는 순간은 언제인가요?,1,기다려지는 순간이 있으면 일주일이 가벼워져요.,"금요일 저녁, 일요일 아침처럼 떠올려봐요.",그 순간이 기다려지는 이유는 뭐예요?,2026-09-30 23:17:32.000 +0900,2026-09-30 23:17:32.000 +0900,,신규,,,N037,내부 보강,
,3,하루가 25시간이 된다면 남는 1시간에 무엇을 할까요?,1,남는 한 시간은 작은 선물 같아요.,"잠, 취미, 운동, 멍때리기를 떠올려봐요.",그 한 시간이 매일 있다면 무엇이 달라질까요?,2026-09-30 23:17:32.000 +0900,2026-09-30 23:17:32.000 +0900,,신규,,,N047,내부 보강,
,3,쉬는 시간에도 할 일이 자꾸 떠오르는 편인가요?,2,쉬어도 쉬는 것 같지 않을 때가 있죠.,휴식 중에 떠오르는 할 일을 떠올려봐요.,그럴 때 마음을 내려놓는 방법이 있나요?,2026-09-30 23:17:32.000 +0900,2026-09-30 23:17:32.000 +0900,,신규,,,N016,내부 보강,
,3,잠들기 전 마지막으로 보는 앱은 무엇인가요?,2,잠들기 전 보는 앱에 하루의 끝이 담겨 있어요.,"메신저, 영상, 웹툰, 알람 앱을 떠올려봐요.",그 앱을 보고 나면 잠이 잘 오나요?,2026-09-30 23:17:32.000 +0900,2026-09-30 23:17:32.000 +0900,,신규,,,N034,내부 보강,
,3,샤워할 때 주로 무슨 생각을 하나요?,2,샤워 시간은 생각이 자유로워지는 시간이에요.,"할 일, 대화 곱씹기, 엉뚱한 상상을 떠올려봐요.",그 생각들이 도움이 된 적 있어요?,2026-09-30 23:17:32.000 +0900,2026-09-30 23:17:32.000 +0900,,신규,,,N038,내부 보강,
,3,아무도 안 볼 때 나는 주로 무엇을 하나요?,2,아무도 안 볼 때의 나는 가장 자유로워요.,"혼자 춤추기, 노래하기, 누워 있기를 떠올려봐요.",그 시간이 나에게 주는 건 뭐예요?,2026-09-30 23:17:32.000 +0900,2026-09-30 23:17:32.000 +0900,,신규,,,N008,내부 보강,
,3,누군가 내 하루를 몰래 본다면 나를 어떤 사람이라고 할까요?,2,남이 보는 나의 하루는 어떤 모습일까요?,아침부터 밤까지 내 모습을 떠올려봐요.,그 모습 중 가장 나다운 건 뭐예요?,2026-09-30 23:17:32.000 +0900,2026-09-30 23:17:32.000 +0900,,신규,,,N005,내부 보강,
,5,사랑 노래 중 가장 공감 가는 노래는 무엇인가요?,1,사랑 노래는 가사에 내 마음이 담겨 있을 때 와닿아요.,"설렘, 이별, 짝사랑 노래를 떠올려봐요.",그 노래의 어떤 가사가 공감 가요?,2026-09-30 23:17:32.000 +0900,2026-09-30 23:17:32.000 +0900,,신규,,,N045,내부 보강,
,5,좋아하는 사람에게 들으면 설레는 말은 무엇인가요?,2,좋아하는 사람의 말 한마디는 특별하죠.,"칭찬, 걱정, 안부, 약속을 떠올려봐요.",그 말이 설레는 이유는 뭘까요?,2026-09-30 23:17:32.000 +0900,2026-09-30 23:17:32.000 +0900,,신규,,,N044,내부 보강,
,5,"고백은 직접 만나서가 좋나요, 편지가 좋나요?",1,고백 방식에도 취향이 있어요.,눈을 보고 듣는 말과 오래 간직하는 글을 떠올려봐요.,그 방식이 좋은 이유는 뭐예요?,2026-09-30 23:17:32.000 +0900,2026-09-30 23:17:32.000 +0900,,신규,,,N046,내부 보강,
,1,가장 좋아하는 산책 코스는 어떤 곳인가요?,2,좋아하는 길에는 나만의 풍경이 있어요.,"동네 골목, 공원, 강변을 떠올려봐요.",그 길을 걸으면 어떤 생각이 들어요?,2026-09-30 23:17:32.000 +0900,2026-09-30 23:17:32.000 +0900,,신규,,,N036,내부 보강,
,1,가장 좋아하는 아침 메뉴는 무엇인가요?,1,아침 메뉴에는 하루를 시작하는 방식이 담겨 있어요.,"빵, 밥, 과일, 커피만 마시기를 떠올려봐요.",그 메뉴를 먹으면 하루가 어떻게 시작돼요?,2026-09-30 23:17:32.000 +0900,2026-09-30 23:17:32.000 +0900,,신규,,,N033,내부 보강,
,1,비 오는 날 집에서 가장 하고 싶은 일은 무엇인가요?,1,비 오는 날은 집이 더 아늑하게 느껴지죠.,"낮잠, 영화, 요리, 창밖 보기를 떠올려봐요.",그걸 하면 어떤 기분이 들어요?,2026-09-30 23:17:32.000 +0900,2026-09-30 23:17:32.000 +0900,,신규,,,N035,내부 보강,
,1,가장 좋아하는 간식은 무엇인가요?,1,좋아하는 간식에는 작은 행복이 담겨 있어요.,"달콤한 것, 짭짤한 것, 쫀득한 것을 떠올려봐요.",그 간식이 생각나는 때는 주로 언제예요?,2026-09-30 23:17:32.000 +0900,2026-09-30 23:17:32.000 +0900,,신규,,,N039,내부 보강,
,1,가장 좋아하는 글씨체는 어떤 느낌인가요?,1,글씨체에도 좋아하는 분위기가 있어요.,"손글씨, 둥근 글씨, 반듯한 글씨를 떠올려봐요.",그 글씨체가 좋은 이유는 뭐예요?,2026-09-30 23:17:32.000 +0900,2026-09-30 23:17:32.000 +0900,,신규,,,N050,내부 보강,
,1,가장 좋아하는 계절 음식은 무엇인가요?,1,계절 음식에는 그때의 기억이 담겨 있어요.,"봄나물, 수박, 붕어빵, 귤을 떠올려봐요.",그 음식이 생각나는 순간은 언제예요?,2026-09-30 23:17:32.000 +0900,2026-09-30 23:17:32.000 +0900,,신규,,,N051,내부 보강,
,1,가장 좋아하는 캐릭터는 무엇인가요?,1,좋아하는 캐릭터에는 닮고 싶은 모습이 담기기도 해요.,"애니메이션, 게임, 캐릭터 상품을 떠올려봐요.",그 캐릭터의 어떤 점이 좋아요?,2026-09-30 23:17:32.000 +0900,2026-09-30 23:17:32.000 +0900,,신규,,,N052,내부 보강,
,1,갑자기 100만 원이 생기면 가장 먼저 무엇을 할까요?,1,갑자기 생긴 돈의 쓰임에 내가 보여요.,"저축, 선물, 여행, 먹고 싶던 것을 떠올려봐요.",그걸 가장 먼저 하고 싶은 이유는 뭐예요?,2026-09-30 23:17:32.000 +0900,2026-09-30 23:17:32.000 +0900,,신규,,,N014,내부 보강,
,1,편의점에 가면 꼭 사는 것은 무엇인가요?,2,편의점 장바구니에는 나의 루틴이 담겨 있어요.,"음료, 간식, 도시락, 신상품을 떠올려봐요.",그걸 꼭 사게 되는 이유는 뭐예요?,2026-09-30 23:17:32.000 +0900,2026-09-30 23:17:32.000 +0900,,신규,,,N040,내부 보강,
,1,방에 딱 하나만 들일 수 있다면 어떤 가구를 고를까요?,1,방에 들일 가구 하나에 나의 쉼이 보여요.,"큰 소파, 넓은 책상, 푹신한 침대를 떠올려봐요.",그 가구에서 어떤 시간을 보내고 싶어요?,2026-09-30 23:17:32.000 +0900,2026-09-30 23:17:32.000 +0900,,신규,,,N053,내부 보강,
,1,"좋아하는 콘텐츠는 한 번만 보는 편인가요, 여러 번 다시 보는 편인가요?",1,좋아하는 콘텐츠를 즐기는 방식도 사람마다 달라요.,새 작품 찾기와 인생작 다시 보기를 떠올려봐요.,다시 볼 때 느끼는 재미는 뭐예요?,2026-09-30 23:17:32.000 +0900,2026-09-30 23:17:32.000 +0900,,신규,,,N004,내부 보강,
,1,익숙한 것과 새로운 것 중 뭐가 더 끌리나요?,1,"익숙함과 새로움, 둘 다 즐거움이 있어요.",늘 가는 곳과 처음 가는 곳을 떠올려봐요.,요즘의 나는 어느 쪽이 더 필요해요?,2026-09-30 23:17:32.000 +0900,2026-09-30 23:17:32.000 +0900,,신규,,,N013,내부 보강,
,1,선물로 물건과 손편지 중 뭐가 더 좋나요?,1,선물의 형태에도 마음이 담겨요.,오래 쓰는 물건과 오래 남는 글을 떠올려봐요.,내가 줄 때도 같은 걸 고르나요?,2026-09-30 23:17:32.000 +0900,2026-09-30 23:17:32.000 +0900,,신규,,,N029,내부 보강,
,1,예쁘다고 느끼는 것들의 공통점은 무엇인가요?,2,예쁘다고 느끼는 것에 내 감각이 담겨 있어요.,"색, 모양, 분위기, 빛을 떠올려봐요.",그 공통점이 나에 대해 말해주는 건 뭘까요?,2026-09-30 23:17:32.000 +0900,2026-09-30 23:17:32.000 +0900,,신규,,,N003,내부 보강,
