질문 ID,DB id,관심사,레벨,분류,노출,답변,교체,기존 문구,최종 권장 문구,변경,조치,이유,수정 원칙,대안,예측 변화(%p),우선순위,기대 추가 답변(월),검토 상태,최종 문구 검수,empathy_guide,hint_guide,leading_question_guide,가이드 점검,분석 축,신호,해석 가이드
1,1,취향,2,C. 유지·모니터링,6,2,1,요즘 자주 찾는 색깔은 무엇인가요?,가장 좋아하는 색깔은 무엇인가요?,True,재작성,요즘 (관측 6회 중 2회),최애형 전환,요즘 자꾸 눈이 가는 색깔은 무엇인가요?,8.76939327068214,45.0,0.4547422827072897,,,색깔 하나로 기분이 달라질 때가 있어요.,지금 입은 옷이나 주변 소품을 봐요.,그 색을 보면 어떤 기분이 드나요?,문구 변경 → 가이드 재작성 필요,,,
2,2,취향,1,D. 우수(레퍼런스),6,4,1,가장 자주 듣는 노래는 무엇인가요?,가장 자주 듣는 노래는 무엇인가요?,False,유지,성과 우수 (평균보다 확실히 높음),,,,,,,,좋은 노래는 하루를 버티는 힘이 돼요.,플레이리스트 맨 위에 있는 곡을 봐요.,이 노래가 왜 마음을 편하게 해줄까요?,,,,
3,3,취향,2,B. 패턴 기반 수정 권장,4,3,1,"비 올 때 듣고 싶은 노래가 있다면, 어떤 노래인가요?",비 오는 날 듣고 싶어지는 노래는 무엇인가요?,True,재작성,'있다면' 전제 (노래를 골라둔 사람만 답할 수 있음),전제 제거,비 오는 날 떠오르는 노래나 분위기는 어떤 건가요?,7.288312767525651,98.0,0.2458441855728337,,,빗소리에 어울리는 노래는 즐거움을 줘요.,차분한 발라드나 연주곡을 떠올려 봐요.,비 오는 날에 유독 그 노래가 듣고 싶어지는 이유가 있을까요?,문구 변경 → 가이드 재작성 필요,,,
4,4,취향,1,D. 우수(레퍼런스),9,7,2,카페에서 항상 고르는 메뉴는 무엇인가요?,카페에서 항상 고르는 메뉴는 무엇인가요?,False,유지,성과 우수 (평균보다 확실히 높음),,,,,,,,익숙한 맛은 마음을 편안하게 해요.,커피나 티 혹은 에이드 종류를 생각해봐요.,그 맛을 볼 때 왜 마음이 편해지나요?,,,,
5,5,취향,2,비활성,0,0,0,"계절이 바뀌 때 기억나는 냄새가 있다면, 어떤 냄새인가요?",계절이 바뀔 때 떠오르는 냄새는 무엇인가요?,True,오류 수정,오탈자: '바뀌 때' + '있다면' 전제,오류 수정 + 전제 제거,"계절이 바뀔 때 기억나는 냄새가 있다면, 어떤 냄새인가요?",7.482825115075936,46.0,0.4502808655268764,,,공기 속에도 계절마다 다른 향이 섞여 있어요.,풀냄새나 찬 바람 혹은 낙엽 향을 생각해봐요.,그 향기는 어떤 기억을 데려오나요?,문구 변경 → 가이드 재작성 필요,,,
6,6,취향,2,C. 유지·모니터링,3,2,1,가장 좋아하는 과일은 무엇인가요?,가장 좋아하는 과일은 무엇인가요?,False,유지,위험 요소 없음 (선호·성향·양자택일형 등),,,,,,,,과일의 단맛은 기분을 좋게 만들어줘요.,"사과, 포도, 딸기 등 떠오르는 걸 말해봐요.",그 과일과 관련된 추억이 있나요?,,,,
7,7,취향,2,C. 유지·모니터링,7,3,3,집에서 가장 좋아하는 컵은 무엇인가요?,집에서 가장 좋아하는 컵은 무엇인가요?,False,유지,위험 요소 없음 (선호·성향·양자택일형 등),,,,,,,,매일 쓰는 물건에도 은근히 정이 가잖아요.,자주 쓰는 머그컵이나 유리잔을 봐요.,그 컵을 쓸 때 왜 유독 마음이 편한가요?,,,,
8,8,취향,1,C. 유지·모니터링,11,5,6,요즘 자주 보는 영상의 주제는 무엇인가요?,요즘 자주 보는 영상의 주제는 무엇인가요?,False,유지,'요즘' 시점 (관측 11회 중 5회로 평균 수준),유지,자주 보는 영상의 주제는 무엇인가요?,0.0,407.0,0.0,,,요즘 빠져있는 영상이 있을 거예요.,"브이로그, 운동, 공부 등 즐겨찾기를 봐요.",그 영상을 자주 보게 된 이유는 무엇일까요?,,,,
9,9,취향,1,D. 우수(레퍼런스),5,5,0,가장 좋아하는 날씨는 어떤 건가요?,가장 좋아하는 날씨는 어떤 건가요?,False,유지,성과 우수 (평균보다 확실히 높음),,,,,,,,날씨에 따라 하고 싶은 일도 달라져요.,구름 없는 맑은 날이나 눈 오는 날인가요?,그런 날씨에 밖에 나가면 어떤 기분이 드나요?,,,,
10,10,취향,2,C. 유지·모니터링,2,1,1,빵집에 가면 가장 먼저 집는 빵은 무엇인가요?,빵집에 가면 가장 먼저 집는 빵은 무엇인가요?,False,유지,위험 요소 없음 (선호·성향·양자택일형 등),,,,,,,,빵집 문 열면 손이 먼저 가는 곳이 있잖아요.,달콤한 크림빵이나 담백한 식빵을 떠올려 봐요.,왜 그 맛에 자꾸 손이 가는 걸까요?,,,,
11,11,취향,2,A. 교체·재작성 우선,4,1,3,최근 새로 시도해서 재밌던 일은 무엇인가요?,새로 시도해서 재밌었던 일은 무엇인가요?,True,재작성,최근 + 새 시도 전제,기간 제거 + 희망형,요즘 새로 해보고 싶은 일은 무엇인가요?,9.685952333083936,78.0,0.2952355448848513,,,새로운 걸 해보면 의외로 나에 대해 알게 되기도 해요.,최근에 가본 장소나 운동을 찾아봐요.,그걸 하면서 나에 대해 새로 알게 된 게 있나요?,문구 변경 → 가이드 재작성 필요,새로움 추구,t,새로 시도한 일의 종류와 빈도 → 경험 개방
12,12,취향,2,C. 유지·모니터링,6,4,2,혼자 시간을 보낼 때 찾는 장소는 어디인가요?,혼자 시간을 보낼 때 찾는 장소는 어디인가요?,False,유지,위험 요소 없음 (선호·성향·양자택일형 등),,,,,,,,가끔은 세상과 잠시 거리를 둘 곳이 필요해요.,자주 가는 카페나 공원 벤치를 떠올려 봐요.,그곳에 있으면 왜 나다운 느낌이 들까요?,,에너지 방향,t,혼자 찾는 장소의 성격(조용함/자극) → 회복 방식
13,13,취향,2,C. 유지·모니터링,9,4,4,가방 속에 늘 챙기는 물건은 무엇인가요?,가방 속에 늘 챙기는 물건은 무엇인가요?,False,유지,위험 요소 없음 (선호·성향·양자택일형 등),,,,,,,,가방 속에 꼭 넣고 다니는 것들이 있잖아요.,거울이나 메모장 혹은 이어폰을 확인해봐요.,이 물건이 나에 대해 말해주는 건 뭘까요?,,,,
14,14,취향,2,C. 유지·모니터링,10,5,4,집에서 가장 편한 자리는 어디인가요?,집에서 가장 편한 자리는 어디인가요?,False,유지,위험 요소 없음 (선호·성향·양자택일형 등),,,,,,,,방 안에도 마음이 머무는 구석이 있어요.,침대 위나 소파 한쪽을 생각해봐요.,그 자리가 쉬는 데 어떤 도움을 주나요?,,,,
15,15,취향,2,C. 유지·모니터링,7,4,3,주말 아침에 가장 하고 싶은 일은 무엇인가요?,주말 아침에 가장 하고 싶은 일은 무엇인가요?,False,유지,위험 요소 없음 (선호·성향·양자택일형 등),,,,,,,,쉬는 날의 시작을 상상하면 기분이 좋아져요.,늦잠? 브런치? 산책? 뭐가 먼저 떠오르나요?,그 시간이 왜 그렇게 소중하게 느껴질까요?,,,,
16,16,취향,2,C. 유지·모니터링,11,6,5,가장 좋아하는 신발은 무엇인가요?,가장 좋아하는 신발은 무엇인가요?,False,유지,위험 요소 없음 (선호·성향·양자택일형 등),,,,,,,,편안한 신발은 발걸음을 가볍게 해요.,운동화나 구두 혹은 편한 슬리퍼인가요?,그 신발을 신고 어디로 가고 싶나요?,,,,
17,17,취향,2,B. 패턴 기반 수정 권장,5,1,2,여행지에서 꼭 들르는 곳은 어디인가요?,새로운 곳에 가면 꼭 해보는 것은 무엇인가요?,True,재작성,여행 전제,대상 확장,"여행 가면 맛집파인가요, 관광지파인가요?",5.504086642005484,100.0,0.2378700102547778,,,여행을 가기도 전부터 꼭 가보고 싶은 곳이 있잖아요.,"현지 맛집, 예쁜 카페, 기념품 가게 혹은 미술관인가요?",그곳에서 어떤 즐거움을 얻는지 궁금해요.,문구 변경 → 가이드 재작성 필요,새로움 추구,t,낯선 곳에서의 탐색 행동 → 탐색 욕구
18,18,취향,2,B. 패턴 기반 수정 권장,9,4,3,책을 고를 때 가장 먼저 보는 것은 무엇인가요?,책·영화·드라마를 고를 때 가장 먼저 보는 것은 무엇인가요?,True,재작성,독서 전제 (관측 9회 중 4회),대상 확장,,-1.4743073517283545,401.0,0.0,,특정 활동 전제,이야기를 고르는 나만의 기준이 있어요.,표지 디자인이나 제목 혹은 첫 문장인가요?,그 기준이 나에 대해 뭘 말해주는 것 같나요?,문구 변경 → 가이드 재작성 필요,,,
19,19,취향,2,C. 유지·모니터링,6,3,3,가장 아끼는 옷은 어떤 스타일인가요?,가장 아끼는 옷은 어떤 스타일인가요?,False,유지,위험 요소 없음 (선호·성향·양자택일형 등),,,,,,,,옷은 나를 표현하는 가장 쉬운 방법이에요.,편안한 옷이나 화려한 옷을 떠올려 봐요.,그 옷을 입었을 때의 기분은 어떤가요?,,,,
20,20,취향,2,C. 유지·모니터링,7,5,2,"좋아하는 향이 있다면, 어떤 향인가요?","좋아하는 향이 있다면, 어떤 향인가요?",False,유지,'있다면' 전제이지만 대부분 답 가능 (관측 7회 중 5회),유지,가장 좋아하는 향은 어떤 향인가요?,0.0,330.0,0.0,,경험 전제형,향기는 공간의 분위기를 바꿔주기도 해요.,비누 향이나 꽃향기 혹은 나무 냄새인가요?,그 향이 나를 어떻게 만들어주는 것 같나요?,,,,
21,21,취향,2,B. 패턴 기반 수정 권장,2,0,2,"남들은 모르지만 혼자 발견한 풍경이 있다면, 어떤 풍경인가요?",좋아하는 풍경은 어떤 풍경인가요?,True,재작성,'혼자 발견한 풍경' 전제,출구 제공,나만 알고 싶은 장소가 있나요? 없다면 가보고 싶은 풍경을 알려주세요.,9.64868751341546,146.0,0.1500068961205726,,,나만 발견한 풍경이 있으면 왜지 뿌듯하잖아요.,길가에 핀 꽃이나 특이한 구름을 떠올려 봐요.,그 장면에서 어떤 매력을 발견했나요?,문구 변경 → 가이드 재작성 필요,,,
22,22,취향,2,C. 유지·모니터링,6,2,3,서점에서 제목만 보고 고르는 분야는 무엇인가요?,서점에서 제목만 보고 고르는 분야는 무엇인가요?,False,유지,위험 요소 없음 (선호·성향·양자택일형 등),,,,,,,,어떤 주제에 꽂히면 시간 가는 줄 모르잖아요.,소설이나 예술 혹은 자기계발 분야를 골라봐요.,왜 이 주제에 자꾸 마음이 이끌릴까요?,,,,
23,23,취향,2,C. 유지·모니터링,3,0,3,무인도에 딱 하나만 가져간다면 무엇인가요?,무인도에 딱 하나만 가져간다면 무엇인가요?,False,유지,위험 요소 없음 (선호·성향·양자택일형 등),,,,,,,,하나만 골라야 한다면 진짜 소중한 게 보여요.,생존 아이템 말고 마음이 편해지는 걸로 골라봐요.,그걸 고른 이유가 나에 대해 뭘 말해주는 것 같나요?,,,,
24,24,취향,2,C. 유지·모니터링,6,3,3,입었을 때 가장 나다운 옷차림은 무엇인가요?,입었을 때 가장 나다운 옷차림은 무엇인가요?,False,유지,위험 요소 없음 (선호·성향·양자택일형 등),,,,,,,,만족스러운 스타일이 최고의 옷차림이에요.,가장 즐겨 입는 상의나 아끼는 신발인가요?,그 옷을 입은 나는 어떤 기분인가요?,,,,
25,25,취향,2,B. 패턴 기반 수정 권장,7,2,4,"나만 알고 있는 맛집이 있다면, 어떤 곳인가요?",자주 가는 단골 가게는 어디인가요?,True,재작성,맛집 전제 (관측 7회 중 2회),최애형 전환,가장 좋아하는 음식점은 어떤 곳인가요?,7.746343899656921,39.0,0.4842197424207495,,,소중한 사람에게만 알려주고 싶은 곳이 있죠.,숨겨진 식당이나 작은 카페를 떠올려 봐요.,그곳의 어떤 점이 나를 만족하게 하나요?,문구 변경 → 가이드 재작성 필요,,,
26,26,취향,2,D. 우수(레퍼런스),4,4,0,스트레스를 받을 때 찾게 되는 노래는 어떤 분위기인가요?,스트레스를 받을 때 찾게 되는 노래는 어떤 분위기인가요?,False,유지,성과 우수 (평균보다 확실히 높음),,,,,,,,음악은 마음을 진정시키는 좋은 방법이에요.,시끄러운 음악이나 아주 조용한 곡인가요?,그 노래들이 마음을 어떻게 달래주나요?,,스트레스 대처,t,기분 전환형(신나는) vs 감정 몰입형(비슷한 분위기)
27,27,취향,2,C. 유지·모니터링,7,1,3,자기 전 머릿속으로 그리는 상상은 무엇인가요?,자기 전 머릿속으로 그리는 상상은 무엇인가요?,False,유지,위험 요소 없음 (선호·성향·양자택일형 등),,,,,,,,꿈꾸는 세상이 상상 속에 담겨 있어요.,여행 계획이나 미래의 내 모습을 떠올려 봐요.,그 상상이 나에게 어떤 위로를 주나요?,,새로움 추구,t,상상의 결(현실 계획/공상) → 상상력·개방
28,28,취향,2,C. 유지·모니터링,9,5,3,가장 좋아하는 꽃의 이름은 무엇인가요?,가장 좋아하는 꽃의 이름은 무엇인가요?,False,유지,위험 요소 없음 (선호·성향·양자택일형 등),,,,,,,,꽃마다 풍기는 분위기가 다 달라요.,"장미, 튤립 혹은 들꽃을 생각해봐요.",그 꽃을 가장 좋아하게 된 추억이 있나요?,,,,
29,29,취향,2,C. 유지·모니터링,14,7,6,사진 찍을 때 주로 담는 장면은 무엇인가요?,사진 찍을 때 주로 담는 장면은 무엇인가요?,False,유지,위험 요소 없음 (선호·성향·양자택일형 등),,,,,,,,폰 갤러리를 열면 어떤 사진이 가장 많은지 봐봐요.,"풍경, 음식 혹은 같이 있는 사람들인가요?",그 장면을 기록하는 이유는 무엇인가요?,,,,
30,30,취향,1,C. 유지·모니터링,8,4,2,가장 좋아하는 영화 장르는 무엇인가요?,가장 좋아하는 영화 장르는 무엇인가요?,False,유지,"'영화' 활동 전제 오탐, 최애형 (관측 8회 중 4회)",유지,,0.0,328.0,0.0,,특정 활동 전제,영화 속에서 다양한 세상을 만날 수 있잖아요.,넷플릭스 켜면 제일 먼저 뭘 찾나요?,그 장르에 끌리는 이유가 뭘까요?,,,,
31,31,취향,2,B. 패턴 기반 수정 권장,6,3,3,"좋아하는 목소리나 말투가 있다면, 어떤 느낌인가요?",좋아하는 목소리나 말투는 어떤 느낌인가요?,True,경미 수정,전제형 (관측 6회 중 3회),경미 수정,,7.300621508582672,57.0,0.3771454261577982,,,대화할 때 기분을 좋게 만드는 포인트가 있어요.,차분한 말투나 밝은 목소리를 떠올려 봐요.,왜 그런 느낌에 마음이 가는지 궁금해요.,문구 변경 → 가이드 재작성 필요,,,
32,32,취향,2,B. 패턴 기반 수정 권장,3,1,1,"오래된 물건 중 버리지 못하는 게 있다면, 어떤 물건인가요?",오래 간직하고 있는 물건은 무엇인가요?,True,경미 수정,오래된 물건 전제,경미 수정,"버리지 못하는 물건이 있다면, 왜 버리지 못하나요?",8.787458683641441,106.0,0.2241666297228008,,,물건에 담긴 기억은 쉽게 사라지지 않아요.,어릴 때 인형이나 편지 혹은 일기장인가요?,그 물건이 나에게 어떤 의미로 남아있나요?,문구 변경 → 가이드 재작성 필요,,,
33,33,취향,2,C. 유지·모니터링,6,4,1,누군가에게 선물할 때 가장 신경 쓰는 건 무엇인가요?,누군가에게 선물할 때 가장 신경 쓰는 건 무엇인가요?,False,유지,위험 요소 없음 (선호·성향·양자택일형 등),,,,,,,,선물 고르는 데도 나만의 스타일이 있잖아요.,실용성이나 디자인 혹은 상대의 취향인가요?,선물을 고를 때 어떤 마음이 드는지 궁금해요.,,,,
34,34,취향,2,C. 유지·모니터링,9,4,5,어떤 라이프스타일로 살고 싶나요?,어떤 라이프스타일로 살고 싶나요?,False,유지,위험 요소 없음 (선호·성향·양자택일형 등),,,,,,,,"""와, 저렇게 살고 싶다!"" 하고 느낀 적 있을 거예요.","미니멀한 삶이나 북적이는 삶, 모두 멋지죠.",그런 삶이 왜 마음에 들었나요?,,가치·동기,t,바라는 삶의 핵심 단어 → 우선 가치
35,35,취향,2,D. 우수(레퍼런스),8,6,1,가장 좋아하는 작가나 아티스트는 누구인가요?,가장 좋아하는 작가나 아티스트는 누구인가요?,False,유지,'누구' 지목이지만 최애형이고 관측 양호 (8회 중 6회),유지,,0.0,385.0,0.0,,특정 인물 지목,유독 마음이 가는 작가나 아티스트가 있잖아요.,글귀나 그림 혹은 음악 스타일을 떠올려 봐요.,그의 작품에서 어떤 위로를 받나요?,,,,
36,36,취향,2,A. 교체·재작성 우선,8,2,4,"나만의 특별한 요리 레시피가 있다면, 어떤 건가요?",자신 있게 만들 수 있는 음식이 있나요? 없다면 가장 좋아하는 음식을 알려주세요.,True,재작성,요리 습관 전제 (특정 활동),대상 확장 + 최애형,나만 아는 맛있는 조합이 있나요? 라면 레시피도 좋아요.,-4.9622819674447705,408.0,0.0,,,나를 위해 만드는 음식은 특별한 정성이에요.,간단한 라면이나 정성 들인 찌개를 생각해봐요.,특별 레시피를 만들게 된 이야기도 들려줘요.,문구 변경 → 가이드 재작성 필요,,,
37,37,취향,2,C. 유지·모니터링,4,2,2,가장 좋아하는 요일은 언제인가요?,가장 좋아하는 요일은 언제인가요?,False,유지,위험 요소 없음 (선호·성향·양자택일형 등),,,,,,,,요일마다 느껴지는 공기의 무게가 달라요.,금요일 저녁이나 일요일 아침인가요?,왜 그 요일에 유독 마음이 가벼워지나요?,,,,
38,38,취향,2,A. 교체·재작성 우선,4,0,4,"전시회에서 작품을 보는 나만의 방식이 있다면, 어떤 건가요?",좋아하는 것을 감상할 때 나는 어떻게 즐기나요? 전시·영화·음악 무엇이든 좋아요.,True,재작성,전시회 관람 경험 전제 (특정 활동),대상 확장,"좋아하는 것을 즐길 때 혼자가 좋나요, 함께가 좋나요?",3.4077596944536106,175.0,0.1139434375512308,,,전시회에서 나만의 감상법이 있다면 그것도 취향이죠.,천천히 하나씩 보는지 맘에 드는 것만 보는지 생각해봐요.,그 방식이 나의 성격과 어떻게 닮았나요?,문구 변경 → 가이드 재작성 필요,,,
39,39,취향,2,C. 유지·모니터링,6,3,2,가장 좋아하는 계절의 풍경은 무엇인가요?,가장 좋아하는 계절의 풍경은 무엇인가요?,False,유지,위험 요소 없음 (선호·성향·양자택일형 등),,,,,,,,자연이 주는 힐링이 있어요.,벚꽃 핀 거리나 단풍 든 산을 그려봐요.,그 풍경을 보면 어떤 기분이 드나요?,,,,
40,40,취향,2,B. 패턴 기반 수정 권장,8,5,2,수집하고 싶은 물건이 있다면 무엇인가요?,수집하고 싶은 물건이 있다면 무엇인가요?,False,유지,전제형 (관측 8회 중 5회 양호),유지,,0.0,327.0,0.0,,경험 전제형,모으는 건 뿌듯하고 재밌죠.,"우표, 컵, 신발 혹은 귀여운 피규어인가요?",모으기 시작한 계기가 있나요?,,,,
41,41,취향,2,C. 유지·모니터링,7,3,2,10년 뒤에는 어떤 분위기의 사람이고 싶나요?,10년 뒤에는 어떤 분위기의 사람이고 싶나요?,False,유지,위험 요소 없음 (선호·성향·양자택일형 등),,,,,,,,"10년 뒤의 나, 어떤 분위기를 풍기고 있을까요?",어떤 분위기의 사람이 되고 싶은지 상상해봐요.,그 분위기를 위해 지금 무엇을 채우면 좋을까요?,,,,
42,42,취향,2,D. 우수(레퍼런스),8,5,3,내가 모은 물건들의 공통점은 무엇인가요?,내가 모은 물건들의 공통점은 무엇인가요?,False,유지,성과 우수 (평균보다 확실히 높음),,,,,,,,마음에 들어서 사 모은 물건들을 보면 공통점이 있어요.,공통점을 떠올리면 나만의 미적 기준이 보일 거예요.,그 기준이 나에 대해 뭘 말해주는 것 같나요?,,,,
43,43,취향,2,A. 교체·재작성 우선,5,0,5,딱 한 권만 남길 수 있다면 어떤 책인가요?,딱 하나만 평생 다시 볼 수 있다면 어떤 책·영화·드라마를 고를까요?,True,재작성,독서 습관 전제 + '딱 한 권' 결정 부담,대상 확장(책 → 콘텐츠),인생 책이나 인생 영화가 있다면 무엇인가요? 없다면 가장 최근에 본 것을 알려주세요.,-2.866564378076081,411.0,0.0,,특정 활동 전제,나에게 가장 큰 울림을 준 책이 있을 거예요.,가장 감명 깊게 읽은 책을 생각해봐요.,이 책이 나에게 어떤 걸 남겨줬나요?,문구 변경 → 가이드 재작성 필요,,,
44,44,취향,2,C. 유지·모니터링,4,2,2,나를 가장 잘 표현하는 단어 하나는 무엇인가요?,나를 가장 잘 표현하는 단어 하나는 무엇인가요?,False,유지,위험 요소 없음 (선호·성향·양자택일형 등),,,,,,,,나를 딱 한 단어로 표현한다면 뭐가 떠오를까요?,"따뜻함, 성실함, 자유 같은 단어를 생각해봐요.",왜 그 단어가 나를 가장 잘 보여주나요?,,,,
45,45,취향,2,C. 유지·모니터링,5,3,2,어떤 공간에 있을 때 가장 나답다고 느끼나요?,어떤 공간에 있을 때 가장 나답다고 느끼나요?,False,유지,위험 요소 없음 (선호·성향·양자택일형 등),,,,,,,,공간은 나를 보호해주기도 하고 드러내기도 해요.,"도서관, 카페 혹은 침대 위 등 그 어떤 공간도 좋아요.",그 공간이 나에게 어떤 안정감을 주나요?,,자기 인식,t,나답다고 느끼는 공간의 공통점 → 자기 개념
46,46,취향,2,C. 유지·모니터링,4,2,2,내 취향이 남들과 가장 다른 점은 뭘까요?,내 취향이 남들과 가장 다른 점은 뭘까요?,False,유지,위험 요소 없음 (선호·성향·양자택일형 등),,,,,,,,"남들과 좀 다른 내 취향, 은근 자랑스럽잖아요.",남들은 잘 모르는 나만의 취향을 떠올려봐요.,이 차별점이 나를 어떻게 특별하게 만드나요?,,새로움 추구,t,남과 다른 취향의 크기 → 독특성 추구
47,47,취향,2,C. 유지·모니터링,6,0,3,상상 속 완벽한 하루는 어떤 모습인가요?,상상 속 완벽한 하루는 어떤 모습인가요?,False,유지,위험 요소 없음 (선호·성향·양자택일형 등),,,,,,,,내가 행복해지는 모든 요소가 담긴 하루예요.,아침에 눈 뜨는 것부터 잠들기까지 상상해봐요.,이 하루를 위해 오늘 할 수 있는 건 무엇인가요?,,,,
48,48,취향,2,C. 유지·모니터링,5,3,1,내가 좋아하는 사람들의 공통점은 무엇인가요?,내가 좋아하는 사람들의 공통점은 무엇인가요?,False,유지,위험 요소 없음 (선호·성향·양자택일형 등),,,,,,,,끌리는 사람들에게서 나의 가치관이 보여요.,성격이나 대화 스타일을 떠올려 봐요.,그 공통점이 나에 대해 뭘 알려주나요?,,,,
49,49,취향,2,A. 교체·재작성 우선,7,2,5,누군가 나에 대한 책을 쓴다면 제목은 뭘까요?,내 인생을 영화 장르로 표현한다면 어떤 장르일까요?,True,재작성,메타 상상(나에 대한 책) + 제목 짓기 창작 부담,창작 부담 완화 · 중복 해소(#44),,-0.6199667398173458,404.0,0.0,,특정 활동 전제,내 인생 전체를 하나의 주제로 요약해보는 거예요.,재밌는 제목이나 진지한 제목을 생각해봐요.,그 제목이 나의 어떤 면을 가장 잘 설명하나요?,문구 변경 → 가이드 재작성 필요,,,
50,50,취향,2,A. 교체·재작성 우선,6,0,5,"예전엔 좋아했는데 지금은 아닌 취향이 있다면, 어떤 건가요?",예전과 비교해 가장 많이 바뀐 내 취향은 무엇인가요?,True,재작성,취향 변화 경험 전제,선택지형 대안 제공,변하지 않고 오래 좋아한 것은 무엇인가요?,7.051025231501306,54.0,0.3834105314086291,,,취향이 바뀌면 나도 바뀐 거잖아요.,예전엔 싫었지만 지금은 좋은 것을 찾아봐요.,취향이 바뀌면서 내 삶은 어떻게 달라졌나요?,문구 변경 → 가이드 재작성 필요,새로움 추구,t,취향 변화 폭 → 변화 수용
51,51,감정,1,C. 유지·모니터링,7,3,1,지금 기분을 날씨로 말하면 어떤가요?,지금 내 기분을 날씨로 표현하면 어떤 날씨인가요?,True,경미 수정,'날씨로 말하면' 은유지만 쉬운 비유 (관측 7회 중 3회),경미 수정: 질문 끝 명확화,,-1.490610154288885,337.0,0.0,,,마음도 날씨처럼 매일 변하는 게 당연해요.,"맑음, 흐림, 비, 눈 등 다양한 날씨가 있어요.",왜 지금의 마음이 그 날씨와 닮았다고 생각했는지도 써봐요.,문구 변경 → 가이드 재작성 필요,,,
52,52,감정,1,B. 패턴 기반 수정 권장,4,2,1,오늘 나를 웃게 만든 장면은 무엇인가요?,요즘 나를 웃게 만드는 장면은 무엇인가요?,True,재작성,오늘 기반 (관측 4회 중 2회로 양호한 편),시점 중립화,최근 가장 크게 웃었던 순간은 언제인가요?,10.72464721454094,53.0,0.3835448489416398,,,사소한 일에 마음이 풀리기도 해요.,길에서 본 동물이나 재미있는 영상인가요?,어떤 상황에서 마음이 편해지는지 궁금해요.,문구 변경 → 가이드 재작성 필요,,,
53,53,감정,2,B. 패턴 기반 수정 권장,2,1,1,오늘 하루 중 가장 차분했던 때는 언제인가요?,하루 중 가장 차분해지는 때는 언제인가요?,True,재작성,오늘 기반,시점 중립화,마음이 가장 고요해지는 장소나 시간은 언제인가요?,19.549881738665697,61.0,0.3505904854216243,,,잠시 숨을 고르던 때를 기억해 봐요.,커피 한 잔이나 퇴근길 풍경이었나요?,그 평온함이 오늘 왜 필요했을까요?,문구 변경 → 가이드 재작성 필요,,,
54,54,감정,2,B. 패턴 기반 수정 권장,2,1,1,"최근에 눈물이 났던 적이 있다면, 어떤 순간이었나요?",눈물이 나는 순간은 주로 어떤 때인가요?,True,재작성,최근 + 눈물 경험 전제,성향형 전환,감동을 잘 받는 편인가요? 어떤 장면에 약한가요?,16.545379930898868,80.0,0.293399766322991,,,눈물은 마음의 환기구가 되어주기도 해요.,슬픈 영화나 속상했던 일을 떠올려 봐요.,그때 내 마음은 어떤 말을 하고 있었나요?,문구 변경 → 가이드 재작성 필요,감정 민감도,t,눈물이 나는 상황의 종류 → 정서 민감 영역
55,55,감정,2,C. 유지·모니터링,2,2,0,지금 가장 보고 싶은 사람은 누구인가요?,지금 가장 보고 싶은 사람은 어떤 사람인가요? 이름 대신 이유를 알려주세요.,True,재작성,'지금' + 특정 인물 지목,인물 → 이유,요즘 자주 떠오르는 얼굴이 있나요? 그 사람의 어떤 점이 그리운가요?,-4.341845470051625,360.0,0.0,,,그리움은 내 마음이 누굴 향하는지 알려줘요.,멀리 있는 친구나 가족 혹은 연인인가요?,그 사람을 생각하면 어떤 감정이 먼저 드나요?,문구 변경 → 가이드 재작성 필요,,,
56,56,감정,1,A. 교체·재작성 우선,5,1,4,오늘 나를 기운 나게 한 말은 무엇인가요?,들으면 기운이 나는 말은 무엇인가요?,True,재작성,오늘 + 들은 말이 없으면 답 불가,시점 중립화,힘들 때 떠올리는 말이나 문장이 있나요?,20.157355469033988,17.0,0.8909579539612801,,,말 한마디에 하루의 색깔이 바뀌기도 해요.,누군가의 응원이나 우연히 읽은 글귀인가요?,그 말이 왜 그렇게 힘이 되었을까요?,문구 변경 → 가이드 재작성 필요,,,
57,57,감정,1,C. 유지·모니터링,8,5,1,최근에 가장 크게 웃었던 일은 무엇인가요?,가장 크게 웃었던 일은 무엇인가요?,True,경미 수정,최근 + 일화 회상 (관측 8회 중 5회 양호),경미 수정: 기간 제거,(유지) 최근에 가장 크게 웃었던 일은 무엇인가요?,9.71779325376952,25.0,0.6148815609814982,,,웃음은 가장 건강한 감정 표현이에요.,친구와 수다 떨던 일이나 예능 프로그램을 생각해봐요.,그때 어떤 기분이었는지 다시 느껴볼까요?,문구 변경 → 가이드 재작성 필요,,,
58,58,감정,1,C. 유지·모니터링,3,1,2,지금 내 마음의 온도는 몇 도쯤 될까요?,"지금 내 마음은 따뜻한 편인가요, 차가운 편인가요?",True,재작성,'마음의 온도' 은유 + 수치화 부담,은유를 쉬운 말로,지금 내 마음 상태를 한 단어로 말하면?,3.830111354189436,177.0,0.1072784961265131,,,차갑거나 뜨거운 마음의 상태를 수치로 표현해봐요.,차가운 -100도에서 뜨거운 100도까지 내 마음의 온도를 떠올려봐요.,왜 현재의 온도가 느껴졌을까요?,문구 변경 → 가이드 재작성 필요,,,
59,59,감정,2,B. 패턴 기반 수정 권장,2,2,0,오늘 하루 중 가장 아쉬웠던 순간은 언제인가요?,요즘 가장 아쉬운 것은 무엇인가요?,True,노출 시간 조정 + 재작성,오늘 기반 (저녁엔 유효),저녁 노출 전용 또는 시점 중립화,(저녁 노출) 오늘 하루 중 가장 아쉬웠던 순간은 언제인가요?,11.991523575236313,107.0,0.223890354536146,,,아쉬움은 더 잘하고 싶은 마음에서 시작돼요.,실수했던 일이나 하지 못한 말인가요?,그 아쉬움을 어떻게 달래주고 싶나요?,문구 변경 → 가이드 재작성 필요,,,
60,60,감정,2,A. 교체·재작성 우선,7,1,5,지금 당장 하고 싶은 말이 있다면 무엇인가요?,지금 누군가에게 전하고 싶은 말은 무엇인가요?,True,재작성,'지금 당장 하고 싶은 말'이 없으면 교체 + 대상 불명확,대상 명시,지금의 나에게 해주고 싶은 말은 무엇인가요?,11.448865578285638,22.0,0.7197976763994859,,,속에 담아둔 말을 꺼내는 것만으로도 가벼워져요.,누군가에게 하고 싶은 말이나 나에게 하는 말인가요?,그 말을 하고 나면 기분이 어떨까요?,문구 변경 → 가이드 재작성 필요,,,
61,61,감정,2,B. 패턴 기반 수정 권장,4,1,3,최근 나를 가장 답답하게 만든 일은 무엇인가요?,답답할 때 나는 주로 어떻게 푸나요?,True,재작성,최근 제한,기간 제거 (시점 없는 성향형 우선),요즘 나를 답답하게 만드는 것은 무엇인가요?,10.18226969514754,60.0,0.3524293192803396,,,마음대로 되지 않는 일 때문에 지칠 때가 있어요.,인간관계나 업무 혹은 개인적인 목표였나요?,그 답답함을 풀기 위해 무엇을 할 수 있을까요?,문구 변경 → 가이드 재작성 필요,스트레스 대처,t,행동형/대화형/휴식형/회피형 중 어디인지
62,62,감정,2,C. 유지·모니터링,2,1,1,"불안한 마음이 들 때 나를 잡아주는 문장이 있다면, 어떤 문장인가요?",불안할 때 마음을 가라앉히는 나만의 방법은 무엇인가요?,True,재작성,'있다면' 전제 (나만의 문장이 있어야 함),출구 제공 · 중복 해소(#252),불안한 마음이 들 때 나는 주로 어떻게 하나요?,8.012287250233985,150.0,0.1447818809615887,,,흔들릴 때 중심을 잡아주는 말 한마디가 있어요.,"괜찮아 혹은 ""그럴 수 있어"" 같은 말인가요?",그 말이 내 마음에 어떤 힘을 주나요?,문구 변경 → 가이드 재작성 필요,스트레스 대처,t,불안 대처 방식 → 문제중심 vs 정서중심
63,63,감정,2,A. 교체·재작성 우선,7,1,5,"내일 일어날 일 중 설레는 게 있다면, 어떤 건가요?",다가오는 일 중 가장 기대되는 것은 무엇인가요?,True,재작성,'내일 설레는 일'이 없으면 교체 + 경험 전제,범위 확대 (시점 없는 성향형 우선),요즘 기다려지는 일은 무엇인가요?,12.722508679927104,21.0,0.7925614174428081,,,작은 기대감이 하루를 버티는 즐거움이 돼요.,맛있는 점심 메뉴나 반가운 약속인가요?,설레는 기분이 드는 진짜 이유는 무엇인가요?,문구 변경 → 가이드 재작성 필요,,,
64,64,감정,2,C. 유지·모니터링,4,2,2,칭찬을 들었을 때 어떤 반응을 보이나요?,칭찬을 들었을 때 어떤 반응을 보이나요?,False,유지,위험 요소 없음 (선호·성향·양자택일형 등),,,,,,,,쑥스러우면서도 기분 좋은 순간을 느껴봐요.,기쁨을 숨기지 않고 솔직하게 표현했나요?,어떤 인정을 받을 때 가장 행복한지 궁금해요.,,자기 인식,t,쑥스러워 부정 vs 수용 → 자기 수용
65,65,감정,2,D. 우수(레퍼런스),5,5,0,혼자 있을 때 주로 어떤 감정을 느끼나요?,혼자 있을 때 주로 어떤 감정을 느끼나요?,False,유지,성과 우수 (평균보다 확실히 높음),,,,,,,,혼자만의 시간은 내 마음을 들여다보는 기회예요.,"편안함, 외로움 혹은 자유로움인가요?",혼자만의 시간이 나에게 어떤 의미인가요?,,에너지 방향,t,편안·자유→내향 / 외로움·심심→외향
66,66,감정,1,C. 유지·모니터링,7,5,1,최근에 가장 뿌듯했던 순간은 언제인가요?,가장 뿌듯했던 순간은 언제인가요?,True,경미 수정,최근 + 회상 (관측 7회 중 5회 양호),경미 수정: 기간 제거,(유지) 최근에 가장 뿌듯했던 순간은 언제인가요?,9.763904444244108,34.0,0.5380213657727635,,,작은 성취가 모여 큰 기쁨이 되기도 해요.,도움을 줬던 일이나 할 일을 끝낸 순간인가요?,그 뿌듯함이 나를 어떻게 움직이게 하나요?,문구 변경 → 가이드 재작성 필요,,,
67,67,감정,2,A. 교체·재작성 우선,5,1,4,최근에 질투를 느꼈던 순간이 있다면 어떤 상황이었나요?,나는 주로 어떤 상황에서 질투를 느끼나요?,True,재작성,최근 + 경험 전제 + 부정 감정 노출 부담,성향형으로 전환,질투가 날 때 나는 어떻게 반응하는 편인가요?,21.424719126638585,14.0,0.9619489740657668,,,질투는 내가 무엇을 원하는지 알려주는 신호예요.,그 때의 대상이나 상황을 떠올려 봐요.,내가 왜 그 순간 마음이 흔들렸을까요?,문구 변경 → 가이드 재작성 필요,감정 민감도,t,질투가 생기는 영역 → 비교 민감 영역
68,68,감정,1,C. 유지·모니터링,8,2,4,나를 가장 편안하게 해주는 소리는 무엇인가요?,나를 가장 편안하게 해주는 소리는 무엇인가요?,False,유지,위험 요소 없음 (선호·성향·양자택일형 등),,,,,,,,소리만으로도 긴장이 풀릴 때가 있어요.,"빗소리, 파도 소리 혹은 누군가의 목소리인가요?",그 소리가 편안하게 만드는 이유는 무엇일까요?,,,,
69,69,감정,2,B. 패턴 기반 수정 권장,3,2,1,"최근에 용기를 냈던 경험이 있다면, 어떤 순간이었나요?",용기를 냈던 순간 중 기억에 남는 것은 언제인가요?,True,재작성,최근 + 경험 전제,전제 제거,요즘 용기 내서 해보고 싶은 일은 무엇인가요?,15.738191863079226,48.0,0.4256712509831923,,,아주 사소한 도전도 용기가 필요한 일이에요.,먼저 인사를 건네거나 새로운 시도를 했나요?,그때의 내 모습이 어떻게 느껴졌나요?,문구 변경 → 가이드 재작성 필요,,,
70,70,감정,2,D. 우수(레퍼런스),5,4,1,기분이 울적할 때 찾게 되는 음식은 무엇인가요?,기분이 울적할 때 찾게 되는 음식은 무엇인가요?,False,유지,성과 우수 (평균보다 확실히 높음),,,,,,,,음식은 때로 따뜻한 위로가 되어주기도 해요.,매콤한 음식이나 달콤한 디저트인가요?,그 맛을 볼 때 기분이 어떻게 바뀌나요?,,,,
71,71,감정,2,C. 유지·모니터링,2,2,0,화가 났을 때 마음을 가라앉히는 방법은 무엇인가요?,화가 났을 때 마음을 가라앉히는 방법은 무엇인가요?,False,유지,위험 요소 없음 (선호·성향·양자택일형 등),,,,,,,,감정을 다스리는 나만의 기술이 필요해요.,찬물 마시기나 짧은 산책을 생각해봐요.,이 방법이 평온함을 되찾는 데 도움이 되나요?,,스트레스 대처,t,분노 조절 방식 → 표출/전환/억제
72,72,감정,2,C. 유지·모니터링,2,2,0,슬픈 감정을 실컷 쏟아내고 나면 어떤가요?,슬픈 감정을 실컷 쏟아내고 나면 어떤가요?,False,유지,위험 요소 없음 (선호·성향·양자택일형 등),,,,,,,,슬픔을 쏟아내는 건 마음을 씻어내는 일이에요.,가벼워진 느낌이나 개운한 기분인가요?,그 뒤에 찾아오는 맑은 마음은 어떤 힘이 되나요?,,스트레스 대처,t,후련→정서 표출이 회복에 도움 / 허탈→다른 방식이 맞음
73,73,감정,2,C. 유지·모니터링,4,1,3,남들 시선을 많이 신경 쓰는 편인가요? 어떤 상황에서 특히 그런가요?,남들 시선이 가장 신경 쓰이는 상황은 언제인가요?,True,재작성,두 질문 연결,하나로 축소,"남들 시선을 신경 쓰는 편인가요, 신경 안 쓰는 편인가요?",-2.870793524039983,397.0,0.0,,,가끔은 타인의 눈이 부담스럽게 느껴지기도 해요.,옷차림이나 말실수를 걱정할 때가 있나요?,남들의 시선에서 자유로워지면 무엇을 하고 싶나요?,문구 변경 → 가이드 재작성 필요,감정 민감도,t,시선이 신경 쓰이는 상황 → 평가 민감
74,74,감정,2,B. 패턴 기반 수정 권장,1,0,1,"최근에 느낀 감정 중 이름 붙이기 힘든 게 있었다면, 어떤 느낌이었나요?",말로 표현하기 가장 어려운 감정은 무엇인가요?,True,재작성,최근 + 경험 전제 + '이름 붙이기 힘든' 추상,단순화 (시점 없는 성향형 우선),요즘 설명하기 어려운 기분이 드는 때는 언제인가요?,9.908159015173784,220.0,0.0738336891569464,,,말 한마디로 정의하기 어려운 복잡한 마음이 있죠.,두려우면서 설레거나 시원섭섭한 기분인가요?,그 마음의 모양을 찬찬히 그려볼까요?,문구 변경 → 가이드 재작성 필요,감정 민감도,t,표현이 막히는 감정 → 억제되는 감정
75,75,감정,2,C. 유지·모니터링,2,1,0,내가 생각하는 나만의 장점은 무엇인가요?,내가 생각하는 나만의 장점은 무엇인가요?,False,유지,위험 요소 없음 (선호·성향·양자택일형 등),,,,,,,,나만의 장점을 발견하는 건 정말 중요한 일이에요.,"책임감, 유머 감각 혹은 성실함일 수도 있어요.",그 점이 일상에서 어떤 힘이 되나요?,,자기 인식,t,장점을 쉽게 말하는지 → 자기 긍정
76,76,감정,2,C. 유지·모니터링,2,1,1,실수했을 때 나 자신에게 어떤 말을 해주나요?,실수했을 때 나 자신에게 어떤 말을 해주나요?,False,유지,위험 요소 없음 (선호·성향·양자택일형 등),,,,,,,,누구나 실수하지만 대처하는 방식은 다 달라요.,비난하는 말인가요 아니면 다독이는 말인가요?,자신에게 조금 더 다정해질 방법은 없을까요?,,자기 인식,t,다정한 말→자기 자비 / 비난→자기 비판
77,77,감정,2,D. 우수(레퍼런스),4,3,1,내가 가장 예민하게 반응하는 포인트는 무엇인가요?,내가 가장 예민하게 반응하는 포인트는 무엇인가요?,False,유지,성과 우수 (평균보다 확실히 높음),,,,,,,,유독 마음이 상하거나 화가 나는 부분이 있어요.,예의 없는 태도나 무시당하는 기분인가요?,왜 그 지점에서 마음이 크게 흔들리는 걸까요?,,감정 민감도,t,예민 포인트 → 핵심 민감 영역
78,78,감정,2,B. 패턴 기반 수정 권장,6,2,3,"과거의 나에게 해주고 싶은 위로가 있다면, 어떤 말인가요?",과거의 나에게 해주고 싶은 위로의 말은 무엇인가요?,True,경미 수정,전제형 (대부분 답 가능),경미 수정: 전제 제거,힘들었던 그때의 나에게 한마디 한다면?,7.134633875675478,55.0,0.3796124956301423,,,힘들었던 시간을 지나온 나를 안아주는 시간이에요.,그때의 나에게 꼭 해주고 싶었던 말인가요?,그 말을 지금의 나에게도 해주는 건 어떨까요?,문구 변경 → 가이드 재작성 필요,,,
79,79,감정,2,B. 패턴 기반 수정 권장,4,2,1,행복의 기준이 있다면 무엇인가요?,나는 언제 행복하다고 느끼나요?,True,재작성,'행복의 기준'이 있어야 함,전제 제거,행복하려면 꼭 있어야 하는 것 세 가지는 무엇인가요?,11.705952264864234,50.0,0.4237762754376256,,,행복은 정답이 없고 사람마다 기준이 달라요.,"소소한 일상이 행복인지, 큰 성취가 행복인지 떠올려봐요.",지금 내 삶에서 행복을 느끼는 순간은 언제인가요?,문구 변경 → 가이드 재작성 필요,,,
80,80,감정,2,B. 패턴 기반 수정 권장,5,2,3,"최근에 누군가를 용서했던 경험이 있다면, 어떤 일이었나요?","용서가 쉬운 편인가요, 어려운 편인가요?",True,재작성,최근 + 용서 경험 전제,성향형 전환,누군가를 용서할 때 가장 필요한 것은 무엇인가요?,22.190088898791583,13.0,0.9990980198416328,,,미움을 내려놓는 건 나를 위한 일이기도 해요.,서운했던 친구나 가족과의 화해였나요?,용서하고 나서 마음이 어떻게 달라졌나요?,문구 변경 → 가이드 재작성 필요,관계 온도,c,쉬움→관용·유연 / 어려움→원칙·상처 기억
81,81,감정,2,C. 유지·모니터링,5,3,0,"감정을 솔직하게 표현해서 후련했던 순간이 있다면, 어떤 때였나요?","감정을 솔직하게 말하는 편인가요, 참는 편인가요?",True,재작성,경험 전제 + 회상,전제 제거 + 성향형,감정을 솔직하게 표현하고 나면 어떤 기분이 드나요?,13.436957016541584,27.0,0.6038899553065709,,,진심을 말하는 건 나를 지키는 용기예요.,어렵지만 정성을 담아 말을 건넨 기억인가요?,그 솔직함이 관계를 어떻게 바꿔놓았나요?,문구 변경 → 가이드 재작성 필요,스트레스 대처,c,솔직→정서 표현 / 참음→정서 억제
82,82,감정,2,C. 유지·모니터링,2,2,0,"두려움을 극복하고 무언가 해낸 적이 있다면, 어떤 일이었나요?",두려움을 이겨낼 때 나에게 가장 힘이 되는 것은 무엇인가요?,True,재작성,경험 전제(두려움 극복) + 회상,전제 제거,용기를 냈던 순간 중 기억나는 게 있나요? 작은 일도 좋아요.,6.499500300436928,174.0,0.114170921614333,,,두려움을 이겨낸 기억은 단단한 밑거름이 돼요.,"발표나 시험, 혹은 낯선 곳으로 떠난 여행인가요?",그 경험이 지금의 나를 어떻게 만들었나요?,문구 변경 → 가이드 재작성 필요,스트레스 대처,t,힘이 되는 자원(사람/신념/경험) → 회복 자원
83,83,감정,2,B. 패턴 기반 수정 권장,2,1,1,"내 감정을 다스리는 나만의 루틴이 있다면, 어떤 건가요?",감정이 흔들릴 때 나는 주로 무엇을 하나요?,True,재작성,'나만의 루틴' 전제,성향형 전환,기분을 가라앉히는 데 가장 효과 있는 방법은 무엇인가요?,7.787979216917762,154.0,0.1403365386805624,,,마음을 관리하는 방법이 있다는 건 든든해요.,"일기 쓰기, 운동 혹은 명상인가요?",이 활동을 루틴화하게 된 이야기도 궁금해요.,문구 변경 → 가이드 재작성 필요,스트레스 대처,t,감정이 흔들릴 때의 행동 → 대처 유형
84,84,감정,2,B. 패턴 기반 수정 권장,5,1,4,"남에게 말하지 못한 비밀스러운 걱정이 있다면, 어떤 건가요?",남에게 잘 말하지 않는 걱정은 어떤 종류인가요?,True,재작성,비밀 고백 요구 (부담 과다),강도 완화,"걱정이 생기면 털어놓는 편인가요, 혼자 삭이는 편인가요?",7.793125680936614,90.0,0.2658867831585775,,,속에 담아둔 걱정은 나를 무겁게 만들기도 해요.,미래에 대한 불안이나 관계에 대한 고민인가요?,그 걱정을 조금 가볍게 비울 수 있는 방법은 없을까요?,문구 변경 → 가이드 재작성 필요,감정 민감도,t,숨기는 걱정의 영역 → 불안 주제
85,85,감정,2,C. 유지·모니터링,1,1,0,누군가에게 깊은 감동을 받았던 순간은 언제인가요?,나를 감동시키는 것은 주로 어떤 순간인가요?,True,경미 수정,회상형 (특정 순간을 떠올려야 함),경미 수정: 대상 일반화,누군가에게 감동받았던 기억 하나를 떠올려 볼까요?,0.1935957979626867,287.0,0.0017276241473718,,,타인의 진심이 내 마음을 울릴 때가 있어요.,뜻밖의 위로나 정성스러운 선물이었나요?,그 감동이 나를 어떻게 변화시켰나요?,문구 변경 → 가이드 재작성 필요,,,
86,86,감정,2,C. 유지·모니터링,5,2,1,한참 슬펐을 때 나를 건져준 건 무엇인가요?,슬플 때 나를 건져주는 것은 무엇인가요?,True,재작성,무거운 슬픔 회상 + 높은 자기노출,강도 완화 + 성향형,마음이 가라앉을 때 가장 먼저 찾는 것은 무엇인가요?,0.4291236916992291,267.0,0.0193445397733174,,,다시 일어설 수 있게 도와준 무언가가 있을 거예요.,친구의 한마디나 좋아하는 취미 혹은 시간인가요?,그 과정에서 새롭게 발견한 내 모습이 있나요?,문구 변경 → 가이드 재작성 필요,스트레스 대처,t,슬픔에서 회복시키는 자원
87,87,감정,2,C. 유지·모니터링,4,1,3,다른 사람을 보며 멋지다고 느끼는 포인트는 무엇인가요?,다른 사람을 보며 멋지다고 느끼는 포인트는 무엇인가요?,False,유지,위험 요소 없음 (선호·성향·양자택일형 등),,,,,,,,외적인 것보다 내면의 멋이 더 중요할 때가 있어요.,열정적인 모습이나 다정한 태도인가요?,왜 그런 모습에 마음이 가는지 궁금해요.,,,,
88,88,감정,2,B. 패턴 기반 수정 권장,0,0,0,"최근에 나의 한계를 느꼈던 적이 있다면, 어떤 순간이었나요?",한계에 부딪혔다고 느낄 때 나는 어떻게 하나요?,True,재작성,최근 + 한계 경험 전제,성향형 전환,내가 가장 약해지는 상황은 언제인가요?,16.314161324547527,30.0,0.5723008773777398,,,한계를 인정하는 것도 성장의 한 과정이에요.,더 이상은 무리다 싶었던 때를 떠올려봐요.,그 경험을 통해 무엇을 배우고 느꼈나요?,문구 변경 → 가이드 재작성 필요,스트레스 대처,t,버티기/쉬기/도움 요청/포기 → 한계 대처
89,89,감정,2,D. 우수(레퍼런스),5,3,1,나를 가장 미소 짓게 하는 추억은 무엇인가요?,나를 가장 미소 짓게 하는 추억은 무엇인가요?,False,유지,"회상형이지만 가벼운 추억 (관측 5회 중 3회, 우수)",유지,,0.0,333.0,0.0,,,좋은 기억은 언제든 꺼내 볼 수 있는 힘이 돼요.,어릴 적 여행이나 친구들과의 수다인가요?,그때의 기분을 지금 다시 느껴볼 수 있을까요?,,,,
90,90,감정,2,C. 유지·모니터링,3,0,3,지금 내가 가장 필요한 감정은 뭘까요?,"지금 나에게 가장 필요한 것은 휴식, 위로, 자극 중 무엇인가요?",True,재작성,'지금' + '필요한 감정' 추상적,구체화,요즘 나에게 가장 필요한 것은 무엇인가요?,2.0006832619499204,243.0,0.0501731751374618,,,내 마음이 무엇을 원하는지 물어보는 시간이에요.,"위로, 확신 혹은 뜨거운 열정인가요?",그 감정을 채우기 위해 오늘 뭘 해볼 수 있을까요?,문구 변경 → 가이드 재작성 필요,,,
91,91,감정,2,D. 우수(레퍼런스),4,3,1,내 성격 중 가장 소중히 여기는 모습은 무엇인가요?,내 성격 중 가장 소중히 여기는 모습은 무엇인가요?,False,유지,성과 우수 (평균보다 확실히 높음),,,,,,,,나에 대해 가장 좋아하는 점을 한번 떠올려봐요.,남들은 모르는 다정함이나 인내심인가요?,그 모습이 인생을 사는 데 왜 소중할까요?,,자기 인식,t,아끼는 성격 → 자기 가치의 근거
92,92,감정,2,B. 패턴 기반 수정 권장,3,3,0,오늘 밤 잠들기 전 나에게 해주고 싶은 말은 무엇인가요?,오늘 밤 잠들기 전 나에게 해주고 싶은 말은 무엇인가요?,False,유지(노출 시간 조정),오늘 밤 기반 (관측 3회 모두 답변),유지 + 저녁 노출 전용,,0.0,346.0,0.0,,'오늘' 기반,오늘 하루도 수고했어요. 나에게 한마디 건네봐요.,하루를 마무리하며 건네는 한마디인가요?,이 말이 내일을 맞이할 용기를 줄까요?,,,,
93,93,감정,2,A. 교체·재작성 우선,6,0,5,"내가 세상에 태어나길 잘했다고 느낀 순간이 있다면, 어떤 때였나요?",살아있길 잘했다 싶은 작은 순간은 언제인가요?,True,재작성,존재론적 무게 + 경험 전제 → 즉시 답하기 부담,강도 완화 + 구체화,나를 살아있다고 느끼게 하는 것은 무엇인가요?,8.854690047547404,49.0,0.4241336473150646,,,"살아있어서 좋다고 느낀 순간, 있잖아요.",사랑받았던 기억이나 성취의 순간인가요?,그 경험이 내 인생을 어떻게 정의해주나요?,문구 변경 → 가이드 재작성 필요,,,
94,94,감정,2,B. 패턴 기반 수정 권장,4,1,3,가장 힘들었던 순간에서 배운게 있다면 무엇인가요?,힘든 시간을 지나며 배운 것은 무엇인가요?,True,재작성,전제 + 가장 힘든 순간 소환 (무게),전제 제거,어려운 일을 겪고 나서 달라진 점은 무엇인가요?,8.826743651167106,69.0,0.3189343995726886,,,힘든 시간을 지나면서 배운 게 있잖아요.,힘든 시기를 견디며 얻은 깨달음이 있나요?,그 가르침이 지금의 삶에 어떤 힘이 되나요?,문구 변경 → 가이드 재작성 필요,,,
95,95,감정,2,C. 유지·모니터링,2,2,0,내가 생각하는 진짜 용기란 무엇인가요?,내가 생각하는 용기 있는 행동은 어떤 건가요?,True,재작성,개념 정의형 (깊은 성찰 요구),구체 사례로,용기 있다고 느끼는 사람은 어떤 행동을 하나요?,2.669619940003126,244.0,0.0481432550528766,,,용기는 단순히 무서움이 없는 상태가 아니에요.,솔직해지는 것 혹은 다시 일어서는 것인가요?,지금 내가 용기 내고 싶은 건 뭐나요?,문구 변경 → 가이드 재작성 필요,,,
96,96,감정,2,C. 유지·모니터링,2,1,1,내 인생에 가장 큰 영향을 준 감정은 뭘까요?,나를 가장 자주 움직이게 하는 감정은 무엇인가요?,True,재작성,'인생에 가장 큰 영향' 추상 + 깊은 성찰,범위 축소,나에게 가장 익숙한 감정은 무엇인가요?,-0.4339248760489078,299.0,0.0,,,돌이켜보면 나를 이끌어온 감정이 하나 있을 거예요.,"열등감, 사랑 혹은 호기심인가요?",그 감정이 나를 어떤 사람으로 이끌어왔나요?,문구 변경 → 가이드 재작성 필요,가치·동기,t,나를 움직이는 감정(설렘/불안/책임감 등) → 동기원
97,97,감정,2,C. 유지·모니터링,5,5,0,"마지막 순간에 느끼고 싶은 감정이 있다면, 어떤 감정인가요?","마지막 순간에 느끼고 싶은 감정이 있다면, 어떤 감정인가요?",False,유지,무거운 주제지만 관측 5회 모두 답변,유지,,0.0,347.0,0.0,,경험 전제형,"인생의 끝에서 느끼고 싶은 감정, 한번 상상해봐요.","평온함, 감사 혹은 후련함인가요?",그 감정을 느끼기 위해 지금 어떻게 살아야 할까요?,,,,
98,98,감정,2,C. 유지·모니터링,3,1,2,나만 아는 내 마음의 모양은 어떤 걸까요?,나만 아는 나의 속마음은 어떤 모습인가요?,True,재작성,'마음의 모양' 은유 + 추상,쉬운 말로,남들은 잘 모르는 나의 모습은 무엇인가요?,0.0,363.0,0.0,,,누구에게도 말하지 못한 나만의 깊은 내면이에요.,단단한 돌인가요 아니면 부드러운 구름인가요?,그 모양이 나를 어떻게 보호해주고 있나요?,문구 변경 → 가이드 재작성 필요,자기 인식,t,겉과 속의 차이 → 사적 자기
99,99,감정,2,C. 유지·모니터링,3,0,3,나에게 사랑이란 어떤 감정인가요?,사랑한다고 느끼는 순간은 언제인가요?,True,재작성,개념 정의형 (관측 3회 중 0회),구체화,"나에게 사랑은 설렘에 가까운가요, 편안함에 가까운가요?",3.101221585158453,203.0,0.0825546766316614,,,사랑은 세상에서 가장 다양한 얼굴을 가진 감정이에요.,"배려, 희생 혹은 함께 있는 즐거움인가요?",내가 생각하는 사랑에 가장 가까운 모습은 무엇인가요?,문구 변경 → 가이드 재작성 필요,,,
100,100,감정,2,C. 유지·모니터링,2,1,1,내 인생을 감정 한 줄로 요약하면 뭘까요?,내 인생을 계절에 비유하면 지금은 어떤 계절인가요?,True,재작성,인생 요약 요구 (부담 과다) + 은유,범위 축소 · 중복 해소(#348),내 인생을 영화 장르로 표현하면 어떤 장르일까요?,-1.084599666806163,300.0,0.0,,,내 인생을 한 줄로 적는다면 어떤 감정일까요?,"즐거움, 따스함 혹은 슬픔인가요?",그 감정과 관련된 경험 중 가장 기억에 남는 것은 무엇인가요?,문구 변경 → 가이드 재작성 필요,,,
101,101,루틴,1,E. 미노출(데이터 없음),0,0,0,아침에 일어나면 가장 먼저 무엇을 하나요?,아침에 일어나면 가장 먼저 무엇을 하나요?,False,유지,아직 노출 없음 · 위험 요소 없음,,,,,,,,하루 첫 단추를 어떻게 끼우느냐가 중요해요.,물 마시기나 기지개 켜기 같은 습관인가요?,이 작은 행동이 하루의 시작을 어떻게 만드나요?,,,,
102,102,루틴,2,B. 패턴 기반 수정 권장,0,0,0,"매일 밤 자기 전 꼭 지키는 습관이 있다면, 어떤 건가요?",자기 전에 주로 무엇을 하나요?,True,재작성,'꼭 지키는 습관' 전제,전제 제거,잠들기 전 가장 좋아하는 시간은 언제인가요?,9.341810827037856,156.0,0.1392376422468438,,,밤을 닫는 나만의 차분한 시간이에요.,일기 쓰기나 명상 혹은 독서인가요?,이 습관이 밤을 편안하게 지켜주나요?,문구 변경 → 가이드 재작성 필요,,,
103,103,루틴,2,E. 미노출(데이터 없음),0,0,0,하루 중 에너지가 가장 넘치는 시간은 언제인가요?,하루 중 에너지가 가장 넘치는 시간은 언제인가요?,False,유지,아직 노출 없음 · 위험 요소 없음,,,,,,,,내 몸의 리듬이 언제 가장 활발한지 봐요.,오전 10시인가요 아니면 조용한 새벽인가요?,왜 그때 유독 기운이 나는 걸까요?,,,,
104,104,루틴,1,C. 유지·모니터링,4,2,0,휴식을 취할 때 몸이 가장 좋아하는 자세는 무엇인가요?,휴식을 취할 때 몸이 가장 좋아하는 자세는 무엇인가요?,False,유지,위험 요소 없음 (선호·성향·양자택일형 등),,,,,,,,쉴 때만큼은 몸이 원하는 대로 맡겨봐요.,소파에 기대앉거나 대자로 눕는 자세인가요?,그 자세가 어떤 휴식을 주는지 궁금해요.,,,,
105,105,루틴,2,C. 유지·모니터링,1,1,0,외출하기 전 꼭 챙기는 물건은 무엇인가요?,외출 전 거울 앞에서 마지막으로 확인하는 것은 무엇인가요?,True,재작성,#13과 같은 의도(늘 챙기는 물건) 중복,중복 해소 → 다른 각도,,-1.9396446454083505,382.0,0.0,,,나의 루틴을 완성하는 사소한 준비물이에요.,"이어폰, 립밤 혹은 텀블러인가요?",이 물건을 챙기고 다닌 뒤로 일상이 어떻게 달라졌나요?,문구 변경 → 가이드 재작성 필요,,,
106,106,루틴,2,B. 패턴 기반 수정 권장,1,1,0,"식사 후에 습관적으로 하는 행동이 있다면, 어떤 건가요?",식사 후에 주로 무엇을 하나요?,True,경미 수정,습관 전제 (대부분 있음),경미 수정,밥 먹고 나서 꼭 하고 싶은 것은 무엇인가요?,9.13585881781221,208.0,0.0801809546593197,,,밥을 먹고 난 뒤의 작은 여유를 봐요.,커피 마시기나 가벼운 산책인가요?,이 습관이 식사 시간을 어떻게 마무리해주나요?,문구 변경 → 가이드 재작성 필요,,,
107,107,루틴,2,C. 유지·모니터링,1,1,0,하루 중 스마트폰을 가장 많이 보는 시간은 언제인가요?,하루 중 스마트폰을 가장 많이 보는 시간은 언제인가요?,False,유지,위험 요소 없음 (선호·성향·양자택일형 등),,,,,,,,나의 여가 시간이 어디로 흘러가는지 보여줘요.,출퇴근 길인가요 아니면 자기 전 침대 위인가요?,그 시간에 주로 무엇을 보며 시간을 보내나요?,,,,
108,108,루틴,1,C. 유지·모니터링,3,1,0,집에 도착하자마자 가장 먼저 하는 일은 무엇인가요?,집에 도착하자마자 가장 먼저 하는 일은 무엇인가요?,False,유지,위험 요소 없음 (선호·성향·양자택일형 등),,,,,,,,밖에서의 나를 내려놓고 돌아오는 첫 단계예요.,손 씻기나 편한 옷으로 갈아입기인가요?,그 행동을 할 때 마음이 얼마나 편해지나요?,,,,
109,109,루틴,1,C. 유지·모니터링,2,2,0,매일 사용하는 물건 중 가장 아끼는 것은 무엇인가요?,매일 사용하는 물건 중 가장 아끼는 것은 무엇인가요?,False,유지,위험 요소 없음 (선호·성향·양자택일형 등),,,,,,,,나의 일상에 가장 깊숙이 들어온 물건이에요.,매일 쓰는 펜이나 자주 쓰는 안경인가요?,그 물건이 내 일상을 얼마나 편하게 해주나요?,,,,
110,110,루틴,2,A. 교체·재작성 우선,5,1,4,"하루를 시작할 때 듣는 음악 장르가 있다면, 어떤 장르인가요?",하루를 기분 좋게 시작하게 해주는 것은 무엇인가요?,True,재작성,아침 음악 습관 전제 + 쉼표 복문,전제 제거 + 짧게 · 중복 해소(#101),,13.216170952983752,26.0,0.611996016783877,,,음악은 그날의 분위기를 결정하는 첫 신호예요.,신나는 팝송이나 차분한 클래식인가요?,이 음악이 아침 기분을 어떻게 바꿔주나요?,문구 변경 → 가이드 재작성 필요,,,
111,111,루틴,2,C. 유지·모니터링,2,1,1,나에게 주는 확실한 보상은 무엇인가요?,나에게 주는 확실한 보상은 무엇인가요?,False,유지,위험 요소 없음 (선호·성향·양자택일형 등),,,,,,,,오늘도 수고한 자신에게 줄 선물이 필요해요.,맛있는 저녁이나 좋아하는 영상 시청인가요?,이 보상이 스트레스를 어떻게 녹여주나요?,,가치·동기,t,보상의 종류 → 외적 보상 활용
112,112,루틴,2,C. 유지·모니터링,3,2,1,집중력이 필요할 때 찾는 장소는 어디인가요?,집중력이 필요할 때 찾는 장소는 어디인가요?,False,유지,위험 요소 없음 (선호·성향·양자택일형 등),,,,,,,,몰입의 즐거움을 느꼈던 곳을 떠올려 봐요.,카페 구석 자리나 내 방 책상인가요?,그 장소의 어떤 점이 집중을 도와줄까요?,,,,
113,113,루틴,2,B. 패턴 기반 수정 권장,1,1,0,"스트레스가 쌓였을 때 나도 모르게 하는 행동이 있다면, 어떤 건가요?",스트레스가 쌓이면 나도 모르게 하는 행동은 무엇인가요?,True,경미 수정,전제형,경미 수정,스트레스를 푸는 나만의 방법은 무엇인가요?,7.759524811596963,224.0,0.0693073021656844,,,나를 달래는 해소법을 아는 건 소중한 능력이에요.,매운 음식 먹기나 음악 크게 듣기인가요?,이 행동이 마음을 어떻게 다시 진정시키나요?,문구 변경 → 가이드 재작성 필요,스트레스 대처,t,무의식적 스트레스 행동 → 대처 패턴
114,114,루틴,2,C. 유지·모니터링,2,0,2,하루 중 온전히 나만을 위해 쓰는 시간은 얼마나 되나요?,하루 중 온전히 나만을 위해 쓰는 시간은 얼마나 되나요?,False,유지,위험 요소 없음 (선호·성향·양자택일형 등),,,,,,,,바쁜 일상 속에서 나를 챙기는 시간이에요.,딱 10분인가요 아니면 한 시간인가요?,그 시간을 어떻게 채울 때 가장 행복한가요?,,에너지 방향,t,나만의 시간 양 → 자기 회복 시간 확보
115,115,루틴,2,B. 패턴 기반 수정 권장,5,2,3,"미루고 싶을 때 나를 움직이게 하는 나만의 방법이 있다면, 어떤 건가요?","미루고 싶을 때 나를 움직이게 하는 건 마감인가요, 의지인가요?",True,재작성,'나만의 방법' 전제,전제 제거 + 선택지,"미루는 편인가요, 바로 하는 편인가요?",12.334280196854856,33.0,0.5571099671060507,,,귀찮음을 이겨내는 나만의 요령이 있을 거예요.,5분만 하기나 작은 보상 약속인가요?,이 방법이 효과가 있을 때 어떤 기분이 드나요?,문구 변경 → 가이드 재작성 필요,계획·실행,c,마감→외적 압박형 / 의지→자기조절형
116,116,루틴,2,C. 유지·모니터링,2,0,1,반복되는 일상에서 가장 지루하게 느끼는 순간은 언제인가요?,반복되는 일상에서 가장 지루하게 느끼는 순간은 언제인가요?,False,유지,위험 요소 없음 (선호·성향·양자택일형 등),,,,,,,,반복의 권태로움을 느끼는 지점을 찾아봐요.,출퇴근 길이나 설거지 같은 집안일인가요?,이 시간을 조금 더 즐겁게 바꿀 방법은 없을까요?,,새로움 추구,t,지루함을 느끼는 지점 → 자극 추구
117,117,루틴,2,C. 유지·모니터링,2,0,2,새로운 루틴을 만들 때 가장 힘든 점은 무엇인가요?,새로운 루틴을 만들 때 가장 힘든 점은 무엇인가요?,False,유지,위험 요소 없음 (선호·성향·양자택일형 등),,,,,,,,습관을 바꾸는 건 정말 쉽지 않은 일이에요.,처음 시작하는 것인가요 아니면 유지하는 것인가요?,어려움을 이겨낼 나만의 전략이 있나요?,,계획·실행,t,루틴이 막히는 지점 → 자기조절의 약점
118,118,루틴,2,B. 패턴 기반 수정 권장,0,0,0,"하루 일정을 정리하는 나만의 도구가 있다면, 어떤 건가요?","일정을 머릿속으로 기억하는 편인가요, 적어두는 편인가요?",True,재작성,'나만의 도구' 전제,성향형 전환,하루 일정을 정리할 때 가장 자주 쓰는 방법은 무엇인가요?,12.028735049803146,127.0,0.1797088297467197,,,시간을 관리하는 방식에 나의 성향이 묻어나요.,종이 다이어리나 스마트폰 앱인가요?,그 도구를 사용할 때 어떤 안정감을 느끼나요?,문구 변경 → 가이드 재작성 필요,계획·실행,c,머릿속→즉흥·기억 의존 / 적어둠→체계형
119,119,루틴,2,A. 교체·재작성 우선,4,1,3,"내가 지키는 습관 중 남들에게 추천하고 싶은 게 있다면, 어떤 건가요?",꾸준히 이어가고 있는 습관은 무엇인가요? 작은 것도 좋아요.,True,재작성,'지키는 습관'이 있어야 함 + 추천이라는 이중 요구,조건 하나로 축소,갖고 싶은 습관 하나를 고른다면 무엇인가요?,7.318025944189327,95.0,0.2479276167380216,,,나를 변화시킨 좋은 습관을 공유해보는 시간이에요.,일찍 일어나기나 매일 물 마시기인가요?,그 습관이 내 삶을 어떻게 더 건강하게 만들었나요?,문구 변경 → 가이드 재작성 필요,,,
120,120,루틴,2,C. 유지·모니터링,1,0,1,주말과 평일의 루틴 중 가장 큰 차이점은 무엇인가요?,주말과 평일의 루틴 중 가장 큰 차이점은 무엇인가요?,False,유지,위험 요소 없음 (선호·성향·양자택일형 등),,,,,,,,휴식과 업무의 균형을 어떻게 맞추는지 봐요.,기상 시간이나 먹는 음식인가요?,이 차이가 내 삶의 리듬에 어떤 영향을 주고 있나요?,,,,
121,121,루틴,2,C. 유지·모니터링,2,0,2,주말에 꼭 하는 일은 무엇인가요?,주말에 꼭 하는 일은 무엇인가요?,False,유지,위험 요소 없음 (선호·성향·양자택일형 등),,,,,,,,주말은 일주일을 정리하는 시간이에요.,늦잠 자기나 대청소 혹은 취미 활동을 생각해봐요.,그 일을 하고 나면 마음이 얼마나 충전되나요?,,,,
122,122,루틴,2,C. 유지·모니터링,2,2,0,할 일이 많을 때 어떤 순서로 처리하나요?,할 일이 많을 때 어떤 순서로 처리하나요?,False,유지,위험 요소 없음 (선호·성향·양자택일형 등),,,,,,,,바쁠수록 중심을 잡는 기준이 필요해요.,쉬운 일부터 하는지 아니면 급한 일부터 하는지 봐요.,그 순서가 나에게 가장 잘 맞는 방법인가요?,,계획·실행,t,우선순위·계획 방식 → 체계성
123,123,루틴,2,B. 패턴 기반 수정 권장,4,3,1,"건강을 위해 매일 챙겨 먹는 게 있다면, 어떤 건가요?",건강을 위해 챙기고 있는 것은 무엇인가요? 작은 것도 좋아요.,True,경미 수정,전제형 (관측 4회 중 3회 양호),경미 수정,건강을 위해 시작하고 싶은 습관은 무엇인가요?,5.26153009106708,119.0,0.190617602778101,,,나를 가꾸는 습관은 몸에서 먼저 나타나요.,비타민이나 물 마시기 혹은 건강식을 떠올려 봐요.,이 습관을 유지하는 게 나에게 어떤 느낌을 주나요?,문구 변경 → 가이드 재작성 필요,,,
124,124,루틴,2,B. 패턴 기반 수정 권장,3,1,2,"약속 시간에 늦지 않기 위해 하는 준비가 있다면, 어떤 건가요?","약속 시간에 딱 맞춰 가는 편인가요, 일찍 가는 편인가요?",True,재작성,'준비' 전제,성향형 전환,늦지 않으려고 나는 무엇을 하나요?,11.969064562597048,68.0,0.3215107748327863,,,시간을 대하는 태도에 성격이 묻어나잖아요.,알람 여러 개 맞추기나 10분 일찍 출발하기인가요?,그 준비가 마음의 여유를 만드는 데 도움이 되나요?,문구 변경 → 가이드 재작성 필요,계획·실행,c,딱 맞춰→효율 / 일찍→신중·대비
125,125,루틴,2,B. 패턴 기반 수정 권장,2,0,1,"가계부를 쓰거나 돈을 관리하는 방법이 있다면, 어떤 건가요?","돈을 계획적으로 쓰는 편인가요, 그때그때 쓰는 편인가요?",True,재작성,가계부·돈 관리 전제,성향형 전환,돈 관리에서 가장 신경 쓰는 부분은 무엇인가요?,11.77649548596863,113.0,0.2036146721281323,,,돈을 어떻게 쓰는지 아는 건 삶을 관리하는 일이에요.,앱을 쓰거나 영수증을 모으는 습관이 있나요?,내 소비 패턴을 보면 어떤 생각이 드는지 궁금해요.,문구 변경 → 가이드 재작성 필요,계획·실행,c,계획적→성실·통제 / 그때그때→즉흥
126,126,루틴,2,B. 패턴 기반 수정 권장,1,1,0,"업무나 공부를 시작하기 전 마음을 가다듬는 행동이 있다면, 어떤 건가요?",무언가를 시작하기 전 마음을 가다듬는 방법은 무엇인가요?,True,재작성,업무·공부 + 행동 전제,대상 일반화,집중 모드로 들어가는 나만의 신호는 무엇인가요?,13.698962477306914,164.0,0.1301966712260819,,,집중하기 위해 나만의 의식이 필요할 때가 있어요.,책상 정리나 차 마시기 혹은 심호흡인가요?,그 행동을 하면 집중력이 얼마나 올라가나요?,문구 변경 → 가이드 재작성 필요,스트레스 대처,t,시작 전 의식 → 긴장 조절
127,127,루틴,2,A. 교체·재작성 우선,3,0,3,"운동하기 싫을 때 나를 움직이게 하는 주문이 있다면, 어떤 건가요?",하기 싫은 일을 할 때 나를 움직이게 하는 한마디는 무엇인가요?,True,재작성,운동 습관 전제 + '주문' 은유,대상 확장 + 전제 제거,"운동이든 공부든 하기 싫을 때 나를 움직이는 건 보상인가요, 의무감인가요?",12.27945667263618,66.0,0.3275821219554654,,,몸을 움직이는 건 누구에게나 큰 결심이 필요한 일이에요.,일단 나가자' 같은 짧은 생각이나 보상 약속인가요?,그 생각을 하고 나면 정말 몸이 움직여지나요?,문구 변경 → 가이드 재작성 필요,가치·동기,t,자기 동기 문장의 결(보상/책임/의미)
128,128,루틴,2,B. 패턴 기반 수정 권장,2,0,1,"여행 가방을 싸는 나만의 규칙이 있다면, 어떤 건가요?","짐을 쌀 때 꼼꼼하게 챙기는 편인가요, 최소한만 챙기는 편인가요?",True,재작성,여행 + 규칙 전제,성향형 전환,어디 갈 때 꼭 챙기는 물건은 무엇인가요?,15.973741114843666,79.0,0.2942367286049314,,,짐을 싸는 방식에서 평소의 꼼꼼함이 보여요.,목록 만들기나 필요한 것만 챙기는 방식인가요?,가방을 다 싸고 나면 어떤 기분이 드나요?,문구 변경 → 가이드 재작성 필요,계획·실행,c,꼼꼼→준비·통제 / 최소→유연·즉흥
129,129,루틴,2,A. 교체·재작성 우선,5,1,4,"기념일에 반복적으로 하는 일이 있다면, 어떤 건가요?",가장 좋아하는 기념일은 무엇인가요?,True,재작성,기념일 의례 전제,전제 제거 + 최애형,특별한 날을 보내는 나만의 방식은 무엇인가요?,8.289230370713458,59.0,0.3631984251391726,,,특별한 날을 기억하는 나만의 방식이 있어요.,가족과 식사하기나 나에게 선물하기인가요?,그 일을 하고 나면 그날이 더 특별하게 느껴지나요?,문구 변경 → 가이드 재작성 필요,,,
130,130,루틴,2,C. 유지·모니터링,1,0,1,정리 정돈을 할 때 가장 먼저 하는 일은 무엇인가요?,정리 정돈을 할 때 가장 먼저 하는 일은 무엇인가요?,False,유지,위험 요소 없음 (선호·성향·양자택일형 등),,,,,,,,공간을 비우는 건 마음을 정리하는 것과 비슷해요.,버릴 물건 고르기나 자리 배치하기인가요?,깨끗해진 공간을 보면 기분이 어떻게 바뀌나요?,,,,
131,131,루틴,2,C. 유지·모니터링,1,0,0,망가진 하루를 바로잡는 나만의 방법은 무엇인가요?,망가진 하루를 바로잡는 나만의 방법은 무엇인가요?,False,유지,위험 요소 없음 (선호·성향·양자택일형 등),,,,,,,,모든 게 꼬인 날을 되돌리고 싶을 때가 있죠.,주변 정리나 세수 같은 사소한 일인가요?,이 행동이 마음을 어떻게 다시 잡아주나요?,,스트레스 대처,t,망친 하루 복구 방식 → 회복 전략
132,132,루틴,2,B. 패턴 기반 수정 권장,2,0,2,"중요한 일을 앞두고 지키는 징크스 같은 행동이 있다면, 어떤 건가요?",중요한 일을 앞두고 하는 나만의 준비는 무엇인가요? 징크스도 좋아요.,True,재작성,징크스 전제,출구 제공,중요한 날 긴장을 푸는 방법은 무엇인가요?,6.045320141203803,179.0,0.1071315122600101,,,불안을 이겨내기 위해 하는 나만의 규칙이에요.,특정 옷을 입거나 정해진 음식을 먹는 일인가요?,그 행동이 마음의 안정을 찾는 데 도움이 되나요?,문구 변경 → 가이드 재작성 필요,계획·실행,t,준비 행동·징크스 → 통제 욕구
133,133,루틴,2,B. 패턴 기반 수정 권장,1,0,1,"계절이 바뀔 때 집 안에서 바꾸는 게 있다면, 어떤 건가요?",계절이 바뀌면 가장 먼저 느끼는 변화는 무엇인가요?,True,재작성,계절 인테리어 행동 전제,성향형 전환,계절이 바뀔 때 새로 하고 싶어지는 것은 무엇인가요?,7.168786183450187,234.0,0.0635033217975645,,,환경을 바꾸면 기분 전환에 큰 도움이 돼요.,이불 바꾸기나 작은 화분 들여놓기인가요?,바뀐 방 안의 분위기가 나에게 어떤 에너지를 주나요?,문구 변경 → 가이드 재작성 필요,,,
134,134,루틴,2,C. 유지·모니터링,2,2,0,스마트폰 없이 보내는 시간이 하루에 얼마나 되나요?,스마트폰 없이 보내는 시간이 하루에 얼마나 되나요?,False,유지,위험 요소 없음 (선호·성향·양자택일형 등),,,,,,,,가끔은 기기에서 벗어나 쉬는 시간이 필요해요.,산책 시간이나 밥 먹는 시간 혹은 아예 없는지 봐요.,그 시간 동안 내 마음은 어떤 상태인가요?,,,,
135,135,루틴,2,B. 패턴 기반 수정 권장,0,0,0,"화난 마음을 가라앉히는 나만의 루틴이 있다면, 어떤 건가요?",(비활성화),True,중복 통합(비활성화),'나만의 루틴' 전제,중복 통합(#71),화가 날 때 나는 주로 어떻게 마음을 가라앉히나요?,0.0,307.0,0.0,,,감정을 다스리는 법을 아는 건 소중한 능력이에요.,노래 크게 듣기나 일기 쓰기 혹은 잠자기인가요?,이 루틴이 나를 다시 평온하게 만들어주나요?,,,,
136,136,루틴,2,B. 패턴 기반 수정 권장,0,0,0,"매일 일기를 쓰거나 기록을 남기는 습관이 있다면, 어떤 방식인가요?","기록하는 편인가요, 기억에 맡기는 편인가요?",True,재작성,일기·기록 습관 전제 (나답 사용자 특성상 일부 해당),성향형 전환,기록으로 남기고 싶은 순간은 주로 어떤 때인가요?,14.571842136006913,109.0,0.2190980103425579,,,기록은 나중에 나를 돌아보게 하는 힘이 돼요.,짧은 메모나 사진 한 장 혹은 긴 글인가요?,기록을 남길 때 어떤 만족감을 느끼나요?,문구 변경 → 가이드 재작성 필요,계획·실행,c,기록→체계형 / 기억→즉흥형
137,137,루틴,2,E. 미노출(데이터 없음),0,0,0,잠이 오지 않을 때 몸을 편하게 만드는 방법은 무엇인가요?,잠이 오지 않을 때 몸을 편하게 만드는 방법은 무엇인가요?,False,유지,아직 노출 없음 · 위험 요소 없음,,,,,,,,잠들기 전의 편안함은 내일의 시작을 결정해요.,따뜻한 우유 마시기나 명상 혹은 조용한 음악인가요?,그 방법을 쓰면 정말 마음이 놓이나요?,,,,
138,138,루틴,2,A. 교체·재작성 우선,3,0,3,"새로운 취미를 시작할 때 거치는 과정이 있다면, 어떤 건가요?","새로운 걸 시작할 때 일단 해보는 편인가요, 충분히 알아보고 시작하는 편인가요?",True,재작성,취미 시작 경험 전제 + '과정' 추상적,선택지형으로 쉽게,요즘 새로 해보고 싶은 것은 무엇인가요?,9.160136973394312,103.0,0.2285397961866024,,,새로운 즐거움을 찾는 일은 언제나 설레는 일이에요.,장비부터 사기나 정보 검색 혹은 일단 해보기인가요?,그 과정에서 어떤 즐거움을 가장 크게 느끼나요?,문구 변경 → 가이드 재작성 필요,결정 방식,c,일단 해봄→직관·실행 / 알아봄→분석·신중
139,139,루틴,2,C. 유지·모니터링,2,2,0,집 청소를 가장 꼼꼼히 하는 날은 언제인가요?,집 청소를 가장 꼼꼼히 하는 날은 언제인가요?,False,유지,위험 요소 없음 (선호·성향·양자택일형 등),,,,,,,,청소는 마음의 복잡함을 털어내는 과정이기도 해요.,스트레스 받은 날이나 손님이 오는 날인가요?,청소를 끝내고 나면 내 기분은 어떤가요?,,,,
140,140,루틴,2,B. 패턴 기반 수정 권장,1,0,1,"중요한 약속 전날 꼭 하는 준비가 있다면, 어떤 건가요?",중요한 약속 전날 나는 주로 무엇을 하나요?,True,재작성,준비 전제,성향형 전환,중요한 날 전날 잠을 잘 자는 편인가요?,7.620404944867387,228.0,0.0673547691154825,,,정성을 들이는 만큼 약속이 소중하게 느껴져요.,옷 골라두기나 약속 장소 확인하기인가요?,그 준비가 당일의 기분에 어떤 영향을 주나요?,문구 변경 → 가이드 재작성 필요,,,
141,141,루틴,2,C. 유지·모니터링,2,0,2,지금의 습관이 10년 뒤 나를 어디로 데려갈까요?,지금의 습관을 10년 동안 이어가면 나는 어떤 사람이 되어 있을까요?,True,재작성,'습관이 데려갈 곳' 은유 + 미래 추론,쉬운 말로,10년 뒤 나에게 가장 고마울 습관은 무엇일까요?,-2.2675041514822745,370.0,0.0,,,작은 반복이 나중에 큰 변화를 만들기도 해요.,건강 습관이나 공부 습관을 떠올려 봐요.,10년 뒤의 내 모습이 자랑스러울 것 같나요?,문구 변경 → 가이드 재작성 필요,,,
142,142,루틴,2,E. 미노출(데이터 없음),0,0,0,평생 지키고 싶은 단 하나의 습관은 무엇인가요?,평생 지키고 싶은 단 하나의 습관은 무엇인가요?,False,유지,아직 노출 없음 · 위험 요소 없음,,,,,,,,나를 지탱해주는 가장 중심적인 행동이에요.,일찍 일어나기나 정직하게 말하기 같은 건가요?,왜 그 습관만큼은 꼭 지키고 싶은가요?,,,,
143,143,루틴,2,C. 유지·모니터링,3,1,2,나를 가장 잘 보여주는 생활 습관은 무엇인가요?,나를 가장 잘 보여주는 생활 습관은 무엇인가요?,False,유지,위험 요소 없음 (선호·성향·양자택일형 등),,,,,,,,습관을 보면 나라는 사람이 보이기도 해요.,항상 정리하는 습관이나 메모하는 태도인가요?,남들이 그 습관을 보고 나를 어떻게 평가할까요?,,자기 인식,t,스스로 꼽는 대표 습관 → 자기 개념
144,144,루틴,2,E. 미노출(데이터 없음),0,0,0,남들이 보는 나는 어떤 사람일까요?,남들이 보는 나는 어떤 사람일까요?,False,유지,아직 노출 없음 · 위험 요소 없음,,,,,,,,"남들이 보는 나는 어떤 사람일까, 가끔 궁금하죠.",성실한 사람 혹은 여유로운 사람일까요?,그 평가가 내가 바라는 나의 모습과 닮았나요?,,자기 인식,t,타인이 보는 나 → 공적 자기 인식
145,145,루틴,2,C. 유지·모니터링,1,0,1,나에게 '규칙적인 하루'란 어떤 건가요?,나에게 '규칙적인 하루'란 어떤 건가요?,False,유지,위험 요소 없음 (선호·성향·양자택일형 등),,,,,,,,규칙적인 하루도 내가 정의하기 나름인 법이에요.,어떤 날이 규칙적인 하루로 기억되는지 떠올려봐요.,그리고 규칙적인 하루는 어떤 기분을 가져왔는지도 생각해볼까요?,,,,
146,146,루틴,2,C. 유지·모니터링,1,1,0,지루한 반복을 견디게 하는 생각은 무엇인가요?,지루한 반복을 견디게 하는 생각은 무엇인가요?,False,유지,위험 요소 없음 (선호·성향·양자택일형 등),,,,,,,,반복되는 일상 속에 진짜 성장이 숨어 있어요.,"오늘만 하자는 마음인가요, 아니면 미래를 위한 인내인가요?",그 생각을 하면 지루함이 조금 덜어지나요?,,,,
147,147,루틴,2,C. 유지·모니터링,3,1,2,"반복되는 일상 속, 나를 가장 뿌듯하게 만드는 루틴은 무엇인가요?","반복되는 일상 속, 나를 가장 뿌듯하게 만드는 루틴은 무엇인가요?",False,유지,위험 요소 없음 (선호·성향·양자택일형 등),,,,,,,,"매일 지켜내는 루틴들이 모두 소중하지만, 그중에서도 스스로를 가장 뿌듯하게 만드는 순간이 있지 않나요?",그 행동이 유독 나를 뿌듯하게 만드는 진짜 이유는 무엇일까요?,"가끔은 귀찮거나 건너뛰고 싶은 날도 있을 텐데, 그럼에도 불구하고 그 루틴을 계속 유지하게 만드는 힘은 어디서 나오는지도 떠올려봐요.",,,,
148,148,루틴,2,B. 패턴 기반 수정 권장,3,1,2,과거의 나보다 좋아진 습관이 있다면 무엇인가요?,예전보다 나아진 나의 습관은 무엇인가요? 작은 것도 좋아요.,True,재작성,전제형,전제 제거,갖고 싶은 습관 하나를 고른다면 무엇인가요?,9.571592720299742,88.0,0.2696155518392379,,,과거의 나와 지금의 나를 한 번 떠올려봐요.,나쁜 버릇을 고쳤거나 새로운 좋은 습관을 들였나요?,그 변화를 위해 내가 들인 노력은 무엇이었나요?,문구 변경 → 가이드 재작성 필요,,,
149,149,루틴,2,C. 유지·모니터링,1,0,1,일상을 꾸려간다는 게 나에게 어떤 의미인가요?,일상을 잘 보냈다고 느끼는 날은 어떤 날인가요?,True,재작성,'일상을 꾸려간다는 것' 추상,구체화,나에게 좋은 하루의 조건은 무엇인가요?,-0.2158589238831443,288.0,0.0,,,평범한 하루를 지켜내는 건 사실 꽤 힘든 일이에요.,안정감인가요 아니면 성장을 위한 바탕인가요?,일상의 소중함을 느꼈던 특별한 순간이 있었나요?,문구 변경 → 가이드 재작성 필요,가치·동기,t,잘 보낸 하루의 기준 → 가치
150,150,루틴,2,B. 패턴 기반 수정 권장,2,0,2,오늘 하루를 기록한다면 어떤 제목을 붙이고 싶나요?,요즘 나의 일상에 제목을 붙인다면 무엇일까요?,True,재작성,오늘 기반 (저녁엔 유효),시점 이동,(저녁 노출) 오늘 하루를 기록한다면 어떤 제목을 붙이고 싶나요?,9.87023833797846,141.0,0.158086382300763,,,하루 전체를 하나의 주제로 요약해보는 시간이에요.,평범한 제목이나 시적인 제목을 생각해봐요.,그 제목이 오늘 내 마음을 얼마나 잘 설명하나요?,문구 변경 → 가이드 재작성 필요,,,
151,151,관계,1,C. 유지·모니터링,3,2,0,가족 중 가장 편하게 대화하는 사람은 누구인가요?,가족 중 대화가 가장 편한 사람은 어떤 점이 편한가요?,True,재작성,특정 인물 지목 (가족),인물 → 이유,가족과 대화할 때 가장 편한 주제는 무엇인가요?,2.367025536210315,230.0,0.0661287359413315,,,가장 가까운 사이일수록 마음이 더 잘 보여요.,부모님이나 형제 혹은 배우자를 떠올려 봐요.,그 사람과 대화할 때 내 모습은 어떤가요?,문구 변경 → 가이드 재작성 필요,,,
152,152,관계,1,C. 유지·모니터링,1,1,0,고민이 있을 때 가장 먼저 생각나는 친구는 누구인가요?,고민이 있을 때 가장 먼저 찾게 되는 친구는 어떤 사람인가요?,True,재작성,특정 인물 지목,인물 → 특징,"고민이 생기면 털어놓는 편인가요, 혼자 생각하는 편인가요?",-0.8198569217049645,380.0,0.0,,,떠오르는 이름 하나에 내 믿음의 깊이가 담겨 있어요.,오랜 친구나 최근 가까워진 지인인가요?,왜 그 친구에게 가장 먼저 말을 꺼내고 싶나요?,문구 변경 → 가이드 재작성 필요,친밀감 방식,t,고민을 맡기는 사람의 특징 → 신뢰 조건
153,153,관계,2,B. 패턴 기반 수정 권장,0,0,0,"만났을 때 기운을 얻게 되는 사람이 있다면, 누구인가요?",만나면 기운이 나는 사람은 어떤 사람인가요?,True,재작성,특정 인물 지목('누구인가요') + 전제,인물 → 특징,함께 있으면 에너지가 채워지는 사람의 공통점은 무엇인가요?,6.776297228793671,189.0,0.0971965515701003,,,함께 있는 것만으로도 에너지가 충전되는 관계가 있죠.,항상 밝은 사람이나 내 말을 잘 들어주는 사람인가요?,그 사람의 어떤 점이 나를 기분 좋게 만드나요?,문구 변경 → 가이드 재작성 필요,에너지 방향,t,기운을 주는 사람 유형 → 에너지원
154,154,관계,1,E. 미노출(데이터 없음),0,0,0,같이 밥 먹을 때 가장 편한 사람은 누구인가요?,같이 밥 먹을 때 편한 사람은 어떤 사람인가요?,True,재작성,특정 인물 지목 (노출 0회),인물 → 특징,혼밥과 같이 먹는 밥 중 뭐가 더 편한가요?,0.0,305.0,0.0,,,식사 시간은 서로의 긴장이 가장 많이 풀리는 때예요.,가족처럼 편한 친구나 마음이 잘 맞는 동료인가요?,그 사람 앞에서는 어떤 대화도 술술 나오나요?,문구 변경 → 가이드 재작성 필요,,,
155,155,관계,1,B. 패턴 기반 수정 권장,2,0,2,최근 누군가에게 받은 기분 좋은 문자는 무엇인가요?,받으면 기분 좋아지는 메시지는 어떤 메시지인가요?,True,재작성,최근 문자 전제 + 기억 탐색 부담,기간 제거 + 일반화,가장 기억에 남는 누군가의 메시지는 무엇인가요?,8.29418942709666,152.0,0.1409626206519375,,,작은 메시지 하나가 하루 전체를 빛나게 하기도 해요.,응원의 말이나 갑작스러운 안부 인사였나요?,그 문자를 읽었을 때 내 얼굴에 미소가 번졌나요?,문구 변경 → 가이드 재작성 필요,,,
156,156,관계,2,C. 유지·모니터링,2,1,1,내 생일에 가장 먼저 축하해준 사람은 누구인가요?,생일에 받으면 가장 기분 좋은 축하는 어떤 건가요?,True,재작성,특정 인물 지목 + 기억 의존,인물 → 경험,"생일을 조용히 보내는 편인가요, 챙기는 편인가요?",-0.1967973413161183,301.0,0.0,,,가장 먼저 떠올려준 정성이 고마운 순간이에요.,가까운 가족이나 정말 친한 친구였나요?,그 축하를 받았을 때 내가 어떤 존재로 느껴졌나요?,문구 변경 → 가이드 재작성 필요,,,
157,157,관계,1,C. 유지·모니터링,2,0,2,길에서 우연히 만나면 반가울 사람은 누구인가요?,길에서 우연히 만나면 반가울 사람은 어떤 사이인가요?,True,재작성,특정 인물 지목,인물 → 특징,오랜만에 다시 만나고 싶은 인연은 어떤 사이인가요?,-0.6204179806420795,377.0,0.0,,,예상치 못한 만남이 설렘을 줄 때가 있어요.,연락이 끊긴 옛 친구나 보고 싶은 지인인가요?,그 사람을 만나면 가장 먼저 무슨 말을 하고 싶나요?,문구 변경 → 가이드 재작성 필요,,,
158,158,관계,2,B. 패턴 기반 수정 권장,0,0,0,"나를 웃게 만드는 재주가 있는 친구가 있다면, 어떤 사람인가요?",나를 잘 웃게 하는 사람은 어떤 유머를 가졌나요?,True,재작성,특정 친구 전제,인물 → 특징,나는 어떤 유머에 가장 잘 웃나요?,6.886906624828393,202.0,0.0827757439529482,,,함께 웃을 수 있다는 건 정말 소중한 인연이에요.,유머 코드가 잘 맞거나 장난기 많은 친구인가요?,그 친구와 있으면 왜 고민도 잠시 잊게 될까요?,문구 변경 → 가이드 재작성 필요,,,
159,159,관계,2,B. 패턴 기반 수정 권장,1,0,1,"요즘 새로 알게 된 사람 중 호감이 가는 사람이 있다면, 어떤 점이 끌리나요?",처음 만난 사람에게 호감을 느끼는 포인트는 무엇인가요?,True,재작성,요즘 + 새로 알게 된 사람 전제 (없는 경우 많음),성향형 전환,첫인상에서 가장 먼저 보는 것은 무엇인가요?,14.255521166126671,160.0,0.1375912580325612,chosen,,새로운 인연은 일상에 신선한 공기를 불어넣어 줘요.,말투가 예쁜 사람이나 취향이 비슷한 사람인가요?,그 사람의 어떤 면이 나의 호기심을 자극하나요?,문구 변경 → 가이드 재작성 필요,친밀감 방식,t,호감 포인트 → 끌리는 관계 방식
160,160,관계,2,C. 유지·모니터링,1,0,0,연락처 목록에서 가장 의외의 인물은 누구인가요?,연락처에 저장된 이름 중 가장 재밌는 이름은 무엇인가요?,True,재작성,특정 인물 지목 + 연락처 확인 필요,가벼운 선호형으로,"연락처 목록을 정리하는 편인가요, 그대로 두는 편인가요?",-0.9813233442017788,381.0,0.0,,,가끔 목록을 보다 보면 잊고 지낸 인연이 보여요.,오래전 스쳐 지나간 인연이나 뜻밖의 인물인가요?,그 사람과 나는 어떤 기억을 공유하고 있나요?,문구 변경 → 가이드 재작성 필요,,,
161,161,관계,2,C. 유지·모니터링,1,1,0,사람들이 말하는 나의 첫인상은 어떤가요?,사람들이 말하는 나의 첫인상은 어떤가요?,False,유지,위험 요소 없음 (선호·성향·양자택일형 등),,,,,,,,남이 보는 내 모습은 내가 아는 것과 다를 수 있어요.,차갑다 혹은 친근하다는 말을 들어봤나요?,그 첫인상이 나의 진짜 모습과 얼마나 닮았나요?,,,,
162,162,관계,1,C. 유지·모니터링,1,0,1,처음 만난 사람과 어색함을 풀기 위해 주로 어떤 말을 하나요?,처음 만난 사람과 어색함을 풀기 위해 주로 어떤 말을 하나요?,False,유지,위험 요소 없음 (선호·성향·양자택일형 등),,,,,,,,첫 대화의 물꼬를 트는 나만의 요령이 있을 거예요.,날씨 이야기나 가벼운 칭찬 혹은 질문인가요?,왜 그 질문이 분위기를 푸는 데 도움이 될까요?,,,,
163,163,관계,2,C. 유지·모니터링,1,0,0,친구를 사귀 때 가장 중요하게 보는 점은 무엇인가요?,친구를 사귈 때 가장 중요하게 보는 점은 무엇인가요?,True,오류 수정,오탈자: '사귀 때',오류 수정,,-3.45623314631443,378.0,0.0,,,관계를 시작할 때 나도 모르게 보는 기준이 있어요.,"성격, 예의, 대화 코드 중 무엇인가요?",그 포인트가 왜 가장 중요한가요?,문구 변경 → 가이드 재작성 필요,가치·동기,t,친구 선택 기준 → 관계 가치
164,164,관계,2,E. 미노출(데이터 없음),0,0,0,반대되는 성격의 사람과도 잘 지내는 편인가요?,반대되는 성격의 사람과도 잘 지내는 편인가요?,False,유지,아직 노출 없음 · 위험 요소 없음,,,,,,,,다름을 받아들이는 건 마음의 폭을 넓히는 일이에요.,나와 반대인 씩씩한 사람이나 조용한 사람인가요?,그 사람을 통해 내가 배우는 점은 무엇인가요?,,관계 온도,c,잘 지냄→친화·유연 / 어려움→선호 뚜렷
165,165,관계,2,B. 패턴 기반 수정 권장,2,1,1,"주변 사람들로부터 자주 듣는 부탁이 있다면, 어떤 건가요?",주변 사람들이 나에게 자주 부탁하는 것은 무엇인가요?,True,재작성,전제형,전제 제거,사람들이 나를 찾는 이유는 무엇일까요?,5.966753220481779,169.0,0.1249721423551462,,,남들이 나를 어떤 면에서 의지하는지 보여주는 증거예요.,조언 구하기나 일손 돕기 같은 것인가요?,그 부탁을 들어줄 때 내 마음은 어떤가요?,문구 변경 → 가이드 재작성 필요,,,
166,166,관계,2,E. 미노출(데이터 없음),0,0,0,서운한 점이 있을 때 솔직하게 말하는 편인가요?,서운한 점이 있을 때 솔직하게 말하는 편인가요?,False,유지,아직 노출 없음 · 위험 요소 없음,,,,,,,,진심을 전하는 건 관계를 건강하게 유지하는 방법이에요.,바로 말하는지 아니면 참았다가 나중에 말하는지 봐요.,말하고 난 뒤의 기분은 시원한가요 아니면 미안한가요?,,친밀감 방식,c,솔직→직면형 / 아님→회피·참음
167,167,관계,1,A. 교체·재작성 우선,3,0,3,나랑 유머 코드가 가장 잘 맞는 사람은 누구인가요?,나와 유머 코드가 잘 맞는 사람은 어떤 사람인가요?,True,재작성,특정 인물 지목 (관계 카테고리),인물 → 특성,나를 가장 크게 웃게 만드는 건 어떤 유머인가요?,0.0,392.0,0.0,,,웃음 포인트가 같다는 건 마음이 통한다는 신호예요.,나의 사소한 농담에도 빵 터지는 친구인가요?,그 사람과 대화할 때 왜 유독 즐거움이 느껴질까요?,문구 변경 → 가이드 재작성 필요,,,
168,168,관계,2,E. 미노출(데이터 없음),0,0,0,다른 사람에게 내 이야기를 어디까지 털어놓나요?,다른 사람에게 내 이야기를 어디까지 털어놓나요?,False,유지,아직 노출 없음 · 위험 요소 없음,,,,,,,,마음의 문을 여는 깊이는 사람마다 다 달라요.,가벼운 일상만 말하는지 깊은 고민도 말하는지 봐요.,어느 정도까지 말했을 때 가장 마음이 편한가요?,,친밀감 방식,t,털어놓는 깊이 → 자기노출
169,169,관계,2,C. 유지·모니터링,3,1,1,다른 사람의 고민을 잘 들어주는 편인가요?,다른 사람의 고민을 잘 들어주는 편인가요?,False,유지,위험 요소 없음 (선호·성향·양자택일형 등),,,,,,,,경청은 최고의 대화 기술 중 하나예요.,조언을 해주는 편인가요 아니면 그냥 들어주는 편인가요?,고민을 들어주고 나면 내 마음은 어떤가요?,,관계 온도,c,잘 들어줌→친화·공감
170,170,관계,2,A. 교체·재작성 우선,3,0,3,나를 가장 잘 이해한다고 느끼는 사람은 누구인가요?,나를 잘 이해해주는 사람들은 어떤 공통점을 가졌나요?,True,재작성,특정 인물 지목 (관계 카테고리 '누구' 질문 답변율 28%),인물 대신 특성 묻기,누군가 나를 이해해준다고 느끼는 순간은 언제인가요?,-0.1962699324153771,394.0,0.0,,,설명하지 않아도 마음을 알아주는 존재가 있어요.,오랜 친구나 가족 혹은 동료인가요?,그 사람이 나를 이해해줄 때 어떤 위로를 받나요?,문구 변경 → 가이드 재작성 필요,,,
171,171,관계,2,C. 유지·모니터링,2,1,1,친구 사이에도 꼭 지켜야 하는 선은 무엇인가요?,친구 사이에도 꼭 지켜야 하는 선은 무엇인가요?,False,유지,위험 요소 없음 (선호·성향·양자택일형 등),,,,,,,,가까울수록 존중해야 할 경계가 필요해요.,사생활 존중이나 약속 지키기 혹은 말투인가요?,왜 그 선을 넘지 않는 게 관계 유지에 중요할까요?,,,,
172,172,관계,2,E. 미노출(데이터 없음),0,0,0,거절을 해야 할 때 어떤 마음이 드나요?,거절을 해야 할 때 어떤 마음이 드나요?,False,유지,아직 노출 없음 · 위험 요소 없음,,,,,,,,거절은 나를 지키는 방법이기도 해요.,"미안함, 후련함, 부담감 등 다양한 감정을 느낄 수 있어요.",거절할 때 주로 하는 생각도 떠올려봐요.,,관계 온도,t,미안함·죄책감→과잉 배려 / 담담→경계 설정
173,173,관계,2,C. 유지·모니터링,1,1,0,진정한 친구는 몇 명이면 충분하다고 생각하나요?,진정한 친구는 몇 명이면 충분하다고 생각하나요?,False,유지,위험 요소 없음 (선호·성향·양자택일형 등),,,,,,,,진정한 친구란 무엇일까요?,"그 기준을 떠올렸을 때, 지금 내 곁에 자연스럽게 그려지는 얼굴은 몇 명인가요?",지금 곁에 있는 친구의 수로 충분한가요? 아니면 내가 마음속으로 바라는 이상적인 숫자가 따로 있나요?,,에너지 방향,t,적은 수→깊은 소수 관계 / 많은 수→넓은 관계
174,174,관계,2,C. 유지·모니터링,2,1,0,관계에서 오는 스트레스를 어떻게 해결하나요?,관계에서 오는 스트레스를 어떻게 해결하나요?,False,유지,위험 요소 없음 (선호·성향·양자택일형 등),,,,,,,,사람 때문에 힘든 마음을 다스리는 나만의 법이 필요해요.,혼자 시간을 보내기나 다른 친구와 대화하기인가요?,그 방법이 정말 마음을 다시 편안하게 해주나요?,,스트레스 대처,t,관계 스트레스 대처 → 직면/거리두기/대화
175,175,관계,2,B. 패턴 기반 수정 권장,1,0,1,"나를 힘들게 하는 사람과 거리를 두는 방법이 있다면, 어떤 건가요?",불편한 사람과 거리를 둘 때 나는 어떻게 하는 편인가요?,True,재작성,'나를 힘들게 하는 사람' 전제,성향형 전환,"관계에서 선을 긋는 게 쉬운 편인가요, 어려운 편인가요?",3.9003143431511953,256.0,0.032647915462264,,,나를 지키기 위해 적당한 간격을 두는 건 용기예요.,연락 줄이기나 단호하게 말하기 혹은 자연스럽게 멀어지기인가요?,거리를 두고 나면 내 마음이 얼마나 가벼워지나요?,문구 변경 → 가이드 재작성 필요,관계 온도,t,직접 말함→자기주장 / 조용히 멀어짐→회피
176,176,관계,2,C. 유지·모니터링,3,1,2,내가 생각하는 '좋은 사람'의 기준은 무엇인가요?,내가 생각하는 '좋은 사람'의 기준은 무엇인가요?,False,유지,위험 요소 없음 (선호·성향·양자택일형 등),,,,,,,,내가 닮고 싶은 모습이기도 하고 바라는 모습이기도 해요.,"다정함, 정직함 혹은 성실함인가요?",나 자신은 그 기준에 얼마나 가까운 사람인가요?,,가치·동기,t,좋은 사람 기준 → 관계 가치
177,177,관계,2,E. 미노출(데이터 없음),0,0,0,누군가에게 실망했을 때 어떤 태도를 취하나요?,누군가에게 실망했을 때 어떤 태도를 취하나요?,False,유지,아직 노출 없음 · 위험 요소 없음,,,,,,,,실망감은 기대가 컸을 때 찾아오는 감정이에요.,조용히 마음을 정리하는지 아니면 대화로 푸는지 봐요.,그 대처 방식이 내 마음을 보호하는 데 최선인가요?,,관계 온도,t,표현/거리두기/이해 → 갈등 태도
178,178,관계,2,B. 패턴 기반 수정 권장,1,0,1,나를 성장하게 한 인연이 있다면 누구인가요?,나를 성장하게 한 사람은 어떤 점이 달랐나요?,True,재작성,특정 인물 지목 + 전제,인물 → 영향,누군가에게 배운 것 중 가장 오래 남은 것은 무엇인가요?,9.539572175145278,211.0,0.0767586738019542,,,어떤 만남은 내 삶을 긍정적으로 바꿔놓기도 해요.,엄격했던 선생님이나 따뜻했던 선배 혹은 경쟁자였나요?,그 사람이 나에게 남긴 가장 큰 가르침은 무엇인가요?,문구 변경 → 가이드 재작성 필요,,,
179,179,관계,2,C. 유지·모니터링,1,1,0,사람들과 어울리는 것과 혼자 있는 것 중 무엇이 더 좋나요?,사람들과 어울리는 것과 혼자 있는 것 중 무엇이 더 좋나요?,False,유지,위험 요소 없음 (선호·성향·양자택일형 등),,,,,,,,에너지를 얻는 방식이 사람마다 다 달라요.,왁자지껄한 모임인가요 아니면 조용한 고립인가요?,지금 나에게 더 필요한 시간은 어떤 쪽인가요?,,에너지 방향,c,어울림→외향 / 혼자→내향
180,180,관계,2,C. 유지·모니터링,3,1,2,다른 사람 칭찬을 잘해주는 편인가요?,다른 사람 칭찬을 잘해주는 편인가요?,False,유지,위험 요소 없음 (선호·성향·양자택일형 등),,,,,,,,좋은 점을 발견하고 말해주는 건 큰 능력이에요.,진심으로 칭찬을 자주 하는지 아니면 쑥스러워하는지 봐요.,칭찬을 건넸을 때 상대방과 나의 분위기가 어떻게 변하나요?,,관계 온도,c,잘함→친화·표현
181,181,관계,2,C. 유지·모니터링,4,2,2,나를 있는 그대로 봐주는 사람은 누구인가요?,나를 있는 그대로 봐주는 사람은 어떤 사람인가요?,True,재작성,특정 인물 지목,인물 → 특징,있는 그대로의 나를 보여줄 수 있는 관계는 어떤 관계인가요?,-0.5935028193626679,366.0,0.0,,,꾸밈없이 편하게 있을 수 있는 관계가 있어요.,가족이나 정말 친한 친구를 떠올려 봐요.,그 사람 앞에서는 왜 유독 마음이 편해지나요?,문구 변경 → 가이드 재작성 필요,,,
182,182,관계,2,C. 유지·모니터링,1,0,0,오해가 생겼을 때 어떻게 대처하나요?,오해가 생겼을 때 어떻게 대처하나요?,False,유지,위험 요소 없음 (선호·성향·양자택일형 등),,,,,,,,꼬인 마음을 푸는 건 큰 용기가 필요해요.,먼저 대화를 거는지 혹은 시간을 두는지 봐요.,내 진심을 전하는 가장 좋은 방법은 무엇일까요?,,관계 온도,t,바로 풀기→직면 / 기다림→회피·시간 필요
183,183,관계,2,B. 패턴 기반 수정 권장,2,0,2,다투면 먼저 사과하는 편인가요? 사과할 때 나만의 방식이 있나요?,"다투고 나면 먼저 사과하는 편인가요, 기다리는 편인가요?",True,재작성,두 질문 연결,하나로 축소,"화해할 때 나는 말로 푸나요, 행동으로 푸나요?",11.154346735797594,104.0,0.2272483545663617,,,사과는 관계를 지키려는 노력 중 하나예요.,잘잘못을 따지기보다 미안함을 먼저 말하는지 봐요.,사과하고 난 뒤에 마음이 얼마나 편해지나요?,문구 변경 → 가이드 재작성 필요,관계 온도,c,먼저 사과→관계 우선 / 기다림→자존·원칙
184,184,관계,2,C. 유지·모니터링,2,2,0,사람들에게 내 이야기를 잘 하는 편인가요?,사람들에게 내 이야기를 잘 하는 편인가요?,False,유지,위험 요소 없음 (선호·성향·양자택일형 등),,,,,,,,가끔은 내 마음을 보여주는 게 조심스러울 때가 있어요.,상처받기 싫어서인지 혹은 말주변이 없어서인지 봐요.,어떤 사람에게는 내 이야기를 더 하고 싶나요?,,친밀감 방식,c,잘함→자기노출 높음 / 아님→신중
185,185,관계,2,B. 패턴 기반 수정 권장,0,0,0,"사람들 사이에서 소외감을 느꼈던 적이 있다면, 어떤 상황이었나요?",여러 사람 사이에서 나는 어떤 자리에 있을 때 편한가요?,True,재작성,소외 경험 전제 + 부정적,성향형 전환 + 강도 완화,모임에서 나는 주로 어떤 역할을 맡나요?,6.277257943655778,222.0,0.0724339414044214,,,가까운 사이라도 가끔은 멀게 느껴질 때가 있어요.,대화에 끼지 못했거나 혼자만 다른 생각을 하던 때인가요?,그때 내 마음을 어떻게 달래주었나요?,문구 변경 → 가이드 재작성 필요,에너지 방향,t,중심/옆자리/뒤 → 사회적 위치 선호
186,186,관계,2,C. 유지·모니터링,1,0,1,나를 믿어주는 사람들의 공통점은 무엇인가요?,나를 믿어주는 사람들의 공통점은 무엇인가요?,False,유지,위험 요소 없음 (선호·성향·양자택일형 등),,,,,,,,나를 지지해주는 사람들에게서 내 장점이 보여요.,다정함이나 정직함을 알아봐 주는 사람들인가요?,어떤 경험에서 믿어준다는 느낌을 받았는지도 떠올려봐요.,,,,
187,187,관계,2,E. 미노출(데이터 없음),0,0,0,소중한 관계를 지키기 위해 어떤 노력을 하나요?,소중한 관계를 지키기 위해 어떤 노력을 하나요?,False,유지,아직 노출 없음 · 위험 요소 없음,,,,,,,,관계도 식물처럼 꾸준한 정성이 필요해요.,주기적으로 연락하거나 작은 선물을 챙기는 일인가요?,그 노력이 상대방에게 어떻게 전달될까요?,,친밀감 방식,t,관계 유지 노력 방식 → 친밀 표현
188,188,관계,2,B. 패턴 기반 수정 권장,1,1,0,"누군가에게 의도치 않게 상처를 준 적이 있다면, 어떤 일이었나요?",말이나 행동을 조심하게 되는 상황은 언제인가요?,True,재작성,가해 경험 인정 요구 (방어적 회피),강도 완화,누군가에게 사과하고 싶었던 적이 있나요? 떠오르는 게 없다면 사과를 잘하는 편인지 알려주세요.,4.698579891717536,252.0,0.0375527691823863,,,말 한마디가 생각보다 큰 무게를 가질 때가 있어요.,무심코 던진 농담이나 솔직했던 조언인가요?,그 일을 떠올리면 지금 어떤 마음이 드나요?,문구 변경 → 가이드 재작성 필요,감정 민감도,t,조심하는 상황 → 사회적 민감
189,189,관계,2,C. 유지·모니터링,2,1,0,나를 바꾸려 하는 사람을 만나면 어떻게 하나요?,나를 바꾸려 하는 사람을 만나면 어떻게 하나요?,False,유지,위험 요소 없음 (선호·성향·양자택일형 등),,,,,,,,나의 고유한 모습을 지키는 건 정말 중요한 일이에요.,참고 맞추는지 혹은 단호하게 거절하는지 봐요.,그 대처가 나를 지키는 데 도움이 되나요?,,관계 온도,t,맞춤/거리두기/주장 → 자기주장
190,190,관계,2,B. 패턴 기반 수정 권장,3,1,2,"관계를 정리할 때 나만의 기준이 있다면, 어떤 건가요?",관계를 정리하게 되는 순간은 언제인가요?,True,재작성,'나만의 기준' 전제,전제 제거,오래 가는 관계의 조건은 무엇이라고 생각하나요?,6.996816720013744,125.0,0.1832889687857333,,,모든 인연을 억지로 붙잡고 있을 수는 없어요.,거짓말이나 무례함 같은 기준이 있는지 봐요.,관계를 정리하고 나면 마음이 어떤가요?,문구 변경 → 가이드 재작성 필요,가치·동기,t,관계를 정리하는 기준 → 관계의 선
191,191,관계,2,A. 교체·재작성 우선,3,0,3,나를 가장 힘들게 했던 인연은 누구였나요?,나를 지치게 하는 관계는 어떤 모습인가요?,True,재작성,부정적 특정 인물 지목 → 방어적 회피,인물 → 관계 유형,관계에서 가장 힘든 순간은 언제인가요?,-2.899922091747059,393.0,0.0,,,아픈 만남도 시간이 지나면 나를 가르치기도 해요.,나를 무시하거나 지나치게 의지했던 사람인가요?,그 인연을 통해 내가 배운 것은 무엇인가요?,문구 변경 → 가이드 재작성 필요,감정 민감도,t,소진되는 관계 모습 → 민감 영역
192,192,관계,2,A. 교체·재작성 우선,3,0,3,사람들에게 듣고 싶은 진심 어린 말은 무엇인가요?,가까운 사람에게 가장 듣고 싶은 말은 무엇인가요?,True,재작성,추상적 + 타인에게 기대하는 말을 떠올리기 어려움,구체화 (시점 없는 성향형 우선) · 중복 해소(#56),요즘 누군가에게 가장 듣고 싶은 말은 무엇인가요?,0.0,402.0,0.0,,,말 한마디에 그간의 힘듦이 녹아내리기도 해요.,"고생했어 혹은 ""보고 싶었어"" 같은 말인가요?",그 말을 들으면 기분이 어떻게 바뀔까요?,문구 변경 → 가이드 재작성 필요,,,
193,193,관계,2,B. 패턴 기반 수정 권장,1,0,1,누군가에게 배운 삶의 자세가 있다면 무엇인가요?,누군가를 보며 닮고 싶다고 느낀 태도는 무엇인가요?,True,재작성,전제형,전제 제거,주변 사람에게 배우고 싶은 점은 무엇인가요?,9.277344737598986,199.0,0.0852199671965854,,,만나는 사람들로부터 좋은 면을 닮아가기도 해요.,부지런함이나 다정한 말투를 생각해봐요.,그 태도가 내 삶을 어떻게 더 좋게 만드나요?,문구 변경 → 가이드 재작성 필요,,,
194,194,관계,2,E. 미노출(데이터 없음),0,0,0,나의 약한 모습을 보여주는 게 두려운가요?,약한 모습을 보여주기 쉬운 사람은 어떤 사람인가요?,True,재작성,예/아니오 + 약점 노출 부담,열린 질문 + 강도 완화,"힘들 때 티를 내는 편인가요, 숨기는 편인가요?",-3.88907523377911,306.0,0.0,,,약함을 드러내는 건 사실 큰 용기가 필요한 일이에요.,부끄러움이나 실망할까 봐 걱정되는 마음인가요?,내 약점을 보여주었을 때 상대방의 반응은 어땠나요?,문구 변경 → 가이드 재작성 필요,친밀감 방식,t,약한 모습을 보일 수 있는 조건 → 취약성 표현
195,195,관계,2,E. 미노출(데이터 없음),0,0,0,가장 오래된 인연과의 추억 중 하나는 무엇인가요?,가장 오래된 친구와의 추억 하나를 들려주세요.,True,경미 수정,회상형이지만 가벼운 추억 (노출 0회),경미 수정,(유지) 가장 오래된 인연과의 추억 중 하나는 무엇인가요?,0.3951555138258678,283.0,0.0053799652033142,,,오랜 시간을 함께한 인연은 그 자체로 힘이 돼요.,어릴 적 같이 놀던 일이나 힘든 일을 이겨낸 기억인가요?,그 인연이 지금까지 이어지는 이유는 무엇일까요?,문구 변경 → 가이드 재작성 필요,,,
196,196,관계,2,C. 유지·모니터링,3,3,0,새로운 사람을 만나는 게 설레나요 혹은 부담되나요?,새로운 사람을 만나는 게 설레나요 혹은 부담되나요?,False,유지,위험 요소 없음 (선호·성향·양자택일형 등),,,,,,,,낯선 만남에 대한 태도에서 내 성향이 보여요.,새로운 이야기가 즐거운지 아니면 긴장되는지 봐요.,어떨 때 새로운 사람과 빨리 친해지나요?,,에너지 방향,c,설렘→외향·사회적 접근 / 부담→내향·평가 불안
197,197,관계,2,C. 유지·모니터링,2,1,1,사람들에게 내가 줄 수 있는 도움은 무엇인가요?,사람들에게 내가 줄 수 있는 도움은 무엇인가요?,False,유지,위험 요소 없음 (선호·성향·양자택일형 등),,,,,,,,나만의 작은 재능이 누군가에게 큰 힘이 될 수 있어요.,고민 들어주기나 실질적인 도움을 생각해봐요.,남을 도울 때 내 마음은 어떤 기분인가요?,,,,
198,198,관계,2,C. 유지·모니터링,1,0,1,진심이 통했다고 느꼈던 특별한 순간은 언제인가요?,진심이 통했다고 느끼는 순간은 주로 언제인가요?,True,재작성,회상형 + 특별한 순간 전제,성향형 전환,"진심을 전할 때 나는 말로 하나요, 행동으로 하나요?",0.1973194183037707,286.0,0.0018666987493512,,,말하지 않아도 마음이 이어지는 때가 있어요.,눈빛만으로 이해받았거나 우연히 생각이 같았던 때인가요?,그때 느꼈던 감정을 한 단어로 말해볼까요?,문구 변경 → 가이드 재작성 필요,,,
199,199,관계,2,C. 유지·모니터링,1,0,1,나를 진심으로 아껴주는 사람들의 행동은 무엇인가요?,나를 진심으로 아껴주는 사람들의 행동은 무엇인가요?,False,유지,위험 요소 없음 (선호·성향·양자택일형 등),,,,,,,,사랑과 배려는 사소한 행동에서 나타나요.,안부를 묻는 연락이나 나를 챙겨주는 작은 손길인가요?,그 행동들을 떠올리면 마음이 얼마나 따뜻해지나요?,,,,
200,200,관계,2,C. 유지·모니터링,3,2,1,내가 꿈꾸는 이상적인 관계는 어떤 모습인가요?,내가 꿈꾸는 이상적인 관계는 어떤 모습인가요?,False,유지,위험 요소 없음 (선호·성향·양자택일형 등),,,,,,,,서로에게 긍정적인 영향을 주는 사이를 그려봐요.,적당한 거리 유지나 솔직한 대화인가요?,그런 관계를 만들기 위해 내가 할 수 있는 건 무엇인가요?,,,,
201,201,관계,2,E. 미노출(데이터 없음),0,0,0,사람들 속에서 내 진짜 모습은 어떤가요?,사람들 앞의 나와 혼자 있을 때의 나는 어떻게 다른가요?,True,재작성,추상 + 은유('진짜 모습'),구체화,사람들 속에서 나는 주로 어떤 역할을 하나요?,-1.7757127830478947,304.0,0.0,,,가끔은 사회적인 역할과 내 본 모습이 다를 수 있어요.,밝은 척하는지 아니면 묵묵히 자리를 지키는지 생각해봐요.,진짜 나를 보여주었을 때 어떤 편안함이 느껴지나요?,문구 변경 → 가이드 재작성 필요,자기 인식,t,공적/사적 자기의 차이 크기
202,202,관계,2,C. 유지·모니터링,2,1,1,"다른 사람의 성공을 축하해줄 때, 진심으로 기뻐할 수 있나요?",다른 사람의 좋은 소식을 들으면 어떤 마음이 먼저 드나요?,True,재작성,예/아니오 + 질투 인정 부담,강도 완화 + 열린 질문,친구의 성공을 축하하는 나만의 방법은 무엇인가요?,-4.4542328068728265,302.0,0.0,,,남의 기쁨을 내 것처럼 느끼는 건 성숙함의 증거예요.,질투가 먼저 나는지 아니면 기쁨이 먼저 나는지 봐요.,진심으로 축하하고 난 뒤 내 기분은 어땠나요?,문구 변경 → 가이드 재작성 필요,감정 민감도,t,축하 먼저→안정 / 비교·조급 먼저→비교 민감
203,203,관계,2,E. 미노출(데이터 없음),0,0,0,나를 가장 화나게 하는 말은 무엇인가요?,나를 가장 화나게 하는 말은 무엇인가요?,False,유지,아직 노출 없음 · 위험 요소 없음,,,,,,,,유독 마음을 상하게 하는 특정 단어나 표현이 있어요.,내 노력을 무시하거나 나를 판단하는 말인가요?,왜 그 말이 유독 아프게 들리는 걸까요?,,감정 민감도,t,화나는 말 → 핵심 상처 지점
204,204,관계,2,C. 유지·모니터링,1,0,1,사람들과 헤어지고 집에 가는 길에 드는 생각은 무엇인가요?,사람들과 헤어지고 집에 가는 길에 드는 생각은 무엇인가요?,False,유지,위험 요소 없음 (선호·성향·양자택일형 등),,,,,,,,사람들과 어울린 후의 느낌이 내 에너지를 말해줘요.,즐거움인지 혹은 공허함이나 피곤함인지 봐요.,오늘의 만남이 나에게 어떤 의미였나요?,,에너지 방향,t,여운·충전→외향 / 피곤·곱씹기→내향·반추
205,205,관계,2,C. 유지·모니터링,2,1,1,내가 생각하는 믿음의 무게는 어느 정도인가요?,누군가를 믿게 되는 순간은 언제인가요?,True,재작성,'믿음의 무게' 은유 + 추상,구체화,"쉽게 믿는 편인가요, 천천히 믿는 편인가요?",0.7964008080401375,274.0,0.0122052657630616,,,믿음은 관계를 지탱하는 가장 단단한 뿌리예요.,한 번 깨지면 끝인지 아니면 회복 가능한지 봐요.,신뢰를 지키기 위해 내가 가장 중요하게 여기는 건 무엇인가요?,문구 변경 → 가이드 재작성 필요,친밀감 방식,t,신뢰가 생기는 조건
206,206,관계,2,C. 유지·모니터링,4,3,1,사람들에게 어떤 부분에서 인정받고 싶나요?,사람들에게 어떤 부분에서 인정받고 싶나요?,False,유지,위험 요소 없음 (선호·성향·양자택일형 등),,,,,,,,누구에게나 인정받고 싶은 마음이 있잖아요.,능력에 대한 인정인가요 아니면 인격에 대한 인정인가요?,그 인정을 받으면 삶이 어떻게 달라질까요?,,가치·동기,t,인정받고 싶은 영역 → 인정 욕구
207,207,관계,2,C. 유지·모니터링,1,1,0,나를 기억할 때 사람들이 떠올렸으면 하는 이미지는 무엇인가요?,나를 기억할 때 사람들이 떠올렸으면 하는 이미지는 무엇인가요?,False,유지,위험 요소 없음 (선호·성향·양자택일형 등),,,,,,,,누구나 사람들에게 보여지고 싶은 모습이 있어요.,다정한 사람 혹은 똑똑한 사람인가요?,그 이미지를 위해 지금 어떤 노력을 하고 있나요?,,,,
208,208,관계,2,E. 미노출(데이터 없음),0,0,0,관계에서 가장 힘든 순간은 어떤 때인가요?,관계에서 가장 힘든 순간은 어떤 때인가요?,False,유지,아직 노출 없음 · 위험 요소 없음,,,,,,,,사람 사이의 문제는 늘 어렵고 복잡하죠.,맞춰주는 일인가요 아니면 내 마음을 표현하는 일인가요?,그 어려움을 조금 덜어낼 수 있는 방법은 무엇일까요?,,감정 민감도,t,관계에서 힘든 순간 → 취약 지점
209,209,관계,2,C. 유지·모니터링,1,0,1,사람 사이의 진심은 언제 확인된다고 생각하나요?,상대가 진심이라고 느끼게 되는 행동은 무엇인가요?,True,재작성,추상 개념 (관측 1회 중 0회),구체화,진심은 말과 행동 중 어디에서 더 잘 보이나요?,-0.1973194183037707,350.0,0.0,,,진짜 마음은 말보다 상황에서 드러날 때가 많아요.,위기의 순간인가요 아니면 평범한 일상인가요?,진심을 확인했을 때 내 관계는 어떻게 변했나요?,문구 변경 → 가이드 재작성 필요,,,
210,210,관계,2,비활성,0,0,0,지금 내 주변 인연들에 대해 점수를 매긴다면?,요즘 나를 가장 편하게 해주는 관계는 어떤 관계인가요?,True,재작성,비활성 + 인연에 점수 매기기 (부담),재활성 시 대체안,,-5.550805004260983,303.0,0.0,,,주변 사람들과의 만족도를 숫자로 표현해보는 시간이에요.,1점부터 10점 사이에서 골라봐요.,더 좋은 관계를 위해 내가 바꿀 수 있는 점이 있을까요?,문구 변경 → 가이드 재작성 필요,,,
211,211,사랑,2,C. 유지·모니터링,2,2,0,"사랑이 시작될 때 나만 아는 신호가 있다면, 어떤 건가요?",누군가를 좋아하기 시작하면 나는 어떻게 달라지나요?,True,재작성,경험 전제 (사랑이 시작된 경험 필요),전제 제거,좋아하는 마음이 생길 때 가장 먼저 티 나는 행동은?,7.12806882622255,166.0,0.127175471632148,,,누군가 좋아지면 평소와 다른 행동을 하게 돼요.,자꾸 웃음이 나거나 연락을 기다리게 되나요?,그 설레는 기분이 들 때 가장 먼저 드는 생각은 무엇인가요?,문구 변경 → 가이드 재작성 필요,친밀감 방식,t,좋아할 때의 변화 → 애착 표현
212,212,사랑,1,C. 유지·모니터링,2,0,2,좋아하는 사람에게 제일 먼저 보여주고 싶은 내 모습은 뭘까요?,좋아하는 사람에게 제일 먼저 보여주고 싶은 내 모습은 뭘까요?,False,유지,위험 요소 없음 (선호·성향·양자택일형 등),,,,,,,,나의 매력을 어떻게 어필하고 싶은지 궁금해요.,밝은 에너지나 다정함 혹은 똑똑한 모습인가요?,왜 그 점을 상대방이 알아봐 주길 바라나요?,,,,
213,213,사랑,1,C. 유지·모니터링,5,2,3,내가 생각하는 사랑은 어떤 느낌인가요?,"사랑은 설렘에 가까운가요, 편안함에 가까운가요?",True,재작성,개념형 (관측 5회 중 2회),구체화 · 중복 해소(#559),,4.044042701275141,120.0,0.1891131987750259,,,사람마다 사랑의 정의는 다 다를 수 있어요.,편안함 혹은 설렘 등 다양한 느낌이 있죠.,내가 그리는 사랑에 대해 말해볼까요?,문구 변경 → 가이드 재작성 필요,친밀감 방식,c,설렘→자극 추구 / 편안함→안정 추구
214,214,사랑,2,B. 패턴 기반 수정 권장,2,0,2,"첫눈에 반한 적이 있다면, 어떤 느낌이었나요?","첫눈에 반하는 편인가요, 천천히 스며드는 편인가요?",True,재작성,첫눈에 반한 경험 전제,성향형 전환,첫눈에 반한다는 게 가능하다고 생각하나요?,10.86638221819885,117.0,0.1918969138800904,,,"첫눈에 반하는 순간, 정말 있을까요?",첫인상이 중요한지 아니면 오래 봐야 하는지 봐요.,사랑에 빠지는 속도에 대해서도 적어봐요.,문구 변경 → 가이드 재작성 필요,친밀감 방식,c,첫눈→직관·빠른 몰입 / 스며듦→신중·점진
215,215,사랑,1,D. 우수(레퍼런스),4,3,1,사랑하는 사람과 매일 하고 싶은 사소한 일은 무엇인가요?,사랑하는 사람과 매일 하고 싶은 사소한 일은 무엇인가요?,False,유지,성과 우수 (평균보다 확실히 높음),,,,,,,,거창한 것보다 소소한 일상이 사랑을 채워줘요.,같이 산책하기나 아침 인사 나누기인가요?,그 작은 일이 왜 그렇게 소중하게 느껴질까요?,,,,
216,216,사랑,2,C. 유지·모니터링,1,0,1,좋아하는 사람의 외모에서 끌리는 포인트는 무엇인가요?,좋아하는 사람의 외모에서 끌리는 포인트는 무엇인가요?,False,유지,위험 요소 없음 (선호·성향·양자택일형 등),,,,,,,,취향이 드러나는 가장 솔직한 포인트예요.,선한 눈매나 다정한 말투 혹은 웃는 얼굴인가요?,왜 그런 모습에 마음이 먼저 반응하는 걸까요?,,,,
217,217,사랑,2,E. 미노출(데이터 없음),0,0,0,설렘의 유통기한은 언제까지라고 생각하나요?,설렘의 유통기한은 언제까지라고 생각하나요?,False,유지,아직 노출 없음 · 위험 요소 없음,,,,,,,,뜨거운 감정이 편안함으로 바뀌는 시점이 궁금해요.,몇 달인가요 아니면 평생 갈 수 있다고 믿나요?,설렘이 사라진 자리를 무엇으로 채우고 싶나요?,,,,
218,218,사랑,2,C. 유지·모니터링,1,1,0,연애할 때 나의 연락 스타일은 어떤가요?,연애할 때 나의 연락 스타일은 어떤가요?,False,유지,위험 요소 없음 (선호·성향·양자택일형 등),,,,,,,,연락 자주 하는 게 애정의 척도라고 생각하나요?,수시로 톡을 하는지 아니면 용건만 간단히 하는지 봐요.,나와 연락 스타일이 다른 사람을 만나면 어떨까요?,,친밀감 방식,t,연락 빈도·방식 → 친밀 욕구
219,219,사랑,2,B. 패턴 기반 수정 권장,5,1,4,"사랑하는 사람의 습관 중 귀여운 점이 있다면, 어떤 건가요?",좋아하는 사람의 습관 중 귀엽게 느껴지는 것은 무엇인가요? 연인·가족·친구 누구든 좋아요.,True,재작성,연인 존재 전제 (싱글은 답 불가),대상 확장,사랑스럽게 느껴지는 사소한 습관은 무엇인가요?,6.310663858507265,82.0,0.2857281935592242,,,남들은 모르지만 나만 아는 매력 포인트가 있죠.,특이한 웃음소리나 말버릇을 생각해봐요.,그 모습이 왜 그렇게 사랑스럽게 느껴지나요?,문구 변경 → 가이드 재작성 필요,,,
220,220,사랑,1,E. 미노출(데이터 없음),0,0,0,가장 기억에 남는 고백의 순간은 언제인가요?,받고 싶은 고백은 어떤 모습인가요?,True,재작성,고백 경험 전제 + 회상 (노출 0회),전제 제거,"고백은 하는 편이 좋나요, 받는 편이 좋나요?",0.5989391681813672,277.0,0.0103122488576046,,,진심을 전하거나 받았던 떨림은 오래 기억돼요.,내가 먼저 말했거나 뜻밖의 고백을 받았던 때인가요?,그때 내 심장 소리가 들릴 정도로 긴장됐나요?,문구 변경 → 가이드 재작성 필요,,,
221,221,사랑,1,C. 유지·모니터링,1,0,0,좋아하는 사람에게 주고 싶은 선물은 무엇인가요?,좋아하는 사람에게 주고 싶은 선물은 무엇인가요?,False,유지,위험 요소 없음 (선호·성향·양자택일형 등),,,,,,,,물건보다 그 안에 담긴 내 마음이 중요해요.,직접 쓴 편지나 상대방에게 꼭 필요한 물건인가요?,선물을 고를 때 어떤 표정을 상상하며 준비하나요?,,,,
222,222,사랑,2,C. 유지·모니터링,1,1,0,이상형과 실제 연인은 얼마나 닮았나요?,이상형과 실제로 끌리는 사람은 얼마나 닮았나요?,True,재작성,연인 존재 전제,전제 제거,이상형은 잘 바뀌는 편인가요?,-4.803559053782092,379.0,0.0,,,머릿속으로 그린 모습과 실제 마음이 가는 사람은 다를 수 있어요.,예전의 이상형 조건과 지금 옆에 있는 사람의 특징을 비교해봐요.,이상형 조건보다 내 마음을 더 움직이게 만든 건 무엇이었나요?,문구 변경 → 가이드 재작성 필요,,,
223,223,사랑,2,C. 유지·모니터링,2,0,2,사랑과 우정의 경계선은 어디라고 생각하나요?,사랑과 우정의 경계선은 어디라고 생각하나요?,False,유지,위험 요소 없음 (선호·성향·양자택일형 등),,,,,,,,친구에서 연인이 되는 순간의 차이가 궁금해요.,스킨십인가요 아니면 자꾸 생각나는 빈도인가요?,내 마음이 친구가 아닌 연인으로 향할 때 어떤 신호가 오나요?,,,,
224,224,사랑,2,E. 미노출(데이터 없음),0,0,0,질투심이 들 때 나는 어떻게 반응하나요?,질투심이 들 때 나는 어떻게 반응하나요?,False,유지,아직 노출 없음 · 위험 요소 없음,,,,,,,,질투는 사랑의 또 다른 얼굴이기도 해요.,솔직하게 표현하는지 아니면 속으로 삭이는지 봐요.,질투가 내 관계에 어떤 영향을 주는지 궁금해요.,,감정 민감도,t,질투 반응 → 표현/억제/불안
225,225,사랑,1,C. 유지·모니터링,2,1,1,연애할 때 가장 중요하게 보는 성격은 무엇인가요?,연애할 때 가장 중요하게 보는 성격은 무엇인가요?,False,유지,위험 요소 없음 (선호·성향·양자택일형 등),,,,,,,,가치관이 잘 맞는 사람을 찾는 중요한 기준이에요.,"다정함, 책임감 혹은 유머 감각인가요?",그 성격이 왜 나랑 잘 맞을 것 같나요?,,,,
226,226,사랑,2,E. 미노출(데이터 없음),0,0,0,내가 생각하는 '좋은 연인'은 어떤 사람인가요?,내가 생각하는 '좋은 연인'은 어떤 사람인가요?,False,유지,아직 노출 없음 · 위험 요소 없음,,,,,,,,함께 걸어갈 사람에게 바라는 모습을 그려봐요.,나를 있는 그대로 봐주는 사람인가요?,나는 누군가에게 좋은 상대방인가요?,,,,
227,227,사랑,2,C. 유지·모니터링,3,1,2,사랑하는 사람과 다툼이 생기면 어떻게 해결하나요?,사랑하는 사람과 다툼이 생기면 어떻게 해결하나요?,False,유지,위험 요소 없음 (선호·성향·양자택일형 등),,,,,,,,싸우는 방식보다 화해하는 방식이 더 중요해요.,대화로 바로 푸는지 혹은 감정을 식히고 말하는지 봐요.,화해하고 난 뒤에 관계가 더 단단해지나요?,,관계 온도,t,대화/시간/회피 → 갈등 해결 방식
228,228,사랑,2,B. 패턴 기반 수정 권장,2,1,1,"사랑하는 사람과 나누고 싶은 깊은 대화 주제가 있다면, 어떤 건가요?",사랑하는 사람과 꼭 나눠보고 싶은 대화 주제는 무엇인가요?,True,재작성,연인 존재 전제,대상 확장,깊은 대화를 나누고 싶은 주제는 무엇인가요?,7.538091283974979,162.0,0.1370474516405825,,,서로의 내면을 공유하는 시간은 사랑을 깊게 해요.,미래 계획이나 과거의 아픔 혹은 꿈인가요?,그런 대화를 나누고 나면 기분이 어떨까요?,문구 변경 → 가이드 재작성 필요,,,
229,229,사랑,2,C. 유지·모니터링,2,2,0,"사랑이 나를 더 나은 사람으로 만든 적이 있다면, 어떻게 달라졌나요?",좋은 연애는 나를 어떻게 바꾼다고 생각하나요?,True,재작성,경험 전제 + 회상,성향형 전환 · 중복 해소(#245),,9.05834753295629,138.0,0.1618642026020011,,,누군가를 아끼는 마음은 긍정적인 변화를 불러와요.,나쁜 습관을 고쳤거나 더 부지런해진 경험인가요?,그 변화가 지금의 나에게 어떤 선물이 되었나요?,문구 변경 → 가이드 재작성 필요,,,
230,230,사랑,2,C. 유지·모니터링,1,1,0,사랑하는 사람이 슬플 때 나는 어떻게 대처하나요?,사랑하는 사람이 슬플 때 나는 어떻게 대처하나요?,False,유지,위험 요소 없음 (선호·성향·양자택일형 등),,,,,,,,상대의 아픔을 함께 나누는 방법이 궁금해요.,가만히 들어주는지 혹은 해결책을 제시하는지 봐요.,내 위로가 그 사람에게 어떤 힘이 되었나요?,,관계 온도,t,해결책 제시 vs 곁에 있기 → 공감 방식
231,231,사랑,2,B. 패턴 기반 수정 권장,1,0,1,나만의 독특한 연애관이 있다면 무엇인가요?,나의 연애관을 한 문장으로 표현하면?,True,재작성,'독특한 연애관' 전제,전제 제거,연애에서 절대 양보 못 하는 것은 무엇인가요?,12.097787712659436,183.0,0.1025553820530929,,,남들과는 조금 다른 나만의 사랑 방식이 있을 거예요.,각자의 시간을 철저히 지키는 것인가요?,그 연애관이 나에게 어떤 안정감을 주나요?,문구 변경 → 가이드 재작성 필요,,,
232,232,사랑,2,D. 우수(레퍼런스),3,3,0,결혼에 대한 나의 생각은 어떤가요?,결혼에 대한 나의 생각은 어떤가요?,False,유지,성과 우수 (평균보다 확실히 높음),,,,,,,,삶의 큰 선택에 대한 나의 가치관을 묻는 질문이에요.,"필수라고 생각하나요, 아니면 선택이라고 생각하나요?",결혼을 한다면 어떤 삶을 꿈꾸는지 궁금해요.,,,,
233,233,사랑,2,E. 미노출(데이터 없음),0,0,0,오래된 연인들의 편안함과 설렘 중 무엇이 더 좋은가요?,오래된 연인들의 편안함과 설렘 중 무엇이 더 좋은가요?,False,유지,아직 노출 없음 · 위험 요소 없음,,,,,,,,시간이 흐르며 변하는 감정의 색깔을 골라봐요.,익숙한 편안함인가요 아니면 낯선 설렘인가요?,왜 그 감정이 지금 나에게 더 필요한가요?,,친밀감 방식,c,편안함→안정 / 설렘→자극
234,234,사랑,2,C. 유지·모니터링,2,1,0,사랑하는 사람에게 서운할 때 나는 어떻게 행동하나요?,사랑하는 사람에게 서운할 때 나는 어떻게 행동하나요?,False,유지,위험 요소 없음 (선호·성향·양자택일형 등),,,,,,,,서운함은 기대가 있을 때 생기는 자연스러운 마음이에요.,말없이 표정으로 티를 내는지 혹은 조근조근 말하는지 봐요.,그 서운함이 풀렸을 때 내 마음은 어떤가요?,,친밀감 방식,t,말함/티 냄/참음 → 서운함 표현
235,235,사랑,2,E. 미노출(데이터 없음),0,0,0,이별을 통해 배운 가장 큰 깨달음은 무엇인가요?,헤어짐을 받아들이는 나만의 방식은 무엇인가요?,True,재작성,이별 경험 전제 + 무거움 (노출 0회),전제 제거 + 강도 완화,"관계가 끝날 때 나는 빨리 정리하는 편인가요, 오래 걸리는 편인가요?",0.2149160302875596,285.0,0.0034161649279003,,,이별 후에 알게 된 것들을 생각해볼까요?,사람 보는 눈이 생겼거나 나 자신을 더 알게 되었나요?,이후에 달라졌던 나의 태도나 행동 등을 떠올려봐요.,문구 변경 → 가이드 재작성 필요,스트레스 대처,t,이별 대처 방식 → 회복 전략
236,236,사랑,2,C. 유지·모니터링,1,1,0,나 자신을 사랑하는 방법은 무엇인가요?,나 자신을 사랑하는 방법은 무엇인가요?,False,유지,위험 요소 없음 (선호·성향·양자택일형 등),,,,,,,,타인을 사랑하기 전에 나를 먼저 아끼는 게 중요해요.,맛있는 것을 사주거나 나를 칭찬해주는 일인가요?,나를 사랑할 때 타인을 향한 마음은 어떻게 변하나요?,,자기 인식,t,자기 돌봄 방식 → 자기 자비
237,237,사랑,2,C. 유지·모니터링,1,1,0,사랑에 대해 내가 가진 가장 큰 두려움은 무엇인가요?,사랑할 때 가장 걱정되는 것은 무엇인가요?,True,재작성,두려움 고백 + 추상,강도 완화,연애에서 가장 조심하는 부분은 무엇인가요?,1.2931352099462168,276.0,0.0117431250742536,,,상처받는 것에 대한 두려움은 누구에게나 있어요.,버려질까 봐 혹은 구속당할까 봐 걱정되나요?,그 두려움을 어떻게 이겨내고 싶은지 궁금해요.,문구 변경 → 가이드 재작성 필요,친밀감 방식,t,걱정의 종류(버려짐/구속) → 애착 불안·회피
238,238,사랑,2,C. 유지·모니터링,2,2,0,사랑에서 '진심을 다한다'는 건 어떤 건가요?,사랑에서 '진심을 다한다'는 건 어떤 건가요?,False,유지,개념 정의형 (관측 2회 중 2회),유지,,0.0,359.0,0.0,,,상대를 위해 나를 내어주는 범위를 생각해보는 시간이에요.,시간을 내주는 것인가요 아니면 내 신념을 바꾸는 것인가요?,어디까지 헌신할 때 내가 가장 행복한가요?,,,,
239,239,사랑,2,E. 미노출(데이터 없음),0,0,0,사랑하는 사람을 위해 어디까지 양보할 수 있나요?,사랑하는 사람을 위해 어디까지 양보할 수 있나요?,False,유지,아직 노출 없음 · 위험 요소 없음,,,,,,,,서로 맞추어가는 과정에서 내가 놓을 수 있는 걸 찾아봐요.,생활 습관인가요 아니면 꿈이나 목표인가요?,양보하고 나서 내 마음이 후회되지는 않나요?,,관계 온도,t,양보 한계 → 경계 설정
240,240,사랑,2,E. 미노출(데이터 없음),0,0,0,연애세포가 되살아나는 순간은 언제인가요?,연애세포가 되살아나는 순간은 언제인가요?,False,유지,아직 노출 없음 · 위험 요소 없음,,,,,,,,메마른 일상에 사랑의 온기가 필요할 때가 있어요.,길에서 다정한 연인을 보았을 때나 외로움이 깊어질 때인가요?,사랑이 오면 이번에는 어떤 모습으로 맞이하고 싶나요?,,,,
241,241,사랑,2,C. 유지·모니터링,1,1,0,사랑이 변한다고 믿나요 아니면 사람이 변한다고 믿나요?,사랑이 변한다고 믿나요 아니면 사람이 변한다고 믿나요?,False,유지,위험 요소 없음 (선호·성향·양자택일형 등),,,,,,,,시간이 흐르며 달라지는 것들에 대해 생각해보는 시간이에요.,마음이 식는 것인지 사람이 바뀌는 것인지 봐요.,이 믿음이 나의 연애 방식에 어떤 영향을 주나요?,,,,
242,242,사랑,2,C. 유지·모니터링,2,2,0,사랑하는 사람과 함께 꿈꾸는 노후의 모습은 무엇인가요?,사랑하는 사람과 함께 꿈꾸는 노후의 모습은 무엇인가요?,False,유지,위험 요소 없음 (선호·성향·양자택일형 등),,,,,,,,인생의 긴 여정을 누구와 어떻게 보낼지 그려봐요.,조용한 시골집이나 활기찬 도시에서의 노년인가요?,그 풍경 속에 있는 나는 어떤 표정을 짓고 있나요?,,,,
243,243,사랑,2,C. 유지·모니터링,1,0,1,사랑에 빠졌을 때 가장 두려운 건 뭘까요?,사랑에 빠졌을 때 가장 두려운 건 뭘까요?,False,유지,위험 요소 없음 (선호·성향·양자택일형 등),,,,,,,,깊은 감정 뒤에는 나를 지키려는 본능이 숨어 있어요.,나를 잃어버리는 것인지 혹은 상처받는 것인지 봐요.,그 두려움을 안아줄 수 있는 방법은 무엇일까요?,,친밀감 방식,t,두려움의 종류 → 애착 불안·회피
244,244,사랑,2,비활성,0,0,0,나에게 사랑은 '선택'인가요 아니면 '운명'인가요?,나에게 사랑은 '선택'인가요 아니면 '운명'인가요?,False,비활성(유지),위험 요소 없음 (선호·성향·양자택일형 등),,,,,,,,"사랑이 찾아오는 건지, 내가 만들어가는 건지 궁금해요.",노력해서 일구는 것인지 우연히 찾아오는 것인지 봐요.,이 생각이 사랑을 대하는 내 태도를 어떻게 만드나요?,,,,
245,245,사랑,2,B. 패턴 기반 수정 권장,0,0,0,"사랑하는 사람 때문에 내가 바뀐 점이 있다면, 어떤 건가요?",사랑을 하면 나는 어떻게 달라지나요?,True,재작성,연애 경험 전제,성향형 전환,좋아하는 사람이 생기면 가장 먼저 변하는 것은 무엇인가요?,9.077487106157896,147.0,0.148286199366885,,,누군가를 위해 나를 변화시키는 건 대단한 정성이에요.,생활 패턴이나 성격 혹은 삶의 목표를 생각해봐요.,그 변화가 지금의 나에게 어떤 의미로 남아 있나요?,문구 변경 → 가이드 재작성 필요,,,
246,246,사랑,2,C. 유지·모니터링,3,1,2,영원한 사랑이 있다고 생각하나요?,영원한 사랑이 있다고 생각하나요?,False,유지,위험 요소 없음 (선호·성향·양자택일형 등),,,,,,,,영원함에 대한 나만의 기준을 세워보는 시간이에요.,죽을 때까지의 마음인가요 아니면 변치 않는 신뢰인가요?,나는 그 영원함을 실천할 준비가 되어 있나요?,,,,
247,247,사랑,2,B. 패턴 기반 수정 권장,1,0,1,"사랑하는 사람에게 끝내 하지 못한 말이 있다면, 어떤 말인가요?",사랑하는 사람에게 더 자주 하고 싶은 말은 무엇인가요?,True,재작성,하지 못한 말 전제 + 미련 부담,강도 완화,마음을 말로 표현하는 게 쉬운 편인가요?,7.334259148080601,233.0,0.0639326509274414,,,마음속에 남겨둔 말은 나만의 비밀이 되기도 해요.,미안하다는 말이나 고맙다는 말 혹은 진심인가요?,그 말을 꺼내지 않은 것이 나에게 어떤 기억으로 남았나요?,문구 변경 → 가이드 재작성 필요,,,
248,248,사랑,2,E. 미노출(데이터 없음),0,0,0,내 인생에서 사랑이 차지하는 비중은 몇 퍼센트쯤일까요?,내 인생에서 사랑이 차지하는 비중은 몇 퍼센트쯤일까요?,False,유지,아직 노출 없음 · 위험 요소 없음,,,,,,,,내 삶에서 사랑은 얼마만큼의 자리를 차지하고 있을까요?,50%인가요 아니면 90% 이상인가요?,사랑 외에 내 삶을 채우는 다른 소중한 것은 무엇인가요?,,가치·동기,t,사랑의 비중 → 관계 가치 크기
249,249,사랑,2,C. 유지·모니터링,2,1,1,사랑하는 사람과 단둘이 보내는 시간이 왜 소중한가요?,사랑하는 사람과 단둘이 보내는 시간이 왜 소중한가요?,False,유지,위험 요소 없음 (선호·성향·양자택일형 등),,,,,,,,함께 있는 시간은 관계의 뿌리를 단단하게 해요.,깊은 대화나 말 없는 편안함을 생각해봐요.,그 시간이 나라는 사람을 어떻게 채워주나요?,,,,
250,250,사랑,2,비활성,0,0,0,내가 생각하는 '좋은 파트너'란 어떤 사람인가요?,내가 생각하는 '좋은 파트너'란 어떤 사람인가요?,False,비활성(유지),위험 요소 없음 (선호·성향·양자택일형 등),,,,,,,,함께 걷는 사람과 나누고 싶은 핵심 가치를 찾아봐요.,서로의 성장을 돕는 것인지 혹은 묵묵한 지지인가요?,나는 그런 파트너가 되어줄 준비가 되었나요?,,,,
251,251,가치관,1,D. 우수(레퍼런스),3,2,0,인생에서 가장 소중한 단어 3개는 무엇인가요?,인생에서 가장 소중한 단어 3개는 무엇인가요?,False,유지,성과 우수 (평균보다 확실히 높음),,,,,,,,중요하게 여기는 가치는 시간이 흐르며 조금씩 변해요.,"건강, 자유, 가족 같은 단어들을 나열해 봐요.",소중하게 여기게 된 이유가 있을까요?,,,,
252,252,가치관,2,B. 패턴 기반 수정 권장,1,1,0,"지칠 때 힘이 되는 나만의 문장이 있다면, 어떤 문장인가요?",지칠 때 힘이 되는 말은 무엇인가요? 책·노래·누군가의 말 무엇이든 좋아요.,True,재작성,'나만의 문장'이 없으면 답 불가,출구 제공,스스로에게 자주 하는 응원의 말은 무엇인가요?,-2.003347142422107,386.0,0.0,,,마음을 일으켜 세우는 말 한마디가 큰 힘이 돼요.,평소 아끼는 글귀나 명언을 떠올려 봐요.,이 문장이 내 삶의 방향을 어떻게 잡아주나요?,문구 변경 → 가이드 재작성 필요,,,
253,253,가치관,1,C. 유지·모니터링,2,1,1,가장 보람을 느끼는 순간은 언제인가요?,가장 보람을 느끼는 순간은 언제인가요?,False,유지,위험 요소 없음 (선호·성향·양자택일형 등),,,,,,,,사소한 성취가 모여 삶의 의미를 만들기도 해요.,일을 끝냈을 때나 도움을 줬을 때를 봐요.,그 기분이 나를 계속 움직이게 하나요?,,가치·동기,t,보람의 원천 → 성취/관계/기여
254,254,가치관,2,C. 유지·모니터링,3,1,2,5년 뒤 '잘 살고 있다'고 느끼려면 뭐가 필요할까요?,5년 뒤 '잘 살고 있다'고 느끼려면 뭐가 필요할까요?,False,유지,위험 요소 없음 (선호·성향·양자택일형 등),,,,,,,,성공의 기준은 남이 정해주는 게 아니에요.,높은 지위인가요 아니면 마음의 평온인가요?,그 목표를 향해 나는 지금 잘 가고 있나요?,,가치·동기,t,잘 사는 조건 → 핵심 가치
255,255,가치관,1,C. 유지·모니터링,3,0,2,가장 존경하는 인물은 누구인가요?,존경하는 사람의 어떤 점을 닮고 싶나요?,True,재작성,'누구' 지목이지만 존경 인물 (관측 3회 중 0회),인물 → 이유,가장 존경하는 인물과 그 이유는 무엇인가요?,-0.8600830558594175,308.0,0.0,,,닮고 싶은 사람에게서 내가 추구하는 가치가 보여요.,역사 속 인물이나 주변 어른을 생각해봐요.,그 사람의 어떤 점을 가장 닮고 싶은가요?,문구 변경 → 가이드 재작성 필요,,,
256,256,가치관,2,C. 유지·모니터링,3,0,1,돈을 쓸 때 가장 아깝지 않은 곳은 어디인가요?,돈을 쓸 때 가장 아깝지 않은 곳은 어디인가요?,False,유지,위험 요소 없음 (선호·성향·양자택일형 등),,,,,,,,소비 패턴을 보면 내가 무엇을 아끼는지 알 수 있어요.,"여행, 교육 혹은 맛있는 음식인가요?",어떤 만족감이 돈이 아깝지 않게 만들까요?,,가치·동기,t,돈 쓰는 곳 → 경험/물건/관계 가치
257,257,가치관,2,C. 유지·모니터링,1,0,1,내가 생각하는 '부자'의 기준은 무엇인가요?,내가 생각하는 '부자'의 기준은 무엇인가요?,False,유지,위험 요소 없음 (선호·성향·양자택일형 등),,,,,,,,경제적인 것 이상의 가치를 생각해보는 시간이에요.,통장 잔고인가요 아니면 시간의 자유인가요?,나는 지금 얼마나 부유한 사람이라고 느끼나요?,,가치·동기,t,부의 기준 → 안정/자유/여유
258,258,가치관,2,C. 유지·모니터링,2,1,0,무엇을 가장 배우고 싶나요?,무엇을 가장 배우고 싶나요?,False,유지,위험 요소 없음 (선호·성향·양자택일형 등),,,,,,,,시간이나 돈이 좀 더 있었다면 배우고 싶은 것이 있나요?,"외국어, 요리 혹은 코딩처럼 취미부터 실무까지 다양해요.",그것을 배우고 나면 나는 어떻게 바뀔까요?,,새로움 추구,t,배우고 싶은 것 → 지적 호기심
259,259,가치관,1,C. 유지·모니터링,1,1,0,나를 가장 설레게 하는 단어는 무엇인가요?,나를 가장 설레게 하는 단어는 무엇인가요?,False,유지,위험 요소 없음 (선호·성향·양자택일형 등),,,,,,,,듣기만 해도 기분 좋아지는 단어가 하나쯤 있어요.,"여행, 시작 혹은 돈인가요?",왜 그 단어가 설렘을 가져올까요?,,,,
260,260,가치관,2,C. 유지·모니터링,1,1,0,나의 좌우명은 무엇인가요?,나의 좌우명은 무엇인가요?,False,유지,위험 요소 없음 (선호·성향·양자택일형 등),,,,,,,,마음속에 늘 새겨두고 있는 한 줄이 있나요?,꼭 무겁거나 진지한 한 줄일 필욘 없어요.,이 문장이 내 삶에 어떻게 영향을 미쳤나요?,,,,
261,261,가치관,2,D. 우수(레퍼런스),4,4,0,돈을 기분 좋게 썼던 기억은 무엇인가요?,돈을 기분 좋게 썼던 기억은 무엇인가요?,False,유지,"회상형이지만 가벼움 (관측 4회 모두 답변, 우수)",유지,,0.0,349.0,0.0,,,돈을 쓴 흔적을 보면 내가 소중히 여기는 게 보여요.,나를 위한 투자나 선물을 샀던 때를 봐요.,그 소비에 내 어떤 생각이 담겨 있나요?,,,,
262,262,가치관,2,C. 유지·모니터링,2,1,0,내가 생각하는 멋진 어른은 어떤 모습인가요?,내가 생각하는 멋진 어른은 어떤 모습인가요?,False,유지,위험 요소 없음 (선호·성향·양자택일형 등),,,,,,,,여유 있고 다정한 모습 또는 끝없이 도전하는 태도 등 멋진 어른의 모습은 참 다양해요.,그중에서도 가만히 보고 있으면 '나도 저렇게 나이 들고 싶다'는 마음이 드는 어른들이 있죠.,"수많은 어른들 중에서도, 유독 그 모습이 멋지게 다가온 이유는 무엇인가요?",,,,
263,263,가치관,2,B. 패턴 기반 수정 권장,1,1,0,"매일 지키고 싶은 나만의 마음가짐이 있다면, 어떤 건가요?",매일 잊지 않으려는 마음가짐은 무엇인가요?,True,재작성,'나만의 마음가짐' 전제,전제 제거,하루를 잘 보냈다고 느끼게 하는 기준은 무엇인가요?,8.164994074547316,221.0,0.0731246732899037,,,매일 지키려 노력하는 마음가짐이 삶을 결정해요.,"성실함, 긍정, 정직 등 다양한 태도가 있어요.",왜 그 태도를 가장 중요하게 생각하나요?,문구 변경 → 가이드 재작성 필요,,,
264,264,가치관,2,C. 유지·모니터링,2,1,0,실패했을 때 나를 일으켜 세우는 생각은 무엇인가요?,실패했을 때 나를 일으켜 세우는 생각은 무엇인가요?,False,유지,위험 요소 없음 (선호·성향·양자택일형 등),,,,,,,,넘어지는 것보다 다시 일어나는 마음이 더 중요해요.,다시 하면 돼' 혹은 '배운 게 있어' 같은 생각인가요?,그 생각이 나를 얼마나 단단하게 만들어주나요?,,스트레스 대처,t,실패 후 생각 → 회복 신념
265,265,가치관,2,E. 미노출(데이터 없음),0,0,0,나를 가장 성장시켰던 어려움은 무엇인가요?,(비활성화),True,중복 통합(비활성화),어려움 회상 + 무거움 + 깊은 성찰 (노출 0회),중복 통합(#94),어려운 일을 겪고 나서 성장했다고 느낀 점은 무엇인가요?,0.0,400.0,0.0,,,아픈 기억도 지나고 보면 성장의 계기가 돼요.,힘들었던 취업 준비나 이별의 시기인가요?,그 시간을 견뎌낸 나에게 어떤 말을 해주고 싶나요?,,,,
266,266,가치관,2,E. 미노출(데이터 없음),0,0,0,내가 생각하는 '성실하다'는 건 어떤 건가요?,내가 생각하는 '성실하다'는 건 어떤 건가요?,False,유지,아직 노출 없음 · 위험 요소 없음,,,,,,,,"성실하다는 게 뭘까, 가끔 생각하게 되죠.",매일 같은 일을 하는 것인지 포기하지 않는 것인지 봐요.,나는 지금 성실하게 살고 있다고 느끼나요?,,,,
267,267,가치관,2,C. 유지·모니터링,1,1,0,사람들에게 보여주고 싶은 나의 모습은 무엇인가요?,사람들에게 보여주고 싶은 나의 모습은 무엇인가요?,False,유지,위험 요소 없음 (선호·성향·양자택일형 등),,,,,,,,내가 세상에 증명하고 싶은 나의 모습이 있어요.,전문성이나 따뜻한 성품을 생각해봐요.,그 가치가 내 삶의 원동력이 되어주나요?,,자기 인식,t,보여주고 싶은 모습 → 이상적 자기
268,268,가치관,2,C. 유지·모니터링,1,0,1,나에게 '시간'은 어떤 의미인가요?,시간이 가장 빨리 가는 순간은 언제인가요?,True,재작성,개념 정의형 ('시간의 의미'),구체화,시간이 아깝지 않은 일은 무엇인가요?,2.667359357302118,263.0,0.0235494180638203,,,시간을 대하는 방식이 삶의 속도를 결정해요.,금처럼 아까운 것인지 흐르는 물처럼 자연스러운 것인지 봐요.,나는 지금 시간을 잘 쓰고 있다고 생각하나요?,문구 변경 → 가이드 재작성 필요,가치·동기,t,몰입하는 활동 → 내재 흥미
269,269,가치관,2,E. 미노출(데이터 없음),0,0,0,가장 큰 용기를 냈던 순간은 언제인가요?,용기가 필요할 때 나는 어떻게 마음을 먹나요?,True,재작성,회상형 (용기 낸 순간) (노출 0회),출구 제공 · 중복 해소(#69),,-0.6517077475148347,320.0,0.0,,,내 인생의 전환점이 되었던 선택이 있을 거예요.,"퇴사나 고백, 혹은 낯선 곳에서의 도전인가요?",그때 낸 용기가 지금의 나를 어떻게 만들었나요?,문구 변경 → 가이드 재작성 필요,,,
270,270,가치관,2,E. 미노출(데이터 없음),0,0,0,나에게 '약속'은 어떤 무게인가요?,"약속을 지키는 편인가요, 유연하게 바꾸는 편인가요?",True,재작성,'약속의 무게' 은유 + 추상 (노출 0회),구체화,절대 어기지 않는 나만의 약속은 무엇인가요?,6.845211767017833,186.0,0.1004758864729852,,,다른 사람 혹은 나 자신과의 약속에 대한 생각이에요.,무슨 일이 있어도 지키는지 혹은 유연하게 대처하는지 봐요.,약속에 대한 평소 생각을 들려줘요.,문구 변경 → 가이드 재작성 필요,계획·실행,c,지킴→원칙·성실 / 유연→적응
271,271,가치관,2,C. 유지·모니터링,3,1,2,내가 생각하는 '공정하다'는 건 어떤 건가요?,공정하지 않다고 느끼는 상황은 언제인가요?,True,재작성,개념 정의형 (관측 3회 중 1회),구체화,공정함과 배려 중 무엇이 더 중요한가요?,3.964049196458647,180.0,0.1057158324343914,,,세상을 바라보는 나만의 정의로운 기준을 찾아봐요.,똑같이 나누는 것인지 노력만큼 받는 것인지 봐요.,일상에서 이 기준을 어떻게 지키며 살고 있나요?,문구 변경 → 가이드 재작성 필요,가치·동기,t,불공정 민감 영역 → 공정 가치
272,272,가치관,2,C. 유지·모니터링,2,1,1,인생에서 '운'이 차지하는 비중은 어느 정도일까요?,인생에서 '운'이 차지하는 비중은 어느 정도일까요?,False,유지,위험 요소 없음 (선호·성향·양자택일형 등),,,,,,,,노력만큼이나 우연한 행운도 삶에 큰 영향을 줘요.,내 성공이 실력인지 혹은 운이 좋았던 것인지 봐요.,운이 좋았다고 느꼈던 특별한 경험이 있나요?,,결정 방식,t,운 비중 높음→외적 통제 / 낮음→내적 통제
273,273,가치관,2,C. 유지·모니터링,1,1,0,나는 '직감'을 믿는 편인가요?,나는 '직감'을 믿는 편인가요?,False,유지,위험 요소 없음 (선호·성향·양자택일형 등),,,,,,,,가끔은 논리보다 느낌이 더 정확할 때가 있어요.,첫인상을 믿는 편인지 혹은 근거를 찾는 편인지 봐요.,직관을 믿고 결정해서 좋았던 기억이 있나요?,,결정 방식,c,믿음→직관형 / 아님→분석형
274,274,가치관,2,C. 유지·모니터링,1,0,0,손해를 봐도 지키고 싶은 원칙은 무엇인가요?,손해를 봐도 지키고 싶은 원칙은 무엇인가요?,False,유지,위험 요소 없음 (선호·성향·양자택일형 등),,,,,,,,나를 나답게 만드는 건 스스로와의 약속이에요.,포기하고 싶지 않은 신념을 하나 찾아봐요.,그 원칙이 인생의 중심을 어떻게 잡아주나요?,,가치·동기,t,지키는 원칙 → 핵심 가치
275,275,가치관,2,C. 유지·모니터링,3,1,1,내가 생각하는 행복은 어떤 상태인가요?,행복하려면 꼭 필요한 세 가지는 무엇인가요?,True,재작성,개념 정의형 (관측 3회 중 1회),구체화 · 중복 해소(#79),,-0.6517396981476631,332.0,0.0,,,행복의 기준은 나만이 정할 수 있어요.,소소한 일상 혹은 큰 성취인지 생각해봐요.,그 행복을 위해 지금 당장 할 수 있는 건 뭘까요?,문구 변경 → 가이드 재작성 필요,가치·동기,t,행복 조건 → 가치 우선순위
276,276,가치관,2,C. 유지·모니터링,1,1,0,죽음 너머에는 무엇이 기다리고 있다고 생각하나요?,죽음 너머에는 무엇이 기다리고 있다고 생각하나요?,False,유지,죽음 너머 추상 (관측 1회 중 1회),유지,,0.0,383.0,0.0,,,평소에 죽음에 대해 해본 생각들을 떠올려봐요.,"무언가 새로운 세상이 있을까요, 아니면 모든 것이 멈추고 사라지는 완전한 끝일까요?",그 끝을 떠올려보면 기분이 어떤가요?,,,,
277,277,가치관,2,C. 유지·모니터링,2,1,1,내가 가장 자유롭다고 느끼는 순간은 언제인가요?,내가 가장 자유롭다고 느끼는 순간은 언제인가요?,False,유지,위험 요소 없음 (선호·성향·양자택일형 등),,,,,,,,"자유로운 느낌은 사람마다 다른 순간, 다른 이유로 찾아와요.",가장 최근에 얽매이는 것 없이 진짜 홀가분하다고 느꼈던 순간은 언제였나요?,그렇게 느낀 이유는 무엇인가요?,,가치·동기,t,자유를 느끼는 순간 → 자율 가치
278,278,가치관,2,C. 유지·모니터링,3,2,0,내가 주변 사람들에게 줄 수 있는 좋은 영향은 뭘까요?,내가 주변 사람들에게 줄 수 있는 좋은 영향은 뭘까요?,False,유지,위험 요소 없음 (선호·성향·양자택일형 등),,,,,,,,변화에 대한 나의 믿음을 확인해보는 시간이에요.,한 사람의 영웅인가요 아니면 다수의 작은 실천인가요?,나는 그 힘에 보탬이 되는 삶을 살고 있나요?,,,,
279,279,가치관,2,C. 유지·모니터링,1,1,0,100억이 생긴다면 내 삶의 목표가 바뀔까요?,100억이 생긴다면 내 삶의 목표가 바뀔까요?,False,유지,위험 요소 없음 (선호·성향·양자택일형 등),,,,,,,,돈은 삶의 많은 부분을 바꾸지만 전부는 아닐 거예요.,그 돈으로 사고 싶은 것보다 하고 싶은 일을 생각해봐요.,돈이 충분해도 여전히 목표로 삼고 싶은 것이 있나요?,,가치·동기,t,안 바뀜→내재 동기 / 바뀜→외적 조건 영향
280,280,가치관,2,C. 유지·모니터링,1,0,1,요즘 나의 일상 균형은 잘 맞고 있나요? 어느 쪽으로 기울어져 있나요?,요즘 내 일상은 일과 쉼 중 어느 쪽으로 기울어 있나요?,True,재작성,두 질문 연결 + 균형을 스스로 진단해야 함,하나로 축소 + 선택지,요즘 일상에서 더 늘리고 싶은 시간은 무엇인가요?,-3.423218697660574,341.0,0.0,,,"일과 휴식,나와 타인 사이의 적당한 지점을 찾아봐요.",어느 한쪽으로 치우치지 않으려 노력하거나 하나의 가치에 집중하고 있나요?,지금 내 삶은 내가 원하는 균형에 가까운가요?,문구 변경 → 가이드 재작성 필요,,,
281,281,가치관,2,C. 유지·모니터링,1,0,1,나에게 '가족'이란 어떤 존재인가요?,나에게 '가족'이란 어떤 존재인가요?,False,유지,위험 요소 없음 (선호·성향·양자택일형 등),,,,,,,,가족을 생각할 때 드는 마음을 떠올려봐요.,그 안에 다양한 이유가 얽혀있을거에요.,그 이유들을 톺아보면서 가족과의 관계가 내 삶에 어떤 영향을 미쳤는지도 떠올려봐요.,,,,
282,282,가치관,2,E. 미노출(데이터 없음),0,0,0,인생에서 가장 큰 영향을 준 사건은 무엇인가요?,내 인생의 전환점이라고 부를 만한 일은 무엇인가요?,True,재작성,'가장 큰 영향 준 사건' 회상 (노출 0회),부담 완화,나를 바꾼 작은 계기 하나를 들려주세요.,-0.4342715745399239,310.0,0.0,,,내 삶의 궤적을 바꾼 결정적인 순간이 있을 거예요.,우연한 만남이나 예상치 못한 사고인가요?,그 사건 이후로 내 생각은 어떻게 달라졌나요?,문구 변경 → 가이드 재작성 필요,,,
283,283,가치관,2,C. 유지·모니터링,4,2,2,나의 가치관과 충돌하는 상황에서 나는 어떻게 하나요?,나의 가치관과 충돌하는 상황에서 나는 어떻게 하나요?,False,유지,위험 요소 없음 (선호·성향·양자택일형 등),,,,,,,,신념을 지키는 것과 타협하는 것 사이의 갈등이에요.,끝까지 고집하는지 혹은 유연하게 맞추는지 봐요.,그 선택 뒤에 남는 감정은 어떤가요?,,가치·동기,t,타협/고수 → 가치 일관성
284,284,가치관,2,C. 유지·모니터링,2,2,0,삶의 의미를 어디에서 찾나요?,삶의 의미를 어디에서 찾나요?,False,유지,추상 (관측 2회 모두 답변),유지,,0.0,358.0,0.0,,,왜 살아야 하는지에 대한 나만의 답을 찾아봐요.,"성취, 사랑 혹은 평범한 하루의 반복인가요?",삶의 원동력이 되는 것들을 찬찬히 떠올려봐요.,,가치·동기,t,의미의 원천
285,285,가치관,2,C. 유지·모니터링,1,0,1,돈으로 살 수 없는 것 중 가장 아끼는 건 무엇인가요?,돈으로 살 수 없는 것 중 가장 아끼는 건 무엇인가요?,False,유지,위험 요소 없음 (선호·성향·양자택일형 등),,,,,,,,살다 보면 돈보다 더 중요한 것들이 보여요.,함께 쌓은 추억이나 건강 혹은 깊은 신뢰를 떠올려 봐요.,그것들을 지키기 위해 내가 기꺼이 할 수 있는 일은 무엇인가요?,,,,
286,286,가치관,2,E. 미노출(데이터 없음),0,0,0,다시 태어난다면 어떤 사람으로 살고 싶나요?,다시 태어난다면 어떤 사람으로 살고 싶나요?,False,유지,아직 노출 없음 · 위험 요소 없음,,,,,,,,지금의 내가 아닌 다른 모습을 상상해보는 시간이에요.,지금과 완전히 다른 직업이나 성격을 그려봐요.,왜 그런 모습으로 살아보고 싶은 걸까요?,,,,
287,287,가치관,2,C. 유지·모니터링,2,1,1,나에게 '일'은 어떤 의미인가요?,나에게 '일'은 어떤 의미인가요?,False,유지,위험 요소 없음 (선호·성향·양자택일형 등),,,,,,,,일은 단순히 돈을 버는 것 이상의 의미가 있어요.,생계 수단인지 혹은 나를 표현하는 방법인지 봐요.,일을 하면서 내가 가장 중요하게 지키고 싶은 모습은 무엇인가요?,,가치·동기,t,일의 의미(생계/성장/정체성)
288,288,가치관,2,B. 패턴 기반 수정 권장,2,0,1,더 나은 세상을 위해 소소하게라도 하고 있는 행동이 있나요?,환경이나 이웃을 위해 챙기는 작은 습관이 있나요? 없다면 해보고 싶은 것을 알려주세요.,True,재작성,행동 전제 + 도덕적 부담(없으면 민망함),전제 제거 + 부담 완화 · 중복 해소(#656),내가 지키려고 하는 작은 규칙이 있다면 무엇인가요? 분리수거도 좋아요.,-5.621402311919282,296.0,0.0,,,"누군가를 위해 문을 잡아주거나 작은 쓰레기를 줍는 것처럼, 사소했던 행동들까지 떠올려봐요.",작은 행동도 누군가에게 큰 힘이 될 때가 있죠.,그 행동 속에 담겼던 내 마음도 적어볼까요?,문구 변경 → 가이드 재작성 필요,,,
289,289,가치관,2,C. 유지·모니터링,2,0,2,내가 가장 중요하게 생각하는 옮고 그름의 기준은 무엇인가요?,내가 가장 중요하게 생각하는 옳고 그름의 기준은 무엇인가요?,True,오류 수정,오탈자: '옮고 그름',오류 수정,,0.0,376.0,0.0,,,가장 마음이 쓰이는 지점을 보면 내 기준이 느껴져요.,"정직, 책임, 배려 등이 될 수도 있어요.",이런 기준을 지키기 위해 어떤 행동을 해왔을까요?,문구 변경 → 가이드 재작성 필요,가치·동기,t,옳고 그름 기준
290,290,가치관,2,C. 유지·모니터링,2,1,1,"사람은 원래 착하다고 생각하나요, 아니면 노력해야 착해질 수 있다고 생각하나요?","사람은 원래 착한가요, 노력해야 착해지나요?",True,재작성,"문장이 김 (40자 초과, 양자택일)",짧게,,4.3306128741356975,209.0,0.0780979713100205,,,사람에 대한 나의 근본적인 시각을 확인해봐요.,성선설과 성악설 중 어느 쪽에 더 마음이 가나요?,이 믿음이 사람을 대하는 내 태도를 어떻게 만드나요?,문구 변경 → 가이드 재작성 필요,,,
291,291,가치관,2,B. 패턴 기반 수정 권장,3,1,2,"과거로 돌아갈 수 있다면 바꾸고 싶은 선택이 있다면, 어떤 건가요?",과거로 돌아가 딱 하나를 바꿀 수 있다면 무엇을 바꾸고 싶나요?,True,재작성,'~다면'이 두 번 겹친 이중 조건,조건 하나로 축소,그때 다른 선택을 했다면 어땠을까 싶은 순간은 언제인가요?,6.489283063655915,130.0,0.1749532196644946,,,후회와 아쉬움을 통해 지금의 나를 돌아보는 시간이에요.,진로 선택이나 인연에 대한 결정이었나요?,그 선택을 바꾼다면 지금의 나는 어떻게 변해 있을까요?,문구 변경 → 가이드 재작성 필요,결정 방식,t,바꾸고 싶은 선택 → 후회 영역
292,292,가치관,2,비활성,0,0,0,내가 생각하는 '사회적 책임'이란 무엇인가요?,더 나은 세상을 위해 지키는 작은 습관은 무엇인가요?,True,재작성,비활성 + 개념 정의형,재활성 시 대체안,,8.929639905506958,161.0,0.1375844243827706,,,공동체 속에서 나의 역할을 정의해보는 질문이에요.,기부나 봉사 혹은 법을 지키는 것인가요?,나는 더 나은 사회를 위해 무엇을 할 수 있나요?,문구 변경 → 가이드 재작성 필요,,,
293,293,가치관,2,C. 유지·모니터링,4,1,3,나의 인생을 한 단어로 표현한다면 무엇인가요?,나의 인생을 한 단어로 표현한다면 무엇인가요?,False,유지,위험 요소 없음 (선호·성향·양자택일형 등),,,,,,,,내 인생을 한 단어로 적는다면 뭐가 떠오를까요?,"치열함, 따스함 혹은 모험인가요?",그 단어를 선택한 이유는 무엇인가요?,,,,
294,294,가치관,2,C. 유지·모니터링,1,0,1,억울한 일을 당했을 때 나는 어떻게 대처하나요?,억울한 일을 당했을 때 나는 어떻게 대처하나요?,False,유지,위험 요소 없음 (선호·성향·양자택일형 등),,,,,,,,나의 정의로움이 시험받는 순간은 누구에게나 힘들어요.,끝까지 따지는 편인지 혹은 시간이 해결해주길 기다리는지 봐요.,그 대처 방식이 내 마음을 보호하는 데 최선이었나요?,,관계 온도,t,따짐/참음/정리 → 자기주장
295,295,가치관,2,C. 유지·모니터링,1,1,0,"힘든 시간을 보내고 있는 사람에게, 어떤 말을 건네고 싶나요?","힘든 시간을 보내고 있는 사람에게, 어떤 말을 건네고 싶나요?",False,유지,위험 요소 없음 (선호·성향·양자택일형 등),,,,,,,,"힘들어하는 누군가를 마주했을 때, 입 밖으로 꺼내지는 못했어도 마음속으로 꼭 전하고 싶었던 진심 어린 문장을 가만히 떠올려봐요.",내가 어려웠던 순간에 나에게 전해주고 싶었던 말일 수도 있어요.,"그 따뜻한 말들이 결국 나 스스로에게도 해주고 싶었던 말은 아니었을지 생각하며, 소중한 사람에게 건네고 싶은  말들을 적어볼까요?",,,,
296,296,가치관,2,C. 유지·모니터링,2,2,0,나를 기억하는 사람들에게 어떤 인상을 남기고 싶나요?,나를 기억하는 사람들에게 어떤 인상을 남기고 싶나요?,False,유지,위험 요소 없음 (선호·성향·양자택일형 등),,,,,,,,죽음 이후에도 남겨질 나의 흔적에 대해 생각해봐요.,재산인가요 아니면 내가 남긴 작품이나 이름인가요?,그 유산을 위해 지금 나는 어떻게 살고 있나요?,,,,
297,297,가치관,2,C. 유지·모니터링,2,2,0,도전을 해야할 때 나의 마음은 어떤가요?,도전을 해야할 때 나의 마음은 어떤가요?,False,유지,위험 요소 없음 (선호·성향·양자택일형 등),,,,,,,,새로운 시작을 앞둔 마음가짐에서 내 성향이 보여요.,실패에 대한 걱정이나 성공에 대한 기대 중 무엇이 더 큰지 봐요.,두려움을 이겨내고 도전했던 마지막 기억은 언제인가요?,,새로움 추구,t,설렘→접근 동기 / 두려움→회피 동기
298,298,가치관,2,C. 유지·모니터링,1,1,0,남과 나를 비교하게 될 때 어떤 생각이 드나요?,남과 나를 비교하게 될 때 어떤 생각이 드나요?,False,유지,위험 요소 없음 (선호·성향·양자택일형 등),,,,,,,,남들과 비교하며 마음이 흔들리는 순간이 있잖아요.,부러움인지 혹은 자책인지 솔직한 기분을 생각해봐요.,비교를 멈추고 나에게 집중하려면 무엇을 해야 할까요?,,감정 민감도,t,비교 시 감정 → 자존감 민감
299,299,가치관,2,C. 유지·모니터링,2,0,2,"인생의 마지막 날, 되돌아본다면 나에게 어떤 말을 할까요?",먼 훗날의 내가 지금의 나에게 해줄 말은 무엇일까요?,True,재작성,인생 마지막 회고 (관측 2회 중 0회),부담 완화,지금의 나에게 하고 싶은 응원 한마디는?,-1.5615615727865515,375.0,0.0,,,먼 훇날 지금을 돌아본다면 어떤 마음이 들까요?,지나온 시간에서 가장 가치 있는 것을 골라봐요.,그 대답 속에 담긴 내 진짜 마음은 무엇인가요?,문구 변경 → 가이드 재작성 필요,,,
300,300,가치관,2,B. 패턴 기반 수정 권장,1,1,0,"내 인생에서 꼭 한 번은 경험하고 싶은 순간이 있다면, 어떤 건가요?",인생에서 꼭 한 번은 경험하고 싶은 순간은 무엇인가요?,True,경미 수정,'~있다면' 전제 (대부분 있으므로 경미),경미 수정: 전제 제거,버킷리스트 1순위는 무엇인가요?,7.905478686265521,226.0,0.0679015868006366,,,인생의 마무리를 생각하는 건 지금을 더 소중히 살게 해요.,두려운 끝인지 혹은 자연스러운 과정의 일부인지 봐요.,내 마지막 순간에 곁에 있었으면 하는 사람은 누구인가요?,문구 변경 → 가이드 재작성 필요,,,
301,301,취향,2,B. 패턴 기반 수정 권장,7,3,4,최근에 꼭 필요하지 않지만 산 물건은 무엇인가요?,꼭 필요하진 않지만 사고 싶은 물건은 무엇인가요?,True,재작성,최근 구매 전제,기간 제거,충동구매하기 쉬운 물건은 무엇인가요?,8.766762929970911,32.0,0.5627712315558411,,,꼭 필요하진 않았는데 그냥 사버린 것들이 있잖아요.,"충동구매든, 귀여워서든, 떠오르는 걸 적어봐요.",그걸 사면서 어떤 기분이었나요?,문구 변경 → 가이드 재작성 필요,,,
302,302,취향,2,C. 유지·모니터링,6,4,2,평생 한 가지 음식만 먹을 수 있다면 뭘 고르겠어요?,평생 한 가지 음식만 먹을 수 있다면 뭘 고르겠어요?,False,유지,위험 요소 없음 (선호·성향·양자택일형 등),,,,,,,,매일 먹어도 질리지 않는 음식을 떠올려봐요.,든든한 밥이나 면 요리 혹은 평소 가장 좋아하는 음식을 떠올려 봐요.,왜 그 음식을 유독 좋아하는지도 생각해봐요.,,,,
303,303,취향,2,C. 유지·모니터링,6,5,1,"야심 차게 시작했다가 금방 포기한 취미가 있다면, 어떤 건가요?","야심 차게 시작했다가 금방 포기한 취미가 있다면, 어떤 건가요?",False,유지,'있다면' 전제이지만 관측 6회 중 5회 양호,유지,,0.0,336.0,0.0,,경험 전제형,도전했다는 것만으로도 충분히 재미있는 경험이에요.,3일 만에 접은 헬스장? 아니면 야심 차게 구독한 영어 회화인가요?,왜 계속하지 못했을까요?,,계획·실행,t,시작-포기 패턴 → 지속성
304,304,취향,2,C. 유지·모니터링,5,2,3,"사진을 많이 찍나요, 눈으로만 담는 것을 즐기나요?","사진을 많이 찍나요, 눈으로만 담는 것을 즐기나요?",False,유지,위험 요소 없음 (선호·성향·양자택일형 등),,,,,,,,"멋진 풍경을 마주했을 때 카메라를 먼저 꺼내는지, 혹은 가만히 감상부터 하는지 떠올려 봐요.",최근 여행이나 나들이 때를 떠올려봐요.,"사진 찍기에 집중하느라 순간을 놓쳤거나, 사진을 남기지 않아 아쉬웠던 경험이 있나요?",,,,
305,305,취향,2,C. 유지·모니터링,9,3,5,위시리스트에서 가장 사고 싶은 것은 무엇인가요?,위시리스트에서 가장 사고 싶은 것은 무엇인가요?,False,유지,위험 요소 없음 (선호·성향·양자택일형 등),,,,,,,,위시리스트가 가득 차도 그중에서 가장 생각나는 물건이 있죠.,"독특해서 매일 입기 어려울 것 같은 옷, 맛있어보이지만 비싼 젤리, 신기한데 쓸지 모를 물건인가요?",왜 사고 싶었는데 아직 사지 않았는지 떠올려봐요.,,,,
306,306,취향,2,A. 교체·재작성 우선,6,1,2,최근 산 것 중 가장 만족스러운 건 무엇인가요?,지금까지 산 것 중 가장 만족스러운 건 무엇인가요?,True,재작성,최근 구매가 없으면 답 불가,범위 확대,돈이 아깝지 않았던 물건은 무엇인가요?,8.342214842686053,44.0,0.4592891445559759,,,돈을 썼는데도 더 풍족해진 것 같은 소비가 있어요.,"옷, 음식, 소품 등 최근 산 것을 떠올려봐요.",그 물건이 일상에 어떤 변화를 줬나요?,문구 변경 → 가이드 재작성 필요,,,
307,307,취향,1,D. 우수(레퍼런스),9,5,2,인생 드라마는 무엇인가요?,인생 드라마는 무엇인가요?,False,유지,성과 우수 (평균보다 확실히 높음),,,,,,,,16부작이어도 너무 짧다고 느껴질 정도로 재밌었던 드라마를 떠올려봐요.,"로맨스, 스릴러, 코미디 혹은 직업물이었나요?",그 드라마가 내게 미친 영향도 떠올려봐요.,,,,
308,308,취향,2,C. 유지·모니터링,7,4,1,쉴 때마다 구경하는 앱은 무엇인가요?,쉴 때마다 구경하는 앱은 무엇인가요?,False,유지,위험 요소 없음 (선호·성향·양자택일형 등),,,,,,,,쉴 틈이 날 때마다 손이 가는 앱이 있죠.,"인스타, 유튜브, 당근 등 뭐가 떠오르나요?",그 앱을 몇시간 썼는지도 확인해봐요.,,,,
309,309,취향,2,B. 패턴 기반 수정 권장,6,5,1,"언젠가 살아보고 싶은 곳이 있다면, 어디인가요?","언젠가 살아보고 싶은 곳이 있다면, 어디인가요?",False,유지,전제형 (관측 6회 중 5회 양호),유지,,0.0,335.0,0.0,,경험 전제형,"맑은 공기가 있는 지방, 화려한 불빛으로 가득한 도시, 혹은 오래 살아 정감이 가는 고향인가요?",언제 어떻게 살고 싶은지도 떠올려봐요.,이상적인 집은 뭐라고 생각하고 있나요?,,,,
310,310,취향,2,D. 우수(레퍼런스),7,5,2,최애 잠옷은 무엇인가요?,최애 잠옷은 무엇인가요?,False,유지,성과 우수 (평균보다 확실히 높음),,,,,,,,너덜너덜해져도 놓아줄 수 없는 최애 잠옷이 있나요?,왜 그 잠옷을 좋아하는지도 궁금해요.,집에서 어떻게 지내는 걸 좋아하나요?,,,,
311,311,취향,2,C. 유지·모니터링,5,2,2,취미에 일주일에 얼마나 시간을 쓰나요?,취미에 일주일에 얼마나 시간을 쓰나요?,False,유지,위험 요소 없음 (선호·성향·양자택일형 등),,,,,,,,좋아하는 일이어도 매일 같이 시간을 내기 어렵기도 해요.,"취미 생활은 무엇인지, 어떻게 즐기고 있는지 떠올려봐요.",취미에 대한 목표는 무엇인가요?,,가치·동기,t,취미 시간 크기 → 여가·자기표현 가치
312,312,취향,2,D. 우수(레퍼런스),5,4,1,낮잠 자는 걸 좋아하나요?,낮잠 자는 걸 좋아하나요?,False,유지,성과 우수 (평균보다 확실히 높음),,,,,,,,사람마다 수면 방식이 달라요.,"밤에 짧게 자고 낮잠 자는 걸 즐기기도, 낮잠 자는 걸 기피하기도 하죠.",언제쯤 졸음이 쏟아졌는지도 떠올려봐요.,,,,
313,313,취향,2,C. 유지·모니터링,4,3,1,이동하는 시간에 나는 주로 무슨 생각을 하나요?,이동하는 시간에 나는 주로 무슨 생각을 하나요?,False,유지,위험 요소 없음 (선호·성향·양자택일형 등),,,,,,,,이동 시간은 의외로 나만의 소중한 사색 시간이 되기도 해요.,"음악 듣기, 멍 때리기, SNS 보기 등을 떠올려봐요.",그 시간이 나에게 어떤 의미인가요?,,새로움 추구,t,이동 중 생각의 결(계획/공상) → 상상·개방
314,314,취향,2,C. 유지·모니터링,3,3,0,여행 갈 때 계획파인가요 무계획파인가요?,여행 갈 때 계획파인가요 무계획파인가요?,False,유지,"여행 전제 오탐, 양자택일 (관측 3회 모두 답변)",유지,,0.0,345.0,0.0,,특정 활동 전제,여행을 가는 건 즐거운 일이죠.,"더 즐기기 위해 촘촘한 계획을 채우기도 하고, 자유롭게 즐기고자 계획 없이 떠나기도 해요.","같이 가는 사람에 따라 달라지는지, 어떤 여행을 즐기는지 떠올려봐요.",,계획·실행,c,계획파→체계 / 무계획파→즉흥
315,315,취향,2,A. 교체·재작성 우선,8,2,6,"나만의 공부 스타일이 있다면, 어떤 건가요?",새로운 걸 배울 때 나에게 맞는 방식은 무엇인가요?,True,재작성,공부 습관 전제 (특정 활동),대상 확장,"혼자 익히는 편인가요, 누군가에게 배우는 편인가요?",11.49268686854706,19.0,0.8210638608013721,,,"오래 집중하는 스타일도 있고, 짧게 몰아서 하는 스타일도 있어요.","카페파인가요, 도서관파인가요, 아니면 집에서 혼자 하는 게 편한가요?",어떤 공부법을 왜 선택하게 됐는지 생각해봐요.,문구 변경 → 가이드 재작성 필요,새로움 추구,t,배우는 방식(직접/체계적/사람) → 학습 스타일
316,316,취향,2,C. 유지·모니터링,5,3,2,가장 좋아하는 유튜버는 누구인가요?,가장 좋아하는 유튜버는 누구인가요?,False,유지,'누구' 최애형 (관측 5회 중 3회),유지,,0.0,365.0,0.0,,특정 인물 지목,유튜브가 레드오션이라고 해도 자꾸 생각나서 찾게 되는 유튜버가 있나요?,어떻게 그 유튜버를 알게 됐는지 떠올려봐요.,어떤 점이 자꾸 영상을 보게 만드나요?,,,,
317,317,취향,1,D. 우수(레퍼런스),7,5,2,노래방에 가면 꼭 부르는 노래는 무엇인가요?,노래방에 가면 꼭 부르는 노래는 무엇인가요?,False,유지,성과 우수 (평균보다 확실히 높음),,,,,,,,"고음이 가득해서 스트레스가 풀리는 노래, 서정적인 멜로디가 좋은 노래 혹은 친구들과 부르기 재밌는 아이돌 노래인가요?",18번 곡이 있다면 뭘지 떠올려봐요.,그 노래를 부를 때 어떤 기분이 드나요?,,,,
318,318,취향,2,C. 유지·모니터링,6,2,3,가장 좋아하는 게임은 무엇인가요?,가장 좋아하는 게임은 무엇인가요?,False,유지,위험 요소 없음 (선호·성향·양자택일형 등),,,,,,,,스트레스를 받으면 자꾸 찾게 되는 게임이 있나요?,그 게임을 왜 좋아하게 됐는지 생각해봐요.,어떤 시간대에 그 게임을 하는지도 적어봐요.,,,,
319,319,취향,2,C. 유지·모니터링,9,4,4,반대되는 성격이 좋나요 아니면 비슷한 성격이 좋나요?,반대되는 성격이 좋나요 아니면 비슷한 성격이 좋나요?,False,유지,위험 요소 없음 (선호·성향·양자택일형 등),,,,,,,,"다른 성격이라 더 좋기도, 같은 성격이라 더 좋기도 해요.",내가 좋아하는 유형의 사람들을 떠올리며 좋아하는 성격을 구체적으로 생각해봐요.,왜 그런 성격을 선호하나요?,,친밀감 방식,c,반대 성격→보완·자극 / 비슷한 성격→안정·유사성
320,320,취향,2,B. 패턴 기반 수정 권장,5,1,2,"힘들 때마다 찾게 되는 곳이 있다면, 어디인가요?",힘들 때 찾게 되는 곳은 어디인가요?,True,경미 수정,전제형,경미 수정,마음이 편해지는 장소는 어디인가요?,7.792422498812779,65.0,0.3330792601913626,,,"역사적 공간에서 바쁘게 움직이는 광화문, 바다가 보여서 위로가 되는 묵호 등 각자 다른 공간에서 위로를 얻곤 해요.",왜 힘이 되는 공간이라고 생각하나요?,그곳을 찾았던 기억들을 더듬어봐요.,문구 변경 → 가이드 재작성 필요,스트레스 대처,t,힘들 때 찾는 장소(혼자/사람/자연) → 회복 방식
321,321,취향,2,C. 유지·모니터링,8,6,1,"한 번쯤은 시도해보고 싶은 패션 스타일이 있다면, 어떤 건가요?","한 번쯤은 시도해보고 싶은 패션 스타일이 있다면, 어떤 건가요?",False,유지,'있다면' 전제이지만 관측 8회 중 6회 양호,유지,,0.0,326.0,0.0,,경험 전제형,멋있다고 생각하면서 안 입는 스타일 있지 않나요?,"나랑 안 어울릴 것 같아서, 눈에 띌 것 같아서...",왜 그 스타일을 입고 싶은지도 떠올려봐요.,,,,
322,322,취향,2,D. 우수(레퍼런스),4,3,1,좋아하는 계절과 시간대는 언제인가요?,좋아하는 계절과 시간대는 언제인가요?,False,유지,성과 우수 (평균보다 확실히 높음),,,,,,,,그때 주로 어디에서 누구와 무엇을 하고 싶은지 상상해 봐요.,그 풍경을 가만히 바라볼 때 내 마음은 어떤 상태가 되나요?,그 계절과 시간이 돌아오면 나는 어떤 새로운 다짐을 하나요?,,,,
323,323,취향,2,C. 유지·모니터링,6,2,4,가장 좋아하는 브랜드는 무엇인가요?,가장 좋아하는 브랜드는 무엇인가요?,False,유지,위험 요소 없음 (선호·성향·양자택일형 등),,,,,,,,유독 끌리는 브랜드가 있잖아요.,그 브랜드의 어떤 점이 좋은지 떠올려봐요.,그 브랜드의 어떤 물건들을 갖고 있나요?,,,,
324,324,취향,2,C. 유지·모니터링,4,4,0,지금 당장 떠나고 싶은 여행지는 어디인가요?,지금 당장 떠나고 싶은 여행지는 어디인가요?,False,유지,여행 오탐 + '지금' (관측 4회 모두 답변),유지,,0.0,343.0,0.0,,특정 활동 전제,왜 하필 지금 그곳의 풍경이 간절하게 떠오르는지 생각해 봐요.,그곳에 도착해서 가장 먼저 내뱉고 싶은 말은 무엇인가요?,여행을 마치고 돌아올 때 어떤 마음을 챙겨오고 싶나요?,,,,
325,325,취향,2,A. 교체·재작성 우선,6,1,4,좋아하는 시의 제목이나 글귀가 있다면 어떤 건가요?,마음에 오래 남은 문장은 무엇인가요? 책·노래·대사 무엇이든 좋아요.,True,재작성,시 읽는 습관 전제 (특정 활동),대상 확장,좋아하는 노래 가사 한 줄은 무엇인가요?,8.53904240271145,37.0,0.4975762132884682,,,그 문장이 내 마음의 어느 부분을 정확히 건드렸나요?,어디서 처음 봤는지도 떠올려봐요.,그 글귀를 쓴 작가와 대화한다면 어떤 질문을 던지고 싶나요?,문구 변경 → 가이드 재작성 필요,,,
326,326,취향,2,C. 유지·모니터링,9,4,4,평소 좋아하는 메이크업 분위기는 무엇인가요?,평소 좋아하는 스타일링 분위기는 무엇인가요? 옷·헤어·메이크업 무엇이든 좋아요.,True,재작성,메이크업 전제 (하지 않는 사람은 답 불가),대상 확장,외출할 때 가장 신경 쓰는 부분은 무엇인가요?,-0.5962312159704053,410.0,0.0,,,메이크업을 마치고 거울을 볼 때 어떤 기분이 드나요?,내가 타인에게 보여주고 싶은 '나의 이미지'는 무엇인가요?,"메이크업은 나를 숨기는 건가요, 아니면 더 드러내는 건가요?",문구 변경 → 가이드 재작성 필요,,,
327,327,취향,2,B. 패턴 기반 수정 권장,8,5,3,유독 마음이 끌리는 외국어가 있다면 무엇인가요?,유독 마음이 끌리는 외국어가 있다면 무엇인가요?,False,유지,전제형 (관측 8회 중 5회 양호),유지,,0.0,321.0,0.0,,경험 전제형,"어떤 단어의 발음이 예뻐서, 혹은 좋아하는 영화나 노래의 분위기가 좋아서 자꾸만 귀를 기울이게 되는 언어가 있는지 떠올려 보세요.",낯설지만 멋지게 느껴지는 이유를 적어보고,내가 그 언어를 쓰게 된다면 가장 먼저 무엇을 하고 싶은지도 떠올려봐요.,,,,
328,328,취향,2,A. 교체·재작성 우선,4,1,3,꾸준히 수집하는 물건이 있다면 무엇인가요?,모으고 있는 물건이 있나요? 없다면 자꾸 사게 되는 물건을 알려주세요.,True,재작성,수집 습관 전제,출구 제공,"수집하는 게 있다면 무엇이고, 없다면 모아보고 싶은 것은 무엇인가요?",-5.91528038653506,391.0,0.0,,,그 물건들을 모으게 된 첫 시작은 무엇이었는지 기억나나요?,나열된 수집품들을 볼 때 어떤 정서적인 안정감을 느끼나요?,이 물건들이 훗날 나에 대해 무엇을 말해줄 것 같나요?,문구 변경 → 가이드 재작성 필요,,,
329,329,취향,2,C. 유지·모니터링,9,5,4,하루만 다른 사람으로 살 수 있다면 어떤 사람으로 살고 싶나요?,하루만 다른 사람으로 살 수 있다면 어떤 사람으로 살고 싶나요?,False,유지,위험 요소 없음 (선호·성향·양자택일형 등),,,,,,,,딱 떠오르는 사람이 있나요? 연예인이든 가상인물이든 괜찮아요.,그 사람의 뭐가 궁금하거나 부러운 건가요?,지금의 나와 다른 점도 떠올려봐요.,,자기 인식,t,되고 싶은 사람 → 이상적 자기
330,330,취향,2,C. 유지·모니터링,9,3,6,돈 걱정 없이 한 달 살기 한다면 어디로 가고 싶나요?,돈 걱정 없이 한 달 살기 한다면 어디로 가고 싶나요?,False,유지,위험 요소 없음 (선호·성향·양자택일형 등),,,,,,,,"유럽 소도시, 동남아 해변, 일본 시골... 어디가 떠오르나요?",거기서 뭐 하면서 보내면 즐거울 것 같은지도 떠올려봐요.,가고 싶다는 마음을 갖게 된 이유도 생각해봐요.,,,,
331,331,취향,2,B. 패턴 기반 수정 권장,5,1,3,SNS에 일상을 올리는 편인가요? 올린다면 어떤 순간을 주로 올리나요?,기록으로 남기고 싶은 순간은 주로 어떤 때인가요?,True,재작성,SNS 사용 전제 + 두 질문 연결(복문),단일 질문 + 전제 제거,사진으로 가장 많이 남기는 것은 무엇인가요?,6.725745757207196,84.0,0.2815577188726843,,,가장 최근에 올린 sns 게시글은 뭔가요?,자주 올리는 편인지도 궁금해요.,"공유하는 게 좋아요, 아니면 부담스러워요?",문구 변경 → 가이드 재작성 필요,,,
332,332,취향,1,A. 교체·재작성 우선,10,3,7,오늘 먹은 것 중 기분까지 완벽하게 충전해준 메뉴는 무엇인가요?,기분까지 충전해주는 나만의 소울푸드는 무엇인가요?,True,재작성,오늘 + 식사 전 노출 시 답 불가 (레벨1이지만 낮음),최애형 전환,지친 날 가장 먹고 싶은 음식은 무엇인가요?,20.738824244739877,2.0,1.919242556165218,,,한 입 먹는 순간 행복해지는 음식이 있었나요?,맛과 함께 그 순간 같이 있었던 사람이나 장소의 분위기도 생각해봐요.,이 메뉴가 좋았던 이유는 또 무엇일까요?,문구 변경 → 가이드 재작성 필요,,,
333,333,취향,2,A. 교체·재작성 우선,12,1,8,"오늘 기억에 남는 소리나 향기가 있다면, 어떤 건가요?",가장 좋아하는 소리나 향기는 무엇인가요?,True,재작성,'오늘' 재료가 부족한 시점에 노출 + 감각 기억을 요구,시점 중립화 + 최애형 전환,맡으면 기분이 좋아지는 향기가 있나요? 없다면 좋아하는 소리를 알려주세요.,24.75698602933609,1.0,2.5561233900777625,,,"길 가다 들은 노래, 혹은 코끝을 스친 계절의 냄새를 떠올려볼까요?","어떤 기억이 떠올라서, 또는 너무 새로워서 등 다양한 이유로 기억에 남을 수 있죠.",그 감각을 통해 하루를 더 풍성하게 느꼈던 순간을 기록해봐요.,문구 변경 → 가이드 재작성 필요,,,
334,334,취향,2,B. 패턴 기반 수정 권장,7,3,2,이번 주 가장 꽂혔던 키워드는 뭐였나요?,요즘 가장 꽂혀 있는 키워드는 무엇인가요?,True,재작성,이번 주 (관측 7회 중 3회),기간 확장,,0.0696854437381211,284.0,0.0044335539091265,,,"요즘 들어 유독 내 검색창에 자주 등장했거나, 친구들과 대화할 때 반복해서 나왔던 단어를 생각해봐요.",왜 그 키워드가 맘에 들었는지 적어봐요.,그리고 그 키워드를 중심으로 있었던 일들도 생각해봐요.,문구 변경 → 가이드 재작성 필요,,,
335,335,취향,2,A. 교체·재작성 우선,8,1,6,오늘 쓴 돈이나 시간 중 가심비 최고였던 건 무엇이었나요?,돈이 아깝지 않았던 소비는 무엇인가요?,True,재작성,오늘 소비가 없으면 답 불가 + '가심비' 개념 해석 부담,범위 확대 + 쉬운 표현,적은 돈으로 큰 만족을 얻었던 것은 무엇인가요?,20.848772135977068,10.0,1.140998074803683,,,오늘 소비 중 너무 뿌듯해서 나에게 칭찬해주고 싶었던게 있나요?,그 선택이 행복했던 가장 핵심적인 이유가 궁금해요.,이전의 소비들도 떠올려보며 나를 행복하게 만드는 것들을 정리해봐요.,문구 변경 → 가이드 재작성 필요,,,
336,336,취향,2,B. 패턴 기반 수정 권장,1,0,1,오늘 내 복잡한 마음을 잠시 쉬게 해준 건 무엇이었나요?,복잡한 마음을 잠시 쉬게 해주는 것은 무엇인가요?,True,재작성,오늘 + 복잡한 마음 전제,시점 중립화,머리를 비우고 싶을 때 하는 일은 무엇인가요?,19.28624518709195,140.0,0.1582518595607535,,,생각을 멈추고 온전히 몰입하거나 쉴 수 있었던 활동이나 물건이 있었나요?,거창한 휴식이 아니더라도 나를 복잡하게 만들던 생각들로부터 잠시 숨을 돌리게 해준게 뭐였는지 궁금해요.,만약 조금도 쉬지 못해서 힘들었었다면 나를 위한 조그만 휴식 방법을 떠올려봐요.,문구 변경 → 가이드 재작성 필요,스트레스 대처,t,마음을 쉬게 하는 것 → 회복 자원
337,337,취향,2,A. 교체·재작성 우선,12,4,7,오늘 온전한 휴식시간을 보냈나요?,나에게 진짜 휴식은 어떤 모습인가요?,True,재작성,예/아니오 닫힌 질문 + 오늘 쉬지 못한 사람은 할 말이 없음,열린 질문 + 성향형,쉬는 날 가장 하고 싶은 일은 무엇인가요?,18.432794415380293,3.0,1.880651420627575,,,오늘은 어떤 방식으로 휴식을 가졌나요?,"오늘의 휴식이 나에게 어떤 에너지를 주었는지, 혹은 쉼이 부족했던 오늘 하루 내 마음의 상태는 어땠는지 기록해봐요.",그리고 다음번 휴식을 위한 작고 확실한 계획을 세워봐요.,문구 변경 → 가이드 재작성 필요,에너지 방향,t,혼자·조용→내향 회복 / 사람·활동→외향 회복
338,338,취향,2,A. 교체·재작성 우선,10,1,8,오늘 새롭게 알게 된 것 중 더 궁금해진 건 무엇이었나요?,더 깊이 알고 싶은 분야나 주제는 무엇인가요?,True,재작성,'새로 알게 된 것'이 없을 가능성이 높음 + 이중 조건(알게 된 것 중 더 궁금해진 것),시점 중립화 + 조건 하나로 축소 (시점 없는 성향형 우선),요즘 가장 궁금한 건 무엇인가요?,19.898350159215063,7.0,1.469741850150696,,,오늘 새롭게 알게 된 것 중 더 알고 싶어진게 있었나요?,어떤 점이 더 알고 싶어졌는지 궁금해요.,원래도 그 분야에 관심이 있었나요?,문구 변경 → 가이드 재작성 필요,새로움 추구,t,파고들고 싶은 분야 → 지적 호기심
339,339,취향,1,C. 유지·모니터링,10,5,4,유튜버가 된다면 어떤 콘텐츠를 올리고 싶나요?,유튜버가 된다면 어떤 콘텐츠를 올리고 싶나요?,False,유지,위험 요소 없음 (선호·성향·양자택일형 등),,,,,,,,내가 관심 있는 내용을 같은 관심사를 갖은 사람들과 공유하는 건 재밌는 일이에요.,조회수와 상관없이 내가 가장 즐겁게 이야기할 수 있는 주제가 있나요?,그 주제에 관심을 갖게 된 이유가 궁금해요.,,,,
340,340,취향,2,C. 유지·모니터링,4,4,0,집에 방이 하나 더 생긴다면 무엇을 하는 장소로 만들고 싶나요?,집에 방이 하나 더 생긴다면 무엇을 하는 장소로 만들고 싶나요?,False,유지,위험 요소 없음 (선호·성향·양자택일형 등),,,,,,,,"그 공간은 나를 위한 완벽한 쉼터인가요, 아니면 무언가에 몰입하는 공간인가요?",그 방에 혼자 있을 때 어떤 소품이나 가구가 나를 가장 편안하게 만들까요?,그 공간에서 어떤 시간을 보내고 싶나요?,,,,
341,341,취향,2,C. 유지·모니터링,7,1,4,평소 어떤 상상을 가장 자주 하나요?,평소 어떤 상상을 가장 자주 하나요?,False,유지,위험 요소 없음 (선호·성향·양자택일형 등),,,,,,,,"주로 현실에서 벗어나고 싶을 때인가요, 아니면 더 나은 미래를 꿈꿀 때인가요?",상상 속의 시공간은 지금 내가 발을 딛고 있는 현실과 얼마나 다른가요?,그 상상이 나에게 어떤 위로를 주나요?,,새로움 추구,t,상상의 주제 → 공상·개방
342,342,감정,2,C. 유지·모니터링,5,1,3,감정이 격해질 때 말이 많아지나요 적어지나요?,감정이 격해질 때 말이 많아지나요 적어지나요?,False,유지,위험 요소 없음 (선호·성향·양자택일형 등),,,,,,,,화가 나거나 슬펐던 최근의 순간을 떠올려 봐요.,"내 마음을 설명하려 애썼나요, 아니면 침묵하며 감정을 가라앉혔나요?",감정이 격해졌을 때의 행동에 대해 후회한적이 있는지도 생각해봐요.,,스트레스 대처,c,많아짐→표출형 / 적어짐→내면 처리형
343,343,감정,2,D. 우수(레퍼런스),3,2,0,"내가 느끼는 감정과 남들이 보는 내 감정, 얼마나 다른가요?","내가 느끼는 감정과 남들이 보는 내 감정, 얼마나 다른가요?",False,유지,성과 우수 (평균보다 확실히 높음),,,,,,,,"나는 화가 났지만 상대는 무덤덤했던 적, 혹은 별거 아닌 감정이 과하게 전달된 적 있나요?","감정을 일부러 숨기는 편인가요, 아니면 오히려 크게 표현하는 편인가요?","타인이 내 감정을 실제보다 과하게 혹은 부족하게 읽을 때, 안도감을 느끼나요 아니면 섭섭함을 느끼나요?",,자기 인식,t,내면과 겉모습의 차이 → 정서 표현 일치도
344,344,감정,2,B. 패턴 기반 수정 권장,5,2,2,오늘 갑자기 멍해진 순간이 있었나요?,멍하니 있고 싶을 때는 언제인가요?,True,재작성,오늘 + 예/아니오,시점 중립화 + 열린 질문,멍때리는 시간이 나에게 어떤 의미인가요?,28.936778540507408,8.0,1.3776366422322808,,,잠깐 세상의 소음이 차단된 듯한 때가 있었나요?,그때 머릿속을 스친 아주 찰나의 생각은 무엇이었나요?,그 멍함이 나에게 휴식을 권한 건 아니었을까요?,문구 변경 → 가이드 재작성 필요,,,
345,345,감정,2,C. 유지·모니터링,6,4,2,최근 나에게 고생했다고 토닥여주고 싶은 날은 언제였나요?,고생한 나를 토닥여주고 싶은 날은 주로 어떤 날인가요?,True,경미 수정,최근 + 회상 (관측 6회 중 4회),경미 수정: 기간 제거,(유지) 최근 나에게 고생했다고 토닥여주고 싶은 날은 언제였나요?,9.074880145325126,43.0,0.4599585288063763,,,버겁지만 꾹 참고 끝까지 해냈던 장면이 떠오르나요?,그때 나를 버티게 했던 마음의 힘은 무엇이었을까요?,그날의 나에게 지금 건네고 싶은 위로 한마디는 뭐였나요?,문구 변경 → 가이드 재작성 필요,,,
346,346,감정,2,D. 우수(레퍼런스),5,5,0,지금 내 머릿속에 흐르는 BGM은 무엇인가요?,지금 내 머릿속에 흐르는 BGM은 무엇인가요?,False,유지,'지금' + 은유지만 관측 5회 모두 답변 (우수),유지,,0.0,348.0,0.0,,,지금 기분에 어울리는 멜로디나 가사가 떠오르나요?,"가사가 내 마음 같아서인가요, 아니면 분위기 때문인가요?",그 노래가 지금 나에게 들려주고 싶은 말은 무엇일까요?,,,,
347,347,감정,2,A. 교체·재작성 우선,5,0,5,"오늘 속으로 나를 가만히 안아준 적이 있다면, 어떤 순간이었나요?",힘든 날 나를 달래주는 나만의 방법은 무엇인가요?,True,재작성,오늘 + 경험 전제 + 추상적 표현('속으로 안아준')의 3중 장벽,구체 행동으로 바꾸고 전제 제거,스스로에게 가장 자주 해주는 위로의 말은 무엇인가요?,29.07922041945093,9.0,1.2826698192374246,chosen,,"""괜찮아""라고 스스로에게 작게 속삭인 순간이 있나요?","그때 필요했던 건 따뜻한 위로였나요, 아니면 잠깐의 쉼이었나요?",그 셀프 토닥임 이후로 남은 하루가 어떻게 달라졌나요?,문구 변경 → 가이드 재작성 필요,스트레스 대처,t,자기 위로 방식 → 정서 조절 전략
348,348,감정,2,B. 패턴 기반 수정 권장,3,1,2,오늘 하루를 관통한 감정에 이름을 붙인다면 무엇일까요?,"요즘 내 마음은 기쁨, 불안, 평온 중 어디에 가까운가요?",True,재작성,오늘 + '관통한 감정' 추상,시점 중립화 + 쉬운 말 · 중복 해소(#368),요즘 내 기분을 한 단어로 표현하면?,20.89161070111575,31.0,0.5710199165154209,,,오늘 하루 종일 내 곁을 지켰던 기분은 무엇인가요?,그 감정이 시작된 첫 번째 단추를 찾아볼까요?,1~10점 사이라면 몇 점인가요? 그 점수의 이유는요?,문구 변경 → 가이드 재작성 필요,,,
349,349,감정,2,C. 유지·모니터링,4,2,1,"울컥하거나 감정이 터질 뻔한 순간, 어떻게 넘겼나요?",울컥할 때 나는 주로 어떻게 넘기나요?,True,재작성,무거운 감정 회상 + 경험 전제,성향형 전환,"감정이 북받칠 때 참는 편인가요, 표현하는 편인가요?",-3.501862185329707,368.0,0.0,,,감정이 파도처럼 밀려왔을 때 나는 어떤 행동을 했나요?,"솔직하게 표현했나요, 아니면 꾹꾹 눌러 담았나요?",다음에 비슷한 파도가 오면 어떻게 맞이하고 싶나요?,문구 변경 → 가이드 재작성 필요,스트레스 대처,t,울컥할 때 처리 방식 → 표현/억제
350,350,감정,2,A. 교체·재작성 우선,6,1,5,몸과 마음이 기분 좋게 늘어진 순간이 있었나요?,몸과 마음이 기분 좋게 늘어지는 순간은 언제인가요?,True,재작성,예/아니오 닫힌 질문 + 경험 전제,열린 성향형으로 전환,나를 가장 편안하게 풀어주는 시간은 언제인가요?,11.007268158507994,28.0,0.5921875166908641,,,긴장이 탁 풀리면서 나른해졌던 때가 언제였나요?,"문제가 해결돼서인가요, 아니면 그냥 내려놓기로 했나요?",이런 편안함을 더 자주 느끼려면 무엇이 필요할까요?,문구 변경 → 가이드 재작성 필요,,,
351,351,감정,2,B. 패턴 기반 수정 권장,4,1,3,"내 안에서 낯선 감정이 고개를 들었던 적이 있다면, 어떤 느낌이었나요?",스스로도 놀랐던 내 감정 반응은 무엇인가요?,True,재작성,'낯선 감정이 고개를 든' 은유 + 경험 전제,쉬운 말 + 성향형,내가 잘 느끼지 않는 감정은 무엇인가요?,9.04867808496258,85.0,0.2792724228798964,,,평소의 나답지 않은 반응이나 감정이 올라왔었나요?,그 감정이 평소의 나와 어떻게 달랐는지 살펴봐요.,새롭게 발견한 그 마음에게 어떤 이름을 붙여줄까요?,문구 변경 → 가이드 재작성 필요,감정 민감도,t,의외의 감정 반응 → 숨은 민감 영역
352,352,감정,2,B. 패턴 기반 수정 권장,1,1,0,"나를 가장 잘 설명해주는 노래 한 소절이 있다면, 어떤 노래인가요?",나를 가장 잘 설명해주는 노래는 무엇인가요?,True,경미 수정,노래 한 소절 요구 + 전제 (관측 1/1),경미 수정: 전제 제거,요즘 내 마음을 대신 말해주는 노래는 무엇인가요?,9.071541279216316,217.0,0.0749492540181533,,,"들을 때마다 ""이건 내 얘기야"" 싶은 가사가 있나요?",그 가사가 나의 어떤 기억이나 상처를 건드리나요?,지금 이 순간의 나에게 그 가사는 어떤 의미인가요?,문구 변경 → 가이드 재작성 필요,,,
353,353,감정,2,A. 교체·재작성 우선,5,1,2,오늘 내 자신에게 칭찬 한 마디를 남긴다면 무엇일까요?,내가 나에게 가장 듣고 싶은 칭찬은 무엇인가요?,True,재작성,하루가 끝나지 않은 시점에는 칭찬할 거리가 없음,시점 중립화 (시점 없는 성향형 우선),요즘의 나에게 칭찬 한 마디를 해준다면 무엇일까요?,21.566983897947505,12.0,1.0378913072948188,,,아주 사소해도 괜찮아요. 뿌듯했던 순간이 있었나요?,그때의 나는 어떤 마음으로 그 일을 해냈나요?,나 자신에게 건네는 짧고 강렬한 칭찬 한 문장을 적어봐요.,문구 변경 → 가이드 재작성 필요,,,
354,354,감정,2,A. 교체·재작성 우선,3,0,3,오늘 하루 감정 그래프를 그리면 어떤 모양일까요?,요즘 내 마음 상태를 점수로 매기면 몇 점인가요?,True,재작성,오늘 하루가 진행 중이면 그래프를 그릴 수 없음 + 시각화 요구 부담,시점 이동 + 단순화 · 중복 해소(#51),이번 주 내 기분을 한 단어로 표현하면 무엇인가요?,10.47088678891543,105.0,0.2242611020736249,,,"잔잔한 호수 같았나요, 아니면 롤러코스터 같았나요?",그래프가 가장 높이 솟았거나 푹 꺼졌던 지점엔 뭐가 있었나요?,이 흐름을 아는 것만으로도 나를 이해하는 큰 단서가 돼요.,문구 변경 → 가이드 재작성 필요,,,
355,355,감정,2,B. 패턴 기반 수정 권장,3,1,2,오늘 감정을 억누르기 힘든 순간이 있었나요?,감정을 억누르기 힘든 순간은 주로 언제인가요?,True,재작성,오늘 + 예/아니오,시점 중립화 + 성향형,"감정을 참는 편인가요, 드러내는 편인가요?",28.272624185028302,20.0,0.8126522636883518,,,참으려 했지만 결국 툭 튀어나온 감정이 있나요?,그 폭발의 방아쇠를 당긴 상황이나 사람이 누구였나요?,참지 못한 게 잘못은 아니에요. 그 감정이 외친 진심은 뭘까요?,문구 변경 → 가이드 재작성 필요,감정 민감도,t,감정 조절이 어려운 상황 → 취약 트리거
356,356,감정,1,A. 교체·재작성 우선,6,2,4,"오늘 아주 잠깐이라도 행복이 스친 순간이 있다면, 어떤 순간이었나요?",나를 기분 좋게 하는 사소한 것은 무엇인가요?,True,재작성,오늘 + '있다면' 전제. 레벨1인데도 장벽 높음,최근으로 넓히고 전제 제거 · 중복 해소(#52),최근에 기분이 좋아졌던 사소한 순간은 언제인가요?,27.55520138512727,5.0,1.5241981583962751,,,거창하지 않아도 돼요. 입가에 미소가 번진 찰나가 있나요?,"그 행복은 관계에서 왔나요, 성취에서 왔나요?",나를 행복하게 만드는 필승 공식을 하나 찾아볼까요?,문구 변경 → 가이드 재작성 필요,,,
357,357,감정,2,B. 패턴 기반 수정 권장,6,1,5,"축 처져 있다가 기분이 다시 살아난 계기가 있다면, 어떤 건가요?",기분이 처질 때 나를 살려내는 것은 무엇인가요?,True,재작성,경험 전제 + 앞부분 조건이 김,성향형으로 전환 + 짧게,기분 전환이 필요할 때 가장 먼저 찾는 것은 무엇인가요?,8.424421724046727,47.0,0.4273225139056333,,,무거웠던 기분이 가벼워졌던 그 전환점이 궁금해요.,"외부의 자극 때문이었나요, 내 안에서 바뀐 생각 때문인가요?",나만의 '기분 전환 치트키'를 하나 저장해둘까요?,문구 변경 → 가이드 재작성 필요,스트레스 대처,t,기분 회복 자원
358,358,감정,2,B. 패턴 기반 수정 권장,0,0,0,"오늘 내 마음이 회색빛처럼 흐릿했던 때가 있다면, 어떤 순간이었나요?",마음이 흐릿하고 가라앉는 날은 주로 어떤 날인가요?,True,재작성,오늘 + 은유('회색빛') + 전제 3중,시점 중립화 + 쉬운 말,기운 없는 날 나를 일으키는 것은 무엇인가요?,25.967547409673507,18.0,0.8812499668146205,,,아무런 감흥도 없고 무뎌졌던 순간이 있었나요?,"그 무딤이 너무 지쳐서일까요, 나를 지키려는 방어였을까요?",감정도 쉼이 필요해요. 그 상태의 나에게 어떤 말을 해줄까요?,문구 변경 → 가이드 재작성 필요,,,
359,359,감정,2,C. 유지·모니터링,3,2,1,요즘 나를 든든하게 지탱해주는 감정은 무엇인가요?,나를 든든하게 지탱해주는 감정은 무엇인가요?,True,경미 수정,요즘 (관측 3회 중 2회 양호),경미 수정,나를 버티게 하는 힘은 무엇인가요?,9.244900570514451,101.0,0.237432454230313,,,내 안에서 뿌리 깊게 자리 잡은 긍정적인 힘이 있나요?,"그 에너지는 어디서 공급받고, 어떻게 유지되고 있나요?",나를 버티게 해주는 그 고마운 마음에게 인사해봐요.,문구 변경 → 가이드 재작성 필요,,,
360,360,감정,2,A. 교체·재작성 우선,5,1,3,오늘 하루 중 가장 단골손님처럼 찾아온 감정은 무엇인가요?,요즘 가장 자주 느끼는 감정은 무엇인가요?,True,재작성,오늘 + 은유('단골손님처럼') 해석 부담,시점 중립화 + 직설,요즘 내 마음에 가장 오래 머무는 감정은 무엇인가요?,12.271375871069568,29.0,0.5898551502158805,,,자꾸만 반복해서 느껴졌던 기분이 무엇이었나요?,"특정 상황에서만 그랬나요, 아니면 배경지처럼 깔려 있었나요?",그 감정이 나에게 하고 싶어 하는 말은 무엇일까요?,문구 변경 → 가이드 재작성 필요,,,
361,361,감정,2,B. 패턴 기반 수정 권장,3,1,2,오늘 감정이 내 예상과 전혀 다르게 흘러갔나요?,"내 기분은 예측이 잘 되는 편인가요, 변덕스러운 편인가요?",True,재작성,오늘 + 예/아니오 + '예상과 다르게' 추상,시점 중립화 + 성향형,기분이 예상과 다르게 흘러갈 때 어떻게 하나요?,23.03452263149569,23.0,0.6292713719927117,,,"""이 상황에선 이럴 줄 알았는데"" 싶었던 의외의 감정은?",예상 밖의 감정이 나에 대해 새로 알려준 사실이 있나요?,감정의 예보와 실제 날씨의 차이를 한 줄로 기록해봐요.,문구 변경 → 가이드 재작성 필요,감정 민감도,c,예측 가능→정서 안정 / 변덕→정서 변동성
362,362,감정,2,A. 교체·재작성 우선,4,1,3,"오늘 감정의 온도가 급격히 변한 시점이 있다면, 어떤 때였나요?",기분이 갑자기 바뀌는 순간은 주로 언제인가요?,True,재작성,오늘 + 경험 전제 + 추상 은유('감정의 온도'),성향형으로 전환,내 기분을 한순간에 바꿔놓는 것은 무엇인가요?,26.12111993346285,16.0,0.8998323900340969,,,하루 중 갑자기 기분이 차가워지거나 뜨거워진 때가 있나요?,"상황 때문인가요, 아니면 꼬리에 꼬리를 문 생각 때문인가요?",기분 변화의 패턴을 알면 나를 더 잘 돌볼 수 있어요.,문구 변경 → 가이드 재작성 필요,감정 민감도,t,기분 변화 트리거
363,363,감정,2,C. 유지·모니터링,5,2,2,감정이 멈추거나 굳어버린 것 같은 기분이 들었나요?,감정이 무뎌졌다고 느낄 때 나는 어떻게 하나요?,True,재작성,예/아니오 + 은유 + 무거움,성향형 + 쉬운 말,"아무 감정도 들지 않는 날, 나는 무엇을 하나요?",0.434054114404947,270.0,0.0181465184721985,,,어떤 일에도 반응이 늦거나 무감각했던 적이 있나요?,"그게 피로의 신호일까요, 아니면 마음의 공백일까요?",그 공백에서 나를 다시 끌어올려 준 게 있었다면요?,문구 변경 → 가이드 재작성 필요,,,
364,364,감정,2,B. 패턴 기반 수정 권장,4,1,3,최근 나를 가장 강하게 흔들어 놓은 감정은 무엇인가요?,나를 가장 강하게 흔드는 감정은 무엇인가요?,True,재작성,최근 제한,기간 제거,쉽게 흔들리는 감정과 잘 버티는 감정은 무엇인가요?,10.165308388522426,58.0,0.3640186838368973,,,유독 잔상이 오래 남고 강렬했던 마음이 있나요?,그 감정이 폭풍처럼 몰아쳤던 당시를 떠올려봐요.,강렬한 감정 아래에 숨어있던 나의 진짜 욕구는 무엇인가요?,문구 변경 → 가이드 재작성 필요,감정 민감도,t,가장 강한 감정 → 지배 정서
365,365,감정,2,A. 교체·재작성 우선,10,3,6,오늘 나를 가장 진 빠지게 만든 감정은 무엇인가요?,나를 가장 쉽게 지치게 만드는 것은 무엇인가요?,True,재작성,오늘 + 부정 감정을 곱씹게 함,시점 중립화,에너지가 빨리 닳는 상황은 주로 어떤 때인가요?,19.472477958868566,4.0,1.7771524072051716,,,에너지를 쑥 빼앗아 간 소모적인 기분이 있었나요?,그 감정의 뿌리가 어디까지 닿아 있는지 추적해볼까요?,다음에 그 감정이 찾아오면 어떻게 마주하고 싶나요?,문구 변경 → 가이드 재작성 필요,감정 민감도,t,소진 요인 → 에너지 취약 지점
366,366,감정,2,C. 유지·모니터링,1,1,0,"마음이 무거울 때, 어떻게 행동하나요?","마음이 무거울 때, 어떻게 행동하나요?",False,유지,위험 요소 없음 (선호·성향·양자택일형 등),,,,,,,,내 기분의 원인을 스스로 다정하게 물어본 적 있나요?,이유를 알아냈을 때 마음이 조금 가벼워지는 걸 느꼈나요?,지금 마음 한구석을 짓누르는 게 있다면 밖으로 꺼내봐요.,,스트레스 대처,t,무거울 때 행동 → 대처 유형
367,367,감정,2,B. 패턴 기반 수정 권장,1,0,0,"이번 주에 아직 꺼내지 못한 감정이 있다면, 무엇인가요?",속으로만 담아두는 감정은 주로 어떤 감정인가요?,True,재작성,이번 주 + 전제 + '꺼내지 못한' 추상,기간 제거 + 단순화 (시점 없는 성향형 우선),요즘 누군가에게 털어놓고 싶은 마음은 무엇인가요?,15.915164594911609,196.0,0.0869309193810036,,,바쁘다는 핑계로 눌러두거나 외면한 마음이 있나요?,왜 그 감정을 바로 마주하지 못하고 미뤄뒀을까요?,지금 이 공간에만 살짝 털어놓으면 훨씬 가벼워질 거예요.,문구 변경 → 가이드 재작성 필요,스트레스 대처,t,억제하는 감정 → 표현 제한 영역
368,368,감정,2,C. 유지·모니터링,2,1,1,지금 내 기분을 딱 한 단어로 정의한다면 뭘까요?,지금 내 기분을 한 단어로 말하면 무엇인가요?,True,경미 수정,'지금' + '정의한다면' (관측 2회 중 1회),경미 수정,,3.4911440712900643,237.0,0.0587628452777346,,,머릿속을 스치는 가장 직관적인 단어 하나를 골라봐요.,왜 그 단어가 지금 내 마음의 대표가 되었을까요?,내일은 어떤 단어로 내 하루를 꾸며보고 싶나요?,문구 변경 → 가이드 재작성 필요,,,
369,369,감정,2,A. 교체·재작성 우선,9,3,6,오늘 내가 필사적으로 피하고 싶었던 감정은 무엇인가요?,가장 마주하기 싫은 감정은 무엇인가요?,True,재작성,오늘 + '필사적으로' 과한 강도 표현,시점 중립화 + 강도 완화,피하고 싶은 감정이 들 때 나는 주로 어떻게 하나요?,20.535873415774265,6.0,1.501786849408398,,,마주하기 두렵거나 불편해서 고개를 돌린 게 있나요?,왜 그것을 피하고 싶었는지 솔직한 마음을 적어봐요.,"완전히 마주하기 힘들다면, 살짝 곁눈질이라도 해볼까요?",문구 변경 → 가이드 재작성 필요,감정 민감도,t,회피하는 감정 → 정서 회피
370,370,감정,2,B. 패턴 기반 수정 권장,3,2,1,"오늘 아침, 눈을 떴을 때 가장 먼저 든 기분은 무엇인가요?",아침에 눈을 뜨면 가장 먼저 드는 기분은 주로 어떤가요?,True,노출 시간 조정 + 재작성,오늘 아침 기반 (아침 노출 시 유효),아침 노출 전용 또는 성향형,(아침 노출) 오늘 아침 눈을 떴을 때 가장 먼저 든 기분은 무엇인가요?,14.620300729601317,52.0,0.3962956299745762,,,잠에서 깨어나는 찰나에 나를 맞이한 감정이 무엇이었나요?,그 첫 기분이 오늘 하루 전체의 색깔을 결정했나요?,내일 아침엔 어떤 감정의 빛깔로 잠에서 깨고 싶나요?,문구 변경 → 가이드 재작성 필요,,,
371,371,감정,2,D. 우수(레퍼런스),7,5,2,지금 내 마음의 색깔을 고른다면 어떤 색인가요?,지금 내 마음의 색깔을 고른다면 어떤 색인가요?,False,유지,'지금' + 은유지만 관측 7회 중 5회 (우수),유지,,0.0,329.0,0.0,,,지금 기분을 색으로 칠한다면 어떤 톤이 어울릴까요?,"그 색은 따뜻한가요, 차가운가요? 아니면 선명한가요?",내일은 내 마음의 캔버스를 어떤 색으로 채우고 싶나요?,,,,
372,372,감정,2,D. 우수(레퍼런스),3,3,0,지금 내 마음이 가장 간절하게 외치는 소망은 무엇인가요?,지금 내 마음이 가장 간절하게 외치는 소망은 무엇인가요?,False,유지,'지금' + 은유지만 관측 3회 모두 답변 (우수),유지,,0.0,364.0,0.0,,,"다른 누구도 아닌, 오직 나만을 위한 바람이 있나요?",그 바람을 이루기 위해 내가 지금 당장 할 수 있는 건 뭘까요?,"아주 작은 한 걸음, 오늘 바로 시작해볼 수 있을까요?",,,,
373,373,감정,2,B. 패턴 기반 수정 권장,2,1,1,"오늘이 지나도 꼭 간직하고 싶은 감정이 있다면, 어떤 건가요?",오래 간직하고 싶은 감정은 무엇인가요?,True,재작성,오늘 + 전제,시점 중립화,다시 느끼고 싶은 감정의 순간은 언제인가요?,26.82077992008537,36.0,0.5076178725980323,,,사라지지 않고 내일도 내 안에 머물렀으면 하는 기분은?,그 기분이 나를 찾아온 특별한 순간을 기록해봐요.,나중에 힘들 때 꺼내 볼 수 있도록 짧은 편지를 남겨봐요.,문구 변경 → 가이드 재작성 필요,,,
374,374,감정,2,B. 패턴 기반 수정 권장,5,2,3,오늘 느낀 감정 중 다시 느끼고 싶지 않은 건 무엇인가요?,다시 느끼고 싶지 않은 감정은 무엇인가요?,True,재작성,오늘 + 부정 감정 반추,시점 중립화,불편한 감정이 찾아오면 나는 어떻게 하나요?,20.8790248820095,15.0,0.9400679612213904,,,나를 힘들게 했거나 불편하게 했던 불청객 같은 감정은?,그 감정이 나를 찾아오게 된 원인이 무엇이었을까요?,다음번엔 그 감정에게 문을 열어주지 않을 방법이 있을까요?,문구 변경 → 가이드 재작성 필요,,,
375,375,감정,2,B. 패턴 기반 수정 권장,3,1,2,이번 주 통틀어 가장 환하게 웃었던 기쁜 순간은 언제인가요?,(비활성화),True,중복 통합(비활성화),이번 주 + 긴 문장,중복 통합(#57),나를 가장 크게 웃게 하는 것은 무엇인가요?,0.0,309.0,0.0,,,세상을 다 가진 듯 마음이 환해졌던 찰나가 있나요?,"그 기쁨은 예상치 못한 선물이었나요, 나의 노력 끝에 왔나요?",비슷한 기쁨을 다음 주에도 나에게 선물할 수 있을까요?,,,,
376,376,감정,2,B. 패턴 기반 수정 권장,1,1,0,"오늘 감정을 말로 설명하기 참 어려웠던 순간이 있다면, 어떤 때였나요?",감정을 말로 표현하는 게 쉬운 편인가요?,True,재작성,오늘 + 전제 + 문장 김,시점 중립화 + 짧게 · 중복 해소(#74),,27.4332181452614,92.0,0.2534444336344664,,,단어 하나로 정의할 수 없는 묘한 기분을 느꼈나요?,그 감정을 날씨나 풍경으로 비유한다면 어떤 모습일까요?,이름을 붙이지 않아도 괜찮아요. 그 감정이 남긴 느낌은 뭘까요?,문구 변경 → 가이드 재작성 필요,스트레스 대처,c,쉬움→정서 표현 / 어려움→억제·정리 필요
377,377,감정,2,B. 패턴 기반 수정 권장,2,1,1,"오늘 완전히 방전됐다가 다시 충전된 순간이 있다면, 어떤 때였나요?",방전됐을 때 나를 다시 충전해주는 것은 무엇인가요?,True,재작성,오늘 + 전제 + 방전·충전 이중,시점 중립화 + 단순화,나의 에너지 충전 방법은 무엇인가요?,25.80244564048592,42.0,0.4743037741500181,,,에너지가 바닥났을 때 나를 다시 일으켜 세운 건 무엇인가요?,"몸의 휴식이었나요, 아니면 누군가의 따뜻한 한마디였나요?",나만의 '급속 충전 루틴'을 하나 정해볼 수 있을까요?,문구 변경 → 가이드 재작성 필요,에너지 방향,t,사람→외향 충전 / 혼자·잠→내향 충전
378,378,감정,2,C. 유지·모니터링,5,2,3,하나의 감정만 느낄 수 있다면 무엇을 남기고 싶나요?,하나의 감정만 느낄 수 있다면 무엇을 남기고 싶나요?,False,유지,위험 요소 없음 (선호·성향·양자택일형 등),,,,,,,,"기쁨, 슬픔, 평온, 설렘 등 자유롭게 떠올려봐요.",왜 그 감정을 선택했나요?,그 선택이 나에게 가장 중요한 가치를 보여주고 있나요?,,,,
379,379,감정,2,C. 유지·모니터링,1,1,0,가장 많이 울었던 날은 언제였나요?,울고 나면 기분이 나아지는 편인가요?,True,재작성,가장 많이 운 날 회상 (무거움 + 자기노출),강도 완화 + 성향형 · 중복 해소(#54),,-3.746831272652651,384.0,0.0,,,떠올려도 괜찮은 범위에서 생각해봐요.,그날 눈물이 멈추지 않았던 이유는 뭐였나요?,그만큼 운 뒤에 나에게 어떤 변화가 있었나요?,문구 변경 → 가이드 재작성 필요,스트레스 대처,c,나아짐→정서 표출 효과 큼
380,380,감정,2,C. 유지·모니터링,3,2,1,하나의 감정을 더 이상 느끼지 않을 수 있다면 무엇을 고르고 싶나요?,하나의 감정을 더 이상 느끼지 않을 수 있다면 무엇을 고르고 싶나요?,False,유지,위험 요소 없음 (선호·성향·양자택일형 등),,,,,,,,다시는 느끼고 싶지 않은 감정이나 유독 약해지는 감정이 있기 마련이에요.,나에게 힘든 감정은 무엇인지 떠올려봐요.,그 감정이 사라지면 내 삶은 어떻게 변할까요?,,,,
381,381,감정,2,C. 유지·모니터링,6,3,2,가장 소중한 기억은 무엇인가요?,가장 소중한 기억은 무엇인가요?,False,유지,회상형 (관측 6회 중 3회),유지,,0.0,369.0,0.0,,,시간이 지나도 선명하게 남아 있는 장면을 떠올려봐요.,그 기억 속에서 어떤 감정을 느꼈나요?,그 기억이 소중한 이유가 지금의 나에 대해 뭘 말해주나요?,,,,
382,382,감정,2,C. 유지·모니터링,2,0,2,가장 힘들었던 경험은 무엇이었나요?,(비활성화),True,중복 통합(비활성화),가장 힘든 경험 회상 (관측 2회 중 0회),중복 통합(#94),힘든 시기를 지나며 나에게 남은 것은 무엇인가요?,0.0,373.0,0.0,,,떠올리기 괜찮은 범위에서만 생각해봐요. 무리하지 않아도 돼요.,그 경험이 나에게 어떤 흔적을 남겼나요?,그때의 나와 지금의 나는 어떻게 달라졌나요?,,,,
383,383,감정,2,C. 유지·모니터링,3,1,1,내 모습을 숨김없이 다 보여준다면 어떤 일이 벌어질 것 같나요?,사람들이 잘 모르는 나의 의외의 모습은 무엇인가요?,True,재작성,자기노출 상상 + 깊은 성찰,부담 완화,가까운 사람에게만 보여주는 나의 모습은 무엇인가요?,4.57426442145576,170.0,0.1236486643123691,,,나를 다 보여주면 일어날 것 같은 장면을 솔직하게 하나 적어봐요.,"그 장면이 실제로 일어난 적이 있나요, 아니면 나의 예상인가요?",아주 작은 범위에서 '솔직한 나'를 보여줄 상황을 떠올려봐요.,문구 변경 → 가이드 재작성 필요,자기 인식,t,의외의 모습 → 숨은 자기
384,384,감정,2,B. 패턴 기반 수정 권장,3,1,1,"나도 이해 안 되는 내 모습이 있다면, 어떤 모습인가요?",나도 가끔 이해 안 되는 내 습관은 무엇인가요?,True,재작성,자기 모순 인정 요구 + 전제,부담 완화,나의 의외의 모습은 무엇인가요?,7.354199897948222,122.0,0.1866076006743147,,,"""왜 나는 이러지?""라고 느꼈던 낯선 순간을 하나 떠올려봐요.",그 이해 안 되는 부분이 내 일상과 관계에 어떤 영향을 주나요?,"그 부분에게 ""난 너를 잘 모르겠지만...""이라며 편지를 써볼까요?",문구 변경 → 가이드 재작성 필요,,,
385,385,감정,2,C. 유지·모니터링,5,2,3,나의 어떤 면을 아직 받아들이지 못하고 있나요?,스스로 더 아껴주고 싶은 나의 모습은 무엇인가요?,True,재작성,받아들이지 못한 면 고백 (무거움),강도 완화,내가 가장 좋아하는 나의 모습은 무엇인가요?,-0.2169967887482804,395.0,0.0,,,감추고 싶거나 바꾸고 싶은 내 모습을 하나 가만히 떠올려봐요.,"그게 '안 괜찮다'고 느끼게 된 건 언제부터, 누구 때문이었나요?",소중한 친구가 같은 고민을 한다면 나는 뭐라고 토닥여줄까요?,문구 변경 → 가이드 재작성 필요,자기 인식,t,아껴주고 싶은 모습 → 자기 자비
386,386,감정,2,A. 교체·재작성 우선,6,1,5,지금 겪고 있는 힘든 일이 있다면 무엇인가요?,힘든 일이 생기면 나는 주로 어떻게 버티나요?,True,재작성,힘든 일이 없으면 답 불가 + 즉시 무거운 고백 요구,성향형 전환 + 강도 완화 (시점 없는 성향형 우선),요즘 마음을 무겁게 하는 것이 있다면 무엇인가요? 없다면 요즘 마음이 가벼운 이유를 알려주세요.,11.448865578285638,35.0,0.5095875148260584,,,지금 겪는 힘든 상황과 그때의 감정을 한 문장으로 적어봐요.,"""이걸 통해 나는 ___을 배우고 있다""로 문장을 완성해볼까요?",이 시간을 잘 지나온 미래의 내가 지금의 나에게 말해준다면요?,문구 변경 → 가이드 재작성 필요,스트레스 대처,t,버티는 방식 → 인내/분산/도움 요청
387,387,감정,2,D. 우수(레퍼런스),3,2,1,싫어하는 것이 나에게 주는 의외의 이점이 있을까요?,싫어하는 것이 나에게 주는 의외의 이점이 있을까요?,False,유지,추상이지만 관측 3회 중 2회 (우수),유지,,0.0,297.0,0.0,,,"정말 싫어하는 상황이나 사람, 감정을 하나 떠올려봐요.",그것이 혹시 나를 보호하거나 숨게 해주는 이득을 주진 않나요?,그 이득 없이도 괜찮다면 나는 어떤 새로운 선택을 하고 싶나요?,,,,
388,388,감정,2,C. 유지·모니터링,2,0,2,내 삶에서 가장 들키기 싫은 건 무엇인가요?,나만 알고 싶은 나의 작은 비밀 취향은 무엇인가요?,True,재작성,"들키기 싫은 것 고백 (자기노출 과다, 관측 2회 중 0회)",강도 완화,남들에게 잘 말하지 않는 나의 습관은 무엇인가요?,-0.8678334333744875,374.0,0.0,,,"아무도 보지 않는 곳에 ""사실은...""으로 시작하는 글을 적어봐요.",그걸 숨기기 위해 내가 얼마나 많은 마음의 에너지를 쓰고 있나요?,그 진실의 아주 작은 조각을 나 자신에게만이라도 인정해봐요.,문구 변경 → 가이드 재작성 필요,,,
389,389,감정,2,C. 유지·모니터링,2,0,2,감정을 숨기기 어려워하는 편인가요?,감정을 숨기기 어려워하는 편인가요?,False,유지,위험 요소 없음 (선호·성향·양자택일형 등),,,,,,,,주변에서 표정 읽기 쉽다는 말을 듣는지 떠올려봐요.,"드러나는 게 편한가요, 불편한가요?",감정을 숨기고 싶을 때와 보여주고 싶을 때의 차이는 뭔가요?,,감정 민감도,c,숨기기 어려움→정서 표현 개방
390,390,감정,2,D. 우수(레퍼런스),7,5,1,감정에 쉽게 휘둘리는 편인가요?,감정에 쉽게 휘둘리는 편인가요?,False,유지,성과 우수 (평균보다 확실히 높음),,,,,,,,기분에 따라 행동이 달라지는지 생각해봐요.,어떤 감정에 가장 약한 것 같나요?,"감정에 휘둘리는 것과 감정에 솔직한 것, 차이가 있나요?",,감정 민감도,c,휘둘림→정서 반응성 높음 / 아님→안정
391,391,감정,2,D. 우수(레퍼런스),6,4,2,가장 실망하는 순간은 어떤 때인가요?,가장 실망하는 순간은 어떤 때인가요?,False,유지,성과 우수 (평균보다 확실히 높음),,,,,,,,최근에 실망했던 경험을 떠올려봐요.,"실망의 원인이 나인가요, 상대인가요, 상황인가요?",실망이 반복되는 패턴이 있나요?,,,,
392,392,감정,2,D. 우수(레퍼런스),3,2,0,남들보다 자주 느끼는 감정은 무엇인가요?,남들보다 자주 느끼는 감정은 무엇인가요?,False,유지,성과 우수 (평균보다 확실히 높음),,,,,,,,하루 중 가장 자주 찾아오는 감정을 떠올려봐요.,그 감정이 자주 오는 이유가 뭘까요?,그 감정이 나를 정의한다고 느끼나요?,,감정 민감도,t,자주 느끼는 감정 → 기저 정서
393,393,감정,2,D. 우수(레퍼런스),7,5,2,"감정을 정리한 뒤에 대화하는 편인가요, 대화하면서 정리하는 편인가요?","감정을 정리한 뒤에 대화하는 편인가요, 대화하면서 정리하는 편인가요?",False,유지,성과 우수 (평균보다 확실히 높음),,,,,,,,갈등이나 감정적 상황에서의 나를 떠올려봐요.,두 방식을 각각 써본 적 있나요?,나의 방식이 관계에 미치는 영향도 떠올려봐요.,,결정 방식,c,정리 후 대화→내적 처리 / 대화하며 정리→외적 처리
394,394,감정,2,D. 우수(레퍼런스),4,3,1,다른 사람의 감정에 얼마나 예민하게 반응하는 편인가요?,다른 사람의 감정에 얼마나 예민하게 반응하는 편인가요?,False,유지,성과 우수 (평균보다 확실히 높음),,,,,,,,"가까운 사람의 기분에 따라 내 기분도 같이 흔들리는 경험, 있잖아요.",주변 사람의 기분에 따라 내 기분이 어떻게 달라지는지 떠올려봐요.,타인의 감정에 영향받는 것이 나에게 어떤 의미인가요?,,관계 온도,t,타인 감정 민감도 → 공감 민감성
395,395,감정,1,D. 우수(레퍼런스),4,3,1,화가 나면 어떻게 표현하나요?,화가 나면 어떻게 표현하나요?,False,유지,성과 우수 (평균보다 확실히 높음),,,,,,,,"소리를 지르거나, 참거나, 울거나 등이요.",그 방식이 된 건 언제부터인가요?,화를 표현하는 방식에 만족하나요?,,스트레스 대처,t,분노 표현 방식 → 표출/억제/전환
396,396,감정,2,B. 패턴 기반 수정 권장,5,1,3,"참다 참다 폭발한 적이 있다면, 어떤 상황이었나요?","참다가 폭발하는 편인가요, 그때그때 표현하는 편인가요?",True,재작성,폭발 경험 전제 + 부정적,성향형 전환,화가 쌓일 때 나는 어떤 신호를 보내나요?,11.081379571789151,38.0,0.4971831752197933,,,쌓인 감정이 터진 경험을 떠올려봐요.,어떤 일들이 쌓였었는지 써볼까요?,왜 더이상 참기 어려웠는지도 적어봐요.,문구 변경 → 가이드 재작성 필요,스트레스 대처,c,참다 폭발→억제 후 폭발 / 그때그때→즉시 표현
397,397,감정,2,C. 유지·모니터링,7,3,4,나만의 짜증이 나는 포인트는 무엇인가요?,나만의 짜증이 나는 포인트는 무엇인가요?,False,유지,위험 요소 없음 (선호·성향·양자택일형 등),,,,,,,,반복적으로 짜증난다고 느껴왔던 부분이 있나요?,왜 그 부분에 민감한 것 같나요?,짜증났던 경험 속 짜증의 이유를 찾아봐요.,,감정 민감도,t,짜증 포인트 → 민감 영역
398,398,감정,2,C. 유지·모니터링,3,1,2,화난 감정이 얼마나 오래가나요?,화난 감정이 얼마나 오래가나요?,False,유지,위험 요소 없음 (선호·성향·양자택일형 등),,,,,,,,최근에 화가 났던 경험을 떠올려볼까요?,"화가 금방 풀리는 편인지, 느리게 풀리는 편인지 궁금해요.",화가 풀리는 과정도 적어봐요.,,감정 민감도,t,분노 지속 시간 → 반추·회복 속도
399,399,감정,2,C. 유지·모니터링,1,0,0,"울고 싶어도 꾹 참아야만 했던 순간, 주저하게 만든 건 무엇이었나요?","울고 싶을 때 참는 편인가요, 우는 편인가요?",True,재작성,참아야 했던 눈물 회상 (무거움 + 문장 김),성향형 + 짧게,울고 싶은데 참게 되는 이유는 무엇인가요?,2.784608236406161,262.0,0.0239494911621264,,,눈물이 차올랐지만 애써 삼켜야 했던 구체적인 장면이나 그때의 분위기를 떠올려 봐요.,왜 울지 못했나요?,그때 미처 쏟아내지 못한 감정들이 지금의 나에게는 어떤 기억으로 남아있는지 적어볼까요?,문구 변경 → 가이드 재작성 필요,스트레스 대처,c,참음→정서 억제 / 욺→정서 표출
400,400,감정,2,C. 유지·모니터링,2,0,2,혼자 울 때와 누군가 앞에서 울 때가 다른가요?,혼자 울 때와 누군가 앞에서 울 때가 다른가요?,False,유지,위험 요소 없음 (선호·성향·양자택일형 등),,,,,,,,각각의 상황을 떠올려봐요.,어느 쪽이 더 편한가요?,눈물을 보여주는 것이 나에게 어떤 의미인가요?,,친밀감 방식,t,타인 앞 감정 노출 → 취약성 표현
401,401,감정,2,B. 패턴 기반 수정 권장,3,2,1,슬픈 영화나 노래를 일부러 찾아보며 감정을 쏟아내고 싶었던 적이 있나요?,"슬플 때 슬픈 노래를 듣는 편인가요, 신나는 노래를 듣는 편인가요?",True,재작성,예/아니오 + 특정 행동 경험 전제,성향형 전환,감정을 쏟아내고 싶을 때 찾는 영화나 노래가 있나요?,22.89398510679222,24.0,0.6202993909659184,,,기분이 가라앉는 날에 굳이 슬픈 것을 고르는 나만의 이유가 있나요?,다른 슬픈 이야기에 내 마음을 비춰볼 때 어떤 느낌이 드는지 떠올려 봐요.,그렇게 한바탕 감정을 쏟아내고 나면 내 기분은 어떻게 달라지나요?,문구 변경 → 가이드 재작성 필요,스트레스 대처,c,슬픈 노래→감정 몰입형 / 신나는 노래→전환형
402,402,감정,1,C. 유지·모니터링,6,2,2,가장 위로가 되는 말은 무엇인가요?,가장 위로가 되는 말은 무엇인가요?,False,유지,위험 요소 없음 (선호·성향·양자택일형 등),,,,,,,,힘들 때 듣고 싶은 말을 떠올려봐요.,왜 그 말이 위로가 되나요?,나에게 필요한 위로의 방식은 뭔가요?,,,,
403,403,감정,2,C. 유지·모니터링,1,1,0,"밤에 갑자기 불안해진 적이 있다면, 어떤 생각이 찾아왔나요?","잠 못 드는 밤, 나를 진정시키는 방법은 무엇인가요?",True,재작성,밤 불안 경험 전제 + 무거움,성향형 전환 · 중복 해소(#485),,9.28250401467709,205.0,0.0818326989764467,,,이유 없이 마음이 무거워진 경험이요.,그때 어떻게 대처했나요?,불안의 정체가 뭐라고 생각하나요?,문구 변경 → 가이드 재작성 필요,스트레스 대처,t,진정 방법 → 수면 전 정서 조절
404,404,감정,2,C. 유지·모니터링,5,2,3,실패가 두려운 편인가요? 어떤 실패가 가장 무서운가요?,가장 두려운 실패는 어떤 실패인가요?,True,재작성,두 질문 연결,하나로 축소,"실패가 두려운 편인가요, 일단 부딪히는 편인가요?",-3.024620209855988,396.0,0.0,,,도전 앞에서 망설인 경험을 떠올려봐요.,두려움이 나를 멈추게 한 적 있나요?,"두려움이 나를 보호하는 건가요, 가두는 건가요?",문구 변경 → 가이드 재작성 필요,감정 민감도,t,두려운 실패 영역 → 불안 주제
405,405,감정,2,C. 유지·모니터링,2,0,2,걱정이 많은 편인가요? 요즘 가장 큰 걱정은 뭔가요?,걱정이 생기면 나는 주로 어떻게 하나요?,True,재작성,두 질문 연결 + '요즘' (관측 2회 중 0회),하나로 축소,"걱정이 많은 편인가요, 적은 편인가요?",4.863659861154268,201.0,0.0831454509670986,,,아직 일어나지 않은 일을 미리 걱정하는지요.,걱정이 도움이 된 적 있나요?,걱정과 준비의 차이는 뭔가요?,문구 변경 → 가이드 재작성 필요,스트레스 대처,t,걱정 대처 → 문제 해결/반추/회피
406,406,감정,2,C. 유지·모니터링,6,3,3,혼자 있을 때 불안함을 어느정도 느끼나요?,혼자 있을 때 불안함을 어느정도 느끼나요?,False,유지,위험 요소 없음 (선호·성향·양자택일형 등),,,,,,,,"혼자만의 시간이 편한지, 불안한지요.",사람이 없으면 뭐가 달라지나요?,"외로움과 불안은 같은 건가요, 다른 건가요?",,감정 민감도,t,혼자일 때 불안 정도 → 고독 내성
407,407,감정,2,D. 우수(레퍼런스),5,5,0,"미래가 불안할 때, 어떤 부분이 가장 걱정되나요?","미래가 불안할 때, 어떤 부분이 가장 걱정되나요?",False,유지,성과 우수 (평균보다 확실히 높음),,,,,,,,앞으로의 삶에 대한 막연한 걱정이요.,어떤 부분이 가장 불안한가요?,불안을 다루는 나만의 방법이 있나요?,,감정 민감도,t,미래 불안 영역
408,408,감정,2,D. 우수(레퍼런스),4,4,0,만약 감정이 사라진다면 어떨까요?,만약 감정이 사라진다면 어떨까요?,False,유지,상상 추상이지만 관측 4회 모두 답변 (우수),유지,,0.0,344.0,0.0,,,기쁨도 슬픔도 없는 상태를 상상해봐요.,"그게 편할 것 같나요, 공허할 것 같나요?",감정이 나에게 어떤 역할을 하고 있나요?,,,,
409,409,감정,2,C. 유지·모니터링,7,3,3,나이가 들면서 감정이 변했나요?,나이가 들면서 가장 달라진 감정은 무엇인가요?,True,재작성,예/아니오 닫힌 질문 (관측 7회 중 3회),열린 질문,예전보다 덜 느끼게 된 감정은 무엇인가요?,-1.7319756821050358,322.0,0.0,,,예전과 지금의 차이를 떠올려봐요.,어떤 감정이 더 커졌거나 작아졌나요?,"감정의 변화가 성장인가요, 무뎌진 건가요?",문구 변경 → 가이드 재작성 필요,,,
410,410,감정,2,D. 우수(레퍼런스),5,3,1,감정을 글로 쓰면 정리가 되나요? 쓰고 나면 뭐가 달라지나요?,감정을 글로 쓰면 정리가 되나요? 쓰고 나면 뭐가 달라지나요?,False,유지,두 질문 연결이지만 관측 5회 중 3회 (우수),유지,,0.0,334.0,0.0,,,일기나 메모로 감정을 풀어본 적 있나요?,쓰고 나면 뭐가 달라지나요?,정리한 글을 되돌아보기도 하나요?,,스트레스 대처,t,글쓰기 효과 → 표현적 글쓰기 적합성
411,411,감정,2,C. 유지·모니터링,10,3,7,감정의 회복 속도가 빠른 편인가요 혹은 느린편인가요?,감정의 회복 속도가 빠른 편인가요 혹은 느린편인가요?,False,유지,위험 요소 없음 (선호·성향·양자택일형 등),,,,,,,,힘든 일 후 돌아오는 시간을 떠올려봐요.,"빨리 회복하는 편인가요, 오래 가나요?",회복 속도가 나에 대해 뭘 말해주나요?,,감정 민감도,c,빠름→정서 회복력 / 느림→반추 경향
412,412,감정,2,C. 유지·모니터링,3,0,3,고마운 마음을 잘 표현하는 편인가요?,고마운 마음을 잘 표현하는 편인가요?,False,유지,위험 요소 없음 (선호·성향·양자택일형 등),,,,,,,,감사를 전한 경험을 떠올려봐요.,표현하기 어려운 이유가 있나요?,감사를 표현하면 관계가 어떻게 달라지나요?,,친밀감 방식,c,잘함→긍정 정서 표현
413,413,감정,2,D. 우수(레퍼런스),4,3,0,미안하다는 표현을 잘하는 편인가요?,미안하다는 표현을 잘하는 편인가요?,False,유지,성과 우수 (평균보다 확실히 높음),,,,,,,,모든 표현이 중요하지만 미안한 마음을 잘 전달하는 건 정말 중요해요.,"최근 미안했던 적이 있다면, 그 때 나는 어떻게 행동했나요?",미안함을 잘 표현하지 못한다면 왜 그럴까요?,,관계 온도,c,잘함→관계 회복 지향
414,414,루틴,1,C. 유지·모니터링,1,1,0,아침형 인간인가요 저녁형 인간인가요?,아침형 인간인가요 저녁형 인간인가요?,False,유지,위험 요소 없음 (선호·성향·양자택일형 등),,,,,,,,생활루틴은 사람별로 다양해요.,미라클 모닝을 즐기는 아침형 인간 또는 나만의 밤을 즐기는 저녁형 인간 중 어디에 더 가까운가요?,이 생활 패턴의 장점과 단점도 생각해봐요.,,계획·실행,c,아침형 / 저녁형 → 생활 리듬
415,415,루틴,2,C. 유지·모니터링,2,2,0,계획이 바뀌었을 때 어떻게 행동하나요?,계획이 바뀌었을 때 어떻게 행동하나요?,False,유지,위험 요소 없음 (선호·성향·양자택일형 등),,,,,,,,완벽한 계획을 세웠다고 생각해도 어쩔 수 없이 계획이 바뀌기도 해요.,갑자기 아파서 가지 못하게 된 여행을 생각해봐요.,계획이 나에게 어떤 안정감을 주는지 떠올려봐요.,,계획·실행,t,계획 변경 대응 → 유연성/통제 욕구
416,416,루틴,2,C. 유지·모니터링,3,1,2,워라밸이 얼마나 중요한가요?,워라밸이 얼마나 중요한가요?,False,유지,위험 요소 없음 (선호·성향·양자택일형 등),,,,,,,,워라벨과 성과 또는 보상 중에 하나를 고른다면 어느 쪽을 선택하고 싶나요?,일과 삶 중 어느 것에 가중치를 두어 생각하는지 떠올려봐요.,왜 그렇게 생각하게 되었는지도 써볼까요?,,가치·동기,t,워라밸 중요도 → 여유 vs 성취 가치
417,417,루틴,2,B. 패턴 기반 수정 권장,3,2,1,"최근에 시작한 일 중 루틴에 넣고 싶은 일이 있다면, 어떤 건가요?",루틴으로 만들고 싶은 일은 무엇인가요?,True,재작성,최근 + 전제 + 조건 겹침,단순화,작심삼일로 끝나지 않았으면 하는 일은 무엇인가요?,17.429060600141987,40.0,0.4839315726841934,,,고양이들은 재밌었던 일은 하루 일과에 추가한다고 해요.,한 번으로 끝내기에는 아쉬운 일들이 있죠.,어떻게 계속 해보고 싶은지 생각해봐요.,문구 변경 → 가이드 재작성 필요,,,
418,418,루틴,2,E. 미노출(데이터 없음),0,0,0,오래 쓰는 물건에 정이 드는 편인가요?,오래 쓰는 물건에 정이 드는 편인가요?,False,유지,아직 노출 없음 · 위험 요소 없음,,,,,,,,오래 쓴 물건에는 추억이 깃들기도 하잖아요.,지금 가장 오래 쓰고 있는 물건을 떠올려봐요.,그 물건과의 시간이 나에게 어떤 의미인가요?,,,,
419,419,루틴,2,A. 교체·재작성 우선,4,1,2,"잠 들기 전 꼭 하는 일이 있다면, 어떤 건가요?",잠들기 전 주로 무엇을 하나요?,True,재작성,'꼭 하는 일' 전제 (루틴이 없으면 답 불가),전제 제거,잠들기 전 가장 좋아하는 시간은 어떤 시간인가요?,8.308068426384102,75.0,0.2968206885285421,,,"자기 전에 릴스 보기, 팩 붙이기 또는 스트레칭하기 등 다양한 활동을 하곤 해요.",자기 전에 그 일을 하는 이유는 무엇인가요?,자기 전 루틴으로 추가하고 싶은 일이 있나요?,문구 변경 → 가이드 재작성 필요,,,
420,420,루틴,1,C. 유지·모니터링,1,1,0,약속 없는 휴일엔 무엇을 하나요?,약속 없는 휴일엔 무엇을 하나요?,False,유지,위험 요소 없음 (선호·성향·양자택일형 등),,,,,,,,"이불 속에서 뒹굴거리기, 넷플릭스 정주행처럼 사소한 것도 좋아요.",지난 휴일에 뭘했는지 떠올려봐요.,그걸 할 때 어떤 기분이었나요?,,에너지 방향,t,혼자 쉼→내향 / 약속 만들기→외향
421,421,루틴,1,C. 유지·모니터링,1,0,1,지하철이나 버스에서 주로 무엇을 하며 시간을 보내나요?,지하철이나 버스에서 주로 무엇을 하며 시간을 보내나요?,False,유지,위험 요소 없음 (선호·성향·양자택일형 등),,,,,,,,이동 시간도 나만의 방식으로 채울 수 있어요.,"음악 듣기, 창밖 보기 혹은 스마트폰 보기를 생각해봐요.",그 시간을 그렇게 보내면 어떤 기분이 드나요?,,,,
422,422,루틴,2,C. 유지·모니터링,1,1,0,"나도 모르게 반복하는, 조금 신경 쓰이는 버릇은 무엇인가요?","나도 모르게 반복하는, 조금 신경 쓰이는 버릇은 무엇인가요?",False,유지,위험 요소 없음 (선호·성향·양자택일형 등),,,,,,,,할 때마다 마음 한구석이 찝찝한 행동이 있나요?,그 사소한 버릇이 나의 하루 컨디션을 어떻게 좌우하나요?,내일 당장 실천해볼 수 있는 아주 귀여운 변화 하나는?,,자기 인식,t,신경 쓰이는 버릇 → 자기 관찰
423,423,루틴,2,B. 패턴 기반 수정 권장,3,1,2,오늘 나를 정신없이 달리게 만든 주범은 무엇인가요?,요즘 나를 정신없이 바쁘게 하는 것은 무엇인가요?,True,재작성,오늘 + '주범' 은유,시점 중립화,바쁠 때 가장 먼저 포기하는 것은 무엇인가요?,9.926482407962434,77.0,0.2958408821914132,,,가장 분주하고 숨 가빴던 시간대를 떠올려 봐요.,"그 달리기는 나를 위한 설렘이었나요, 등 떠밀린 의무였나요?","나를 소진시키기만 한 건지, 아니면 채워주기도 했는지 돌아봐요.",문구 변경 → 가이드 재작성 필요,,,
424,424,루틴,2,C. 유지·모니터링,3,1,1,딱 5분만 투자해서 매일 하고 싶은 작은 습관은 무엇인가요?,딱 5분만 투자해서 매일 하고 싶은 작은 습관은 무엇인가요?,False,유지,위험 요소 없음 (선호·성향·양자택일형 등),,,,,,,,"""언젠가 해야지""라며 마음의 짐처럼 둔 일이 있나요?",하루 5분이라면 어디서부터 가볍게 시작할 수 있을까요?,"일주일 후, 이 약속을 지킨 멋진 나에게 미리 한마디!",,,,
425,425,루틴,2,B. 패턴 기반 수정 권장,1,0,1,오늘 아무 생각 없이 기계적으로 반복한 행동은 무엇인가요?,아무 생각 없이 반복하는 나의 습관은 무엇인가요?,True,재작성,오늘 + 무의식 행동 자각 어려움,시점 중립화 + 구체화,하루에 가장 자주 여는 앱은 무엇인가요?,18.97987984315285,124.0,0.1835649748183185,,,무의식중에 튀어나온 말투나 습관적인 동작이 있었나요?,그 반복적인 행동 속에 숨겨진 나의 심리는 무엇일까요?,"그 행동이 나를 편안하게 하나요, 아니면 바꾸고 싶나요?",문구 변경 → 가이드 재작성 필요,,,
426,426,루틴,2,B. 패턴 기반 수정 권장,1,0,0,오늘 나의 에너지를 가장 많이 잡아먹은 일은 무엇인가요?,요즘 나의 에너지를 가장 많이 쓰게 하는 일은 무엇인가요?,True,재작성,오늘 기반,시점 중립화,에너지를 아끼고 싶은 일과 아낌없이 쓰고 싶은 일은 무엇인가요?,9.431259057940494,188.0,0.097757432583382,,,체력과 정신력을 가장 많이 쏟아부은 활동 하나는?,"그 소모가 보람찬 수확이었나요, 아니면 허무한 낭비였나요?",내일은 나의 소중한 연료를 어디에 더 집중하고 싶나요?,문구 변경 → 가이드 재작성 필요,,,
427,427,루틴,2,B. 패턴 기반 수정 권장,0,0,0,오늘 몸이 가장 바쁘게 움직였던 시간은 언제인가요?,하루 중 몸이 가장 바쁜 시간은 언제인가요?,True,재작성,오늘 기반,시점 중립화,"나는 아침형 인간인가요, 저녁형 인간인가요?",18.576186187559717,72.0,0.3017849286565414,,,평소보다 부지런히 움직였던 시간이나 상황이 있었나요?,나를 움직이게 한 원동력은 무엇이었는지 짚어봐요.,내가 가장 효율적으로 움직이는 조건을 발견했나요?,문구 변경 → 가이드 재작성 필요,,,
428,428,루틴,2,C. 유지·모니터링,1,0,1,계속 미루고 있는 일 하나를 지금 꺼낸다면 무엇인가요?,계속 미루고 있는 일 하나는 무엇인가요?,True,재작성,'지금 꺼낸다면' 모호한 표현,명확화,미루는 일을 시작하게 만드는 건 무엇인가요?,4.731981721728356,250.0,0.0386996169052657,,,마음 한구석에 무겁게 얹혀 있는 숙제 같은 일은?,왜 그 일을 자꾸 뒤로 미루게 되는지 솔직히 적어볼까요?,5분 안에 끝낼 수 있는 가장 쉬운 첫 단계부터 정해봐요.,문구 변경 → 가이드 재작성 필요,계획·실행,t,미루는 일의 종류 → 회피 영역
429,429,루틴,2,C. 유지·모니터링,1,1,0,요즘 내 삶에 기분 좋게 스며든 나만의 루틴은 무엇인가요?,요즘 기분 좋게 자리 잡은 나의 루틴은 무엇인가요?,True,경미 수정,요즘 + '스며든' 은유 (관측 1/1),경미 수정,요즘 일상에서 가장 좋아하는 순간은 언제인가요?,0.8074799163465096,280.0,0.0078562587612958,,,반복할수록 마음이 편안해지는 나만의 루틴이 생겼나요?,그 리듬이 나에게 참 잘 맞는다고 느끼는 이유는 무엇인가요?,이 건강한 흐름을 오래 지키기 위해 필요한 노력이 있다면?,문구 변경 → 가이드 재작성 필요,,,
430,430,루틴,2,B. 패턴 기반 수정 권장,1,0,1,오늘 조금 과하다 싶었던 나의 행동은 무엇이었나요?,나도 모르게 과하게 하는 것은 무엇인가요?,True,재작성,오늘 + 과한 행동 인정 요구,시점 중립화 + 성향형,적당히가 가장 어려운 것은 무엇인가요?,18.792329505611598,148.0,0.1472292669602828,,,"""이건 좀 줄여야겠다""라고 반성하게 된 순간이 있나요?","건강을 위해서인가요, 아니면 마음의 평화를 위해서인가요?",단번에 끊기보다 아주 조금씩 줄여가는 나만의 전략은?,문구 변경 → 가이드 재작성 필요,계획·실행,t,과하게 하는 것 → 조절이 어려운 영역
431,431,루틴,2,B. 패턴 기반 수정 권장,1,1,0,오늘 하루 종일 가장 많이 반복한 행동은 무엇이었나요?,하루 중 가장 많이 반복하는 행동은 무엇인가요?,True,재작성,오늘 + 행동 자각 어려움,시점 중립화,하루에 가장 많이 하는 생각은 무엇인가요?,18.854119115790947,126.0,0.1831328398845251,,,나도 모르게 손이 가거나 입에 붙은 습관이 있었나요?,"불안해서 그랬을까요, 아니면 그저 편해서 그랬을까요?","계속 가져가고 싶은 습관인지, 작별하고 싶은 습관인지 정해봐요.",문구 변경 → 가이드 재작성 필요,,,
432,432,루틴,2,B. 패턴 기반 수정 권장,0,0,0,오늘은 하루를 계획적으로 보냈나요 아니면 즉흥적으로 보냈나요?,"나는 계획적으로 사는 편인가요, 즉흥적으로 사는 편인가요?",True,재작성,오늘 + 하루 전체를 평가해야 함,성향형 전환,계획이 틀어지면 나는 어떻게 반응하나요?,23.49350508325253,56.0,0.3776954779694583,,,"꽉 짜인 일정 속에서 움직였나요, 아니면 즉흥적이었나요?",오늘 하루를 보낸 방식이 나에게 어떤 기분을 선물했나요?,나에게 가장 잘 어울리는 '하루의 모양'을 그려봐요.,문구 변경 → 가이드 재작성 필요,계획·실행,c,계획적→성실 / 즉흥적→유연
433,433,루틴,2,B. 패턴 기반 수정 권장,1,1,0,오늘 루틴 중에서 나를 칭찬해주고 싶은 순간은 무엇인가요?,내 루틴 중에서 스스로 칭찬해주고 싶은 것은 무엇인가요?,True,재작성,오늘 + 루틴 + 칭찬 이중,시점 중립화 + 단순화,꾸준히 해서 뿌듯한 일은 무엇인가요?,17.114402176747713,142.0,0.1570022767967323,,,어김없이 해낸 나만의 작은 약속이 있나요?,그 작은 성공이 오늘 나의 자존감을 얼마나 높여주었나요?,내일은 어떤 루틴을 더 견고하게 지켜내고 싶나요?,문구 변경 → 가이드 재작성 필요,자기 인식,t,스스로 칭찬하는 루틴 → 자기 인정
434,434,루틴,2,C. 유지·모니터링,3,0,3,"아침이나 저녁, 평소와 달랐던 순간은 언제였나요?","아침형인가요, 저녁형인가요? 하루 중 가장 좋아하는 시간은?",True,재작성,'평소와 달랐던 순간' 모호 + 회상 (관측 3회 중 0회),성향형 전환,하루 중 가장 좋아하는 시간대는 언제인가요?,-1.303398237712683,312.0,0.0,,,시작이나 마무리의 리듬이 깨졌거나 바뀐 부분이 있나요?,"그 변화가 나에게 신선한 자극이었나요, 아니면 불편했나요?",더 기분 좋은 내일을 위해 오늘 저녁에 꼭 하고 싶은 건?,문구 변경 → 가이드 재작성 필요,,,
435,435,루틴,2,B. 패턴 기반 수정 권장,2,0,2,오늘 정리한 나의 생활이나 마음은 무엇이었나요?,요즘 정리하고 싶은 것은 무엇인가요? 물건도 마음도 좋아요.,True,재작성,오늘 + '정리한 생활이나 마음' 모호,시점 중립화 + 구체화,정리하고 나면 가장 개운한 것은 무엇인가요?,8.368373141887192,178.0,0.10721958774575,,,흐트러진 물건이나 복잡한 생각을 치워버린 순간은?,정리하고 난 뒤에 찾아온 마음의 공간은 어떤 느낌인가요?,지금 바로 정리하고 싶은 마음의 짐이 하나 더 있다면?,문구 변경 → 가이드 재작성 필요,,,
436,436,루틴,2,C. 유지·모니터링,1,1,0,계획보다 시간이 훨씬 더 오래 걸린 일은 무엇인가요?,계획보다 시간이 훨씬 더 오래 걸린 일은 무엇인가요?,False,유지,회상형 (관측 1회 중 1회),유지,,0.0,398.0,0.0,,,예상 밖의 복병을 만나 시간을 많이 쓴 작업이 있나요?,왜 시간이 지체되었는지 원인을 차분히 분석해볼까요?,다음에 비슷한 일을 할 때 활용할 수 있는 나만의 팁은?,,계획·실행,t,시간 예측 오차 → 계획 오류
437,437,루틴,2,B. 패턴 기반 수정 권장,0,0,0,"손이 안 가서 끝까지 붙잡고 있었던 일이 있다면, 어떤 건가요?",끝내지 못하고 붙잡고 있는 일은 무엇인가요?,True,재작성,'손이 안 가서 붙잡고 있던' 의미 모호 + 전제,문장 명확화,시작은 했는데 마무리가 어려운 일은 무엇인가요?,8.009878569328366,187.0,0.0977994506275597,,,하기 싫어서 계속 미루다가 겨우 끝낸 게 무엇인가요?,"의욕이 생기지 않았던 진짜 이유는 피로인가요, 재미인가요?",최소한의 동기부여를 위해 나에게 어떤 보상을 해줄까요?,문구 변경 → 가이드 재작성 필요,계획·실행,t,끝내지 못하는 일 → 완결 어려움
438,438,루틴,2,B. 패턴 기반 수정 권장,0,0,0,"운동을 시작하게 된 계기가 있다면, 어떤 건가요?",몸을 움직이고 싶어지는 계기는 무엇인가요?,True,재작성,운동 경험 전제,대상 확장,운동을 시작하고 싶게 만드는 것은 무엇인가요? 하고 있다면 시작한 계기를 알려주세요.,12.952415367426472,116.0,0.1931409352115853,,,"건강, 다이어트, 스트레스 해소 등 뭐든 괜찮아요.",그 계기가 지금도 동기부여가 되나요?,운동이 나에게 어떤 의미로 변해왔나요?,문구 변경 → 가이드 재작성 필요,,,
439,439,루틴,1,C. 유지·모니터링,4,2,1,좋아하는 운동은 어떤 운동인가요?,좋아하는 운동이나 몸을 움직이는 방법은 무엇인가요? 산책도 좋아요.,True,재작성,운동 전제 (안 하는 사람 답 불가),대상 확장,해보고 싶은 운동은 무엇인가요?,-4.063660352079085,367.0,0.0,,특정 활동 전제,"헬스, 러닝, 수영 등 다양한 운동이 있죠.",그 운동을 좋아하는 이유를 떠올려봐요.,이 운동을 하며 갖게 된 목표도 있다면 적어봐요.,문구 변경 → 가이드 재작성 필요,,,
440,440,루틴,2,B. 패턴 기반 수정 권장,0,0,0,운동이 나에게 주는 가장 큰 선물은 무엇인가요?,몸을 움직이면 나에게 어떤 변화가 생기나요?,True,재작성,운동 전제,대상 확장,산책·운동·스트레칭 중 나에게 가장 잘 맞는 것은 무엇인가요?,9.810192668986184,158.0,0.1385313621226884,,,몸을 움직이고 나면 기분이 달라지는 걸 느낀 적 있을 거예요.,"체력, 자신감, 스트레스 해소 등 떠오르는 것을 적어봐요.",운동이 나의 일상에 어떤 변화를 가져다줬나요?,문구 변경 → 가이드 재작성 필요,,,
441,441,루틴,2,C. 유지·모니터링,1,0,0,몸을 움직이고 난 뒤의 기분은 어떤가요?,몸을 움직이고 난 뒤의 기분은 어떤가요?,False,유지,위험 요소 없음 (선호·성향·양자택일형 등),,,,,,,,"땀 흘리고 나면 개운한 기분, 있잖아요.","상쾌함, 뿌듯함, 피곤함 등 솔직한 느낌을 적어봐요.",그 기분이 나를 다시 움직이게 만드나요?,,,,
442,442,루틴,2,B. 패턴 기반 수정 권장,2,2,0,"공부나 작업을 시작하기 전에 꼭 하는 게 있다면, 어떤 건가요?",(비활성화),True,중복 통합(비활성화),공부·작업 + 전제 (관측 2/2 양호),중복 통합(#126),무언가에 집중하기 전에 주로 하는 행동은 무엇인가요?,0.0,357.0,0.0,,,"커피 내리기, 책상 정리, 음악 틀기 등 나만의 루틴이 있다면 떠올려봐요.",그 루틴이 없으면 시작이 잘 안 되나요?,시작 전 루틴이 나에게 어떤 역할을 하고 있을까요?,,,,
443,443,루틴,2,B. 패턴 기반 수정 권장,3,1,2,"집중이 잘 되는 시간대가 있다면, 언제인가요?",집중이 가장 잘 되는 시간대는 언제인가요?,True,경미 수정,전제형 (대부분 답 가능),경미 수정,나의 황금 시간대는 언제인가요?,6.59256728544555,128.0,0.1780255811948261,,,"아침, 낮, 밤 중 언제 머리가 가장 잘 돌아가는지 떠올려봐요.",그 시간대를 잘 활용하고 있나요?,내 집중 리듬을 안다는 게 나에게 어떤 도움을 주나요?,문구 변경 → 가이드 재작성 필요,,,
444,444,루틴,1,E. 미노출(데이터 없음),0,0,0,어디서 공부하는 게 가장 잘 되나요?,카페와 집 중 어디서 더 집중이 잘 되나요?,True,재작성,공부 전제,대상 확장 · 중복 해소(#112),,5.536099410800322,204.0,0.0819291751936594,,,"집, 카페, 도서관, 스터디카페 등 주로 가는 곳을 떠올려봐요.",그 장소의 어떤 점이 나에게 맞나요?,공간이 바뀌면 집중력도 바뀌나요?,문구 변경 → 가이드 재작성 필요,,,
445,445,루틴,2,B. 패턴 기반 수정 권장,1,1,0,공부할 때 음악을 듣는 편인가요? 어떤 분위기의 음악인가요?,"집중할 때 음악을 듣는 편인가요, 조용한 게 좋은가요?",True,재작성,공부 전제 + 두 질문 연결,대상 확장 + 하나로,집중할 때 듣는 음악은 어떤 분위기인가요?,0.6409840492766883,282.0,0.005548671434974,,특정 활동 전제,틀어놓는 음악이 있다면 어떤 종류인지 떠올려봐요.,음악이 집중에 도움이 되나요?,소리가 있는 환경과 조용한 환경 중 나에게 더 맞는 건 어떤 쪽이에요?,문구 변경 → 가이드 재작성 필요,,,
446,446,루틴,2,C. 유지·모니터링,1,1,0,무언가에 한 번 몰입하면 집중력은 보통 얼마나 지속되나요?,무언가에 한 번 몰입하면 집중력은 보통 얼마나 지속되나요?,False,유지,위험 요소 없음 (선호·성향·양자택일형 등),,,,,,,,몰입하면 시간 가는 줄 모르는 편인지 떠올려봐요.,집중이 끊기는 순간이 있다면 주로 어떤 때예요?,나의 집중력 패턴이 나에 대해 뭘 말해주나요?,,계획·실행,t,몰입 지속 시간 → 집중력
447,447,루틴,2,E. 미노출(데이터 없음),0,0,0,"여러 일을 동시에 챙기는 편인가요, 아니면 하나에 깊이 몰입하는 편인가요?","여러 일을 동시에 하는 편인가요, 하나에 몰입하는 편인가요?",True,재작성,문장이 김 (양자택일),짧게,,1.736777264690753,261.0,0.0262619278602622,,,한꺼번에 많은 일을 할 때 내 마음은 보통 어떤 상태인지 가만히 살펴보세요.,어느 쪽일 때 내가 더 편안하게 능력을 발휘한다고 느끼는지 궁금해요.,나만의 작업 스타일에서 비롯되는 결과물의 특징이 있을까요?,문구 변경 → 가이드 재작성 필요,계획·실행,c,동시에→멀티태스킹 / 하나에→단일 몰입
448,448,루틴,2,B. 패턴 기반 수정 권장,0,0,0,공부하다 막히면 어떻게 하나요?,무언가 하다 막히면 나는 어떻게 하나요?,True,재작성,공부 전제,대상 확장,"막힐 때 혼자 파고드는 편인가요, 도움을 요청하는 편인가요?",5.252556888290327,212.0,0.0765677342969873,,,이해가 안 되거나 진도가 안 나갈 때 어떤 반응이 오는지 떠올려봐요.,바로 질문하는 편이에요? 혼자 끙끙대는 편이에요?,막혔을 때의 대처 방식이 다른 상황에서도 비슷하게 나타나나요?,문구 변경 → 가이드 재작성 필요,스트레스 대처,t,막힐 때 행동 → 문제중심/회피
449,449,루틴,2,C. 유지·모니터링,1,0,1,타이머나 시간 관리 도구를 쓰나요?,타이머나 시간 관리 도구를 쓰나요?,False,유지,위험 요소 없음 (선호·성향·양자택일형 등),,,,,,,,"뽀모도로, 타이머, 플래너 등 쓰고 있는 게 있다면 떠올려봐요.",그게 실제로 도움이 되나요?,시간을 관리하려는 것이 나에게 안정감을 주나요?,,계획·실행,c,씀→체계적 관리
450,450,루틴,2,A. 교체·재작성 우선,3,0,3,"집중이 안 될 때 나를 다시 잡아주는 나만의 방법이 있다면, 어떤 건가요?","집중이 안 될 때 잠깐 쉬는 편인가요, 억지로라도 버티는 편인가요?",True,재작성,'나만의 방법'이 있어야 답할 수 있음,경험 전제 제거 + 선택지형,집중이 안 될 때 가장 먼저 하는 행동은 무엇인가요?,12.101979435662049,67.0,0.3230714465913506,,,집중이 풀릴 때 나만의 리셋 버튼이 있으면 좋잖아요.,"찬물 마시기, 스트레칭, 짧은 산책 등을 떠올려봐요.",그 방법이 나를 다시 집중하게 만드는 비결은 뭘까요?,문구 변경 → 가이드 재작성 필요,계획·실행,c,쉼→자기 조절·유연 / 버팀→인내·완수
451,451,루틴,2,B. 패턴 기반 수정 권장,0,0,0,"번아웃이 온 적이 있다면, 어떤 상황에서였나요?",지쳤다는 걸 알려주는 나만의 신호는 무엇인가요?,True,재작성,번아웃 경험 전제 + 무게,성향형 전환,완전히 지쳤을 때 나를 회복시키는 것은 무엇인가요?,6.152840825877259,207.0,0.0806726918591051,,,더 이상 못 하겠다 싶었던 경험이 있다면 떠올려봐요.,그때 어떻게 회복했나요?,번아웃의 신호를 미리 알아채는 편이에요?,문구 변경 → 가이드 재작성 필요,자기 인식,t,지침 신호 인식 → 신체·정서 자기 인식
452,452,루틴,2,B. 패턴 기반 수정 권장,4,3,1,공부하다 잠깐 쉴 때 주로 뭘 하나요?,무언가 하다가 잠깐 쉴 때 주로 무엇을 하나요?,True,재작성,공부 전제 (관측 4회 중 3회 양호),대상 확장,,5.229600793418953,121.0,0.1873620216892207,,,쉬는 시간에 하는 행동을 떠올려봐요.,그게 진짜 쉼이 되나요?,쉬는 것과 딴짓의 경계가 어디쯤이에요?,문구 변경 → 가이드 재작성 필요,,,
453,453,루틴,2,A. 교체·재작성 우선,3,0,3,"쉬고 있는데도 불안했던 적이 있다면, 그 불안은 어디에서 오는 걸까요?",마음 편히 쉬기 어려울 때는 언제인가요?,True,재작성,경험 전제 + 원인 분석까지 요구(이중 질문),질문 하나로 축소,쉬면서도 마음이 편하려면 무엇이 필요한가요?,6.74175862324743,153.0,0.1405164927444923,,,쉬면서도 뭔가 해야 할 것 같은 느낌이 든 적이 있다면 떠올려봐요.,그 불안이 어디서 오는 건지 생각해봐요.,쉬는 것도 나를 위한 일이라고 느끼나요?,문구 변경 → 가이드 재작성 필요,자기 인식,t,쉬지 못하는 상황 → 생산성 압박
454,454,루틴,2,C. 유지·모니터링,1,0,1,"잘하고 싶은 마음 vs 해야 하는 마음, 뭐가 더 크나요?","잘하고 싶은 마음 vs 해야 하는 마음, 뭐가 더 크나요?",False,유지,위험 요소 없음 (선호·성향·양자택일형 등),,,,,,,,지금 하고 있는 것에 대한 솔직한 마음을 떠올려봐요.,두 마음의 비율이 어떻게 되나요?,그 비율이 만족스러운가요?,,가치·동기,c,잘하고 싶음→내재·성취 동기 / 해야 함→의무 동기
455,455,루틴,2,C. 유지·모니터링,2,1,1,시험이나 발표 전에 긴장하는 편이에요?,시험이나 발표 전에 긴장하는 편이에요?,False,유지,위험 요소 없음 (선호·성향·양자택일형 등),,,,,,,,중요한 순간 앞에서의 나를 떠올려봐요.,긴장이 도움이 되는 편이에요?,긴장을 다루는 나만의 방법이 있나요?,,감정 민감도,c,긴장함→평가 불안
456,456,루틴,2,B. 패턴 기반 수정 권장,2,2,0,"공부나 작업할 때 옆에 꼭 있어야 편한 것이 있다면, 어떤 건가요?",무언가에 집중할 때 옆에 꼭 있어야 하는 것은 무엇인가요?,True,재작성,공부·작업 + 전제 (관측 2/2),대상 확장,,12.922659681307886,97.0,0.2458953680628207,,,옆에 있어야 마음이 놓이는 것들이 있잖아요.,"텀블러, 인형, 음악 등 나만의 안정 아이템을 떠올려봐요.",그것이 내 곁에 있으면 어떤 점이 달라지나요?,문구 변경 → 가이드 재작성 필요,,,
457,457,루틴,2,B. 패턴 기반 수정 권장,0,0,0,물건을 잘 버리는 편인가요? 버릴 때 기준이 있다면 어떤 건가요?,"물건을 잘 버리는 편인가요, 모아두는 편인가요?",True,재작성,두 질문 연결 + 기준 전제,하나로 축소,버릴지 말지 고민될 때 나의 기준은 무엇인가요?,13.476641735358308,115.0,0.1943648353858606,,,안 쓰는 물건을 두고 고민했던 경험을 떠올려봐요.,버리기 어려운 이유가 뭔 것 같나요?,물건에 대한 집착이 다른 것에 대한 태도와 비슷한가요?,문구 변경 → 가이드 재작성 필요,계획·실행,c,버림→단순·정리 / 모아둠→보존·애착
458,458,루틴,2,B. 패턴 기반 수정 권장,3,2,0,물건의 자리가 정해져 있는 편인가요? 나만의 정리 규칙이 있다면 어떤 건가요?,"물건의 자리를 정해두는 편인가요, 그때그때 두는 편인가요?",True,재작성,두 질문 연결 (관측 3회 중 2회),하나로 축소,,13.59061781028355,62.0,0.3476449004457927,,,항상 같은 곳에 두는 물건이 있다면 떠올려봐요.,자리가 안 정해져 있으면 자주 잃어버리나요?,정해진 자리가 나에게 어떤 안정감을 주나요?,문구 변경 → 가이드 재작성 필요,계획·실행,c,정해둠→질서 / 그때그때→유연
459,459,루틴,2,E. 미노출(데이터 없음),0,0,0,지금 내 방 상태가 어떤가요?,지금 내 방을 한 단어로 표현하면 무엇인가요?,True,재작성,"'지금' + 방 상태 (답이 단조로움, 노출 0회)",흥미 요소 추가,내 방에서 가장 좋아하는 자리는 어디인가요?,-1.9483436209056129,319.0,0.0,,,방을 둘러보면서 솔직하게 떠올려봐요.,방 상태에 만족하나요?,지금 방 상태가 요즘 내 마음 상태와 비슷한 것 같나요?,문구 변경 → 가이드 재작성 필요,,,
460,460,루틴,2,C. 유지·모니터링,1,1,0,"주변이 어수선할 때 그대로 두는 편인가요, 아니면 정리를 해야만 마음이 편해지나요?","주변이 어수선하면 바로 치우는 편인가요, 그냥 두는 편인가요?",True,재작성,문장이 김 (양자택일),짧게,,2.602716785669207,265.0,0.0235318979169753,,,어수선한 공간에서의 나를 떠올려봐요.,정리 안 된 공간이 스트레스를 주나요?,정리 안 된 공간에서 어떤 행동을 취하는지 궁금해요.,문구 변경 → 가이드 재작성 필요,계획·실행,c,바로 치움→질서 욕구 / 둠→무심·유연
461,461,루틴,2,C. 유지·모니터링,1,0,1,누군가 내 방에 오면 신경 쓰이나요?,누군가 내 방에 오면 신경 쓰이나요?,False,유지,위험 요소 없음 (선호·성향·양자택일형 등),,,,,,,,손님이 온다고 할 때 급하게 치운 경험이 있다면 떠올려봐요.,평소의 내 공간과 보여주는 공간이 다른가요?,남에게 보이는 공간과 나만의 공간 사이에서 나는 어떤 사람이에요?,,에너지 방향,t,개인 공간 민감도 → 경계
462,462,루틴,2,B. 패턴 기반 수정 권장,0,0,0,"지금 당장 버리고 싶은 것이 있다면, 어떤 건가요?",지금 당장 버리고 싶은 것은 무엇인가요? 물건도 습관도 좋아요.,True,경미 수정,전제형,경미 수정,,4.633441818601769,232.0,0.0652451464467689,,,없어지면 시원할 것 같은 물건을 떠올려봐요.,왜 아직 안 버렸나요?,버리지 못하는 것이 나에 대해 뭘 말해주나요?,문구 변경 → 가이드 재작성 필요,,,
463,463,루틴,2,C. 유지·모니터링,4,2,1,공간이 깨끗해지면 마음도 달라지나요?,공간이 깨끗해지면 마음도 달라지나요?,False,유지,위험 요소 없음 (선호·성향·양자택일형 등),,,,,,,,정리된 공간은 마음까지 시원하게 만들어줄 때가 있어요.,방 정리 후 느꼈던 기분을 떠올려봐요.,공간과 마음의 연결고리는 무엇일까요?,,계획·실행,t,환경이 마음에 주는 영향 → 질서 민감
464,464,루틴,2,B. 패턴 기반 수정 권장,4,3,1,"운동할 때 꼭 듣는 음악이 있다면, 어떤 건가요?",몸을 움직일 때 꼭 듣는 음악은 무엇인가요?,True,재작성,운동 전제 (관측 4회 중 3회 양호),대상 확장,기운 내고 싶을 때 듣는 노래는 무엇인가요?,6.447362516626887,94.0,0.249257348266055,,특정 활동 전제,플레이리스트가 있다면 어떤 분위기인지 떠올려봐요.,음악이 운동에 어떤 영향을 주나요?,그 음악 취향이 나의 운동 스타일을 말해주나요?,문구 변경 → 가이드 재작성 필요,,,
465,465,루틴,2,B. 패턴 기반 수정 권장,2,0,2,"운동 전에 꼭 하는 루틴이 있다면, 어떤 건가요?",운동 전에 꼭 하는 것은 무엇인가요? 운동을 안 한다면 해보고 싶은 운동을 알려주세요.,True,재작성,운동 루틴 전제,대상 확장 · 중복 해소(#126),,-1.1751977721342175,388.0,0.0,,특정 활동 전제,"스트레칭, 커피, 음악 틀기 등 작은 것도 괜찮아요.",그 루틴이 없으면 운동 느낌이 달라지나요?,준비 과정이 나에게 어떤 역할을 하나요?,문구 변경 → 가이드 재작성 필요,,,
466,466,루틴,2,B. 패턴 기반 수정 권장,0,0,0,"운동 후에 꼭 하는 것이 있다면, 어떤 건가요?",운동 후에 꼭 하는 것은 무엇인가요? 운동을 안 한다면 나만의 휴식법을 알려주세요.,True,재작성,운동 루틴 전제,대상 확장 · 중복 해소(#111),,-0.9874278963671824,323.0,0.0,,특정 활동 전제,"샤워, 프로틴, 셀카 등 뭐든 떠올려봐요.",그게 왜 중요하게 느껴지나요?,운동 후 루틴이 성취감과 연결되나요?,문구 변경 → 가이드 재작성 필요,,,
467,467,루틴,2,B. 패턴 기반 수정 권장,3,1,1,운동할 때 혼자하는 것과 같이 하는 것 중 무엇이 더 좋은가요?,"몸을 움직일 때 혼자가 좋나요, 함께가 좋나요?",True,재작성,운동 전제 (양자택일로는 무난),대상 확장,,10.843272176823987,86.0,0.2768393968303386,,,평소 어떤 쪽이 더 많은지 생각해봐요.,그 선호가 생긴 이유가 있나요?,운동할 때의 나는 평소의 나와 비슷한가요?,문구 변경 → 가이드 재작성 필요,에너지 방향,c,혼자→내향 / 함께→외향
468,468,루틴,2,B. 패턴 기반 수정 권장,0,0,0,운동하면서 나 자신에 대해 알게 된 점이 있나요?,무언가를 꾸준히 하면서 알게 된 나의 모습은 무엇인가요?,True,재작성,운동 경험 전제 + 자기 발견 요구,대상 확장,운동이나 취미를 하면서 발견한 의외의 나는 어떤 모습인가요?,15.757717306851063,99.0,0.244974419175426,,,몸을 움직이다 보면 나에 대해 새롭게 알게 되는 것들이 있어요.,"인내심, 한계, 좋아하는 것 등을 떠올려봐요.",운동이 나를 이해하는 데 어떤 도움을 주나요?,문구 변경 → 가이드 재작성 필요,자기 인식,t,꾸준함으로 발견한 나
469,469,루틴,2,B. 패턴 기반 수정 권장,2,1,1,운동하기 싫은 날은 어떻게 하나요?,"귀찮은 날 나는 쉬는 편인가요, 그래도 하는 편인가요?",True,재작성,운동 전제,대상 확장 · 중복 해소(#127),,9.203301971852484,136.0,0.1627014040699679,,,"쉬는 날도 있고, 억지로 가는 날도 있잖아요.",그 선택의 기준은 뭔가요?,나만의 동기부여 방법이 있나요?,문구 변경 → 가이드 재작성 필요,계획·실행,c,쉼→유연·자기 돌봄 / 그래도 함→성실·자기통제
470,470,루틴,2,B. 패턴 기반 수정 권장,1,0,1,"운동 목표가 있다면, 어떤 목표인가요?",몸과 관련해 이루고 싶은 목표는 무엇인가요?,True,재작성,운동 목표 전제,대상 확장,건강을 위해 올해 해보고 싶은 것은 무엇인가요?,11.563497515549289,181.0,0.1053753327648039,,,"체중, 근육량, 기록 등 구체적이든 막연하든 괜찮아요.",그 목표를 세운 이유가 있나요?,"목표가 나를 움직이게 하나요, 부담을 주나요?",문구 변경 → 가이드 재작성 필요,,,
471,471,루틴,2,A. 교체·재작성 우선,5,1,4,"나만의 작은 성취를 기록하는 방식이 있다면, 어떤 건가요?",작은 성취를 느낄 때 나는 어떻게 스스로를 챙기나요?,True,재작성,기록 습관 전제,전제 제거 + 성향형,스스로 뿌듯함을 느끼는 순간은 언제인가요?,6.747873179186231,76.0,0.2960858717362686,,,작은 성취도 기록하면 뿌듯함이 오래가요.,"사진, 메모, 다이어리 등 나만의 방식을 떠올려봐요.",기록하는 습관이 나에게 어떤 동기부여를 주나요?,문구 변경 → 가이드 재작성 필요,자기 인식,t,성취 후 자기 보상 → 자기 인정
472,472,루틴,2,B. 패턴 기반 수정 권장,2,1,1,"운동으로 성취감을 느낀 적이 있다면, 어떤 순간이었나요?",몸으로 해내서 뿌듯했던 순간은 언제인가요?,True,재작성,운동 성취 경험 전제,대상 확장,성취감을 느끼는 순간은 주로 언제인가요?,9.373513363265278,132.0,0.1694634484563496,,,작은 것이라도 괜찮아요. 떠오르는 순간이 있나요?,그때 어떤 기분이었나요?,그 성취감이 삶의 다른 부분에도 영향을 줬나요?,문구 변경 → 가이드 재작성 필요,,,
473,473,루틴,2,B. 패턴 기반 수정 권장,2,2,0,"물건을 살 때 가격을 꼼꼼히 따져보는 편인가요, 아니면 가격보다 더 중요하게 여기는 나만의 기준이 있나요?","물건을 살 때 가격이 먼저인가요, 마음에 드는 게 먼저인가요?",True,재작성,문장 매우 김 + 두 선택지가 비대칭,짧은 양자택일로,물건을 고를 때 절대 포기 못 하는 기준은 무엇인가요?,16.304339223828553,73.0,0.301585866946738,,,여러 사이트를 돌아보면서 소비하는 편인가요?,소비에서 뭘 더 우선순위에 두고 결정하는지 생각해봐요.,소비할 때 가장 고민하는 부분에서 답을 찾을 수 있을지도 몰라요.,문구 변경 → 가이드 재작성 필요,결정 방식,c,가격→실용·분석 / 마음→감정·직관
474,474,루틴,2,C. 유지·모니터링,3,1,2,한 달에 가장 많이 쓰는 카테고리가 뭔가요?,한 달에 가장 많이 쓰는 카테고리가 뭔가요?,False,유지,위험 요소 없음 (선호·성향·양자택일형 등),,,,,,,,"식비, 교통비, 쇼핑 등 다양한 소비를 하게 되죠.",그 비중에 만족하나요?,소비의 비중을 바꾼다면 어떻게 바꾸고 싶나요?,,,,
475,475,루틴,2,C. 유지·모니터링,3,1,2,누군가에게 돈을 쓸 때 기분이 어떤가요?,누군가에게 돈을 쓸 때 기분이 어떤가요?,False,유지,위험 요소 없음 (선호·성향·양자택일형 등),,,,,,,,"선물, 밥 사기 등으로 누군가에게 돈을 썼을 때의 감정을 떠올려봐요.",줄 때 어떤 기분이 드나요?,"나를 위한 소비와 남을 위한 소비, 어느 쪽이 더 만족스러운가요?",,관계 온도,t,타인에게 쓸 때 기분 → 관대함
476,476,루틴,2,B. 패턴 기반 수정 권장,1,0,1,"소비 습관 중 바꾸고 싶은 게 있다면, 어떤 건가요?",바꾸고 싶은 나의 소비 습관은 무엇인가요?,True,재작성,전제형,전제 제거,가장 돈을 아끼지 않는 분야는 무엇인가요?,7.423436215887374,225.0,0.0679641603360446,,,후회했던 소비들의 공통점이 있나요?,"왜 후회하는지, 그리고 왜 아직 못 바꿨는지 떠올려봐요.",이상적인 나의 소비 모습은 어떤 건가요?,문구 변경 → 가이드 재작성 필요,계획·실행,t,바꾸고 싶은 소비 → 충동 조절
477,477,루틴,2,E. 미노출(데이터 없음),0,0,0,나에게 '돈'이란 한마디로 무엇인가요?,나에게 '돈'이란 한마디로 무엇인가요?,False,유지,아직 노출 없음 · 위험 요소 없음,,,,,,,,떠오르는 단어나 이미지가 있나요?,그 표현이 왜 떠올랐나요?,돈에 대한 나의 태도가 삶의 가치관에 어떻게 녹아있나요?,,가치·동기,t,돈의 의미(안정/자유/수단)
478,478,루틴,2,B. 패턴 기반 수정 권장,0,0,0,"돈 때문에 고민했던 경험이 있다면, 어떤 상황이었나요?",돈 걱정을 덜어주는 나만의 습관은 무엇인가요?,True,재작성,돈 고민 경험 전제 + 민감 주제,성향형 전환 · 중복 해소(#405),"돈에 대한 나의 태도는 아끼는 쪽인가요, 쓰는 쪽인가요?",10.301618930080902,159.0,0.1385279921868029,,,친구나 가족에게 빌린 경험을 떠올려봐요.,그때 어떤 기분이었나요?,빌리는 것에 대한 나의 감정이 자존감과 연결되나요?,문구 변경 → 가이드 재작성 필요,,,
479,479,루틴,2,C. 유지·모니터링,2,1,1,나에게 투자할 가치가 있는 분야는 무엇인가요?,나에게 투자할 가치가 있는 분야는 무엇인가요?,False,유지,위험 요소 없음 (선호·성향·양자택일형 등),,,,,,,,"교육, 건강, 외모, 경험 등 각자 다양한 분야에 투자하곤 해요.","아쉬운 부분을 채우고 싶은지, 강점을 더 발전시키고 싶은지 떠올려봐요.",자기 투자의 기준이 시간이 지나며 바뀌었나요?,,,,
480,480,루틴,2,C. 유지·모니터링,1,0,1,10년 후 나의 경제적 모습은 어떨 것 같나요?,10년 후 나의 경제적 모습은 어떨 것 같나요?,False,유지,위험 요소 없음 (선호·성향·양자택일형 등),,,,,,,,미래의 경제 상황을 상상해봐요.,그 모습을 위해 지금 뭘 하고 있나요?,경제적 미래를 생각하면 어떤 감정이 드나요?,,,,
481,481,루틴,2,B. 패턴 기반 수정 권장,1,0,1,지금 구독하고 있는 서비스는 무엇이 있나요?,가장 잘 쓰고 있는 구독 서비스나 앱은 무엇인가요?,True,재작성,구독 서비스 전제 + 목록 나열 요구,최애형 전환,없으면 안 되는 앱 하나를 고른다면?,10.251156808335566,194.0,0.0913271083009398,,,수많은 선택지 중에서도 유독 이 서비스들을 선택한 이유가 있나요?,구독 서비스들이 주는 즐거움을 떠올려봐요.,가끔은 넘쳐나는 구독 서비스 사이에서 나만의 기준을 가지고 가볍게 정리해 본 경험이 있는지도 적어봐요.,문구 변경 → 가이드 재작성 필요,,,
482,482,루틴,2,C. 유지·모니터링,1,1,0,꿈을 자주 꾸나요?,꿈을 자주 꾸나요?,False,유지,위험 요소 없음 (선호·성향·양자택일형 등),,,,,,,,아침에 일어나서 꿈이 기억나는 편인지 떠올려봐요.,기억나는 꿈은 주로 어떤 느낌이에요?,꿈에서 반복적으로 느끼는 감정이 현실의 나와 연결되는 부분이 있나요?,,,,
483,483,루틴,2,B. 패턴 기반 수정 권장,2,0,2,"꿈을 기록해본 적이 있다면, 어떤 경험이었나요?",꿈을 자주 기억하는 편인가요?,True,재작성,꿈 기록 경험 전제,성향형 전환,기억에 남는 꿈 이야기를 들려주세요.,8.774298305036698,149.0,0.1465923643965474,,,꿈 일기를 쓰거나 깨자마자 메모해본 경험이 있다면 떠올려봐요.,기록하니까 꿈이 더 선명해지거나 패턴이 보이던가요?,꿈이 나에게는 어떤 의미일까요?,문구 변경 → 가이드 재작성 필요,,,
484,484,루틴,2,C. 유지·모니터링,2,1,1,자기 전에 하루를 돌아보면 어떤 장면이 주로 떠오르나요?,자기 전에 하루를 돌아보면 어떤 장면이 주로 떠오르나요?,False,유지,위험 요소 없음 (선호·성향·양자택일형 등),,,,,,,,이불 속에서 자연스럽게 오늘을 떠올리는 편인지 바로 자는 편인지 생각해봐요.,돌아볼 때 주로 뭐가 떠올라요?,하루를 마무리하는 나만의 방식이 내일의 나에게 어떤 영향을 주고 있나요?,,,,
485,485,루틴,2,B. 패턴 기반 수정 권장,1,0,1,"밤에 갑자기 마음이 무거워진 적이 있다면, 어떤 생각이 찾아왔나요?",밤이 되면 생각이 많아지는 편인가요?,True,재작성,밤 + 무거운 생각 경험 전제,성향형 전환,잠 못 드는 밤에 주로 떠오르는 생각은 무엇인가요?,9.71513802218708,210.0,0.0779826234157341,,,낮에는 멀쩡했는데 밤이 되니 달라진 경험이 있다면 떠올려봐요.,밤의 나와 낮의 내가 다른 사람 같다고 느낀 적 있나요?,밤이 되면 숨겨뒀던 감정이 나오는 걸까요?,문구 변경 → 가이드 재작성 필요,감정 민감도,c,많아짐→반추 경향
486,486,루틴,2,C. 유지·모니터링,1,1,0,잠들기 전 핸드폰을 얼마나 보나요?,잠들기 전 핸드폰을 얼마나 보나요?,False,유지,위험 요소 없음 (선호·성향·양자택일형 등),,,,,,,,"많이 보는 편인지, 거의 안 보는 편인지 생각해봐요.",무의식적으로 열게 되는 앱이 있어요?,자기 전 핸드폰 시간을 다른 걸로 바꾼다면 뭘 하고 싶어요?,,,,
487,487,루틴,1,C. 유지·모니터링,2,0,2,가장 귀찮은 루틴은 무엇인가요?,가장 귀찮은 루틴은 무엇인가요?,False,유지,위험 요소 없음 (선호·성향·양자택일형 등),,,,,,,,그 일을 해야 하는 시간이 다가오면 몸과 마음이 어떻게 반응하나요?,그 일을 해치웠을 때의 해방감과 미루고 있을 때의 압박감 중 무엇이 더 큰가요?,그 귀찮은 과정을 조금이라도 즐겁게 바꾸거나 생략할 수 있는 나만의 방법이 있을까요?,,,,
488,488,루틴,2,C. 유지·모니터링,1,0,1,이불 속에서 눈을 감으면 가장 먼저 떠오르는 생각은 뭔가요?,이불 속에서 눈을 감으면 가장 먼저 떠오르는 생각은 뭔가요?,False,유지,위험 요소 없음 (선호·성향·양자택일형 등),,,,,,,,잠들기 전 고요한 순간에 떠오르는 생각이 있잖아요.,오늘 있었던 일이나 내일 할 일을 떠올려봐요.,"그 생각이 나를 편안하게 하나요, 아니면 잠을 방해하나요?",,감정 민감도,t,잠들기 전 생각의 결 → 반추/기대
489,489,루틴,2,B. 패턴 기반 수정 권장,1,0,1,"생각할 틈도 없이 자동으로 나오는 나만의 반응이 있다면, 어떤 건가요?",당황하면 나도 모르게 나오는 말이나 행동은 무엇인가요?,True,재작성,'자동 반응' 자각 어려움 + 전제,구체화,내 입버릇은 무엇인가요?,7.962462131785264,219.0,0.0743105475789269,,,"최근에 ""또 이러고 말았네"" 했던 순간과 그때의 반응을 떠올려봐요.","그 반응이 처음 만들어진 건 언제쯤, 어떤 기억 때문이었나요?",다음에 같은 상황이 오면 조금만 다르게 행동해볼 수 있을까요?,문구 변경 → 가이드 재작성 필요,감정 민감도,t,당황 반응 → 스트레스 반응 양식
490,490,루틴,2,B. 패턴 기반 수정 권장,3,2,0,"겉으론 '응'이라고 하지만 속으론 '싫어' 하는 게 있다면, 어떤 건가요?",겉으로는 '응' 하지만 속으로는 '싫어' 하는 것은 무엇인가요?,True,경미 수정,전제형 (관측 3회 중 2회),경미 수정,,7.062810735732105,114.0,0.2010616854512954,,,"마음은 거절하고 싶은데 ""네""라고 대답했던 최근의 순간이 있나요?","왜 ""아니""라고 말하지 못했는지 내 속마음을 가만히 들어봐요.",이번 주엔 아주 작은 것 하나라도 솔직하게 거절하는 연습을 해볼까요?,문구 변경 → 가이드 재작성 필요,관계 온도,t,속으로 거절하는 것 → 표현되지 않은 경계
491,491,루틴,2,B. 패턴 기반 수정 권장,1,1,0,오늘 충분히 휴식했나요?,충분히 쉬었다고 느끼려면 무엇이 필요한가요?,True,재작성,오늘 + 예/아니오,성향형 + 열린 질문,나에게 가장 좋은 휴식은 무엇인가요?,16.275193399436482,157.0,0.1386306574789947,,,온전히 나만을 위해 쓴 시간이 얼마나 되었나요?,여유가 부족했다면 무엇이 나의 시간을 빼앗아 갔나요?,내일은 10분이라도 나만의 멍 때리는 시간을 확보해볼까요?,문구 변경 → 가이드 재작성 필요,에너지 방향,t,충분한 쉼의 조건 → 회복 방식
492,492,루틴,2,B. 패턴 기반 수정 권장,0,0,0,"오늘 일과 삶의 균형을 위해 노력한 게 있다면, 어떤 건가요?",일과 쉼의 균형을 위해 지키고 싶은 것은 무엇인가요?,True,재작성,오늘 + 노력 전제 + 추상('일과 삶의 균형'),시점 중립화 + 구체화,퇴근·하교 후 나만의 시간을 어떻게 보내나요?,23.474903163776755,64.0,0.3370755130947255,,,너무 일에만 치우치지 않게 나를 조절한 순간이 있나요?,균형이 무너지려 할 때 나를 잡아준 생각은 무엇이었나요?,나만의 '균형 유지 비결'을 한 문장으로 정리해봐요.,문구 변경 → 가이드 재작성 필요,,,
493,493,관계,2,C. 유지·모니터링,2,0,1,절친을 이성에게 소개한다면 누구인가요?,절친을 소개할 때 가장 먼저 말하고 싶은 장점은 무엇인가요?,True,재작성,특정 인물 지목 (관측 2회 중 0회),가벼운 상상형으로,친구를 소개해주는 걸 좋아하는 편인가요?,-3.411902765690622,295.0,0.0,,,그 친구의 어떤 매력을 이성에게 가장 자랑하고 싶나요?,소개해주고 싶을 만큼 그 친구를 깊이 신뢰하고 있나요?,두 사람이 잘 된다면 진심으로 축하해줄 수 있나요?,문구 변경 → 가이드 재작성 필요,,,
494,494,관계,2,C. 유지·모니터링,1,0,1,친한 친구가 큰 잘못을 하고 숨겨달라고 하면 어떻게 할 것 같나요?,친한 친구가 큰 잘못을 하고 숨겨달라고 하면 어떻게 할 것 같나요?,False,유지,위험 요소 없음 (선호·성향·양자택일형 등),,,,,,,,우정과 정의 사이에서 갈등하는 내 마음을 가만히 들여다봐요.,친구를 지키고 싶은 마음과 두려운 마음 중 무엇이 더 큰가요?,내가 생각하는 진정한 우정의 책임은 어디까지인가요?,,가치·동기,t,의리 vs 원칙 → 도덕 판단 기준
495,495,관계,2,C. 유지·모니터링,2,0,2,오래된 관계와 새로운 관계 중 어디에 더 힘을 쓰나요?,오래된 관계와 새로운 관계 중 어디에 더 힘을 쓰나요?,False,유지,위험 요소 없음 (선호·성향·양자택일형 등),,,,,,,,최근 나의 시간과 에너지가 주로 누구에게 향했는지 돌아봐요.,관계 속 안정감과 설렘 중 무엇이 더 우선인가요?,왜 그쪽에 더 쏟고 있나요?,,새로움 추구,c,오래된 관계→안정 / 새로운 관계→탐색
496,496,관계,2,E. 미노출(데이터 없음),0,0,0,"상대의 약한 모습을 알게 되면 더 가까워진 느낌인가요, 부담스러운가요?","상대의 약한 모습을 알게 되면 더 가까워진 느낌인가요, 부담스러운가요?",False,유지,아직 노출 없음 · 위험 요소 없음,,,,,,,,누군가의 약점을 처음 알게 되었던 순간의 기분을 떠올려 봐요.,"그 사실이 관계를 더 단단하게 만들었나요, 아니면 더 조심스럽게 만들었나요?","타인의 약점은 나에게 인간적인 유대인가요, 아니면 내가 감당해야 할 무게인가요?",,친밀감 방식,c,가까워짐→친밀 수용 / 부담→거리 유지
497,497,관계,2,C. 유지·모니터링,1,0,1,관계에서 주고받는 것의 균형을 중요하게 생각하나요?,관계에서 주고받는 것의 균형을 중요하게 생각하나요?,False,유지,위험 요소 없음 (선호·성향·양자택일형 등),,,,,,,,"내가 일방적으로 더 많이 줬거나, 반대로 과한 배려를 받았던 순간을 떠올려봐요.","베푸는 행위 자체에서 기쁨을 느끼는 편인가요, 아니면 내가 준 만큼 돌아오지 않을 때 서운함을 느끼는 편인가요?","돌려받는다는 것은 구체적으로 어떤 형태인가요? 눈에 보이는 행동인가요, 아니면 보이지 않는 진심인가요?",,관계 온도,c,중요함→호혜성 / 아님→무조건적 관계관
498,498,관계,2,E. 미노출(데이터 없음),0,0,0,어떤 연락 스타일을 갖고 있나요?,메시지와 전화 중 어떤 연락이 더 편한가요?,True,재작성,#218과 같은 의도(연락 스타일) 중복,중복 해소 → 다른 각도,,1.283433024431807,271.0,0.0175506450188945,,,"연락의 빈도 때문에 부담을 느꼈거나, 반대로 소원함을 느꼈던 최근의 관계를 떠올려 봐요.","나에게 연락은 관계 유지를 위한 노력인가요, 아니면 일상을 공유하고 싶은 마음인가요?","나에게 편안한 관계는 대화가 끊이지 않는 관계인가요, 대화가 잠시 멈춰도 어색하지 않은 관계인가요?",문구 변경 → 가이드 재작성 필요,,,
499,499,관계,2,C. 유지·모니터링,2,1,0,넓고 얕은 관계와 좁고 깊은 관계 중 뭐가 더 좋나요?,넓고 얕은 관계와 좁고 깊은 관계 중 뭐가 더 좋나요?,False,유지,위험 요소 없음 (선호·성향·양자택일형 등),,,,,,,,사람마다 인간관계를 대하는 태도가 달라요.,"새로운 사람을 알아가며 내 세상을 넓히기도 하고, 소중한 사람과 깊게 교류하며 관계를 단단히 쌓아가기도 해요.",지금의 관계관이 만들어진 계기도 떠올려봐요.,,에너지 방향,c,넓고 얕음→외향 / 좁고 깊음→내향
500,500,관계,2,C. 유지·모니터링,3,1,2,의견이 다를 때 어떻게 대화를 풀어나가나요?,의견이 다를 때 어떻게 대화를 풀어나가나요?,False,유지,위험 요소 없음 (선호·성향·양자택일형 등),,,,,,,,차이를 다루는 방법이 관계에 중요해요.,친구 혹은 가족과 의견이 달랐던 상황을 떠올려봐요.,왜 지금의 대화 방식으로 차이를 해결하게 되었을까요?,,관계 온도,t,의견 차이 대화 → 협상/양보/주장
501,501,관계,2,C. 유지·모니터링,2,2,0,인간관계에 쏟는 에너지는 어느 정도인가요?,인간관계에 쏟는 에너지는 어느 정도인가요?,False,유지,위험 요소 없음 (선호·성향·양자택일형 등),,,,,,,,관계에 쏟는 에너지 양은 사람마다 달라요.,쏟는 에너지는 얼마나 많은 사람과 관계를 유지하는지를 넘어 관계의 깊이에 따라서도 달라져요.,왜 지금 정도의 에너지를 쏟게 되었을지도 떠올려봐요.,,에너지 방향,t,관계 에너지 크기 → 사회적 에너지
502,502,관계,2,E. 미노출(데이터 없음),0,0,0,사람들과의 관계가 가장 크게 바뀌었던 순간은 언제인가요?,나이가 들며 관계를 대하는 방식이 어떻게 달라졌나요?,True,재작성,"회상형 (관계가 크게 바뀐 순간, 노출 0회)",성향형 전환,"예전과 지금, 친구를 사귀는 방식이 달라졌나요?",-0.0210194031346755,314.0,0.0,,,사소한 사건부터 큰 변화로부터 인간관계가 바뀌곤 해요.,한 때는 힘들었을 수 있어도 큰 성장으로 이어지기도 해요.,지금 그 경험이 현재의 관계관에 어떤 영향을 줬을까요?,문구 변경 → 가이드 재작성 필요,,,
503,503,관계,2,C. 유지·모니터링,1,0,1,관계가 자연스럽게 멀어질 때 어떻게 행동하나요?,관계가 자연스럽게 멀어질 때 어떻게 행동하나요?,False,유지,위험 요소 없음 (선호·성향·양자택일형 등),,,,,,,,평생 함께할 것 같은 관계도 자연스럽게 멀어지곤 해요.,멀어지지 않게 노력하거나 어쩔 수 없다고 생각하며 받아들이기도 해요.,연락이 뜸해진 친구들을 떠올리면서 써봐요.,,관계 온도,t,멀어지는 관계 대응 → 붙잡음/수용
504,504,관계,2,C. 유지·모니터링,2,1,0,친해지고 싶은 사람이 생기면 어떻게 하나요?,친해지고 싶은 사람이 생기면 어떻게 하나요?,False,유지,위험 요소 없음 (선호·성향·양자택일형 등),,,,,,,,새롭게 사람들을 만나다보면 친해지고 싶은 사람을 발견하곤 해요.,"친해지고 싶다는 생각이 들자마자 말을 걸기도, 친해지고 싶다는 생각만 하기도 해요.",왜 친해지고 싶은지도 떠올리면서 써봐요.,,친밀감 방식,t,다가가는 방식 → 적극/우회
505,505,관계,1,C. 유지·모니터링,1,0,0,친구들이 말하는 나는 어떤 사람인가요?,친구들이 말하는 나는 어떤 사람인가요?,False,유지,위험 요소 없음 (선호·성향·양자택일형 등),,,,,,,,친구들과 함께하다 보면 서로의 다양한 면을 알게 돼요.,친구들이 나에 대해 말할 때 자주 사용하는 표현을 떠올려봐요.,어떤 가치관과 행동이 지금의 이미지를 만들었을까요?,,자기 인식,t,타인이 보는 나 → 공적 자기
506,506,관계,2,B. 패턴 기반 수정 권장,1,0,0,"나만 노력하는 것 같은 관계가 있다면, 어떤 관계인가요?","관계에서 내가 더 노력하는 편인가요, 받는 편인가요?",True,재작성,특정 관계 전제 + 부정적,성향형 전환,관계가 기울어졌다고 느낄 때 나는 어떻게 하나요?,10.68956554662428,192.0,0.0936768053990623,,,내가 손 놓으면 끝날 것 같은 사람이 있나요?,왜 그렇게 느끼나요?,그래도 유지하고 싶은 이유가 있어요?,문구 변경 → 가이드 재작성 필요,친밀감 방식,c,노력→주는 쪽 / 받음→받는 쪽
507,507,관계,2,A. 교체·재작성 우선,4,1,2,"가족이라서 참고 있는 게 있다면, 어떤 건가요?",가족에게 가장 솔직해지기 어려운 부분은 무엇인가요?,True,재작성,가족 갈등 노출 부담 + 경험 전제,부정 프레임을 성향형으로 완화,가족과 나의 가장 다른 점은 무엇인가요?,5.091021676572227,129.0,0.1757094787449906,,,다른 사람이었으면 어땠을까요?,참는 게 당연하다고 생각해요?,아니라면 나만의 건강한 해소 방법이 있나요?,문구 변경 → 가이드 재작성 필요,친밀감 방식,t,가족과의 솔직함 한계
508,508,관계,2,B. 패턴 기반 수정 권장,1,0,1,"오래 알았는데 멀어진 사람이 있다면, 어떤 사이였나요?",사람과 멀어지는 가장 흔한 이유는 무엇이라고 생각하나요?,True,재작성,멀어진 사람 전제,성향형 전환,오랜만에 연락하고 싶은 사람이 있나요? 어떤 사이인가요?,5.221103936965848,249.0,0.0411389826162849,,,마지막으로 연락한 게 언제예요?,먼저 연락하기엔 뭔가 애매해요?,멀어진 게 섭섭한가요? 아니면 후련한가요?,문구 변경 → 가이드 재작성 필요,,,
509,509,관계,2,B. 패턴 기반 수정 권장,3,1,2,"부모님한테 인정받고 싶은 마음이 있다면, 어떤 부분에서 인정받고 싶나요?",가족에게 인정받고 싶은 부분은 무엇인가요?,True,재작성,부모 관계 전제 + 인정 욕구 고백 부담,부담 완화,가족이 나에 대해 가장 몰라주는 부분은 무엇인가요?,8.544266895757696,87.0,0.2697209008190425,,,어떤 말을 들으면 인정받았다고 느낄까요?,왜 부모님께 인정받고 싶은 마음이 계속 남을까요?,인정받고 싶은 마음의 크기는 어떻게 변하고 있나요?,문구 변경 → 가이드 재작성 필요,,,
510,510,관계,2,C. 유지·모니터링,1,1,0,실망해도 기회를 또 주는 편인가요?,실망해도 기회를 또 주는 편인가요?,False,유지,위험 요소 없음 (선호·성향·양자택일형 등),,,,,,,,몇 번까지 줘본 적 있나요?,"믿고 싶은 건가요, 끊기 싫어서인가요?",기회를 더 줘서 후회됐거나 만족했던 경험이 있나요?,,관계 온도,c,또 줌→관용 / 안 줌→원칙
511,511,관계,2,E. 미노출(데이터 없음),0,0,0,다수 의견이랑 다를 때 말하는 편인가요?,다수 의견이랑 다를 때 말하는 편인가요?,False,유지,아직 노출 없음 · 위험 요소 없음,,,,,,,,다른 사람과 다른 의견을 내는 건 쉬운 일이 아니에요.,다수가 말하지만 내 의견은 다를 때 어떤 생각을 하나요?,말했을 때 반응은 어땠나요?,,관계 온도,c,말함→자기주장 / 안 함→동조
512,512,관계,2,B. 패턴 기반 수정 권장,2,0,1,"상황이 사람을 바꾼다고 느꼈던 적이 있다면, 어떤 경험이었나요?",상황에 따라 내가 달라지는 모습은 무엇인가요?,True,재작성,경험 전제 + 추상,성향형 전환,"사람은 잘 변한다고 생각하나요, 잘 안 변한다고 생각하나요?",7.28206213865426,173.0,0.1173256670119973,,,나이가 들면서 상황도 다양하게 바뀌곤 해요.,주변과 나를 되돌아 볼까요?,"사람이 바뀌는 건 상황 때문인가요, 결국 개인의 선택인가요?",문구 변경 → 가이드 재작성 필요,자기 인식,t,상황별 자기 변화 → 자기 일관성
513,513,관계,2,B. 패턴 기반 수정 권장,1,0,1,"외로움이 무서워서 관계를 유지한 적이 있다면, 어떤 관계였나요?","혼자가 편한 편인가요, 함께가 편한 편인가요?",True,재작성,외로움 관련 고백 요구 (무게 과다),성향형 전환 + 강도 완화,외로움을 느낄 때 나는 누구를 찾나요?,9.656303095729852,215.0,0.0753540092661287,,,안 맞는 걸 알아도 관계를 붙잡게 될 때가 있죠.,그 이유가 외로움이었던 적이 있나요?,"그 때 진짜 무서웠던 건 혼자가 되는 것이었나요, 아니면 혼자인 내가 초라해 보이는 것이었나요?",문구 변경 → 가이드 재작성 필요,에너지 방향,c,혼자→내향 / 함께→외향
514,514,관계,2,B. 패턴 기반 수정 권장,1,1,0,"요즘 가장 신경쓰이는 사람이 있다면, 어떤 이유인가요?",신경 쓰이는 사람이 생기면 나는 어떻게 하나요?,True,재작성,요즘 + 신경 쓰이는 사람 전제 + 이유 요구,인물 → 상황 (시점 없는 성향형 우선),요즘 마음을 가장 많이 쓰는 관계는 무엇인가요?,12.737725697670635,182.0,0.1030287559047355,,,자꾸 떠오르거나 마음에 걸리는 사람이 있을 거예요.,"그 신경 씀이 걱정인지, 호감인지, 불편함인지 구분해봐요.",그 마음을 어떻게 하고 싶은지 한 줄로 적어봐요.,문구 변경 → 가이드 재작성 필요,친밀감 방식,t,관심 생겼을 때 행동 → 접근/회피
515,515,관계,1,B. 패턴 기반 수정 권장,2,0,2,최근에 가장 기분 좋게 이야기를 나눈 사람은 누구인가요?,대화가 즐거운 사람의 공통점은 무엇인가요?,True,재작성,최근 + 특정 인물 지목,인물 → 대화 내용 (시점 없는 성향형 우선),최근 즐거웠던 대화 주제는 무엇인가요?,12.698643388360342,96.0,0.2473384921530617,,,대화 후 기분이 좋아진 사람이 떠오를 거예요.,그 대화에서 어떤 부분이 기분을 좋게 만들었나요?,그 사람과 비슷한 대화를 다시 만들려면 뭐가 필요할까요?,문구 변경 → 가이드 재작성 필요,,,
516,516,관계,2,C. 유지·모니터링,2,2,0,지금 가장 보고 싶은 존재는 무엇인가요?,지금 가장 보고 싶은 존재는 무엇인가요?,False,유지,'지금' + 보고 싶은 존재 (관측 2회 모두 답변),유지,,0.0,356.0,0.0,,,"사람이든 반려동물이든, 떠올리면 마음이 말랑해지는 존재가 있을 거예요.","보고 싶은 이유가 그리움인지, 위로인지, 안정감인지 살펴봐요.",지금 그 존재에게 한마디 건넨다면 뭐라고 할 건가요?,,,,
517,517,관계,2,B. 패턴 기반 수정 권장,0,0,0,"나 자신과 했던 약속 중 아직 유효한 게 있다면, 어떤 건가요?",나 자신과 하고 싶은 약속은 무엇인가요?,True,재작성,나와의 약속 전제,전제 제거,스스로에게 가장 자주 하는 다짐은 무엇인가요?,7.878615481978279,193.0,0.0920849446228016,,,"""앞으로 이렇게 하자""라고 나에게 다짐했던 게 떠오르나요?",그 약속을 지키지 못해 미안한 마음이 들진 않나요?,오늘부터 다시 시작할 수 있는 아주 작은 행동 하나는 뭘까요?,문구 변경 → 가이드 재작성 필요,,,
518,518,관계,2,B. 패턴 기반 수정 권장,0,0,0,"오늘 누군가에게 ""고마워""라고 말하고 싶었나요?",고마움을 표현하는 나만의 방식은 무엇인가요?,True,재작성,오늘 + 예/아니오,시점 중립화 + 열린 질문 (시점 없는 성향형 우선),요즘 '고마워'라고 말하고 싶은 사람은 어떤 사람인가요?,14.502657444340594,112.0,0.2063119394060513,,,생각만 해도 마음이 따뜻해지는 고마운 사람이 있었나요?,그 사람의 어떤 점이 나의 하루를 빛나게 해주었나요?,그 고마운 마음을 전할 수 있는 가장 나다운 방법은?,문구 변경 → 가이드 재작성 필요,,,
519,519,관계,2,A. 교체·재작성 우선,3,0,2,나의 말이나 행동이 타인에게 기분 좋은 울림을 줬나요?,내가 누군가에게 힘이 되었다고 느낀 순간은 언제인가요?,True,재작성,예/아니오 닫힌 질문 + 타인 반응을 알아야 답할 수 있음,자기 관찰형으로 전환,주변 사람들이 나에게 자주 고마워하는 것은 무엇인가요?,0.0,313.0,0.0,,,내 작은 배려에 상대방이 환하게 웃어준 순간이 있나요?,그 반응을 보며 나의 마음은 또 어떻게 일렁였나요?,내가 가진 선한 영향력은 어떤 모습인지 생각해봐요.,문구 변경 → 가이드 재작성 필요,,,
520,520,관계,2,C. 유지·모니터링,2,0,2,나는 사람들에게 마음을 얼마나 열어두고 있나요?,나는 사람들에게 마음을 얼마나 열어두고 있나요?,False,유지,위험 요소 없음 (선호·성향·양자택일형 등),,,,,,,,내 마음의 문이 지금 몇 %쯤 열려 있는지 숫자로 살짝 적어봐요.,마음을 열지 못하게 꼭 붙잡고 있는 두려움이나 옛 기억이 있나요?,이번 주에 누군가에게 평소보다 조금 더 솔직한 이야기를 해볼까요?,,친밀감 방식,t,마음을 여는 정도 → 개방성
521,521,관계,2,C. 유지·모니터링,3,1,2,누군가와 '진짜 함께 있다'는 건 어떤 느낌일까요?,누군가와 함께 있어서 편안하다고 느끼는 순간은 언제인가요?,True,재작성,'진짜 함께 있다' 추상 + 은유,구체화,함께 있을 때 말이 없어도 편한 사람은 어떤 사람인가요?,2.346742886635239,240.0,0.0566650219443807,,,"""이 사람이 정말 내 곁에 있구나"" 싶었던 따뜻한 순간을 떠올려봐요.",나는 소중한 사람과 함께할 때 정말 '그 순간'에 온전히 머무나요?,이번 주엔 소중한 사람과 딱 10분만 폰을 내려두고 눈을 맞춰봐요.,문구 변경 → 가이드 재작성 필요,,,
522,522,관계,2,B. 패턴 기반 수정 권장,1,0,0,사람들과 더 가까워지는 걸 방해하는 게 있다면요?,사람들과 가까워질 때 가장 어려운 점은 무엇인가요?,True,재작성,'~있다면요?' 미완 문장 + 추상,완결 문장 + 구체화,"친해지는 데 오래 걸리는 편인가요, 금방 친해지는 편인가요?",9.441150462732878,184.0,0.102145926029326,,,더 친해지고 싶었지만 왠지 그러지 못했던 경험이 있나요?,관계가 깊어지려 할 때 나도 모르게 거리를 두는 습관이 있나요?,그 벽을 다 허물지 않아도 괜찮아요. 이번에 한 가지만 다르게 해볼까요?,문구 변경 → 가이드 재작성 필요,친밀감 방식,t,가까워질 때 어려움 → 애착 불안·회피
523,523,관계,2,C. 유지·모니터링,1,0,1,사람들과 이야기할 때 나는 사실 무엇을 원하나요?,대화할 때 나는 조언과 공감 중 무엇을 더 원하나요?,True,재작성,속마음 추상 (관측 1회 중 0회),구체화,대화가 즐거웠다고 느끼는 때는 언제인가요?,2.061025774342923,268.0,0.019250570681627,,,최근에 좋았던 대화와 아쉬웠던 대화의 차이를 곰곰이 떠올려봐요.,좋았던 대화에서 내가 진짜 얻고 싶었던 위로나 인정은 뭐였나요?,"다음에 대화할 땐 ""나는 이런 게 필요해""라고 내 마음을 먼저 알아줘요.",문구 변경 → 가이드 재작성 필요,결정 방식,c,조언→사고형 / 공감→감정형
524,524,관계,2,B. 패턴 기반 수정 권장,3,1,2,"말을 건네고 싶었지만 꾹 참은 사람이 있다면, 어떤 말을 하고 싶었나요?","하고 싶은 말을 참는 편인가요, 하는 편인가요?",True,재작성,특정 인물 + 참은 말 전제,인물 제거 + 성향형,지금 누군가에게 하고 싶은 말이 있나요? 이름 없이 말만 적어도 좋아요.,12.882094920303116,71.0,0.3127512329397147,,,한 걸음 다가가려다 망설이며 멈춰 선 순간이 있었나요?,그 망설임 뒤에 숨어있던 진짜 이유는 무엇이었을까요?,용기 내어 먼저 손을 내밀었다면 어떤 말을 했을까요?,문구 변경 → 가이드 재작성 필요,관계 온도,c,참음→갈등 회피 / 함→자기주장
525,525,관계,2,B. 패턴 기반 수정 권장,1,0,1,오늘 누군가에게 미안한 마음이 가볍게 스쳤나요?,"미안할 때 나는 말로 하나요, 행동으로 하나요?",True,재작성,오늘 + 예/아니오,시점 중립화 + 열린 질문 · 중복 해소(#413),,20.331879073238195,123.0,0.1862284136412526,,,사소한 오해나 말실수로 마음에 걸리는 사람이 있나요?,"미안함의 이유가 내 행동 때문이었는지, 당시 상황 때문이었나요?",그 미안함을 털어내기 위해 건네고 싶은 한 문장은?,문구 변경 → 가이드 재작성 필요,친밀감 방식,c,말→언어 표현 / 행동→행동 표현
526,526,관계,2,B. 패턴 기반 수정 권장,2,1,0,"오늘 관계 때문에 마음이 조금 무거웠다면, 어떤 일이었나요?",관계 때문에 마음이 무거울 때 나는 어떻게 하나요?,True,재작성,오늘 + 무거운 일 전제,시점 중립화 + 성향형,관계에서 가장 에너지가 많이 드는 순간은 언제인가요?,14.565102677697633,102.0,0.237298538023274,,,누군가와 함께 있을 때 왠지 불편하거나 조심스러웠나요?,"그 불편함이 상대에게서 온 건가요, 내 안의 부담감인가요?",그 마음을 편안하게 만들기 위해 내가 할 수 있는 작은 노력은?,문구 변경 → 가이드 재작성 필요,스트레스 대처,t,관계 고민 대처
527,527,관계,2,C. 유지·모니터링,1,0,0,지금 내 곁에서 가장 소중하게 느껴지는 사람은 누구인가요?,지금 곁에 있는 사람 중 가장 소중한 사람의 어떤 점이 좋은가요?,True,재작성,'지금' + 특정 인물 지목,인물 → 이유,소중한 사람에게 가장 해주고 싶은 것은 무엇인가요?,-0.7730955746093005,317.0,0.0,,,떠올리는 것만으로도 든든한 버팀목이 되는 이름이 있나요?,그 사람이 왜 나에게 그토록 소중한 존재가 되었을까요?,오늘 그 사람에게 감사의 메시지를 하나 보내보는 건 어떨까요?,문구 변경 → 가이드 재작성 필요,,,
528,528,관계,2,A. 교체·재작성 우선,3,0,2,오늘 누군가와 진심이 닿는 대화를 나눴나요?,최근 대화 중 마음에 오래 남은 한마디는 무엇인가요?,True,재작성,오늘 대화가 없었다면 답할 수 없음 + 예/아니오로 끝나는 닫힌 질문,시점 중립화 + 열린 질문,최근 대화 중 마음에 오래 남은 한마디는 무엇인가요?,15.124162583553613,89.0,0.2662596864344671,chosen,기간 제한 회상,"겉도는 인사 말고, 마음과 마음이 오간 대화가 있었나요?",그 대화가 끝난 후 내 마음엔 어떤 여운이 남았나요?,그 사람에게 아직 다 하지 못한 말이 있다면 적어봐요.,문구 변경 → 가이드 재작성 필요,,,
529,529,관계,2,B. 패턴 기반 수정 권장,2,0,2,상대의 감정을 예민하게 읽어낸 순간이 있었나요?,다른 사람의 감정을 잘 알아채는 편인가요?,True,재작성,예/아니오 + 경험 전제,성향형 전환,상대의 기분을 알아채는 나만의 신호는 무엇인가요?,10.266497879631038,131.0,0.173171732063121,,,누군가의 미세한 떨림이나 표정 변화를 눈치챘나요?,그때 나는 그 마음을 어떻게 보듬어주었나요?,타인의 마음을 잘 느끼는 것이 나에게는 어떤 의미인가요?,문구 변경 → 가이드 재작성 필요,관계 온도,c,잘 알아챔→공감 민감성
530,530,관계,2,B. 패턴 기반 수정 권장,0,0,0,"오늘 내가 먼저 용기 내어 다가간 적이 있다면, 어떤 순간이었나요?","새로운 사람에게 먼저 다가가는 편인가요, 기다리는 편인가요?",True,재작성,오늘 + 전제 + 용기 행동 요구,시점 중립화 + 성향형,먼저 다가가고 싶은데 망설여지는 순간은 언제인가요?,23.77853911988205,63.0,0.345399298867179,,,서먹한 분위기를 깨고 먼저 말을 걸거나 손을 내밀었나요?,그렇게 행동하게 만든 나의 예쁜 동기는 무엇이었을까요?,다가간 후에 느꼈던 안도감이나 기쁨을 기억해봐요.,문구 변경 → 가이드 재작성 필요,에너지 방향,c,먼저 다가감→외향·접근 / 기다림→내향·신중
531,531,관계,1,B. 패턴 기반 수정 권장,1,0,1,오늘 내가 누군가를 소리 내어 웃게 만들었나요?,내가 사람들을 웃게 만드는 방식은 무엇인가요?,True,재작성,오늘 + 예/아니오,시점 중립화 + 열린 질문,"나는 웃기는 쪽인가요, 웃는 쪽인가요?",16.86726568845,145.0,0.151843234871835,,,나의 농담이나 행동에 상대가 빵 터졌던 순간이 있나요?,타인을 웃게 만드는 나의 능력은 내 기분을 어떻게 바꾸나요?,누군가의 웃음소리가 나에게 주는 에너지를 느껴봐요.,문구 변경 → 가이드 재작성 필요,,,
532,532,관계,2,B. 패턴 기반 수정 권장,0,0,0,"가장 가까운 사람에게 꼭 전하고 싶은 말이 있다면, 어떤 말인가요?",가장 가까운 사람에게 꼭 전하고 싶은 말은 무엇인가요?,True,경미 수정,전제형 (대부분 답 가능),경미 수정,가까운 사람에게 평소 못한 말은 무엇인가요?,6.646137981985528,206.0,0.0806990758127737,,,마음 깊은 곳에 담아두고 아직 꺼내지 못한 말이 있나요?,왜 그 말을 꺼내기가 그토록 어려웠을까요?,"부담 없이, 아주 담백하게 전할 수 있는 한마디를 적어봐요.",문구 변경 → 가이드 재작성 필요,,,
533,533,관계,2,B. 패턴 기반 수정 권장,0,0,0,"이번 주, 존재만으로도 감사했던 사람이 있었나요?",존재만으로도 감사한 사람은 어떤 사람인가요?,True,재작성,이번 주 + 예/아니오,기간 제거 + 열린 질문,요즘 고마운 사람에게 전하고 싶은 한마디는 무엇인가요?,12.882554917938856,118.0,0.1907238530404656,,,힘든 시간을 같이 견뎌준 고마운 인연을 떠올려봐요.,"그 감사를 표현했나요, 아니면 마음속으로만 간직했나요?",전하지 못한 진심이 있다면 여기서 연습 삼아 적어볼까요?,문구 변경 → 가이드 재작성 필요,,,
534,534,관계,2,E. 미노출(데이터 없음),0,0,0,"""조금 더 다정하게 말할걸"" 하고 후회되는 순간은 언제인가요?","말을 다정하게 하는 편인가요, 직설적으로 하는 편인가요?",True,재작성,후회 회상 (노출 0회),성향형 전환,더 다정하게 말하고 싶은 사람은 어떤 사이인가요?,2.636640969853437,254.0,0.034729147869885,,,내 감정이 앞서서 말투가 조금 날카로웠던 적이 있나요?,그때 사실 내 마음은 어떤 상태였기에 그랬을까요?,다음에 비슷한 상황이 오면 어떤 온도로 말하고 싶나요?,문구 변경 → 가이드 재작성 필요,관계 온도,c,다정→관계 보호 / 직설→명확성
535,535,관계,2,C. 유지·모니터링,1,0,1,"지금 이 순간, 문득 생각나서 연락하고 싶은 사람은 누구인가요?",문득 연락하고 싶어지는 사람은 어떤 사이인가요?,True,재작성,'지금 이 순간' + 특정 인물 지목,인물 → 이유,"먼저 연락하는 편인가요, 기다리는 편인가요?",-3.07324638687711,338.0,0.0,,,갑자기 마음 한구석이 간지러워지며 떠오르는 이름은?,"그 사람에게 전하고 싶은 마음은 그리움인가요, 반가움인가요?",고민하지 말고 짧은 안부 인사 하나 건네보는 건 어떨까요?,문구 변경 → 가이드 재작성 필요,,,
536,536,관계,2,A. 교체·재작성 우선,3,0,3,"이번 주, 소중한 사람과 함께한 기억을 한 줄로 적어볼까요?",소중한 사람과 함께할 때 가장 좋아하는 순간은 언제인가요?,True,재작성,'이번 주'로 기간이 좁음 + 특정 인물·만남 전제 + 청유형이라 질문처럼 읽히지 않음,기간 제거 + 인물 전제 완화,소중한 사람과 꼭 다시 하고 싶은 일은 무엇인가요?,2.9870741555278912,239.0,0.0576338050170916,,,한 주 동안 사람들과 나눈 시간 중 가장 예쁜 장면은?,그 기억이 나에게 특별한 보석처럼 남은 이유는 무엇일까요?,그 사람과 또 어떤 추억을 쌓아가고 싶은지 상상해봐요.,문구 변경 → 가이드 재작성 필요,,,
537,537,관계,2,C. 유지·모니터링,3,3,0,곁에 있어줘서 가장 고마운 사람은 누구인가요?,곁에 있어줘서 가장 고마운 사람은 누구인가요?,False,유지,'누구' 지목이지만 관측 3회 모두 답변,유지,,0.0,362.0,0.0,,특정 인물 지목,"당연하게 느끼지만, 없으면 정말 허전할 사람이 있잖아요.",지금 떠오르는 이름 하나를 적어봐요.,그 사람이 내 곁에 있어줘서 달라진 건 무엇인가요?,,,,
538,538,관계,2,B. 패턴 기반 수정 권장,0,0,0,"다시 잡고 싶은 인연이 있다면, 어떤 사이였나요?",지나간 인연을 자주 떠올리는 편인가요?,True,재작성,다시 잡고 싶은 인연 전제 + 미련 고백 부담,성향형 전환,다시 연락이 닿는다면 반가울 사람은 어떤 사이인가요?,6.659672572707198,218.0,0.0747194172284599,,,그 사람과 멀어지게 된 결정적인 계기가 무엇이었나요?,지금 그 사람의 소식을 들으면 마음이 어떨 것 같나요?,그 인연을 다시 잡는다면 가장 먼저 하고 싶은 말은 무엇인가요?,문구 변경 → 가이드 재작성 필요,감정 민감도,c,자주 떠올림→반추·회고 경향
539,539,관계,2,C. 유지·모니터링,2,1,1,인생에 가장 영향력 있던 사람은 누구인가요?,내 인생에 가장 큰 영향을 준 사람에게 배운 것은 무엇인가요?,True,재작성,특정 인물 지목,인물 → 영향,닮고 싶은 어른은 어떤 사람인가요?,-1.9598268041223943,291.0,0.0,,,그 사람이 나의 어떤 생각이나 행동을 가장 크게 바꿔 놓았나요?,그 사람과 함께할 때 나는 어떤 사람이 되었다고 느꼈나요?,지금의 나에게 그 사람의 흔적은 어떻게 남아있나요?,문구 변경 → 가이드 재작성 필요,,,
540,540,관계,2,B. 패턴 기반 수정 권장,1,1,0,나에게 상처를 줬지만 덕분에 강해진 경험이 있나요?,상처를 겪고 나서 오히려 강해진 부분은 무엇인가요?,True,재작성,상처 경험 전제 + 예/아니오,성향형 + 회복 관점,힘든 관계에서 배운 것은 무엇인가요?,10.067764345079691,198.0,0.0856255845038588,,,그 사람이 나에게 준 상처가 구체적으로 무엇이었나요?,그 일 이후로 사람을 대하는 나만의 기준이 달라졌나요?,이제는 그 사람으로부터 마음이 얼마나 자유로워졌다고 느끼나요?,문구 변경 → 가이드 재작성 필요,스트레스 대처,t,상처 후 성장 → 외상 후 성장
541,541,관계,2,B. 패턴 기반 수정 권장,2,1,0,"그때 하지 못한 말이 있다면, 지금은 할 수 있을까요?",그때 하지 못해서 아쉬운 말은 무엇인가요?,True,재작성,'그때'가 무엇인지 모호 + 전제,맥락 보완,지금이라면 다르게 말할 것 같은 순간은 언제인가요?,6.797463663579789,185.0,0.1013349225335817,,,그때 왜 제때 목소리를 내지 못했는지 기억나나요?,다시 그 상황에 선다면 어떤 말을 가장 먼저 내뱉고 싶나요?,그때의 나를 지금의 내가 안아준다면 무엇이라 말하고 싶나요?,문구 변경 → 가이드 재작성 필요,,,
542,542,관계,2,A. 교체·재작성 우선,3,0,2,남이 말해줘서 알게 된 나의 특징은 무엇인가요?,사람들이 나에 대해 자주 하는 말은 무엇인가요?,True,재작성,타인 피드백 경험 전제,자기 관찰형으로 전환,나의 첫인상과 실제 모습은 어떻게 다른가요?,0.0,372.0,0.0,,,"그 말을 들었을 때 의외라고 느꼈나요, 아니면 수긍했나요?",타인의 시선과 내가 아는 나의 모습 중 어느 쪽이 더 편한가요?,그 발견 이후로 나의 태도나 행동에 변화를 준 적이 있나요?,문구 변경 → 가이드 재작성 필요,자기 인식,t,타인 평가 → 공적 자기
543,543,관계,2,B. 패턴 기반 수정 권장,1,0,1,"주변 사람을 덕질해 본 적이 있다면, 누구였나요?",좋아하는 사람이 생기면 푹 빠지는 편인가요?,True,재작성,'덕질' 경험 전제 + 특정 인물 지목,인물 → 성향,내가 반하는 사람의 매력 포인트는 무엇인가요?,6.061619070203861,245.0,0.0463521270619127,,,그 사람의 어떤 면이 나를 가장 매료시켰나요?,그를 지켜보는 것만으로도 내 일상이 즐거웠던 기억이 있나요?,누군가를 동경했던 경험이 나에게 어떤 영감을 주었나요?,문구 변경 → 가이드 재작성 필요,친밀감 방식,c,푹 빠짐→몰입형 애착
544,544,관계,2,E. 미노출(데이터 없음),0,0,0,나에게 우정이란 어떤 의미인가요?,좋은 친구라고 느끼는 순간은 언제인가요?,True,재작성,개념 정의형 (노출 0회),구체화,우정에서 가장 중요한 것은 무엇인가요?,2.41473026084586,259.0,0.0288976474139661,,,친구를 생각하면 떠오르는 단어나 장면이 있나요?,"나에게 우정은 필수인가요, 선택인가요?",우정에 대한 나의 정의가 경험을 통해 바뀐 적 있나요?,문구 변경 → 가이드 재작성 필요,,,
545,545,관계,2,B. 패턴 기반 수정 권장,0,0,0,소중한 사람에게 아직 전하지 못한 고마운 말이 있나요?,고마운 사람에게 해주고 싶은 작은 선물은 무엇인가요?,True,재작성,예/아니오 + 전제,열린 질문 · 중복 해소(#532),고맙다는 말을 쉽게 하는 편인가요?,8.996826554655085,168.0,0.1256378601484289,,,마음속에 담아만 두고 있는 고마운 마음이 있을 거예요.,"가족, 친구, 혹은 나 자신에게 하고 싶은 말을 떠올려봐요.",그 말을 전한다면 어떤 기분이 들까요?,문구 변경 → 가이드 재작성 필요,,,
546,546,관계,2,C. 유지·모니터링,2,0,0,우정에서 무엇을 가장 중요하게 생각하나요?,우정에서 무엇을 가장 중요하게 생각하나요?,False,유지,위험 요소 없음 (선호·성향·양자택일형 등),,,,,,,,"신뢰, 재미, 솔직함, 시간 등 떠오르는 것이요.",그 가치가 중요해진 계기가 있나요?,나는 그 기준을 친구에게 잘 지키고 있나요?,,가치·동기,t,우정에서 중요한 것 → 관계 가치
547,547,관계,2,C. 유지·모니터링,2,1,1,어머니와의 관계에 대해 어떻게 생각하나요?,엄마(또는 보호자)와 닮은 점은 무엇인가요?,True,재작성,"부모 관계 평가 (무거움, 가족 상황 다양)",강도 완화 + 선택 여지,엄마와 함께한 기억 중 좋았던 한 장면은?,-0.1988529813532646,324.0,0.0,,,지금의 관계를 한 문장으로 표현해봐요.,"어릴 때와 지금, 관계가 달라진 부분이 있나요?",어머니와의 관계가 나의 다른 관계에 영향을 주나요?,문구 변경 → 가이드 재작성 필요,,,
548,548,관계,2,C. 유지·모니터링,2,0,2,아버지와의 관계에 대해 어떻게 생각하나요?,아빠(또는 보호자)와 닮은 점은 무엇인가요?,True,재작성,"부모 관계 평가 (무거움, 관측 2회 중 0회)",강도 완화 + 선택 여지,아빠와 함께한 기억 중 좋았던 한 장면은?,-0.1988529813532646,387.0,0.0,,,지금의 관계를 한 문장으로 표현해봐요.,아버지에게 말하지 못한 것이 있나요?,아버지와의 관계가 나의 삶에 어떤 영향을 남겼나요?,문구 변경 → 가이드 재작성 필요,,,
549,549,관계,2,C. 유지·모니터링,1,1,0,"내가 자란 환경에서 바꾸 수 있다면, 뭘 바꾸고 싶나요?","내가 자란 환경에서 바꿀 수 있다면, 무엇을 바꾸고 싶나요?",True,오류 수정,오탈자: '바꾸 수 있다면',오류 수정,,-0.3818933057871509,316.0,0.0,,,어린 시절 환경이나 교육 방식을 떠올려봐요.,그때 바뀌었다면 지금의 나는 어떻게 달랐을까요?,바꾸고 싶은 부분이 지금의 나를 만든 면도 있나요?,문구 변경 → 가이드 재작성 필요,,,
550,550,관계,2,C. 유지·모니터링,2,1,0,나의 가족은 얼마나 가깝고 따뜻한가요?,가족과 함께할 때 가장 편한 순간은 언제인가요?,True,재작성,"가족 친밀도 평가 (무거움, 가족 상황 다양)",강도 완화,가족에게 고마운 점 하나를 적어볼까요?,-0.9942369035622344,355.0,0.0,,,가족과 함께 있을 때의 분위기를 떠올려봐요.,그 온도가 만족스러운가요?,가족의 따뜻함이 나의 관계 방식에 어떤 영향을 줬나요?,문구 변경 → 가이드 재작성 필요,,,
551,551,관계,2,C. 유지·모니터링,1,0,1,친한 친구가 된다면 그 사람이 알아야 할 중요한 사항은 무엇인가요?,친한 친구가 된다면 그 사람이 알아야 할 중요한 사항은 무엇인가요?,False,유지,위험 요소 없음 (선호·성향·양자택일형 등),,,,,,,,나와 가까워지려면 꼭 알아야 할 것을 떠올려봐요.,그걸 미리 말하고 싶은 이유는 뭔가요?,그 사항이 나를 이해하는 열쇠인 것 같나요?,,,,
552,552,관계,2,C. 유지·모니터링,1,0,1,어린 시절이 행복했다고 느끼나요?,어린 시절 가장 좋아했던 놀이는 무엇인가요?,True,재작성,예/아니오 + 어린 시절 평가 (관측 1회 중 0회),열린 질문 + 가벼움,어린 시절의 나에게 해주고 싶은 말은?,-1.2005046978779577,340.0,0.0,,,어린 시절의 전반적인 기억을 떠올려봐요.,"행복했든 아니든, 그렇게 느끼는 기준은 뭔가요?",어린 시절의 경험이 지금의 나를 얼마나 만들었나요?,문구 변경 → 가이드 재작성 필요,,,
553,553,사랑,2,C. 유지·모니터링,3,1,2,연애할 때 혼자만의 시간은 어떤 의미인가요?,연애할 때 혼자만의 시간은 어떤 의미인가요?,False,유지,위험 요소 없음 (선호·성향·양자택일형 등),,,,,,,,혼자 있는 시간이 필요하기도 해요.,혼자만의 시간에 에너지가 생기는지 생각해봐요.,혼자만의 시간을 충분히 보내고 나면 상대방에게 더 다정한 마음이 생기나요?,,친밀감 방식,t,혼자 시간의 의미 → 자율 욕구
554,554,사랑,2,C. 유지·모니터링,2,0,1,사랑과 좋아함의 차이는 무엇인가요?,좋아하는 마음이 사랑으로 바뀌었다고 느끼는 순간은 언제인가요?,True,재작성,개념 정의형 (관측 2회 중 0회),구체화,좋아함과 사랑 중 지금 내 마음은 어디에 가깝나요?,-3.2556372938253144,293.0,0.0,,,사랑과 좋아하는 감정은 다르지만 그 기준은 사람마다 달라요.,좋아하는 감정에서 사랑이라는 감정으로 바뀐 순간을 떠올려봐요.,그 차이는 무엇인가요?,문구 변경 → 가이드 재작성 필요,,,
555,555,사랑,2,C. 유지·모니터링,2,1,1,싸운 뒤 바로 풀려고 하는 편인가요 아니면 시간을 두고 대화하는 편인가요?,"싸우면 바로 푸는 편인가요, 시간을 두는 편인가요?",True,재작성,문장이 김 (양자택일),짧게,,8.064037470654744,163.0,0.1355131279515838,,,"최근의 다툼에서 즉각적인 대화를 원했는지, 혹은 혼자만의 시간이 필요했는지 떠올려 봐요.","길어지는 오해가 두려운가요, 서툰 말이 줄 상처가 두려운가요?",상대와 갈등을 푸는 방식이 다를 때 어떻게 풀어나가지도 생각해봐요.,문구 변경 → 가이드 재작성 필요,관계 온도,c,바로 풂→직면 / 시간 둠→숙고·회피
556,556,사랑,2,C. 유지·모니터링,1,1,0,사랑에 빠지는 것과 사랑을 유지하는 것 중 무엇이 더 어려운가요?,사랑에 빠지는 것과 사랑을 유지하는 것 중 무엇이 더 어려운가요?,False,유지,위험 요소 없음 (선호·성향·양자택일형 등),,,,,,,,관계의 단계마다 다른 노력이 필요해요.,설렘과 책임감을 비교해봐요.,어느 쪽에서 더 힘들었나요?,,친밀감 방식,c,빠지기→신중 / 유지→지속 어려움
557,557,사랑,1,D. 우수(레퍼런스),4,4,0,좋아할 때 숨기기 어려운 건 무엇인가요?,좋아할 때 숨기기 어려운 건 무엇인가요?,False,유지,성과 우수 (평균보다 확실히 높음),,,,,,,,아무리 숨겨도 눈치 빠른 사람은 알아채죠. 뭘로 들킬 것 같나요?,좋아하는 사람 앞에서 나도 모르게 하는 행동을 떠올려봐요.,"그게 들킬까봐 신경 쓰이나요, 들켰으면 좋겠나요?",,친밀감 방식,t,숨기지 못하는 표현 → 애정 표현
558,558,사랑,2,D. 우수(레퍼런스),4,4,0,"좋아하는 사람에게 먼저 연락하나요, 기다리나요?","좋아하는 사람에게 먼저 연락하나요, 기다리나요?",False,유지,성과 우수 (평균보다 확실히 높음),,,,,,,,먼저 연락하는 용기가 관계 주도성을 보여줘요.,문자 보내기 전 고민했던 시간을 떠올려봐요.,왜 기다렸나요? 왜 먼저 했나요?,,친밀감 방식,c,먼저→적극 / 기다림→신중·확인 욕구
559,559,사랑,1,C. 유지·모니터링,2,0,1,사랑받고 있다고 느끼는 순간은 언제인가요?,사랑받고 있다고 느끼는 순간은 언제인가요?,False,유지,위험 요소 없음 (선호·성향·양자택일형 등),,,,,,,,사랑에 대한 가치관은 내가 어떻게 사랑을 확인하는지를 통해 알아볼 수 있어요.,가장 사랑받는다고 느낀 순간을 떠올려봐요.,그게 없으면 사랑받는 게 아닌 것 같나요?,,친밀감 방식,t,사랑받는 느낌의 경로 → 사랑의 언어
560,560,사랑,2,C. 유지·모니터링,2,1,1,이별 후 얼마나 지나야 새 연애를 시작할 수 있을 것 같나요?,이별 후 얼마나 지나야 새 연애를 시작할 수 있을 것 같나요?,False,유지,위험 요소 없음 (선호·성향·양자택일형 등),,,,,,,,이별 후 회복 시간은 사람마다 달라요.,이별 후 혼자인 시간이 필요하는가요?,준비가 됐다는 걸 어떻게 아나요?,,스트레스 대처,t,회복 기간 → 이별 회복 속도
561,561,사랑,2,C. 유지·모니터링,3,1,2,전 애인과 친구가 될 수 있다고 생각하나요?,전 애인과 친구가 될 수 있다고 생각하나요?,False,유지,위험 요소 없음 (선호·성향·양자택일형 등),,,,,,,,이별 후 어떤 관계를 유지하느냐가 감정 정리 방식을 보여줘요.,전 애인과의 현재 관계를 떠올려봐요.,진짜 친구인가요?,,,,
562,562,사랑,2,C. 유지·모니터링,2,0,1,연인에게 절대 져줄 수 없는 것이 무엇인가요?,연인에게 절대 져줄 수 없는 것이 무엇인가요?,False,유지,위험 요소 없음 (선호·성향·양자택일형 등),,,,,,,,양보 못 하는 것이 자존심의 핵심을 보여줘요.,연애에서 꺾이지 않았던 것을 떠올려봐요.,왜 거기선 못 지나요?,,관계 온도,t,양보 못 하는 것 → 핵심 경계
563,563,사랑,2,C. 유지·모니터링,4,1,3,끌리는 사람과 좋은 사람 중 누가 더 좋은가요?,끌리는 사람과 좋은 사람 중 누가 더 좋은가요?,False,유지,위험 요소 없음 (선호·성향·양자택일형 등),,,,,,,,설렘과 안정 중 우선순위가 연애관을 보여줘요.,두 유형을 각각 떠올려봐요.,최근의 연애를 떠올려봐요.,,결정 방식,c,끌림→감정·직관 / 좋은 사람→이성·판단
564,564,사랑,2,C. 유지·모니터링,3,1,2,이상형과 실제 사귄 사람이 같은 편인가요? 다르다면 어떤 점이 다른가요?,이상형은 시간이 지나며 바뀌는 편인가요?,True,재작성,연애 경험 전제 + 두 질문,전제 제거 + 하나로 · 중복 해소(#222),이상형 조건 중 절대 양보 못 하는 것은?,1.6952609325758703,247.0,0.0451915621107183,,,"만나고 나니 이상형이 바뀌기도 하고, 이상형과 전혀 다른 사람을 만나기도 하죠.",이상형과 전 연인들을 떠올려봐요.,이상형이었나요?,문구 변경 → 가이드 재작성 필요,,,
565,565,사랑,2,C. 유지·모니터링,3,1,2,이상형의 조건 중 양보할 수 있는 것과 없는 것은 무엇인가요?,이상형의 조건 중 양보할 수 있는 것과 없는 것은 무엇인가요?,False,유지,위험 요소 없음 (선호·성향·양자택일형 등),,,,,,,,타협할 수 있는 조건과 타협할 수 없는 조건을 알아두는 것은 중요해요.,좋아해도 깨던 점과 좋아하면 안 보이는 조건을 떠올려봐요.,어디까지 양보할 수 있나요?,,,,
566,566,사랑,2,B. 패턴 기반 수정 권장,0,0,0,"처음엔 별로였는데 나중에 좋아진 적이 있다면, 어떤 경험이었나요?","처음엔 별로였다가 좋아지는 편인가요, 첫인상이 오래가는 편인가요?",True,재작성,경험 전제,성향형 전환,시간이 지날수록 더 좋아지는 사람의 특징은 무엇인가요?,17.24453348224298,81.0,0.2914386650696634,,,"알면 알수록 좋아지는 사람이 있고, 알수록 별로인 사람이 있어요.",뭘 알게 되고 나서 달라졌나요?,뭘 알게되고나서 달라졌나요?,문구 변경 → 가이드 재작성 필요,결정 방식,c,점점 좋아짐→숙고형 / 첫인상 유지→직관형
567,567,사랑,2,C. 유지·모니터링,4,1,3,"이번 주, 마음이 몽글몽글한 순간은 언제였나요?",마음이 몽글몽글해지는 순간은 언제인가요?,True,재작성,이번 주 + '몽글몽글' 경험 전제,기간 제거,설렘을 느끼는 순간은 주로 언제인가요?,4.524199670292173,139.0,0.1596449444341947,,,예상치 못한 다정함이나 기분 좋은 설렘이 스친 적 있나요?,"그때 어떤 풍경 속에 있었고, 공기는 어떤 느낌이었나요?",그런 따스한 온기를 다시 느끼기 위해 할 수 있는 건 뭘까요?,문구 변경 → 가이드 재작성 필요,,,
568,568,사랑,2,C. 유지·모니터링,2,2,0,지금까지 만난 사람들의 공통점은 무엇인가요?,지금까지 만난 사람들의 공통점은 무엇인가요?,False,유지,"만난 사람 전제 (연애 경험 필요, 관측 2회 모두 답변)",유지,,0.0,354.0,0.0,,,만난 사람들을 떠올려보면 공통점이 보여요.,그 공통점을 내가 좋아하는 이유는 무엇일까요?,공통점이 없다면 다름에도 그 사람들을 좋아했던 이유는 무엇일까요?,,,,
569,569,사랑,2,C. 유지·모니터링,3,1,2,내 인생에서 사랑은 어떤 의미인가요?,내 인생에서 사랑은 몇 순위쯤인가요? 이유도 알려주세요.,True,재작성,개념 정의형 (관측 3회 중 1회),구체화,사랑이 내 삶에 주는 가장 큰 선물은 무엇인가요?,-2.3872988985247257,371.0,0.0,,,누군가에게 조건 없이 마음을 쏟거나 듬뿍 받았던 따뜻한 순간을 떠올려 봐요.,"그 애정이 나를 더 나은 사람으로 만들었나요, 아니면 지친 마음을 쉬게 해주었나요?","사랑이 주는 힘을 믿는다면, 오늘 내 주변에 그 따스함을 어떻게 나누고 싶나요?",문구 변경 → 가이드 재작성 필요,가치·동기,t,사랑 순위 → 관계 가치 비중
570,570,사랑,1,C. 유지·모니터링,1,1,0,"이상형 중 특이한 조건이 있다면, 어떤 건가요?",이상형 조건 중 가장 특이한 것은 무엇인가요?,True,경미 수정,'있다면' 전제 (관측 1회 중 1회),경미 수정,,6.476035374802869,248.0,0.0440145874194997,,,그 조건에 강하게 끌리게 된 특별한 계기가 있었나요?,남들은 사소하다 할 그 점이 왜 나에겐 결정적인 조건인가요?,그 조건을 충족하는 사람을 만날 때 내 마음은 어떻게 반응하나요?,문구 변경 → 가이드 재작성 필요,,,
571,571,사랑,2,C. 유지·모니터링,4,0,2,데이트 중 가장 창피했던 일은 무엇인가요?,가장 해보고 싶은 데이트는 무엇인가요?,True,재작성,데이트 경험 전제 + 창피 회상 (관측 4회 중 0회),전제 제거 + 가벼움,"데이트할 때 계획파인가요, 즉흥파인가요?",0.4283787402585615,273.0,0.0151811849810569,,,상대 앞에서 귀여운 실수를 했던 그날의 장면을 떠올려 봐요.,당황한 나를 보며 상대방은 어떤 표정을 지어주었나요?,지금 생각해보니 그 서툰 모습조차 소중한 추억인가요?,문구 변경 → 가이드 재작성 필요,,,
572,572,사랑,1,C. 유지·모니터링,1,1,0,살면서 가장 설레었던 추억은 무엇인가요?,살면서 가장 설레었던 추억은 무엇인가요?,False,유지,회상형이지만 가벼움 (관측 1회 중 1회),유지,,0.0,315.0,0.0,,,"그때의 공기, 소리, 주변 분위기가 구체적으로 기억나나요?",심장이 내려앉는 듯한 그 느낌이 얼마나 오랫동안 지속되었나요?,그 설렘의 기억이 지금 나의 사랑을 정의하는 기준이 되었나요?,,,,
573,573,사랑,2,C. 유지·모니터링,2,1,1,가장 좋아했던 사람은 누구인가요?,가장 좋아했던 사람을 한 단어로 표현하면 무엇인가요?,True,재작성,특정 인물 지목 + 연애 경험 전제 + 자기노출,인물 → 특징 · 중복 해소(#48),가장 좋아했던 사람의 어떤 점에 끌렸나요?,-2.3859128997908097,294.0,0.0,,,그 대상에게 나의 에너지와 시간을 아낌없이 쏟았던 이유는 무엇인가요?,그 대상을 좋아하며 느꼈던 가장 큰 희열의 순간은 언제였나요?,누군가를 조건 없이 사랑해본 경험이 나를 어떻게 성장시켰나요?,문구 변경 → 가이드 재작성 필요,,,
574,574,가치관,1,C. 유지·모니터링,4,2,1,남의 시선을 얼마나 의식하나요?,남의 시선을 얼마나 의식하나요?,False,유지,위험 요소 없음 (선호·성향·양자택일형 등),,,,,,,,타인의 눈이 얼마나 내 결정을 흔드는지 보여줘요.,"""남들이 뭐라 할까"" 생각했던 순간을 떠올려봐요.",100% 익명이 보장되면 뭐가 달라질지 생각해봐요.,,감정 민감도,t,시선 의식 정도 → 평가 민감
575,575,가치관,2,C. 유지·모니터링,2,1,1,거절을 해야 할 때 나는 어떻게 하나요?,거절을 해야 할 때 나는 어떻게 하나요?,False,유지,위험 요소 없음 (선호·성향·양자택일형 등),,,,,,,,모두 거절을 해야 할 때가 찾아와요.,"""싫은데 알겠다고 한"" 최근 상황이 있었나요?",받아들이기 어려운 부탁에 어떻게 대응하고 싶은지도 떠올려봐요.,,관계 온도,t,거절 방식 → 자기주장·경계
576,576,가치관,2,D. 우수(레퍼런스),3,3,0,"포기가 빠른 편인가요, 늦은 편인가요?","포기가 빠른 편인가요, 늦은 편인가요?",False,유지,성과 우수 (평균보다 확실히 높음),,,,,,,,최선을 다하더라도 포기해야 할 때가 와요.,최근에 접은 것과 안 접은 것을 떠올려봐요.,그 타이밍이 맞았나요?,,계획·실행,c,빠름→유연·손절 / 늦음→끈기
577,577,가치관,2,C. 유지·모니터링,3,2,0,내 인생에서 가장 비싸게 얻은 깨달음은 무엇인가요?,내 인생에서 가장 비싸게 얻은 깨달음은 무엇인가요?,False,유지,'비싸게 얻은 깨달음' 은유 + 성찰 (관측 3회 중 2회),유지,,0.0,361.0,0.0,,,"돈, 시간, 마음 중 뭘 가장 크게 썼나요?",크게 잃고 나서 배운 것을 떠올려봐요.,다시 돌아가더라도 그 값을 치르고 싶나요?,,,,
578,578,가치관,2,B. 패턴 기반 수정 권장,1,0,1,나에게 좀 더 다정해지고 싶은 순간이 있나요?,나에게 좀 더 다정해지고 싶은 순간은 언제인가요?,True,재작성,예/아니오 닫힌 질문,열린 질문 전환,스스로에게 가장 엄격해지는 순간은 언제인가요?,10.888118560987824,190.0,0.0967049982362356,,,"나에게 엄격해지는 순간, 사실은 다정함이 더 필요한 때이기도 해요.",최근 나에게 좀 더 부드럽게 대했으면 좋았을 순간을 떠올려봐요.,나에게 다정해진다는 건 어떤 모습일까요?,문구 변경 → 가이드 재작성 필요,,,
579,579,가치관,2,C. 유지·모니터링,1,1,0,나의 생각과 감정 중 뭘 더 믿나요?,나의 생각과 감정 중 뭘 더 믿나요?,False,유지,위험 요소 없음 (선호·성향·양자택일형 등),,,,,,,,머리와 마음이 다른 말을 할 때가 있죠.,이성적 판단과 감성적 판단 중 어떤 것이 더 옳다고 정의하기는 어려워요.,어느 쪽을 더 따랐나요? 그리고 어느 쪽이 더 맞았나요?,,결정 방식,c,생각→사고형 / 감정→감정형
580,580,가치관,2,B. 패턴 기반 수정 권장,0,0,0,"바꾸고 싶은 나의 모습이 있다면, 어떤 건가요?",딱 하나 바꿀 수 있다면 바꾸고 싶은 나의 모습은 무엇인가요?,True,경미 수정,'~있다면' 전제 (대부분 있으므로 경미),경미 수정: 전제 제거,더 키우고 싶은 나의 모습은 무엇인가요?,1.4703685027393276,266.0,0.0221978839975276,,,"진짜 바꾸고 싶은 건가요, 남들이 바꾸라고 해서인가요?","""이것만 달랐으면"" 하고 생각하는 것을 떠올려봐요.","왜 아직 안 바꿨나요? 못 한 건가요, 안 한 건가요?",문구 변경 → 가이드 재작성 필요,자기 인식,t,바꾸고 싶은 모습 → 자기 수용 영역
581,581,가치관,2,B. 패턴 기반 수정 권장,1,0,1,내가 틀렸다는 걸 인정하기 어려운 주제가 있다면 무엇인가요?,내 생각을 쉽게 굽히지 않는 주제는 무엇인가요?,True,재작성,자기 약점 인정 요구 + 전제,성향형 전환,"의견이 부딪힐 때 나는 끝까지 설득하는 편인가요, 한발 물러서는 편인가요?",12.728294628077292,176.0,0.1135900977478483,,,"절대 안 지는 싸움이 있다면, 거기에 자존심이 묶여 있는 거예요.",유난히 마음을 많이 쓰는 논쟁들을 떠올려봐요.,"정치, 연애관, 일하는 방식 등 다양한 분야 중 어떤 것일까요?",문구 변경 → 가이드 재작성 필요,가치·동기,t,굽히지 않는 주제 → 핵심 신념
582,582,가치관,2,C. 유지·모니터링,1,0,1,"내 한계를 인정하는 게 쉬운가요, 어려운가요?","내 한계를 인정하는 게 쉬운가요, 어려운가요?",False,유지,위험 요소 없음 (선호·성향·양자택일형 등),,,,,,,,한계를 인정했던 순간을 떠올려봐요.,한계를 인정하는 것을 패배와 해방 중 어떤 것이라고 생각하나요?,한계를 인정했을 때 감정도 떠올려봐요.,,자기 인식,c,쉬움→자기 수용 / 어려움→완벽주의
583,583,가치관,2,B. 패턴 기반 수정 권장,2,2,0,"편안함이 성장을 막고 있다고 느낀 적이 있다면, 어떤 순간이었나요?",편안함과 성장 중 요즘의 나는 어느 쪽을 더 원하나요?,True,재작성,추상 개념(편안함-성장) + 경험 전제,선택지형,성장을 위해 불편함을 감수했던 적이 있나요? 없다면 감수하고 싶은 불편함을 알려주세요.,-0.796008213950844,353.0,0.0,,,이불 밖은 위험해... 인생도 그런가요?,편안함은 정말 좋지만 도전을 망설이게 하는 요인으로 작용하기도 해요.,편안함이 회피였던 경험을 생각해봐요.,문구 변경 → 가이드 재작성 필요,가치·동기,c,편안함→안정 / 성장→성취·자극
584,584,가치관,2,B. 패턴 기반 수정 권장,1,1,0,삶에서 놓치고 있는 게 있다면 무엇인가요?,여유가 생기면 가장 먼저 챙기고 싶은 것은 무엇인가요?,True,재작성,'놓치고 있는 것'은 자각하기 어려움,구체화 (시점 없는 성향형 우선),요즘 너무 바빠서 미뤄두고 있는 것은 무엇인가요?,9.82677741182647,195.0,0.0883472097487785,,,바쁘게 살다 보면 중요한 것들도 뒷전이 되곤 해요.,나중에 해야지라고 생각하면서 미루고 있는 것이 있나요?,왜 그걸 후순위에 두고 다른 가치를 우선시하게 되었는지 생각해봐요.,문구 변경 → 가이드 재작성 필요,,,
585,585,가치관,2,E. 미노출(데이터 없음),0,0,0,"나에게 엄격한 편인가요, 관대한 편인가요?","나에게 엄격한 편인가요, 관대한 편인가요?",False,유지,아직 노출 없음 · 위험 요소 없음,,,,,,,,"나에겐 F, 남에게는 T라는 말처럼 남과 나에게 대하는 태도는 다른 경우가 많아요.",남들에게 대하는 나의 태도와 비교해봐요.,현재 나의 태도가 갖는 장점과 단점에 대해서도 생각해볼까요?,,자기 인식,c,엄격→자기 비판 / 관대→자기 자비
586,586,가치관,2,C. 유지·모니터링,2,1,1,언제 가장 살아있다고 느끼나요?,언제 가장 살아있다고 느끼나요?,False,유지,위험 요소 없음 (선호·성향·양자택일형 등),,,,,,,,시간 가는 줄 모르고 집중했던 순간을 떠올려볼까요?,그런 순간이 일상에 얼마나 있나요?,어떤 사람과 함께 있을 때 또는 어떤 행동을 할 때였나요?,,가치·동기,t,살아있음을 느끼는 순간 → 몰입·의미
587,587,가치관,2,C. 유지·모니터링,2,1,1,가장 간절히 원했던 것은 무엇이었나요?,지금 가장 간절히 원하는 것은 무엇인가요?,True,재작성,회상형 (관측 2회 중 1회),현재형으로,간절히 원하던 걸 이뤘을 때 기분은 어땠나요?,-0.4345010486314693,292.0,0.0,,,없으면 안 될 것 같은 것이 있었나요?,이루고자 어떤 일까지 해봤는지 떠올려봐요.,결국 얻었나요? 그리고 그 과정에서 무얼 깨달았나요?,문구 변경 → 가이드 재작성 필요,,,
588,588,가치관,2,B. 패턴 기반 수정 권장,2,0,2,"과거의 나에게 '괜찮아, 그럴 수 있어'라고 말해주고 싶은 순간이 있나요?",과거의 나에게 '괜찮아'라고 말해주고 싶은 순간은 언제인가요?,True,재작성,예/아니오로 끝남 + 인용문 포함 길이,열린 질문 + 짧게,과거의 나에게 한마디 할 수 있다면 무슨 말을 하고 싶나요?,7.487485733909748,155.0,0.1396996331391438,,,지나고 보면 그때의 나도 최선을 다하고 있었을 거예요.,어린 시절이나 예전의 서툴러웠던 나를 떠올려봐요.,그때의 나에게 지금 건네고 싶은 한마디는 무엇인가요?,문구 변경 → 가이드 재작성 필요,,,
589,589,가치관,2,B. 패턴 기반 수정 권장,2,2,0,과거로 돌아가고 싶은 순간이 있나요?,과거로 돌아갈 수 있다면 언제로 돌아가고 싶나요?,True,재작성,예/아니오 닫힌 질문,열린 질문 전환,다시 한번 살아보고 싶은 시절은 언제인가요?,6.811148338943967,167.0,0.1257618508417461,,,"돌아가서 다시 하고 싶은 건가요, 그때가 그리운 건가요?",왜 그 순간으로 돌아가고 싶은지 떠올려볼까요?,그 순간으로 돌아가면 뭘 바꾸고 싶나요?,문구 변경 → 가이드 재작성 필요,,,
590,590,가치관,2,B. 패턴 기반 수정 권장,1,0,0,"과거에 받은 상처 중 아직 아물지 않은 게 있다면, 어떤 건가요?",시간이 지나 괜찮아진 일 중 기억에 남는 것은 무엇인가요?,True,재작성,아물지 않은 상처 고백 요구 (무게 과다),강도 완화 + 회복 관점,마음의 상처가 회복될 때 나에게 가장 도움이 되는 것은 무엇인가요?,4.474709663655241,251.0,0.0376778504670044,,,"수년 전 일이어도 계속 생각나서 고통스러운 상처, 있잖아요.",그 상처를 건드리는 건 어떤 순간인가요?,"나으려면 뭐가 필요할까요? 시간인가요, 사과인가요, 나 자신인가요?",문구 변경 → 가이드 재작성 필요,,,
591,591,가치관,2,B. 패턴 기반 수정 권장,1,0,1,"잊고 싶은 기억이 있다면, 어떤 종류의 기억인가요?",잊고 싶은 기억이 생기면 나는 주로 어떻게 하나요?,True,재작성,부정 기억 소환 + 전제,종류만 묻도록 부담 완화,오래 간직하고 싶은 기억은 어떤 종류인가요?,6.242190965819017,241.0,0.0546734459412497,,,잊고 싶을수록 더 선명해지는 것들이 있어요.,그 기억을 떠올릴 때마다 어떤 감정이 드나요?,"잊는 것과 받아들이는 것, 뭐가 다를까요?",문구 변경 → 가이드 재작성 필요,스트레스 대처,t,잊고 싶은 기억 대처 → 회피/직면/재해석
592,592,가치관,2,E. 미노출(데이터 없음),0,0,0,좋아하는 일과 잘하는 일 중 어느 쪽을 직업으로 삼고 싶나요?,좋아하는 일과 잘하는 일 중 어느 쪽을 직업으로 삼고 싶나요?,False,유지,아직 노출 없음 · 위험 요소 없음,,,,,,,,좋아하는 일을 하며 설렜던 순간과 잘하는 일을 하며 인정받았던 순간 중 어떤 일이 더 기분 좋게 남아있나요?,직업을 선택하는 기준은 무엇이 되어야 할까요?,요즘 갖고 있는 커리어 고민도 같이 떠올려봐요.,,가치·동기,c,좋아하는 일→내재 동기 / 잘하는 일→성취·현실
593,593,가치관,1,C. 유지·모니터링,3,0,2,돈과 시간 중 더 소중한 건 무엇인가요?,돈과 시간 중 더 소중한 건 무엇인가요?,False,유지,위험 요소 없음 (선호·성향·양자택일형 등),,,,,,,,삶에서의 우선순위는 삶의 방향성을 결정해요.,둘 중 하나를 선택했던 순간을 떠올려봐요.,이런 가치관을 갖게 된 배경을 떠올려봐요.,,가치·동기,c,돈→안정·물질 / 시간→자율·경험
594,594,가치관,2,C. 유지·모니터링,2,0,2,성공은 어떤 의미인가요?,나에게 성공한 하루는 어떤 하루인가요?,True,재작성,개념 정의형 (관측 2회 중 0회),구체화,성공했다고 느끼려면 무엇이 필요한가요?,-1.737118251743852,389.0,0.0,,,성공의 기준과 성공 이후의 감정은 사람마다 달라요.,성공했다고 생각했던 순간을 떠올려봐요.,앞으로 어떤 성공을 쌓아가고 싶나요?,문구 변경 → 가이드 재작성 필요,가치·동기,t,성공한 하루 기준 → 성취 정의
595,595,가치관,2,C. 유지·모니터링,2,0,2,꿈과 현실의 균형을 어떻게 맞추고 있나요?,지금 나는 꿈과 현실 중 어느 쪽에 더 가까운가요?,True,재작성,추상 + 균형 진단 (관측 2회 중 0회),선택지형,꿈을 위해 지금 하고 있는 작은 일은 무엇인가요?,1.5906156631203705,260.0,0.0287638861947618,,,설레게 하는 꿈을 떠올려봐요.,"현실과 꿈이 부딪칠 때, 어느 쪽을 더 지키려 하나요?","꿈을 위해 현실을 견디나요, 현실을 위해 꿈을 조절하나요?",문구 변경 → 가이드 재작성 필요,가치·동기,c,꿈→이상 / 현실→실용
596,596,가치관,2,C. 유지·모니터링,3,1,0,다수의 의견과 내 생각이 다를 때 어떻게 하나요?,다수의 의견과 내 생각이 다를 때 어떻게 하나요?,False,유지,위험 요소 없음 (선호·성향·양자택일형 등),,,,,,,,모두와 의견이 엇갈렸던 상황을 떠올려봐요.,다수와 의견이 다른 상황에서 끝까지 내 생각을 말하는 건 어려운 일이에요.,"내 생각을 끝까지 설득하나요, 다수를 이해하기 위해 노력하나요?",,관계 온도,t,다수와 다를 때 → 동조/주장
597,597,가치관,2,C. 유지·모니터링,3,0,1,재능과 노력 중 무엇이 더 중요하다고 생각하나요?,재능과 노력 중 무엇이 더 중요하다고 생각하나요?,False,유지,위험 요소 없음 (선호·성향·양자택일형 등),,,,,,,,"""천재란 1%의 영감과 99%의 노력으로 이뤄진다.""는 말을 어떻게 생각하나요?","이 말은 노력의 중요성을 강조할 때 자주 사용되곤 했지만, 1%의 재능이 없다면 노력도 필요 없다는 말이었다는 이야기도 있어요.","내가 생각하는 성공은 운명인지, 노력에 따른 보상인지 생각해봐요.",,가치·동기,c,재능→고정 관점 / 노력→성장 관점
598,598,가치관,2,C. 유지·모니터링,3,1,1,"좋은 의도의 나쁜 결과와 나쁜 의도의 좋은 결과, 뭐가 더 나쁜가요?",좋은 의도로 한 실수와 나쁜 의도로 한 선행 중 뭐가 더 나쁜가요?,True,재작성,논리 퍼즐형 (관측 3회 중 1회),쉬운 말로,,-2.3768705111145536,298.0,0.0,,,"좋은 의도가 문제를 일으켰던 순간, 혹은 이기적인 행동이 뜻밖에 이득을 주었던 일을 떠올려봐요.",결과가 좋다면 과정은 덮어 둘 수 있는 걸까요?,반대로 과정이 좋지 않다면 결과는 중요하지 않은 걸까요?,문구 변경 → 가이드 재작성 필요,,,
599,599,가치관,2,E. 미노출(데이터 없음),0,0,0,모두에게 이로운 거짓말은 괜찮다고 생각하나요?,모두에게 이로운 거짓말은 괜찮다고 생각하나요?,False,유지,아직 노출 없음 · 위험 요소 없음,,,,,,,,"진실이 상처가 될 때, 타인을 위한 거짓말을 하곤 해요.",하지만 착한 뜻이라도 거짓말 자체가 나쁘다는 의견도 많아요.,이런 갈림길 속에서 고민했던 순간들을 떠올려봐요.,,,,
600,600,가치관,2,C. 유지·모니터링,2,1,0,가장 이기고 싶을 땐 언제인가요?,가장 이기고 싶을 땐 언제인가요?,False,유지,위험 요소 없음 (선호·성향·양자택일형 등),,,,,,,,승부욕이 발동하는 순간이 진짜 욕망을 보여줘요.,꼭 이겨야겠다고 느낀 순간을 떠올려봐요.,"누구와, 무엇을, 왜 이기고 싶었나요?",,가치·동기,t,이기고 싶은 상황 → 경쟁 동기 영역
601,601,가치관,2,C. 유지·모니터링,1,1,0,"겉과 속이 다를 때, 나는 어떤 마음인가요?","겉과 속이 다를 때, 나는 어떤 마음인가요?",False,유지,위험 요소 없음 (선호·성향·양자택일형 등),,,,,,,,"겉과 속이 다른 순간, 그 안에서 마음이 복잡해질 때가 있죠.",웃고 있지만 속으론 힘들었던 때를 떠올려봐요.,진짜 내 모습을 보여줄 수 있는 사람이 있나요?,,자기 인식,t,겉과 속 불일치 시 감정 → 진정성 불편감
602,602,가치관,2,C. 유지·모니터링,4,0,4,죽기 전에 꼭 해보고 싶은 건 무엇인가요?,죽기 전에 꼭 해보고 싶은 건 무엇인가요?,False,유지,위험 요소 없음 (선호·성향·양자택일형 등),,,,,,,,망설여져도 꼭 하고 싶은 일을 떠올려봐요.,왜 꼭 하고 싶다는 생각을 하게 됐나요?,그런데 왜 아직 하지 못했나요?,,,,
603,603,가치관,1,E. 미노출(데이터 없음),0,0,0,TV에 나온다면 어떤 일로 나오게 될 것 같나요?,TV에 나온다면 어떤 일로 나오게 될 것 같나요?,False,유지,아직 노출 없음 · 위험 요소 없음,,,,,,,,"지금까지 해 온 일, 앞으로 하고 싶은 일을 떠올려봐요.","후회되는 일, 만족스러운 일 또는 기대되는 일이 있나요?",뉴스든 예능이든 다큐든 떠오르는 장면을 상상해봐요.,,,,
604,604,가치관,2,B. 패턴 기반 수정 권장,0,0,0,최근에 가장 기억에 남는 뉴스는 뭔가요?,뉴스나 SNS에서 보면 꼭 클릭하게 되는 주제는 무엇인가요?,True,재작성,뉴스를 안 보면 답 불가 + 최근 제한,기간 제거 + 대상 확장 (시점 없는 성향형 우선),요즘 가장 관심 가는 세상 소식이나 이슈는 무엇인가요?,-0.3248825900451002,406.0,0.0,,특정 활동 전제,세상 돌아가는 이야기 중에 유독 마음에 남는 게 있잖아요.,SNS에서 본 이야기나 친구와 나눈 대화도 괜찮아요.,그 이야기가 나의 어떤 관심사를 보여주는 걸까요?,문구 변경 → 가이드 재작성 필요,,,
605,605,가치관,2,A. 교체·재작성 우선,4,1,2,"괜찮지 않은데 '괜찮아'라고 넘긴 적이 있다면, 어떤 순간이었나요?",괜찮지 않을 때도 '괜찮아'라고 말하는 편인가요?,True,재작성,경험 전제 + 부정 감정 노출 부담,성향형으로 전환,속마음을 털어놓기 어려운 순간은 언제인가요?,8.182371261598897,74.0,0.3009598608937349,,,"나에게 괜찮다고 말하면서 사실은 괜찮지 않았던 적, 있잖아요.",최근에 나를 다독인 순간을 떠올려봐요.,진짜 괜찮아지려면 나에게 뭐가 필요할까요?,문구 변경 → 가이드 재작성 필요,스트레스 대처,c,그렇다→정서 억제·괜찮은 척
606,606,가치관,2,D. 우수(레퍼런스),3,2,1,"내가 생각하는 나와 남이 보는 나, 뭐가 다른가요?","내가 생각하는 나와 남이 보는 나, 뭐가 다른가요?",False,유지,성과 우수 (평균보다 확실히 높음),,,,,,,,의외라는 말 들은 적 있나요?,"오해라고 느꼈을 수도, 들킨 느낌이었을 수도 있어요.",그 차이는 어디에서 나올까요?,,자기 인식,t,자기 인식과 타인 인식의 차이
607,607,가치관,2,C. 유지·모니터링,2,0,2,어떤 순간에 나를 더 안아주고 싶어지나요?,스스로를 위로해주고 싶은 순간은 언제인가요?,True,재작성,'나를 안아주고 싶어지는' 은유 (관측 2회 중 0회),쉬운 말로,나를 챙겨주는 나만의 방법은 무엇인가요?,4.177802579724027,214.0,0.0755991042067778,,,가끔은 나 자신을 꼭 안아주고 싶은 날이 있잖아요.,"지치거나 서운할 때, 나를 토닥여준 순간을 떠올려봐요.",나를 안아줄 때 가장 필요한 말 한마디는 무엇일까요?,문구 변경 → 가이드 재작성 필요,,,
608,608,가치관,2,B. 패턴 기반 수정 권장,2,0,2,채워지지 않는 결핍이 있다면 무엇인가요?,요즘 마음이 더 채워졌으면 하는 부분은 무엇인가요?,True,재작성,'결핍' 단어의 무게 + 전제,표현 완화 (시점 없는 성향형 우선) · 중복 해소(#90),,1.5456429798471616,258.0,0.0291250390900226,,,뭔가 늘 허전한 구석이 있나요?,"사랑, 인정, 안정감, 소속감... 뭐가 떠오르나요?",그 결핍은 어디에서 비롯됐을까요?,문구 변경 → 가이드 재작성 필요,,,
609,609,가치관,2,B. 패턴 기반 수정 권장,0,0,0,회피하고 있는게 있다면 무엇인가요?,자꾸 미루게 되는 일은 무엇인가요?,True,재작성,회피 인정 요구 + 맞춤법('있는게'),표현 완화 + 맞춤법 수정,마주하기 싫어서 잠시 모른 척하고 있는 일이 있나요? 작은 것도 좋아요.,11.39048907177585,133.0,0.1693370974912838,,,자꾸 미루거나 안 보려고 하는 게 있지 않나요?,회피하는 것들의 공통점을 떠올려봐요.,피하는 이유를 알고 있나요?,문구 변경 → 가이드 재작성 필요,계획·실행,t,미루는 일 → 회피 영역
610,610,가치관,2,B. 패턴 기반 수정 권장,3,2,1,"가장 최근에 생각이 바뀐 주제가 있다면, 어떤 건가요?",생각이 바뀐 주제 중 가장 기억에 남는 것은 무엇인가요?,True,경미 수정,최근 + 전제 (관측 성과는 양호),경미 수정: 기간 제거,예전과 지금 생각이 가장 달라진 주제는 무엇인가요?,14.834080473240812,51.0,0.4030697872878174,,,예전엔 당연했는데 요즘 다르게 보이는 게 있나요.,"누군가 때문일 수도, 경험 때문일 수도 있죠.",생각의 변화와 함께 달라진 점이 있나요?,문구 변경 → 가이드 재작성 필요,,,
611,611,가치관,2,C. 유지·모니터링,1,1,0,사람은 변할 수 있다고 생각하나요?,사람은 변할 수 있다고 생각하나요?,False,유지,위험 요소 없음 (선호·성향·양자택일형 등),,,,,,,,바뀐 사람을 본 적이 있나요?,사람이 바뀐 걸까요 아니면 사람은 그대로지만 바라보는 방식 또는 표현하는 방식이 바뀐 걸까요?,사람이 바뀐다는 게 좋은가요 아니면 아쉬운가요?,,가치·동기,c,변할 수 있다→성장 관점 / 없다→고정 관점
612,612,가치관,2,B. 패턴 기반 수정 권장,2,1,1,"절대 바뀌지 않을 것 같은 생각이 있다면, 어떤 건가요?",절대 바뀌지 않을 것 같은 내 생각은 무엇인가요?,True,경미 수정,전제형이지만 대부분 답할 수 있음,경미 수정: 전제 제거,어떤 일이 있어도 지키고 싶은 신념은 무엇인가요?,7.084980064500435,165.0,0.1291983064522342,,,오래 지켜온 신념 같은 게 있을 수 있죠.,왜 이렇게 확고한 믿음을 갖게 된 건지 떠올려봐요.,이 가치관이 나를 어떻게 바꾸고 있나요?,문구 변경 → 가이드 재작성 필요,,,
613,613,가치관,2,B. 패턴 기반 수정 권장,1,0,1,예전엔 중요했는데 지금은 중요하지 않은 것이 있다면 무엇인가요?,예전엔 중요했지만 지금은 아닌 것은 무엇인가요?,True,재작성,전제 + 문장 김,짧게,나이 들며 중요해진 것은 무엇인가요?,13.129396336498116,171.0,0.1181148923334288,,,"가을방학이라는 노래처럼, 예전엔 너무 소중했던 것들도 이젠 소중히 여겼던 기억조차 희미해지곤 하죠.","그게 뭐였는지 떠올려볼까요? 계절, 색깔 또는 어떤 사람일 수 있어요.",덜 중요해진 게 아쉬운가요?,문구 변경 → 가이드 재작성 필요,,,
614,614,가치관,2,C. 유지·모니터링,1,1,0,절대 되고 싶지 않은 사람의 모습은 무엇인가요?,절대 되고 싶지 않은 사람의 모습은 무엇인가요?,False,유지,위험 요소 없음 (선호·성향·양자택일형 등),,,,,,,,주변 사람이나 과거의 나와 같이 되고 싶지 않은 모습이 있을 거예요.,왜 그게 그렇게 싫은가요?,그렇게 되지 않기 위해 어떤 노력을 하고 있나요?,,가치·동기,t,되기 싫은 모습 → 반대 가치
615,615,가치관,2,D. 우수(레퍼런스),3,3,0,통제할 수 없는 상황에서 어떻게 하나요?,통제할 수 없는 상황에서 어떻게 하나요?,False,유지,성과 우수 (평균보다 확실히 높음),,,,,,,,나이가 들면서 통제 불가능한 일들이 점점 늘어나죠.,"그때마다 어떻게든 해보려 하나요, 놓아버리나요?",통제가 어려운 상황에서 내가 느끼는 감정도 떠올려봐요.,,스트레스 대처,t,통제 불가 상황 대처 → 수용/통제 시도
616,616,가치관,2,B. 패턴 기반 수정 권장,1,1,0,"자존심 때문에 놓친 게 있다면, 어떤 건가요?","자존심 때문에 손해를 보는 편인가요, 자존심을 쉽게 굽히는 편인가요?",True,재작성,자존심 때문에 놓친 경험 전제,성향형 전환,자존심보다 더 중요한 것은 무엇인가요?,8.693013203423943,216.0,0.0752790370814214,,,조금만 자존심을 굽혔다면 달랐을 것 같은 게 있나요?,자존심을 지켰더라도 계속 아쉬움이 남는 일을 떠올려봐요.,그때로 돌아간다면 자존심을 굽힐 것 같나요?,문구 변경 → 가이드 재작성 필요,관계 온도,c,손해 봄→자존·원칙 / 굽힘→유연·관계 우선
617,617,가치관,2,C. 유지·모니터링,2,1,1,과정이 나빠도 결과가 좋으면 괜찮나요?,과정이 나빠도 결과가 좋으면 괜찮나요?,False,유지,위험 요소 없음 (선호·성향·양자택일형 등),,,,,,,,과정이 좋다고 결과가 꼭 좋지만은 않아요.,결과는 좋았는데 찝찝했던 적도 있을 거예요.,과정과 결과 중 어떤 것이 더 중요하다고 생각하는지 떠올려봐요.,,가치·동기,c,괜찮음→결과 중심 / 아님→과정 중심
618,618,가치관,2,B. 패턴 기반 수정 권장,1,0,1,"예전보다 조심스러워진 부분이 있다면, 어떤 건가요?",예전보다 조심스러워진 부분은 무엇인가요?,True,경미 수정,전제형,경미 수정,나이가 들며 더 대담해진 부분은 무엇인가요?,7.535636367317195,231.0,0.0658087167054661,,,나이가 들면서 경험에 따라 성향이 변화하곤 해요.,도전에 대한 나의 생각이 어떻게 변화했는지 떠올려봐요.,조심스러워졌나요 아니면 더 새로움을 추구하고자 노력하고 있나요?,문구 변경 → 가이드 재작성 필요,,,
619,619,가치관,2,B. 패턴 기반 수정 권장,1,0,1,"확신이 무너졌던 경험이 있다면, 어떤 일이었나요?",믿고 있던 게 흔들릴 때 나는 어떻게 하나요?,True,재작성,확신 붕괴 경험 전제 + 무게,성향형 전환,쉽게 흔들리지 않는 나의 믿음은 무엇인가요?,6.671557451273635,238.0,0.0583611289704404,,,믿었던 게 흔들린 적 있나요?,"사람, 생각, 또는 나 자신 중 어떤 것에 대한 확신이 무너졌었나요?",그 이후로 어떻게 바뀌었는지도 떠올려봐요.,문구 변경 → 가이드 재작성 필요,스트레스 대처,t,신념 흔들릴 때 → 탐색/고수/회피
620,620,가치관,1,C. 유지·모니터링,2,2,0,"나와 가장 닮은 영화, 책, 드라마 속 인물은 누구인가요?","나와 가장 닮은 영화, 책, 드라마 속 인물은 누구인가요?",False,유지,'누구' 지목 + 작품 전제 (관측 2회 모두 답변),유지,,0.0,352.0,0.0,,특정 활동 전제 / 특정 인물 지목,"영화, 책, 드라마, 애니 등 다양한 창작물을 보다보면 나와 닮은 등장인물을 보게 될 때가 있어요.",그 캐릭터와 왜 닮았다고 생각했는지 생각해봐요.,"닮은 부분을 좋아하나요, 아니면 싫어하나요?",,,,
621,621,가치관,2,C. 유지·모니터링,1,1,0,5년 뒤 나는 어떤 사람이 되어 있을까요?,5년 뒤 나는 어떤 사람이 되어 있을까요?,False,유지,위험 요소 없음 (선호·성향·양자택일형 등),,,,,,,,일상 속에서 마주치는 노인 분들을 보며 나도 저렇게 나이 들고 싶다는 생각을 해본 적 있나요?,"10년, 20년을 넘어서 먼 미래의 내가 어떤 삶을 살아가고 싶은지 떠올려봐요.",그런 사람이 되기 위해서는 어떤 노력이 필요할까요?,,,,
622,622,가치관,2,C. 유지·모니터링,1,0,1,요즘 내 인생에서 과감히 덜어내기로 한 것은 무엇인가요?,내 인생에서 덜어내고 싶은 것은 무엇인가요?,True,재작성,'과감히 덜어내기로 한 것'이 있어야 함,기간 제거 + 희망형,정리하고 나서 오히려 편해진 것은 무엇인가요?,10.002853781305854,200.0,0.0842335691442588,,,더 이상 짊어지고 가지 않기로 마음먹은 생각이나 관계는?,그것을 내려놓기까지 나 자신과 어떤 대화를 나눴나요?,비워진 자리에 새롭게 채우고 싶은 기분 좋은 에너지는?,문구 변경 → 가이드 재작성 필요,가치·동기,t,덜어내고 싶은 것 → 부담 영역
623,623,가치관,2,A. 교체·재작성 우선,5,1,3,돌아보니 칭찬해주고 싶은 오늘의 선택은 무엇인가요?,망설이다가 해서 다행이었던 일은 무엇인가요?,True,재작성,오늘 + '선택'이라는 추상 단위를 떠올리기 어려움,최근 범위로 넓히고 구체화 (시점 없는 성향형 우선),최근 내가 내린 선택 중 잘했다 싶은 건 무엇인가요?,23.54078813208272,11.0,1.1280565531118232,,,크기에 상관없이 내가 내린 결정 중 가장 훌륭했던 건?,그때 나는 어떤 가치를 기준으로 그 선택을 내렸나요?,그 결정 덕분에 오늘 하루가 얼마나 더 근사해졌나요?,문구 변경 → 가이드 재작성 필요,,,
624,624,가치관,2,B. 패턴 기반 수정 권장,1,1,0,이번 주가 나에게 조용히 건네준 교훈은 무엇인가요?,요즘 새삼 깨달은 것은 무엇인가요?,True,재작성,이번 주 + 의인화('주가 건네준 교훈'),기간 확장 + 쉬운 말,최근에 배운 작은 교훈은 무엇인가요?,2.170573398233416,269.0,0.0181864595055796,,,이번주의 일들을 되돌아봐요.,많은 일들 속에서 와닿은 교훈이 있을거에요.,앞으로의 자세와 그 교훈을 적어봐요.,문구 변경 → 가이드 재작성 필요,,,
625,625,가치관,2,B. 패턴 기반 수정 권장,3,2,1,"예전이라면 크게 흔들렸을 상황에서, 의외로 덤덤해진 나를 발견한 순간이 있었나요?",예전보다 덤덤해진 일은 무엇인가요?,True,재작성,조건이 긴 문장 + 예/아니오,짧게 + 열린 질문,예전엔 크게 흔들렸지만 지금은 괜찮은 일은 무엇인가요?,8.754758044340932,110.0,0.2179315812532847,,,과거의 나라면 무너졌을 상황에서 꿋꿋하게 버텨냈나요?,나를 이렇게 단단하게 만들어준 원동력은 무엇인가요?,성장한 나 자신에게 기분 좋은 눈인사를 건네봐요.,문구 변경 → 가이드 재작성 필요,,,
626,626,가치관,2,B. 패턴 기반 수정 권장,0,0,0,오늘 나를 움직이게 한 가장 큰 동력은 무엇인가요?,요즘 나를 움직이게 하는 가장 큰 동력은 무엇인가요?,True,재작성,오늘 기반,시점 중립화,아침에 나를 일어나게 하는 이유는 무엇인가요?,9.929104586838983,137.0,0.1624315874369763,,,귀찮음을 이기고 행동하게 만든 나의 동기는 무엇인가요?,"의무감 때문이었나요, 아니면 진짜 하고 싶은 열망이었나요?",나를 진짜 춤추게 만드는 동기가 무엇인지 정의해봐요.,문구 변경 → 가이드 재작성 필요,가치·동기,t,현재 동력 → 동기원
627,627,가치관,2,B. 패턴 기반 수정 권장,0,0,0,시간을 되돌린다면 오늘을 어떻게 다르게 살까요?,하루를 다시 산다면 무엇을 다르게 하고 싶나요? (저녁 노출 권장),True,노출 시간 조정 + 재작성,오늘 기반 + 하루가 끝나지 않으면 답 불가,시점 이동 + 저녁 노출,다시 살아보고 싶은 하루는 언제인가요?,15.823812976052489,91.0,0.2612608733556462,,,아쉬움이 남는 장면을 한 번만 수정할 기회가 있다면요?,"그 아쉬움은 나의 선택 때문인가요, 아니면 결과 때문인가요?",내일 똑같은 상황이 온다면 어떤 멋진 선택을 보여줄 건가요?,문구 변경 → 가이드 재작성 필요,,,
628,628,가치관,2,B. 패턴 기반 수정 권장,1,0,1,오늘 누구의 눈치도 보지 않고 오직 내 마음대로 정한 건 무엇인가요?,누구 눈치도 보지 않고 내 마음대로 정하고 싶은 것은 무엇인가요?,True,재작성,오늘 기반 + 문장 김,시점 중립화,남의 시선보다 내 마음을 따르는 편인가요?,18.704913513653416,134.0,0.169092871564394,,,주변의 시선이나 기대에서 벗어나 주체적으로 행동했나요?,스스로 결정했을 때의 그 짜릿한 자유로움을 기억해봐요.,주도적인 삶을 살 때 나는 어떤 표정을 짓고 있나요?,문구 변경 → 가이드 재작성 필요,가치·동기,t,자율 영역 → 자기결정 욕구
629,629,가치관,2,B. 패턴 기반 수정 권장,1,0,1,"예전에는 당연했는데 지금은 다르게 보이는 것이 있다면, 어떤 건가요?",예전엔 당연했는데 지금은 다르게 보이는 것은 무엇인가요?,True,경미 수정,전제형,경미 수정,어른이 되어 생각이 바뀐 것은 무엇인가요?,7.68854397497728,227.0,0.0676257322124774,,,세상을 바라보는 나의 시선이나 기준이 바뀐 부분이 있나요?,그 변화를 이끈 결정적인 사건이나 대화가 있었나요?,달라진 가치관이 나의 앞날을 어떻게 바꿔놓을지 상상해봐요.,문구 변경 → 가이드 재작성 필요,,,
630,630,가치관,2,C. 유지·모니터링,2,1,1,어제보다 나아졌다고 느낀 점은 뭔가요?,예전보다 나아졌다고 느끼는 점은 무엇인가요?,True,재작성,'어제보다' 시점 + 회상 (관측 2회 중 1회),시점 확장,,-0.6517396981476631,289.0,0.0,,,아주 미세하더라도 분명히 성장했다고 믿는 부분은?,그 성장을 일궈낸 나의 끈기와 노력을 충분히 인정해줘요.,나의 성장을 한 문장의 멋진 타이틀로 만들어볼까요?,문구 변경 → 가이드 재작성 필요,,,
631,631,가치관,2,E. 미노출(데이터 없음),0,0,0,지난 7일을 되돌아보면 머릿속을 스치는 단어는 무엇인가요?,요즘 머릿속에 가장 자주 떠오르는 단어는 무엇인가요?,True,재작성,'지난 7일' 기간 회상 (노출 0회),기간 완화,요즘의 나를 한 단어로 표현하면?,-7.850227309141183,405.0,0.0,,,지난 7일을 하나의 단어로 응축한다면 무엇인가요?,왜 그 단어가 이번 주의 대표 얼굴이 되었을까요?,다음 주에는 내 삶이 어떤 단어로 기억되길 바라나요?,문구 변경 → 가이드 재작성 필요,,,
632,632,가치관,2,A. 교체·재작성 우선,5,1,3,문득 나 자신이 어른스러워졌다고 느낀 최근의 순간은 언제인가요?,어른이 되었다고 느끼는 순간은 언제인가요?,True,재작성,최근 + 경험 전제 + 문장 길이,시점 제거 + 짧게,어른이 되어서 좋은 점은 무엇인가요?,11.322001632281331,41.0,0.481914403524861,,,감정을 다스리거나 상황을 대처하는 방식이 달라졌나요?,"그 변화가 나를 더 편안하게 만드나요, 아니면 어색한가요?",변화의 원인을 찾아보고 나만의 성장 일기를 써봐요.,문구 변경 → 가이드 재작성 필요,,,
633,633,가치관,2,B. 패턴 기반 수정 권장,0,0,0,"오늘 나의 원칙을 잘 지켜냈다면, 어떤 방식으로 지켰나요?",원칙과 융통성 중 나는 어느 쪽에 더 가깝나요?,True,재작성,오늘 + 원칙을 지켰다는 전제,시점 중립화 + 전제 제거 · 중복 해소(#274),,17.940109331117387,93.0,0.2500687747465059,,,유혹이나 타협의 순간에도 끝까지 지킨 나만의 선은?,그 원칙을 지키는 것이 나에게 어떤 자부심을 주었나요?,나를 지켜주는 이 든든한 기준들이 왜 중요한지 생각해봐요.,문구 변경 → 가이드 재작성 필요,계획·실행,c,원칙→성실·규범 / 융통성→유연
634,634,가치관,2,C. 유지·모니터링,4,0,3,관계에서 내가 절대 포기할 수 없는 0순위는 무엇인가요?,관계에서 내가 절대 포기할 수 없는 0순위는 무엇인가요?,False,유지,위험 요소 없음 (선호·성향·양자택일형 등),,,,,,,,사람을 사귈 때 가장 중요하게 보는 기준이 무엇인가요?,최근 그 가치가 확인되었거나 혹은 상처받은 일이 있었나요?,내가 추구하는 관계의 온도는 몇 도인지 생각해봐요.,,가치·동기,t,관계 0순위 → 관계 핵심 가치
635,635,가치관,2,C. 유지·모니터링,2,0,2,지금 당장 감사하다고 말하고 싶은 단 한 가지는 무엇인가요?,요즘 감사한 것 하나를 떠올려 볼까요?,True,재작성,'지금 당장' + 단 한 가지 (관측 2회 중 0회),부담 완화,당연하지만 고마운 것은 무엇인가요?,-5.955065050094427,390.0,0.0,,,너무 당연해서 잊고 살았던 나의 소중한 것들은 무엇인가요?,"그 감사의 대상이 나 자신인가요, 타인인가요, 아니면 환경인가요?",이 감사한 마음이 나의 하루를 얼마나 풍요롭게 만드나요?,문구 변경 → 가이드 재작성 필요,,,
636,636,가치관,2,B. 패턴 기반 수정 권장,0,0,0,이번 주에 얻은 가장 값진 인생의 힌트는 무엇인가요?,요즘 나에게 도움이 된 말이나 조언은 무엇인가요?,True,재작성,이번 주 + '인생의 힌트' 추상적,기간 확장 + 구체화,요즘 새롭게 알게 된 것 중 가장 쓸모 있는 것은 무엇인가요?,0.6950098548087591,279.0,0.009627140665729,,,삶의 파도를 넘으며 발견한 나만의 생존 전략은?,이 깨달음이 앞으로 나의 선택들에 어떤 영향을 줄까요?,나중에 꼭 다시 꺼내보고 싶은 한 줄의 지혜를 남겨봐요.,문구 변경 → 가이드 재작성 필요,,,
637,637,가치관,2,C. 유지·모니터링,1,0,1,나를 키우는 가장 나다운 성장 방식은 무엇인가요?,"나는 혼자 배우며 크는 편인가요, 사람들 속에서 크는 편인가요?",True,재작성,추상 + 은유 ('가장 나다운 성장 방식'),쉬운 말로,내가 가장 많이 성장한 방법은 무엇인가요?,3.532005150519696,257.0,0.0300510154492188,,,"나는 주로 경험을 통해 배우나요, 아니면 사색을 통해 배우나요?",실패조차 배움으로 바꾸는 나만의 특별한 능력을 믿어봐요.,더 큰 성장을 위해 내가 의식적으로 노력해야 할 부분은 무엇인가요?,문구 변경 → 가이드 재작성 필요,에너지 방향,c,혼자 배움→내향 / 사람들 속→외향
638,638,가치관,2,E. 미노출(데이터 없음),0,0,0,가보지 않은 길에 대한 미련을 지우는 나만의 방식은 무엇인가요?,선택을 후회하지 않기 위한 나만의 방법은 무엇인가요?,True,재작성,'가보지 않은 길의 미련' 깊은 성찰 (노출 0회),부담 완화,다른 길을 갔다면 어땠을지 상상해본 적 있나요?,4.411251011587153,229.0,0.0668342434009984,,,"""그때 그랬다면""이라는 생각이 들 때 어떻게 마음을 다잡나요?",현재의 선택이 최선이었다는 증거를 하나만 찾아볼까요?,지금의 내 선택을 더 빛나게 만들 한마디를 적어봐요.,문구 변경 → 가이드 재작성 필요,결정 방식,t,후회 방지 전략 → 결정 스타일
639,639,가치관,2,C. 유지·모니터링,1,1,0,내가 꿈꾸는 진짜 멋진 나는 어떤 사람인가요?,내가 꿈꾸는 진짜 멋진 나는 어떤 사람인가요?,False,유지,위험 요소 없음 (선호·성향·양자택일형 등),,,,,,,,상상만 해도 가슴 뛰는 나의 미래 모습을 그려봐요.,지금의 나와 그 모습 사이에 어떤 기분 좋은 차이가 있나요?,그 모습에 한 걸음 다가가기 위해 오늘 내가 한 일은?,,,,
640,640,가치관,2,C. 유지·모니터링,2,0,2,나의 생각과 삶의 태도에 가장 큰 변화를 준 사람은 누구인가요?,나의 생각을 가장 크게 바꾼 사람에게 배운 것은 무엇인가요?,True,재작성,특정 인물 지목 + 긴 문장,인물 → 영향,누군가의 말 한마디로 생각이 바뀐 적이 있나요?,0.4332634228659204,281.0,0.0078485637100243,,,"내 삶의 이정표가 되어준 사람이나 책, 영화가 있나요?",그 영향이 지금의 나를 형성하는 데 어떤 역할을 했나요?,앞으로 어떤 사람이 되고 싶은지도 같이 생각해봐요.,문구 변경 → 가이드 재작성 필요,,,
641,641,가치관,2,B. 패턴 기반 수정 권장,2,1,1,오늘의 작은 선택이 미래의 나를 어떻게 바꿀까요?,10년 뒤 나에게 고마울 습관은 무엇일까요?,True,재작성,오늘 + 미래 추론까지 이중 부담,시점 중립화 + 단순화 (시점 없는 성향형 우선),미래의 나를 위해 요즘 하고 있는 작은 일은 무엇인가요?,13.906757925142443,83.0,0.2843659090098198,,,오늘 내린 결정들의 미래를 떠올려봐요.,어떤 미래를 꿈꾸면서 선택을 했나요?,미래의 내가 오늘의 나에게 보낼 선택에 대한 한마디도 떠올려봐요.,문구 변경 → 가이드 재작성 필요,,,
642,642,가치관,2,B. 패턴 기반 수정 권장,1,1,0,오늘 겪은 시련이나 실수에서 찾은 뜻밖의 배움은 무엇이었나요?,"실수에서 배우는 편인가요, 금방 잊는 편인가요?",True,재작성,오늘 시련·실수 전제,시점 중립화 + 성향형,실수하고 나서 나를 다독이는 방법은 무엇인가요?,25.425614945962472,108.0,0.2224843685152405,,,실패가 꼭 나쁜 일만은 아니에요.,실패 속에서 다양한 기회를 얻기도 하고 발전을 하기도 하죠.,최근의 실패 이후의 일들을 훑어봐요.,문구 변경 → 가이드 재작성 필요,스트레스 대처,c,배움→성찰형 / 잊음→전환형
643,643,가치관,2,B. 패턴 기반 수정 권장,2,1,1,"이번 주, 나에 대해 새롭게 발견한 의외의 면은 무엇인가요?",사람들이 잘 모르는 나의 반전 매력은 무엇인가요?,True,재작성,이번 주 + 새로운 발견 전제,기간 확장 (시점 없는 성향형 우선),요즘 새롭게 발견한 나의 의외의 면은 무엇인가요?,4.93172678737076,197.0,0.0864992646664024,,,내 자신임에도 시간이 흐르면서 새롭게 발견하는 면들도 있어요.,어떤 이유로 놀랐었는지 생각해봐요.,발견한 계기는 무엇이었나요?,문구 변경 → 가이드 재작성 필요,,,
644,644,가치관,2,C. 유지·모니터링,2,1,1,"무언가를 포기했던 순간, 내 마음은 어땠나요?",포기할 때 나는 어떤 마음이 드나요?,True,재작성,포기 회상 (관측 2회 중 1회),성향형 전환,"포기가 빠른 편인가요, 끝까지 버티는 편인가요?",-4.173211577558334,290.0,0.0,,,끝까지 붙잡지 않고 놓아주기로 했을 때 어떤 기분이었나요?,포기를 선택한 이유도 떠올려봐요.,포기하기로 결정한 이유도 생각해봐요.,문구 변경 → 가이드 재작성 필요,감정 민감도,t,포기 시 감정 → 자기 비판/수용
645,645,가치관,2,B. 패턴 기반 수정 권장,3,2,1,"성장했다고 느낀 순간이 있다면, 어떤 때였나요?",성장했다고 느낀 순간은 언제인가요?,True,경미 수정,전제형 (관측 성과 양호),경미 수정: 전제 제거,예전의 나와 비교해 가장 성장한 부분은 무엇인가요?,7.7623509365628784,111.0,0.2068253683462282,,,예전엔 못 했던 일을 담대하게 해냈던 최근의 기억은?,성장을 가능하게 했던 나의 숨은 노력들을 칭찬해줘요.,더 멋지게 성장할 나의 내일을 위해 어떤 약속을 할까요?,문구 변경 → 가이드 재작성 필요,,,
646,646,가치관,2,B. 패턴 기반 수정 권장,2,1,1,"지금보다 나은 나를 위해 요즘 시도하고 있는 것이 있다면, 어떤 건가요?",더 나은 나를 위해 해보고 싶은 것은 무엇인가요?,True,재작성,요즘 + 시도 전제 + 문장 김,전제 제거 + 짧게,요즘 나를 위해 투자하고 있는 것은 무엇인가요?,16.904185787271064,70.0,0.3177488903567858,,,작지만 강력한 변화를 불러올 나만의 액션 플랜은?,그 행동을 시작하기 주저하게 만드는 마음의 벽은 무엇인가요?,내일 당장 해볼 수 있는 가장 쉽고 재미있는 방법은 무엇일까요?,문구 변경 → 가이드 재작성 필요,,,
647,647,가치관,2,C. 유지·모니터링,3,1,2,"모든 물건이 있는 집에 불이 났을 때, 소중한 가족과 애완동물을 대피시킨 후 하나의 물건만 가져나올 수 있다면 뭘 고를 것인가요?",불이 나서 딱 하나만 챙길 수 있다면 무엇을 가지고 나올까요?,True,재작성,문장이 매우 김(60자+) + 조건 과다,조건 축약,절대 잃어버리고 싶지 않은 물건은 무엇인가요?,2.9213564116431447,213.0,0.0758838492508879,,,없으면 안 되는 물건은 무엇일까요?,"그 물건이 소중한 이유가 추억인지, 실용인지, 대체 불가능함인지 살펴봐요.",그 물건과의 소중한 기억도 떠올려봐요.,문구 변경 → 가이드 재작성 필요,,,
648,648,가치관,2,B. 패턴 기반 수정 권장,2,1,1,"절대 장난스럽게 얘기할 수 없는 진지한 주제가 있다면, 무엇인가요?",절대 장난스럽게 말할 수 없는 주제는 무엇인가요?,True,경미 수정,전제형,경미 수정,가볍게 넘기지 못하는 주제는 무엇인가요?,8.347419669544538,144.0,0.152463175327636,,,누군가 가볍게 다루면 속이 불편해지는 주제가 떠오를 거예요.,"그 주제가 민감한 이유가 경험인지, 가치관인지, 가까운 사람 때문인지 짚어봐요.",그 주제에 대한 나만의 생각도 적어볼까요?,문구 변경 → 가이드 재작성 필요,,,
649,649,가치관,2,B. 패턴 기반 수정 권장,4,3,1,어떻게 죽게 될지에 대한 나만의 예감이 있나요?,내가 어떻게 생을 마무리할지 상상해본 적 있나요? 떠오르는 장면을 알려주세요.,True,경미 수정,예/아니오 + 죽음 주제 (관측 성과 양호),유지 검토: 경미 수정,인생의 마지막 장면에 꼭 있었으면 하는 것은 무엇인가요?,4.663255509529213,143.0,0.156640965106948,,,"무겁게 느껴질 수 있지만, 떠오르는 장면이 있다면 솔직하게 꺼내봐요.",그 예감의 배경은 무엇일까요?,그 생각이 지금의 삶에 어떤 영향을 주고 있는지도 적어봐요.,문구 변경 → 가이드 재작성 필요,,,
650,650,가치관,2,C. 유지·모니터링,1,0,1,어떤 방식으로 유명해지고 싶나요?,어떤 방식으로 유명해지고 싶나요?,False,유지,위험 요소 없음 (선호·성향·양자택일형 등),,,,,,,,"유명해지고 싶은 마음이 있는지, 없는지 솔직하게 떠올려봐요.",유명해지고 싶다면 그 이유는 무엇일까요?,어떤 방식으로 유명해지고 싶은지도 떠올려봐요.,,,,
651,651,가치관,1,C. 유지·모니터링,1,1,0,세상 누구든 한 명과 저녁을 먹을 수 있다면 누구를 고르겠어요?,세상 누구든 한 명과 저녁을 먹을 수 있다면 누구를 고르겠어요?,False,유지,위험 요소 없음 (선호·성향·양자택일형 등),,,,,,,,한 번이라도 대화를 깊게 나누고 싶은 사람이 있나요?,"그 사람을 고른 이유가 그리움인지, 궁금함인지, 존경인지 살펴봐요.",꼭 하고 싶은 말이나 질문이 있다면 적어봐요.,,,,
652,652,가치관,2,C. 유지·모니터링,1,1,0,인생에서 가장 감사하다고 느끼는 것은 무엇인가요?,인생에서 가장 감사하다고 느끼는 것은 무엇인가요?,False,유지,위험 요소 없음 (선호·성향·양자택일형 등),,,,,,,,지금까지의 삶을 하나씩 되짚어볼까요?,어려움도 있었겠지만 감사함을 느끼는 소중한 순간도 있었을 거예요.,그중에서도 가장 감사한 마음과 일들을 떠올려봐요.,,,,
653,653,가치관,2,B. 패턴 기반 수정 권장,1,1,0,"능력과 상관없이 하고 싶은 직업이 있다면, 어떤 건가요?",능력과 상관없이 해보고 싶은 직업은 무엇인가요?,True,경미 수정,전제형이지만 대부분 답할 수 있음,경미 수정,하루만 다른 직업으로 살 수 있다면 무엇을 해보고 싶나요?,7.302137568197187,236.0,0.0592101205162679,,,그 직업의 어떤 매력이 내 마음을 그토록 설레게 하나요?,그 일을 하는 나의 일상은 지금과 어떻게 달라질까요?,현실의 제약을 벗어나고 싶은 마음이 그 직업에 투영되었나요?,문구 변경 → 가이드 재작성 필요,,,
654,654,가치관,2,E. 미노출(데이터 없음),0,0,0,가장 좋아하는 문장은 무엇인가요?,가장 좋아하는 문장은 무엇인가요?,False,유지,아직 노출 없음 · 위험 요소 없음,,,,,,,,그 문장을 처음 접했던 장소와 시간의 분위기를 기억하나요?,그 문장이 내 삶에 어떻게 영향을 미쳤는지도 떠올려봐요.,유독 마음에 와닿은 이유도 적어봐요.,,,,
655,655,가치관,1,C. 유지·모니터링,2,2,0,지니를 만난다면 빌고 싶은 세 가지 소원은 무엇인가요?,지니를 만난다면 빌고 싶은 세 가지 소원은 무엇인가요?,False,유지,위험 요소 없음 (선호·성향·양자택일형 등),,,,,,,,지금 내 마음이 가장 간절하게 바라고 있는 건 무엇인가요?,그 소원들이 이루어진다면 나의 매일이 더 반짝이게 될까요?,마법 없이도 지금의 내가 스스로에게 줄 수 있는 건 없을까요?,,,,
656,656,가치관,2,C. 유지·모니터링,1,0,1,세상을 더 따뜻하게 만들기 위해서 하고 싶은 일은 무엇인가요?,세상을 더 따뜻하게 만들기 위해서 하고 싶은 일은 무엇인가요?,False,유지,위험 요소 없음 (선호·성향·양자택일형 등),,,,,,,,작은 친절 하나가 세상을 바꾸기도 해요.,주변에 작은 도움이나 따뜻한 말 한마디를 떠올려봐요.,그 작은 실천이 나에게는 어떤 기분을 줄까요?,,,,
657,657,가치관,2,C. 유지·모니터링,1,0,1,이 세상에서 가장 부러운 사람은 누구인가요?,가장 부러운 삶은 어떤 삶인가요?,True,재작성,특정 인물 지목 + 부러움 인정,인물 → 이유,누군가를 부러워할 때 나는 무엇을 원하는 걸까요?,1.3034276073461248,275.0,0.0117804912145817,,,그 사람이 가진 무언가가 나의 마음을 일렁이게 하나요?,부러움은 내가 더 빛나고 싶다는 소중한 신호일지도 몰라요.,"나도 누군가에게는 이미 충분히 멋진 사람이라는 거, 알고 있나요?",문구 변경 → 가이드 재작성 필요,,,
658,658,가치관,2,B. 패턴 기반 수정 권장,1,1,0,믿는 미신이 있다면 무엇인가요?,은근히 신경 쓰이는 미신이나 징크스가 있나요? 없다면 재밌다고 생각하는 미신을 알려주세요.,True,재작성,미신을 안 믿으면 답 불가,출구 제공,운이나 징크스를 믿는 편인가요?,-9.263457106916134,318.0,0.0,,,"연인에게 신발 선물하지 않기, 밤에 휘파람 불지 않기처럼 소소한 미신부터 떠올려봐요.",논리적으로 이해는 안되지만 걱정되는 마음 또는 습관으로 지키고 있는 미신이 있나요?,"언제부터 그 미신을 신경쓰기 시작했는지, 왜 지키기게 된 것 같은지도 떠올려봐요.",문구 변경 → 가이드 재작성 필요,,,
659,659,가치관,2,C. 유지·모니터링,1,0,1,어떤 상황에서도 절대 하지 않을 것 같은 한 가지 일은 무엇인가요?,어떤 상황에서도 절대 하지 않을 것 같은 한 가지 일은 무엇인가요?,False,유지,위험 요소 없음 (선호·성향·양자택일형 등),,,,,,,,내 마음이 허락하지 않아 도저히 엄두가 안 나는 일이 있나요?,그 일을 하지 않는 것이 오히려 나를 단단하게 지켜주나요?,만약 어려운 선택 앞에 선다면 나 자신을 믿어줄 수 있나요?,,가치·동기,t,절대 하지 않을 일 → 도덕 경계
660,660,가치관,2,E. 미노출(데이터 없음),0,0,0,인생의 마지막에 무엇을 남기고 싶나요?,먼 훗날 사람들이 나를 어떻게 기억해주면 좋겠나요?,True,재작성,인생 마지막 추상 (노출 0회),부담 완화,내가 세상에 남기고 싶은 작은 흔적은 무엇인가요?,-1.0628655560006306,409.0,0.0,,,시간이 흘러 내 삶이 끝날 때 사람들에게 어떤 기억으로 남고 싶나요?,그 마지막을 생각하면 지금 고민하는 일들이 조금은 가볍게 보이나요?,"""참 괜찮은 삶이었어""라고 말하려면 오늘 무엇을 소중히 해야 할까요?",문구 변경 → 가이드 재작성 필요,,,
661,685,취향,1,B. 패턴 기반 수정 권장,6,2,4,여러 나라를 도는 여행과 한 곳에 머무는 여행 중 뭐가 더 마음이 가나요?,여러 곳을 돌아보는 여행과 한 곳에 머무는 여행 중 뭐가 더 끌리나요?,True,경미 수정,여행 전제 (양자택일로는 무난),경미 수정,,0.4321124435509915,264.0,0.0235473866647673,,특정 활동 전제,여행에서 중요한 건 사람마다 달라요.,"경험의 폭과 한 곳의 깊은 여유, 뭘 원하나요?",그 스타일로 여행 가본 적 있어요?,문구 변경 → 가이드 재작성 필요,새로움 추구,c,여러 곳→탐색 / 한 곳→깊이·안정
662,686,취향,1,B. 패턴 기반 수정 권장,7,2,5,전액 지원 세계 여행과 현금 4천만 원 중 뭐가 더 마음이 가나요?,전액 지원 세계 여행과 현금 4천만 원 중 뭐가 더 마음이 가나요?,False,유지,여행 전제 (양자택일로는 무난),유지,,0.0,399.0,0.0,,특정 활동 전제,경험과 현금 사이에서 고민하는 건 흔한 일이에요.,"돈의 자유와 특별한 경험, 뭘 원하나요?",그런 상황이면 실제로도 그렇게 할 것 같아요?,,,,
663,687,취향,1,C. 유지·모니터링,6,2,4,손에 남는 선물과 마음에 남는 경험 중 뭐가 더 기억에 남나요?,손에 남는 선물과 마음에 남는 경험 중 뭐가 더 기억에 남나요?,False,유지,위험 요소 없음 (선호·성향·양자택일형 등),,,,,,,,선물에서 소중히 여기는 건 사람마다 달라요.,손에 남는 물건과 마음에 남는 추억 중 뭘 원하나요?,그런 선물 받아본 적 있어요?,,,,
664,688,취향,1,C. 유지·모니터링,5,2,3,도시의 작은 아파트와 시골의 넓은 집 중 뭐가 더 마음이 가나요?,도시의 작은 아파트와 시골의 넓은 집 중 뭐가 더 마음이 가나요?,False,유지,위험 요소 없음 (선호·성향·양자택일형 등),,,,,,,특정 활동 전제,살고 싶은 공간은 사람마다 다르게 그려져요.,편리한 접근성과 넉넉한 공간 중 뭘 원하나요?,그런 곳에서 살아본 적 있어요?,,새로움 추구,c,아파트(도시)→자극 / 시골→고요
665,689,취향,1,C. 유지·모니터링,12,6,3,인터넷 없이 사는 것과 냉난방 없이 사는 것 중 뭐가 더 나은가요?,인터넷 없이 사는 것과 냉난방 없이 사는 것 중 뭐가 더 나은가요?,False,유지,위험 요소 없음 (선호·성향·양자택일형 등),,,,,,,,둘 다 없으면 답답한 것들이라 고민되죠.,"연결의 편리함과 몸의 쾌적함, 뭘 포기하기 어려운가요?",그거 없이 며칠 지내본 적 있어요?,,,,
666,690,취향,1,C. 유지·모니터링,12,6,5,번화한 도시와 고요한 숲속 중 뭐가 더 끌리나요?,번화한 도시와 고요한 숲속 중 뭐가 더 끌리나요?,False,유지,위험 요소 없음 (선호·성향·양자택일형 등),,,,,,,,"도시의 활기와 자연의 고요함, 둘 다 매력적이죠.","편리한 분주함과 조용한 여유, 뭐가 필요한가요?",요즘 그런 곳이 그리워요?,,에너지 방향,c,도시→자극 추구 / 숲→조용함 선호
667,691,취향,1,C. 유지·모니터링,8,3,5,작은 도시에서 사는 것과 대도시에서 사는 것 중 뭐가 더 나에게 맞나요?,작은 도시에서 사는 것과 대도시에서 사는 것 중 뭐가 더 나에게 맞나요?,False,유지,위험 요소 없음 (선호·성향·양자택일형 등),,,,,,,,"조용한 삶과 분주한 삶, 둘 다 나름의 매력이 있죠.","여유로운 속도와 다채로운 자극, 뭐가 편한가요?",지금 사는 곳도 그 느낌이에요?,,,,
668,692,취향,1,B. 패턴 기반 수정 권장,8,4,4,전기·인터넷 같은 기술을 포기하는 것과 영화·TV·책 같은 오락을 포기하는 것 중 뭐가 덜 아쉬운가요?,전기·인터넷 같은 기술을 포기하는 것과 영화·TV·책 같은 오락을 포기하는 것 중 뭐가 덜 아쉬운가요?,False,유지,특정 활동 오탐 (관측 8회 중 4회),유지,,0.0,403.0,0.0,,특정 활동 전제,"편리함과 즐거움, 둘 다 놓기 힘든 것들이죠.","생활의 편리함과 이야기의 몰입, 뭘 포기하기 어려운가요?",그거 없이 하루 보내본 적 있어요?,,,,
669,693,취향,2,C. 유지·모니터링,5,2,3,예술 없는 삶과 과학 없는 삶 중 뭐가 더 힘드나요?,예술 없는 삶과 과학 없는 삶 중 뭐가 더 힘드나요?,False,유지,위험 요소 없음 (선호·성향·양자택일형 등),,,,,,,,둘 다 삶에 필요해서 고르기 어려워요.,감성이 채워지나요 이성이 채워지나요?,평소엔 어느 쪽을 더 자주 찾게 돼요?,,,,
670,694,취향,1,C. 유지·모니터링,6,2,4,단순하게 사는 것과 복잡해도 풍부하게 사는 것 중 뭐가 더 나다운가요?,단순하게 사는 것과 복잡해도 풍부하게 사는 것 중 뭐가 더 나다운가요?,False,유지,위험 요소 없음 (선호·성향·양자택일형 등),,,,,,,,"간결함과 풍성함, 둘 다 매력적이라 고르기 쉽지 않죠.",덜어내는 게 편한가요 아니면 채우는 게 즐거운가요?,요즘 삶은 어느 쪽에 더 가까워요?,,새로움 추구,c,단순→절제 / 풍부→경험 개방
671,695,취향,2,C. 유지·모니터링,5,2,3,물건을 소유하는 삶과 경험을 쌓는 삶 중 뭐가 더 남나요?,물건을 소유하는 삶과 경험을 쌓는 삶 중 뭐가 더 남나요?,False,유지,위험 요소 없음 (선호·성향·양자택일형 등),,,,,,,,"소유와 경험, 둘 다 만족을 주지만 방식이 다르죠.",손에 잡히는 게 중요한가요 아니면 기억에 남는 게 중요한가요?,최근엔 뭘 더 많이 선택했어요?,,가치·동기,c,소유→물질 / 경험→경험 가치
672,696,취향,1,C. 유지·모니터링,9,4,3,스트레스 없는 삶과 지루함 없는 삶 중 뭐가 더 끌리나요?,스트레스 없는 삶과 지루함 없는 삶 중 뭐가 더 끌리나요?,False,유지,위험 요소 없음 (선호·성향·양자택일형 등),,,,,,,,"편안함과 자극, 둘 다 삶에 활력을 줘요.",잔잔한 게 좋은가요 아니면 늘 새로운 게 좋은가요?,요즘 나한테 더 부족한 쪽 같아요?,,새로움 추구,c,스트레스 없는→안정 / 지루함 없는→자극 추구
673,697,감정,2,D. 우수(레퍼런스),4,3,1,아파도 감정을 그대로 느끼는 것과 부정적인 감정을 안 느끼는 것 중 뭐가 더 좋나요?,아파도 감정을 그대로 느끼는 것과 부정적인 감정을 안 느끼는 것 중 뭐가 더 좋나요?,False,유지,성과 우수 (평균보다 확실히 높음),,,,,,,,다 느낀다는 건 아파도 그만큼 진짜라는 뜻이에요.,"무뎌지는 편안함과 생생한 힘듦, 뭘 원하나요?",요즘도 그렇게 다 느끼고 있어요?,,감정 민감도,c,그대로 느낌→정서 수용 / 안 느낌→정서 회피
674,698,감정,2,C. 유지·모니터링,3,1,2,몸의 아픔을 못 느끼는 것과 마음의 아픔을 못 느끼는 것 중 뭐가 더 나은가요?,몸의 아픔을 못 느끼는 것과 마음의 아픔을 못 느끼는 것 중 뭐가 더 나은가요?,False,유지,"40자 초과지만 양자택일형 (길이 효과는 유의하지 않음, 형식은 상위권)",,,,,,,,"몸의 아픔과 마음의 아픔, 둘 다 없었으면 싶죠.","몸을 지키는 감각과 마음을 지키는 감각, 뭘 지키나요?",요즘 둘 중 뭐가 더 예민해져 있어요?,,,,
675,699,감정,2,C. 유지·모니터링,1,0,1,감정을 강렬하게 느끼는 것과 잔잔하게 한결같이 느끼는 것 중 뭐가 더 나다운가요?,감정을 강렬하게 느끼는 것과 잔잔하게 한결같이 느끼는 것 중 뭐가 더 나다운가요?,False,유지,"40자 초과지만 양자택일형 (길이 효과는 유의하지 않음, 형식은 상위권)",,,,,,,,큰 기복도 잔잔함도 다 나름의 방식이에요.,"짜릿한 순간과 잔잔한 평온, 뭐가 편안한가요?",지금 내 감정 기복은 어느 쪽에 가까워요?,,감정 민감도,c,강렬→정서 강도 높음 / 잔잔→정서 안정
676,700,감정,2,C. 유지·모니터링,4,2,2,내 감정을 다스리는 것과 생각을 다스리는 것 중 뭐가 더 하고 싶나요?,내 감정을 다스리는 것과 생각을 다스리는 것 중 뭐가 더 하고 싶나요?,False,유지,위험 요소 없음 (선호·성향·양자택일형 등),,,,,,,,감정도 생각도 다스리고 싶은 마음은 자연스러워요.,"더 힘든 건 감정인가요, 생각인가요?",요즘 나를 더 흔드는 건 어느 쪽이에요?,,,,
677,701,감정,2,D. 우수(레퍼런스),3,2,1,평생 남을 후회와 한순간의 창피함 중 뭐가 더 두렵나요?,평생 남을 후회와 한순간의 창피함 중 뭐가 더 두렵나요?,False,유지,성과 우수 (평균보다 확실히 높음),,,,,,,,"오래가는 후회와 순간의 창피함, 둘 다 피하고 싶죠.","긴 시간의 무게와 짧은 순간의 강도, 뭐가 힘든가요?",둘 중 어느 쪽을 더 피하고 싶어요?,,결정 방식,c,후회가 두려움→기회 지향 / 창피함→평가 불안
678,702,감정,2,D. 우수(레퍼런스),5,4,1,사랑을 못 느끼는 것과 두려움을 못 느끼는 것 중 뭐가 덜 두렵나요?,사랑을 못 느끼는 것과 두려움을 못 느끼는 것 중 뭐가 덜 두렵나요?,False,유지,성과 우수 (평균보다 확실히 높음),,,,,,,,"감정 하나를 잃는 상상, 둘 다 쉽지 않죠.","설렘을 잃는 것과 조심성을 잃는 것, 뭐가 두려운가요?",둘 중 어느 감정을 잃는 게 더 무서워요?,,,,
679,703,감정,2,C. 유지·모니터링,3,1,2,감정을 못 드러내는 것과 못 숨기는 것 중 뭐가 덜 힘든가요?,감정을 못 드러내는 것과 못 숨기는 것 중 뭐가 덜 힘든가요?,False,유지,위험 요소 없음 (선호·성향·양자택일형 등),,,,,,,,"표현 못 하는 답답함과 못 숨기는 부담, 둘 다 힘겹죠.","속으로 삭이는 것과 다 드러나는 것, 뭐가 견디기 힘든가요?",지금 나는 어느 쪽에 더 가까워요?,,스트레스 대처,c,못 드러냄이 덜 힘듦→억제형 / 못 숨김→표현형
680,704,감정,2,C. 유지·모니터링,2,1,0,내 감정을 완전히 다스리는 능력과 타인의 감정을 읽는 능력 중 뭐가 더 갖고 싶나요?,내 감정을 완전히 다스리는 능력과 타인의 감정을 읽는 능력 중 뭐가 더 갖고 싶나요?,False,유지,"40자 초과지만 양자택일형 (길이 효과는 유의하지 않음, 형식은 상위권)",,,,,,,,"나를 아는 것과 남을 아는 것, 둘 다 관계에서 중요한 힘이에요.","안으로 향하는 힘인가요, 밖으로 향하는 힘인가요?",요즘 어느 쪽이 더 힘들어요?,,관계 온도,c,내 감정 다스림→자기조절 / 타인 감정 읽기→공감 지향
681,705,루틴,1,C. 유지·모니터링,1,0,1,복잡해도 빠른 출근길과 여유롭지만 긴 출근길 중 뭐가 더 나은가요?,복잡해도 빠른 출근길과 여유롭지만 긴 출근길 중 뭐가 더 나은가요?,False,유지,위험 요소 없음 (선호·성향·양자택일형 등),,,,,,,,출퇴근길 피로는 하루 기분을 크게 좌우해요.,몸의 피로와 시간의 여유 중 뭘 아끼고 싶나요?,요즘 출근길은 어느 쪽에 가까워요?,,,,
682,706,루틴,1,C. 유지·모니터링,2,2,0,10분 늦는 것과 20분 일찍 오는 것 중 뭐가 더 편한가요?,10분 늦는 것과 20분 일찍 오는 것 중 뭐가 더 편한가요?,False,유지,위험 요소 없음 (선호·성향·양자택일형 등),,,,,,,,시간 습관은 몸에 배어 쉽게 안 바뀌어요.,"여유로운 기다림과 아슬아슬한 맞춤, 뭐가 편한가요?",평소에도 그 습관 그대로예요?,,계획·실행,c,10분 늦음→느긋 / 20분 일찍→신중·통제
683,707,루틴,2,C. 유지·모니터링,2,1,1,몸의 컨디션과 마음의 안정 중 뭐가 더 먼저인가요?,몸의 컨디션과 마음의 안정 중 뭐가 더 먼저인가요?,False,유지,위험 요소 없음 (선호·성향·양자택일형 등),,,,,,,,몸과 마음 둘 다 중요해서 우선순위를 정하기 쉽지 않아요.,"겉으로 보이는 컨디션과 마음속 안정감, 뭘 챙기나요?",요즘엔 어느 쪽을 더 못 챙기고 있어요?,,,,
684,708,루틴,1,C. 유지·모니터링,2,1,1,당장 소원 하나와 10년 후 소원 세 개 중 뭐가 더 좋은가요?,당장 소원 하나와 10년 후 소원 세 개 중 뭐가 더 좋은가요?,False,유지,위험 요소 없음 (선호·성향·양자택일형 등),,,,,,,,"당장의 만족과 나중의 큰 보상, 누구나 고민해봤죠.","지금의 확실함과 나중의 풍성함, 뭘 기다릴 수 있나요?",평소에도 그런 선택 자주 해요?,,,,
685,709,루틴,2,C. 유지·모니터링,2,2,0,많은 시간과 많은 에너지 중 뭐가 더 좋은가요?,많은 시간과 많은 에너지 중 뭐가 더 좋은가요?,False,유지,위험 요소 없음 (선호·성향·양자택일형 등),,,,,,,,"시간도 에너지도 부족한 요즘, 둘 다 갖고 싶죠.","쓸 시간과 쓸 힘, 지금 더 부족한 건 뭔가요?",요즘 둘 중에 뭐가 더 간절해요?,,,,
686,710,루틴,2,C. 유지·모니터링,2,2,0,언제 죽을지와 어떻게 죽을지 중 뭐가 더 궁금한가요?,(비활성화),True,중복 통합(비활성화),#853과 같은 의도(죽는 시점·방식) 중복,중복 통합(#853) · 신규 S013(Aron 36문항)과 주제 겹침,100살까지 사는 것과 건강하게 80살까지 사는 것 중 뭐가 더 나은가요?,0.0,351.0,0.0,,,"죽음에 대한 고민, 누구나 한 번쯤 해요.",시간이 궁금한가요 아니면 방식이 궁금한가요?,"그런 생각, 요즘도 가끔 해요?",,,,
687,711,루틴,2,C. 유지·모니터링,3,2,1,잠들지 못하는 것과 깨지 못하는 것 중 뭐가 더 두렵나요?,잠들지 못하는 것과 깨지 못하는 것 중 뭐가 더 두렵나요?,False,유지,위험 요소 없음 (선호·성향·양자택일형 등),,,,,,,,둘 다 상상만 해도 아찔한 상황이라 고르기 어려운 질문이에요.,끝없는 깨어 있음이 무서운가요 아니면 끝없는 잠이 무서운가요?,상상만 해도 소름 돋지 않아요?,,,,
688,712,루틴,2,C. 유지·모니터링,4,1,3,위험해도 나을 가능성에 도전하는 것과 안전하게 지내는 것 중 뭐가 더 나은가요?,위험해도 나을 가능성에 도전하는 것과 안전하게 지내는 것 중 뭐가 더 나은가요?,False,유지,"40자 초과지만 양자택일형 (길이 효과는 유의하지 않음, 형식은 상위권)",,,,,,,,"희망과 확실함 사이의 선택, 상상만으로도 무거운 고민이에요.",가능성에 걸어보고 싶은가요 아니면 확실한 시간이 더 소중한가요?,"그런 선택, 실제로 해본 적 있어요?",,새로움 추구,c,도전→위험 감수 / 안전→위험 회피
689,713,관계,2,C. 유지·모니터링,3,1,2,친구 한 명을 잃는 것과 나머지 모든 친구를 잃는 것 중 뭐가 더 아픈가요?,친한 친구 한 명과 여러 명의 친구 중 뭐가 더 소중한가요?,True,재작성,"친구 상실 가정 (무거움, 관측 3회 중 1회)",강도 완화,,1.7818512611721349,242.0,0.0526795752080927,,,누군가를 잃는다는 상상만으로도 마음이 무거워요.,"깊은 한 사람과 여러 사람, 뭘 지키고 싶나요?",지금 옆에 그런 친구 있어요?,문구 변경 → 가이드 재작성 필요,에너지 방향,c,한 명→깊은 소수 / 여러 명→넓은 관계
690,714,관계,1,E. 미노출(데이터 없음),0,0,0,명절엔 가족과 있는 것과 친구들과 있는 것 중 뭐가 더 편한가요?,명절엔 가족과 있는 것과 친구들과 있는 것 중 뭐가 더 편한가요?,False,유지,아직 노출 없음 · 위험 요소 없음,,,,,,,,명절을 누구와 보내고 싶은지는 관계 우선순위를 보여줘요.,"가족의 편안함과 친구의 자유로운 즐거움, 뭘 원하나요?",이번 명절엔 어느 쪽이었어요?,,,,
691,715,관계,2,C. 유지·모니터링,2,1,1,두려움의 대상과 사랑받는 사람 중 누가 더 되고 싶나요?,두려움의 대상과 사랑받는 사람 중 누가 더 되고 싶나요?,False,유지,위험 요소 없음 (선호·성향·양자택일형 등),,,,,,,,영향력을 갖는 방식은 사람마다 달라요.,"힘으로 얻는 영향력과 마음으로 얻는 신뢰, 뭘 원하나요?",주변에 그런 사람 있어요?,,,,
692,716,관계,2,C. 유지·모니터링,2,2,0,친구들에게 인정받는 것과 부모님께 인정받는 것 중 뭐가 더 중요한가요?,친구들에게 인정받는 것과 부모님께 인정받는 것 중 뭐가 더 중요한가요?,False,유지,위험 요소 없음 (선호·성향·양자택일형 등),,,,,,,,누구의 인정을 바라는지는 관계에 따라 달라요.,"가족의 시선과 친구의 시선, 뭐가 무겁게 다가오나요?",요즘은 어느 쪽 시선이 더 신경쓰여요?,,가치·동기,t,인정받고 싶은 대상 → 인정 욕구 원천
693,717,관계,2,E. 미노출(데이터 없음),0,0,0,가족의 마음과 대중의 평가 중 뭐가 더 중요한가요?,가족의 마음과 대중의 평가 중 뭐가 더 중요한가요?,False,유지,아직 노출 없음 · 위험 요소 없음,,,,,,,,누구의 인정이 소중한지는 답하기 어려워요.,"가까운 사람의 마음과 세상의 평판, 뭘 중요히 보나요?",최근에 그걸 느낀 순간 있었어요?,,,,
694,718,관계,2,E. 미노출(데이터 없음),0,0,0,좋은 친구가 많지만 가난한 삶과 친구 없이 부유한 삶 중 뭐가 더 괜찮은가요?,좋은 친구가 많지만 가난한 삶과 친구 없이 부유한 삶 중 뭐가 더 괜찮은가요?,False,유지,"40자 초과지만 양자택일형 (길이 효과는 유의하지 않음, 형식은 상위권)",,,,,,,,"관계와 물질, 둘 다 삶에서 중요해요.",곁에 있는 사람들과 경제적 여유 중 뭘 포기하기 힘든가요?,지금 삶은 어느 쪽에 더 가까워요?,,,,
695,719,관계,1,C. 유지·모니터링,2,1,1,5년을 혼자 지내는 것과 늘 사람들과 붙어 지내는 것 중 뭐가 더 편안한가요?,5년을 혼자 지내는 것과 늘 사람들과 붙어 지내는 것 중 뭐가 더 편안한가요?,False,유지,"40자 초과지만 양자택일형 (길이 효과는 유의하지 않음, 형식은 상위권)",,,,,,,,"혼자만의 시간과 사람들과의 연결, 둘 다 필요해요.","온전한 고요함과 끊이지 않는 관계, 뭐가 견디기 힘든가요?",지금 나는 어느 쪽이 더 필요해요?,,에너지 방향,c,혼자→내향 / 붙어 지냄→외향
696,720,관계,2,C. 유지·모니터링,1,0,1,삶에서 일과 가족 중 뭐가 더 우선인가요?,삶에서 일과 가족 중 뭐가 더 우선인가요?,False,유지,위험 요소 없음 (선호·성향·양자택일형 등),,,,,,,,"일과 가족, 둘 다 놓칠 수 없는 삶의 중심이에요.","성취를 향한 몰입과 곁을 지키는 시간, 뭘 원하나요?",요즘 시간은 어느 쪽에 더 많이 쓰고 있어요?,,,,
697,721,관계,1,B. 패턴 기반 수정 권장,0,0,0,연애는 SNS에 공개하는 것과 비공개로 두는 것 중 뭐가 더 편한가요?,"좋은 일이 생기면 주변에 알리는 편인가요, 조용히 간직하는 편인가요?",True,재작성,연애·SNS 이중 전제,대상 일반화,"연애를 하면 주변에 공개하는 편인가요, 비밀로 하는 편인가요?",8.63316817554579,172.0,0.1174078878093762,,,공개하고 싶은 마음도 지키고 싶은 마음도 자연스러워요.,"사람들과 나누는 기쁨과 둘만의 온전한 시간, 뭘 원하나요?",지금 연애도 그 방식이에요?,문구 변경 → 가이드 재작성 필요,친밀감 방식,c,알림→정서 공유 / 간직→사적 처리
698,722,관계,1,E. 미노출(데이터 없음),0,0,0,친구가 내 실수를 솔직하게 말해주는 것과 그냥 넘어가 주는 것 중 뭐가 더 나은가요?,친구가 내 실수를 솔직하게 말해주는 것과 그냥 넘어가 주는 것 중 뭐가 더 나은가요?,False,유지,"40자 초과지만 양자택일형 (길이 효과는 유의하지 않음, 형식은 상위권)",,,,,,,,"솔직한 피드백과 배려, 둘 다 우정에서 바랄 수 있어요.","따끔한 조언과 마음 편하게 가만히 있는 것, 뭘 원하나요?",친구가 그렇게 해준 적 있어요?,,관계 온도,c,솔직→직면 선호 / 넘어감→관계 조화
699,723,관계,1,C. 유지·모니터링,3,3,0,무모한 결정에도 무조건 지지해주는 것과 말려주는 것 중 뭐가 더 좋은가요?,무모한 결정에도 무조건 지지해주는 것과 말려주는 것 중 뭐가 더 좋은가요?,False,유지,"40자 초과지만 양자택일형 (길이 효과는 유의하지 않음, 형식은 상위권)",,,,,,,,지지받고 싶은 마음도 붙잡아주길 바라는 마음도 자연스러워요.,무조건적인 응원과 현실적인 조언 중 뭘 원하나요?,그런 순간에 친구가 어떻게 해줬어요?,,관계 온도,c,지지→수용형 / 말림→보호·직언형
700,724,관계,2,C. 유지·모니터링,1,0,1,너무 솔직해서 상처받는 친구 그룹과 불편한 주제를 피하는 친구 그룹 중 뭐가 더 좋은가요?,너무 솔직해서 상처받는 친구 그룹과 불편한 주제를 피하는 친구 그룹 중 뭐가 더 좋은가요?,False,유지,"40자 초과지만 양자택일형 (길이 효과는 유의하지 않음, 형식은 상위권)",,,,,,,,솔직함과 편안함 사이에서 고민하는 건 자연스러운 일이에요.,"아파도 진짜인 대화와 부드럽게 겉도는 대화, 뭘 원하나요?",지금 내 친구들은 어느 쪽에 가까워요?,,관계 온도,c,솔직 그룹→직면 / 회피 그룹→조화
701,725,관계,1,C. 유지·모니터링,2,0,1,모임을 이끄는 것과 따르는 것 중 어디에 더 가까운 편인가요?,모임을 이끄는 것과 따르는 것 중 어디에 더 가까운 편인가요?,False,유지,위험 요소 없음 (선호·성향·양자택일형 등),,,,,,,,"이끄는 역할과 따르는 역할, 둘 다 모임에서 필요한 자리예요.","정하는 부담과 따르는 편안함, 뭘 원하나요?",평소 모임에서는 주로 어떤 역할이에요?,,에너지 방향,c,이끔→주도 / 따름→협조
702,726,관계,2,C. 유지·모니터링,1,0,0,모든 게 공유되는 세상과 모든 게 비밀인 세상 중 뭐가 더 편안한가요?,모든 게 공유되는 세상과 모든 게 비밀인 세상 중 뭐가 더 편안한가요?,False,유지,위험 요소 없음 (선호·성향·양자택일형 등),,,,,,,,연결과 프라이버시 사이 균형은 늘 고민이에요.,"다 드러내도 편한가요, 감춰야 편한가요?",요즘 SNS는 그중 어느 쪽에 더 가까워요?,,,,
703,727,관계,2,C. 유지·모니터링,1,0,1,늘 들어주는 역할과 늘 털어놓는 역할 중 뭐가 더 편한가요?,늘 들어주는 역할과 늘 털어놓는 역할 중 뭐가 더 편한가요?,False,유지,위험 요소 없음 (선호·성향·양자택일형 등),,,,,,,,들어주는 것도 털어놓는 것도 다 필요한 몫이에요.,요즘 나는 주로 어떤 역할을 맡고 있나요?,요즘도 계속 그 역할이에요?,,친밀감 방식,c,들어줌→수용 역할 / 털어놓음→자기노출
704,728,관계,2,C. 유지·모니터링,2,0,1,순간의 행복을 주는 힘과 오래가는 관계를 만드는 힘 중 뭐가 더 갖고 싶나요?,순간의 행복을 주는 힘과 오래가는 관계를 만드는 힘 중 뭐가 더 갖고 싶나요?,False,유지,"40자 초과지만 양자택일형 (길이 효과는 유의하지 않음, 형식은 상위권)",,,,,,,,즉각적인 기쁨과 오래가는 신뢰 다 소중해요.,"순간의 만족과 단단함, 뭐가 남는 관계인가요?",지금 내 관계는 어느 쪽에 더 기울어져 있어요?,,,,
705,729,관계,2,C. 유지·모니터링,4,3,1,"10억을 준다면, 절친을 배신하는 것과 의리를 지키는 것 중 뭐가 더 끌리나요?","10억을 준다면, 절친을 배신하는 것과 의리를 지키는 것 중 뭐가 더 끌리나요?",False,유지,문장 김이지만 관측 4회 중 3회,유지,,0.0,325.0,0.0,,,큰돈 앞에서 흔들리는 마음은 복잡해요.,돈으로 살 수 없는 게 뭔지 생각해볼까요?,실제로 그런 상황이면 어떨 것 같아요?,,가치·동기,c,의리→관계 가치 / 돈→물질
706,730,관계,2,B. 패턴 기반 수정 권장,1,0,1,인성은 아쉽지만 능력 좋은 동료와 인성 좋지만 인성은 아쉬운 동료 중 누구와 함께하고 싶나요?,인성은 아쉽지만 능력 좋은 동료와 인성은 좋지만 능력은 아쉬운 동료 중 누구와 함께하고 싶나요?,True,오류 수정,문구 오류: '인성 좋지만 인성은 아쉬운',오류 수정 + 대상 일반화,능력과 인성 중 함께할 사람에게 더 중요한 것은 무엇인가요?,-0.162168109320937,339.0,0.0,,특정 활동 전제,실력과 인성 사이 고민은 누구나 공감할 거예요.,매일 부대낄 사람이라면 뭐가 중요한가요?,지금 팀에 그런 동료 있어요?,문구 변경 → 가이드 재작성 필요,가치·동기,c,능력→성과 / 인성→관계
707,731,관계,2,E. 미노출(데이터 없음),0,0,0,로또에 당첨되면 누구에게까지 알릴 건가요?,로또에 당첨되면 누구에게까지 알릴 건가요?,False,유지,아직 노출 없음 · 위험 요소 없음,,,,,,,,큰돈 앞에서 어디까지 나눌지 고민돼요.,그 비밀을 혼자 감당할 자신 있나요?,그 얘기 누구한테 제일 먼저 하고 싶어요?,,,,
708,732,관계,2,C. 유지·모니터링,1,1,0,힘든 순간에 곁을 지키는 것과 좋은 순간을 축하하는 것 중 더 중요한 건 뭐라고 생각하나요?,힘든 순간에 곁을 지키는 것과 좋은 순간을 축하하는 것 중 더 중요한 건 뭐라고 생각하나요?,False,유지,"40자 초과지만 양자택일형 (길이 효과는 유의하지 않음, 형식은 상위권)",,,,,,,,"힘든 순간과 기쁜 순간, 곁에 있어주고픈 마음은 같아요.",위로와 축하 중 나에게 더 자연스러운 건 뭔가요?,친구들 사이에서 나는 주로 어느 쪽이에요?,,,,
709,733,관계,1,C. 유지·모니터링,2,1,1,늘 웃게 해주는 친구와 생각하게 만드는 친구 중 누가 더 끌리나요?,늘 웃게 해주는 친구와 생각하게 만드는 친구 중 누가 더 끌리나요?,False,유지,위험 요소 없음 (선호·성향·양자택일형 등),,,,,,,,"재미와 깊이, 친구에게 바라는 게 다를 수 있어요.","가벼운 즐거움과 묵직한 자극, 뭐가 끌리나요?",지금 곁에 그런 친구 있어요?,,에너지 방향,c,웃게→즐거움 추구 / 생각→지적 자극
710,734,관계,1,C. 유지·모니터링,1,0,1,어려울 때 먼저 떠오르는 친구와 기쁠 때 먼저 생각나는 친구 중 어느 쪽이 되고 싶나요?,어려울 때 먼저 떠오르는 친구와 기쁠 때 먼저 생각나는 친구 중 어느 쪽이 되고 싶나요?,False,유지,"40자 초과지만 양자택일형 (길이 효과는 유의하지 않음, 형식은 상위권)",,,,,,,,어떤 순간에 떠오르는 사람이고 싶은지는 다 달라요.,"힘들 때 의지와 기쁠 때 동행, 뭐가 더 끌리나요?",요즘 나는 어느 쪽에 더 가까워요?,,,,
711,735,관계,2,C. 유지·모니터링,2,1,1,관계를 정리할 때 주로 어떻게 하는 편인가요?,관계를 정리할 때 주로 어떻게 하는 편인가요?,False,유지,위험 요소 없음 (선호·성향·양자택일형 등),,,,,,,,관계를 정리하는 방식은 사람마다 다 달라요.,"가만히 있는 것과 솔직하게 정리하는 것, 내 마음이 편한 쪽은 뭔가요?",최근에 그렇게 정리해본 적 있어요?,,관계 온도,t,관계 정리 방식 → 직면/자연 소멸
712,736,관계,2,C. 유지·모니터링,1,0,0,편안한 우정과 나를 성장시키는 우정 중 뭐가 더 끌리나요?,편안한 우정과 나를 성장시키는 우정 중 뭐가 더 끌리나요?,False,유지,위험 요소 없음 (선호·성향·양자택일형 등),,,,,,,,"편안함과 성장, 둘 다 우정에서 얻고 싶은 가치예요.","지금 나에게 필요한 건 자극인가요, 안정인가요?",지금 우정은 어느 쪽에 더 가까워요?,,가치·동기,c,편안→안정 / 성장→성취
713,737,관계,2,C. 유지·모니터링,2,0,2,널리 얕게 사랑받는 것과 미움받아도 깊은 관계 하나 중 뭐가 더 소중한가요?,널리 얕게 사랑받는 것과 미움받아도 깊은 관계 하나 중 뭐가 더 소중한가요?,False,유지,"40자 초과지만 양자택일형 (길이 효과는 유의하지 않음, 형식은 상위권)",,,,,,,,"넓은 호감과 깊은 관계, 사람마다 원하는 쪽이 달라요.","폭넓은 인정과 단 하나의 진짜 관계, 뭐가 힘이 되나요?",지금 관계는 어느 쪽에 더 가까워요?,,친밀감 방식,c,넓게 사랑받음→인정 / 깊은 하나→친밀
714,738,관계,2,C. 유지·모니터링,1,0,1,아무 문제 없는 세상과 내가 다스리는 세상 중 뭐가 더 좋은가요?,아무 문제 없는 세상과 내가 다스리는 세상 중 뭐가 더 좋은가요?,False,유지,위험 요소 없음 (선호·성향·양자택일형 등),,,,,,,,"평온한 세상과 권력을 쥔 세상, 둘 다 매력적이죠.","모두의 편안함과 내가 다 결정하는 것, 뭐가 더 끌리나요?","그런 상상, 재밌지 않아요?",,,,
715,739,관계,2,C. 유지·모니터링,2,0,2,권위형 리더와 솔선수범형 리더 중 어느 쪽에 더 가깝나요?,권위형 리더와 솔선수범형 리더 중 어느 쪽에 더 가깝나요?,False,유지,위험 요소 없음 (선호·성향·양자택일형 등),,,,,,,,리더십의 방식에 대한 고민은 누구나 한 번쯤 하게 돼요.,행동으로 보여주는 게 중요한가요 아니면 확실한 힘이 중요한가요?,지금 나는 어느 쪽에 더 가까워요?,,관계 온도,c,권위형→주도 / 솔선수범형→협력
716,740,관계,2,C. 유지·모니터링,2,0,2,남의 운명을 좌우하는 것과 내 삶을 내 뜻대로 하는 것 중 뭐가 더 좋나요?,남의 운명을 좌우하는 것과 내 삶을 내 뜻대로 하는 것 중 뭐가 더 좋나요?,False,유지,"40자 초과지만 양자택일형 (길이 효과는 유의하지 않음, 형식은 상위권)",,,,,,,,"나를 위한 힘과 남을 위한 힘, 무게가 다르죠.",내 삶의 주인이 되고 싶은가요 아니면 더 큰 영향력을 갖고 싶은가요?,요즘 그런 고민 해본 적 있어요?,,,,
717,741,관계,2,C. 유지·모니터링,1,0,0,내 뜻대로 하는 힘과 모두에게 믿음받는 것 중 뭐가 더 나은가요?,내 뜻대로 하는 힘과 모두에게 믿음받는 것 중 뭐가 더 나은가요?,False,유지,위험 요소 없음 (선호·성향·양자택일형 등),,,,,,,,"힘과 신뢰, 둘 다 리더에게 필요해 보이지만 다른 길이에요.",장악하는 힘이 중요한가요 아니면 마음을 얻는 게 중요한가요?,지금 나는 어느 쪽을 더 원해요?,,가치·동기,c,내 뜻→자율·권력 / 믿음→관계 신뢰
718,742,관계,1,C. 유지·모니터링,3,2,1,친구의 착각을 바로잡는 것과 관계를 위해 그냥 두는 것 중 뭐가 더 맞나요?,친구의 착각을 바로잡는 것과 관계를 위해 그냥 두는 것 중 뭐가 더 맞나요?,False,유지,"40자 초과지만 양자택일형 (길이 효과는 유의하지 않음, 형식은 상위권)",,,,,,,,"굳이 말해야 할지 고민되는 순간, 친구를 아끼기 때문이겠죠.",지금의 편안함이 중요한가요 아니면 바로잡는 게 중요한가요?,최근에 그런 상황 있었어요?,,관계 온도,c,바로잡음→진실·직면 / 둠→관계 조화
719,743,사랑,1,C. 유지·모니터링,1,0,1,연애할 때 외모와 유머 감각 중 뭐가 더 중요한가요?,연애할 때 외모와 유머 감각 중 뭐가 더 중요한가요?,False,유지,위험 요소 없음 (선호·성향·양자택일형 등),,,,,,,,"끌리는 포인트는 사람마다 다르고, 그게 자연스러운 거예요.","첫인상과 오래 갈수록 좋아지는 매력, 뭐가 중요한가요?",요즘 나는 어느 쪽에 더 끌려요?,,,,
720,744,사랑,1,C. 유지·모니터링,4,1,3,사소한 기념일까지 챙기는 것과 중요한 날만 챙기는 것 중 뭐가 더 편한가요?,사소한 기념일까지 챙기는 것과 중요한 날만 챙기는 것 중 뭐가 더 편한가요?,False,유지,"40자 초과지만 양자택일형 (길이 효과는 유의하지 않음, 형식은 상위권)",,,,,,,,챙기는 방식이 다르다고 마음의 크기가 다른 건 아니에요.,이벤트 빈도와 담긴 정성 중 뭐가 중요한가요?,지금 관계에서도 그 방식이에요?,,계획·실행,c,사소한 것까지→세심·의례 / 중요한 날만→실용
721,745,사랑,1,D. 우수(레퍼런스),3,2,1,빠른 답장과 느려도 정성 담긴 답장 중 뭐가 더 좋은가요?,빠른 답장과 느려도 정성 담긴 답장 중 뭐가 더 좋은가요?,False,유지,성과 우수 (평균보다 확실히 높음),,,,,,,,연락에 예민해지는 건 마음을 쓴다는 뜻이에요.,속도와 정성 중 나에게 안정감을 주는 쪽을 떠올려봐요.,요즘도 그 방식이 편해요?,,친밀감 방식,c,빠른 답장→즉각 확인 욕구 / 정성→깊이 중시
722,746,사랑,1,D. 우수(레퍼런스),3,3,0,자주 삐지지만 금방 푸는 애인과 가끔 삐지지만 오래가는 애인 중 누가 더 힘든가요?,자주 삐지지만 금방 푸는 애인과 가끔 삐지지만 오래가는 애인 중 누가 더 힘든가요?,False,유지,성과 우수 (평균보다 확실히 높음),,,,,,,,감정 기복을 견디는 정도는 사람마다 달라요.,지치는 빈도와 회복 시간 중 뭐가 크게 느껴지나요?,"그런 상황, 최근에 있었어요?",,,,
723,747,사랑,2,C. 유지·모니터링,2,2,0,전 애인과 밤새 술 마시는 것과 이성 친구와 단둘이 여행 가는 것 중 뭐가 더 불안한가요?,전 애인과 밤새 술 마시는 것과 이성 친구와 단둘이 여행 가는 것 중 뭐가 더 불안한가요?,False,유지,"40자 초과지만 양자택일형 (길이 효과는 유의하지 않음, 형식은 상위권)",,,,,,,특정 활동 전제,이런 상황에 불안해지는 건 자연스러운 감정이에요.,"관계의 역사와 물리적 거리, 뭐가 신경 쓰이나요?",그런 상황이면 실제로 불안할 것 같아요?,,,,
724,748,사랑,2,C. 유지·모니터링,1,1,0,연인과 유머 코드가 맞는 것과 사회 이슈에 화나는 포인트가 비슷한 것 중 뭐가 더 중요한가요?,연인과 유머 코드가 맞는 것과 사회 이슈에 화나는 포인트가 비슷한 것 중 뭐가 더 중요한가요?,False,유지,"40자 초과지만 양자택일형 (길이 효과는 유의하지 않음, 형식은 상위권)",,,,,,,,잘 맞는 부분이 다르다고 관계가 얕은 건 아니에요.,"즐거움과 세상 보는 눈, 뭘 더 우선하나요?","그 기준, 지금 연애에도 적용돼요?",,,,
725,749,사랑,2,C. 유지·모니터링,2,1,1,연락이 끊기는 애인과 술을 자주 마시는 애인 중 누가 더 아픈가요?,연락이 끊기는 애인과 술을 자주 마시는 애인 중 누가 더 아픈가요?,False,유지,위험 요소 없음 (선호·성향·양자택일형 등),,,,,,,,빈도보다 믿음이 흔들리는 순간이 더 아파요.,잦은 빈도와 신뢰 붕괴 중 뭐가 크게 다가오나요?,"그런 순간, 겪어본 적 있어요?",,,,
726,750,사랑,1,C. 유지·모니터링,2,1,1,매일 만나고 싶어 하는 애인과 만날 시간 잡기 어려운 애인 중 누가 더 좋은가요?,매일 만나고 싶어 하는 애인과 만날 시간 잡기 어려운 애인 중 누가 더 좋은가요?,False,유지,"40자 초과지만 양자택일형 (길이 효과는 유의하지 않음, 형식은 상위권)",,,,,,,,둘 다 아쉬운 부분이 있어서 고르기 애매한 질문이에요.,"시간의 양과 다른 관계, 뭘 더 중요히 보나요?",지금 연애도 그런 느낌이에요?,,친밀감 방식,c,매일→친밀 욕구 / 시간 잡기 어려움→자율 수용
727,751,사랑,2,C. 유지·모니터링,2,1,0,사랑을 찾는 것과 큰돈을 찾는 것 중 뭐가 더 중요한가요?,사랑을 찾는 것과 큰돈을 찾는 것 중 뭐가 더 중요한가요?,False,유지,위험 요소 없음 (선호·성향·양자택일형 등),,,,,,,,"사랑과 돈, 둘 다 포기하기 어려운 가치예요.","마음을 채우는 것과 삶을 안정시키는 것, 뭘 원하나요?",요즘 둘 중 뭐가 더 간절해요?,,,,
728,752,사랑,2,C. 유지·모니터링,3,0,3,"나쁜 연애를 지속하는 삶과 평생 혼자 지내는 삶 중, 어떤 쪽이 더 낫다고 생각하시나요?",나쁜 연애를 계속하는 것과 평생 혼자 지내는 것 중 뭐가 더 나은가요?,True,재작성,문장 김 + 존댓말 어조 불일치('생각하시나요'),짧게 + 어조 통일,,-0.4219892321369767,311.0,0.0,,,이런 상상만으로도 마음이 복잡해지는 게 당연해요.,"관계의 불안정함과 혼자만의 자유, 뭘 더 견디기 힘든가요?","그런 상상, 해본 적 있어요?",문구 변경 → 가이드 재작성 필요,,,
729,753,사랑,2,C. 유지·모니터링,1,1,0,질투 많은 연인과 질투가 없는 연인 중 누가 더 좋은가요?,질투 많은 연인과 질투가 없는 연인 중 누가 더 좋은가요?,False,유지,위험 요소 없음 (선호·성향·양자택일형 등),,,,,,,,"관심받는 것과 동등한 것, 둘 다 관계에서 중요한 부분이에요.",넘치는 애정과 균형 잡힌 신뢰 중 뭘 원하나요?,지금 연애는 어느 쪽에 더 가까워요?,,친밀감 방식,c,질투 많은→확인·애착 욕구 / 없는→자율 선호
730,754,사랑,1,D. 우수(레퍼런스),3,3,0,사랑은 말로 표현하는 것과 행동으로 보여주는 것 중 뭐가 더 중요하다고 생각하나요?,사랑은 말로 표현하는 것과 행동으로 보여주는 것 중 뭐가 더 중요하다고 생각하나요?,False,유지,성과 우수 (평균보다 확실히 높음),,,,,,,,사랑을 표현하는 방식은 사람마다 다르게 나타나요.,"직접적인 말과 은근한 행동, 뭐가 편안한가요?",나는 보통 어느 쪽으로 표현해요?,,친밀감 방식,c,말→언어 표현 / 행동→행동 표현
731,755,사랑,1,C. 유지·모니터링,1,1,0,말 없이도 알아채 주길 바라는 것과 명확히 말하는 것 중 뭐가 더 편한가요?,말 없이도 알아채 주길 바라는 것과 명확히 말하는 것 중 뭐가 더 편한가요?,False,유지,"40자 초과지만 양자택일형 (길이 효과는 유의하지 않음, 형식은 상위권)",,,,,,,,마음을 전하는 방식에 대한 기대는 사람마다 달라요.,"눈치껏 아는 배려와 분명히 말하는 확실함, 뭘 원하나요?","그 기대, 최근에 안 채워진 적 있어요?",,친밀감 방식,c,알아채 주길→간접 표현·기대 / 명확히→직접 표현
732,756,사랑,2,C. 유지·모니터링,2,0,2,돈 많고 성격 나쁜 사람과 가난해도 착한 사람 중 누가 더 끌리나요?,돈 많고 성격 나쁜 사람과 가난해도 착한 사람 중 누가 더 끌리나요?,False,유지,위험 요소 없음 (선호·성향·양자택일형 등),,,,,,,,조건과 마음 편함 사이 고민은 누구나 해봤을 거예요.,"결혼 생활을 채우는 건 잔고인가요, 태도인가요?","그런 사람, 실제로 만나본 적 있어요?",,,,
733,757,사랑,2,C. 유지·모니터링,2,2,0,지나간 첫사랑과 새로운 사랑 중 누가 더 끌리나요?,지나간 첫사랑과 새로운 사랑 중 누가 더 끌리나요?,False,유지,위험 요소 없음 (선호·성향·양자택일형 등),,,,,,,,지나간 사랑에 대한 미련은 누구나 있어요.,"그리운 건 그 사람인가요, 그때 감정인가요?",요즘 그런 마음 든 적 있어요?,,,,
734,758,사랑,2,C. 유지·모니터링,2,1,1,무뚝뚝한 연인과 애정 표현이 과한 연인 중 누가 더 힘든가요?,무뚝뚝한 연인과 애정 표현이 과한 연인 중 누가 더 힘든가요?,False,유지,위험 요소 없음 (선호·성향·양자택일형 등),,,,,,,,표현의 양보다 내가 느끼는 편안함이 달라요.,"사랑을 확인하는 건 말인가요, 조용한 안정감인가요?",지금 연애는 어느 쪽에 가까워요?,,친밀감 방식,c,무뚝뚝이 힘듦→표현 욕구 / 과한 표현이 힘듦→거리 선호
735,759,사랑,2,C. 유지·모니터링,2,2,0,안 싸우는 무난한 연애와 부딪혀도 솔직한 연애 중 더 선호하는 것은 무엇인가요?,안 싸우는 무난한 연애와 부딪혀도 솔직한 연애 중 더 선호하는 것은 무엇인가요?,False,유지,"40자 초과지만 양자택일형 (길이 효과는 유의하지 않음, 형식은 상위권)",,,,,,,,갈등 없는 평화도 솔직한 부딪힘도 관계의 한 모습이에요.,"더 중요한 건 편안함인가요, 솔직함인가요?",지금 관계는 어느 쪽에 가까워요?,,관계 온도,c,무난→갈등 회피 / 솔직→직면
736,760,사랑,2,C. 유지·모니터링,2,1,1,더 사랑받는 관계와 더 많이 사랑하는 관계 중 뭐가 더 좋은가요?,더 사랑받는 관계와 더 많이 사랑하는 관계 중 뭐가 더 좋은가요?,False,유지,위험 요소 없음 (선호·성향·양자택일형 등),,,,,,,,받는 사랑과 주는 사랑은 다른 방식으로 채워줘요.,"안정감을 주는 건 받는 쪽, 벅찬 건 주는 쪽인가요?",지금까지 연애는 어느 쪽이었어요?,,친밀감 방식,c,사랑받는→수용 욕구 / 사랑하는→주는 사랑
737,761,사랑,2,E. 미노출(데이터 없음),0,0,0,연인이 내 모든 걸 아는 것과 모르는 것 중 뭐가 더 좋은가요?,연인이 내 모든 걸 아는 것과 모르는 것 중 뭐가 더 좋은가요?,False,유지,아직 노출 없음 · 위험 요소 없음,,,,,,,,다 보여주고 싶은 마음도 지키고 싶은 마음도 자연스러워요.,"사생활은 위협인가요, 필요한 거리인가요?",지금 연인과는 어느 쪽에 가까워요?,,친밀감 방식,c,모든 걸 앎→전면 개방 / 모름→사적 영역 유지
738,762,사랑,2,D. 우수(레퍼런스),3,2,1,한 사람에게 깊이 이해받는 것과 여럿에게 사랑받는 것 중 뭐가 더 끌리나요?,한 사람에게 깊이 이해받는 것과 여럿에게 사랑받는 것 중 뭐가 더 끌리나요?,False,유지,성과 우수 (평균보다 확실히 높음),,,,,,,,깊은 이해와 넓은 사랑은 다르게 다가와요.,"나를 아는 한 사람과 좋아하는 여러 사람, 뭐가 든든한가요?",지금 곁엔 어느 쪽이 더 많아요?,,친밀감 방식,c,깊은 이해→친밀 / 여럿의 사랑→인정
739,763,사랑,2,C. 유지·모니터링,1,0,1,단짝 같은 연인과 매력적이지만 거리감이 있는 연인 중 누가 더 끌리나요?,단짝 같은 연인과 매력적이지만 거리감이 있는 연인 중 누가 더 끌리나요?,False,유지,위험 요소 없음 (선호·성향·양자택일형 등),,,,,,,,설렘과 편안함 사이 고민은 누구나 해봤을 거예요.,"오래갈 관계엔 짜릿함인가요, 통하는 느낌인가요?",지금 연애는 어느 쪽에 더 가까워요?,,친밀감 방식,c,단짝→안정 친밀 / 거리감→자극·자율
740,764,사랑,2,D. 우수(레퍼런스),4,3,1,쉽게 용서하는 사람과 서운함을 같이 풀어가는 사람 중 누가 더 편한가요?,쉽게 용서하는 사람과 서운함을 같이 풀어가는 사람 중 누가 더 편한가요?,False,유지,성과 우수 (평균보다 확실히 높음),,,,,,,,"빠른 화해와 깊은 대화, 둘 다 관계를 지키는 다른 방식이에요.",갈등이 빨리 지나가는 게 좋은가요 아니면 제대로 풀어가는 게 좋은가요?,최근에 그런 상황 있었어요?,,관계 온도,c,쉽게 용서→갈등 최소화 / 함께 풂→대화 해결
741,765,사랑,2,C. 유지·모니터링,2,1,1,우연히 본 연인의 사생활을 솔직히 말하는 것과 모르는 척 넘어가는 것 중 뭐가 더 맞나요?,우연히 본 연인의 사생활을 솔직히 말하는 것과 모르는 척 넘어가는 것 중 뭐가 더 맞나요?,False,유지,"40자 초과지만 양자택일형 (길이 효과는 유의하지 않음, 형식은 상위권)",,,,,,,,"우연히 알게 된 사실을 어떻게 다룰지, 누구나 고민될 상황이에요.",터놓고 말하는 게 편한가요 아니면 조용히 넘어가는 게 편한가요?,"그런 상황, 겪어본 적 있어요?",,관계 온도,c,솔직히 말함→직면 / 넘어감→회피
742,766,사랑,2,C. 유지·모니터링,2,2,0,무너져가는 관계를 붙잡는 것과 정직하게 이별하는 것 중 뭐가 더 나은가요?,무너져가는 관계를 붙잡는 것과 정직하게 이별하는 것 중 뭐가 더 나은가요?,False,유지,"40자 초과지만 양자택일형 (길이 효과는 유의하지 않음, 형식은 상위권)",,,,,,,,"끝을 인정하는 것도, 붙잡는 것도 둘 다 사랑이 남아 있기 때문이겠죠.",솔직한 끝맺음이 나은가요 아니면 남은 정을 지키는 게 나은가요?,"그런 순간, 겪어본 적 있어요?",,,,
743,767,가치관,1,C. 유지·모니터링,1,1,0,대화를 주도하는 것과 경청하는 것 중 뭐가 더 편한가요?,대화를 주도하는 것과 경청하는 것 중 뭐가 더 편한가요?,False,유지,위험 요소 없음 (선호·성향·양자택일형 등),,,,,,,,대화 스타일엔 정답이 없고 상황마다 달라요.,내가 편한 쪽과 상대가 편한 쪽을 떠올려봐요.,평소 대화에서는 주로 어느 쪽이에요?,,에너지 방향,c,주도→외향 / 경청→내향
744,768,가치관,1,D. 우수(레퍼런스),3,2,1,매번 늦는 사람과 재촉하는 사람 중 누가 더 미운가요?,매번 늦는 사람과 재촉하는 사람 중 누가 더 미운가요?,False,유지,성과 우수 (평균보다 확실히 높음),,,,,,,,둘 다 나름의 답답함이 있으니 고민되는 게 당연해요.,약속 태도와 배려 중 뭐가 더 거슬리나요?,주변에 그런 사람 있어요?,,계획·실행,c,늦는 사람이 미움→시간 엄수 / 재촉이 미움→느긋
745,769,가치관,2,B. 패턴 기반 수정 권장,1,0,1,퇴사 못 하는 회사에서 월 600을 버는 것과 백수로 지내며 월 200을 받는 것 중 뭐가 더 나은가요?,하기 싫은 일로 월 600을 버는 것과 자유롭게 지내며 월 200을 받는 것 중 뭐가 더 나은가요?,True,재작성,회사원 전제 (학생·구직자는 몰입 어려움),상황 일반화,돈과 자유 중 지금의 나에게 더 중요한 것은 무엇인가요?,6.876799372362874,235.0,0.061431635970571,,,돈과 자유 사이 고민은 누구에게나 어려워요.,"시간의 자유와 경제적 여유, 뭐가 급한가요?",그런 상황이면 실제로 어떨 것 같아요?,문구 변경 → 가이드 재작성 필요,가치·동기,c,600→물질 / 자유 200→자율
746,770,가치관,2,C. 유지·모니터링,3,2,1,연봉 2천에 매일 칼퇴근하는 것과 연봉 6천에 주 7일 일하는 것 중 뭐가 더 나에게 맞나요?,연봉 2천에 매일 칼퇴근하는 것과 연봉 6천에 주 7일 일하는 것 중 뭐가 더 나에게 맞나요?,False,유지,"40자 초과지만 양자택일형 (길이 효과는 유의하지 않음, 형식은 상위권)",,,,,,,,돈과 시간 둘 다 포기하기 어려운 가치예요.,"통장의 숫자와 나만의 시간, 뭐가 중요한가요?",지금 일도 그 균형이에요?,,가치·동기,c,칼퇴→여유 / 6천→성취·물질
747,771,가치관,2,E. 미노출(데이터 없음),0,0,0,칭찬받을 때와 싫은 소리를 들을 때 중 언제 일이 더 잘되나요?,칭찬받을 때와 싫은 소리를 들을 때 중 언제 일이 더 잘되나요?,False,유지,아직 노출 없음 · 위험 요소 없음,,,,,,,,동기부여 받는 방식은 사람마다 다르게 작동해요.,"인정받을 때와 자극받을 때, 언제 힘이 났는지 떠올려봐요.",요즘 나는 어느 쪽으로 힘 받아요?,,감정 민감도,c,칭찬→긍정 강화형 / 싫은 소리→압박 동기형
748,772,가치관,2,B. 패턴 기반 수정 권장,1,1,0,바쁘지만 성장하는 회사와 여유롭지만 성장 없는 회사 중 뭐가 더 나은가요?,바쁘지만 성장하는 곳과 여유롭지만 성장 없는 곳 중 어디가 더 나은가요?,True,재작성,회사원 전제,상황 일반화,성장과 여유 중 요즘 더 필요한 것은 무엇인가요?,3.900097239893308,255.0,0.034308128156838,,,완벽한 회사는 없으니 뭘 포기할지 고민돼요.,지금 당장의 여유와 앞으로의 성장 중 뭘 우선하나요?,지금 회사는 어느 쪽에 가까워요?,문구 변경 → 가이드 재작성 필요,가치·동기,c,성장→성취 / 여유→안락
749,773,가치관,1,D. 우수(레퍼런스),3,3,0,퇴사 날 아무도 모르게 조용히 나가는 것과 배웅받으며 화려하게 나가는 것 중 뭐가 더 하고 싶나요?,퇴사 날 아무도 모르게 조용히 나가는 것과 배웅받으며 화려하게 나가는 것 중 뭐가 더 하고 싶나요?,False,유지,성과 우수 (평균보다 확실히 높음),,,,,,,,마무리하는 방식에도 그 사람의 성향이 묻어나요.,"조용한 홀가분함과 따뜻한 인사, 뭐가 어울리나요?",실제로 퇴사한다면 어느 쪽일 것 같아요?,,,,
750,774,가치관,1,D. 우수(레퍼런스),4,3,1,바빠서 지치는 것과 한가해서 지치는 것 중 뭐가 더 버거운가요?,바빠서 지치는 것과 한가해서 지치는 것 중 뭐가 더 버거운가요?,False,유지,성과 우수 (평균보다 확실히 높음),,,,,,,,바빠서든 심심해서든 지치는 건 다 힘들어요.,"몸이 지치는 것과 마음이 지치는 것, 뭐가 버거운가요?",요즘 나는 어느 쪽에 더 가까워요?,,새로움 추구,c,한가함이 버거움→자극 추구 / 바쁨이 버거움→안정 추구
751,775,가치관,2,B. 패턴 기반 수정 권장,0,0,0,배울 게 많은 상사와 편한 상사 중 누가 더 좋은가요?,배울 게 많은 사람과 편한 사람 중 누구와 함께하고 싶나요?,True,재작성,상사 전제,대상 일반화,함께 일하거나 공부할 때 편한 사람과 배울 게 많은 사람 중 누가 좋나요?,3.068005813083535,246.0,0.0456713534194809,,,편함과 배움 사이의 고민은 자연스러워요.,지금의 편안함과 나중의 성장 중 뭘 우선하나요?,지금 상사는 어느 쪽에 가까워요?,문구 변경 → 가이드 재작성 필요,가치·동기,c,배울 게 많은→성장 / 편한→안락
752,776,가치관,2,C. 유지·모니터링,2,2,0,확실한 10억과 반반 확률의 50억 중 뭐가 더 나은가요?,확실한 10억과 반반 확률의 50억 중 뭐가 더 나은가요?,False,유지,위험 요소 없음 (선호·성향·양자택일형 등),,,,,,,,확실함과 큰 가능성 사이 고민은 당연해요.,확실한 결과와 위험한 기대값 중 뭐가 편한가요?,그런 상황이면 실제로 뭘 고를 것 같아요?,,결정 방식,c,확실한 10억→위험 회피 / 50억 확률→위험 감수
753,777,가치관,2,C. 유지·모니터링,3,1,2,남 밑에서 편하게 일하는 것과 내 사업을 하는 것 중 뭐가 더 나은가요?,남 밑에서 편하게 일하는 것과 내 사업을 하는 것 중 뭐가 더 나은가요?,False,유지,위험 요소 없음 (선호·성향·양자택일형 등),,,,,,,,안정과 도전 사이에서 흔들리는 건 자연스러운 고민이에요.,"편한 안정감과 내 것을 만드는 성취감, 뭘 원하나요?",지금 일은 어느 쪽에 더 가까워요?,,가치·동기,c,편하게→안정 / 내 사업→자율·도전
754,778,가치관,2,C. 유지·모니터링,2,1,1,지금 당장 꿈의 직업과 매년 한 달 휴가 중 뭐가 더 나은가요?,지금 당장 꿈의 직업과 매년 한 달 휴가 중 뭐가 더 나은가요?,False,유지,위험 요소 없음 (선호·성향·양자택일형 등),,,,,,,,지금의 만족과 꾸준한 여유 사이 고민은 당연해요.,"정기적인 쉼과 지금 이루는 꿈, 뭘 우선하나요?",지금 일에서 더 아쉬운 쪽은 뭐예요?,,,,
755,779,가치관,2,B. 패턴 기반 수정 권장,0,0,0,존중하는 상사의 힘든 일과 무관심한 상사의 편한 일 중 뭐가 더 나은가요?,존중받으며 힘든 일을 하는 것과 무관심 속에 편한 일을 하는 것 중 뭐가 더 나은가요?,True,재작성,상사 전제 + 조건 복잡,대상 일반화 + 단순화,일할 때 인정받는 것과 편한 것 중 뭐가 더 중요한가요?,4.8346288616376025,223.0,0.0718934099020183,,,"존중받는 것과 편한 것, 둘 다 포기하기 아까운 가치예요.","압박 속 성장과 신경 안 쓰는 편안함, 뭘 원하나요?",지금 일은 어느 쪽에 가까워요?,문구 변경 → 가이드 재작성 필요,,,
756,780,가치관,2,E. 미노출(데이터 없음),0,0,0,아무도 몰라주는 최고와 존경받는 평범함 중 뭐가 더 만족스러운가요?,아무도 몰라주는 최고와 존경받는 평범함 중 뭐가 더 만족스러운가요?,False,유지,아직 노출 없음 · 위험 요소 없음,,,,,,,,인정받는 방식은 사람마다 다르게 느껴질 수 있어요.,"혼자 아는 실력과 남들이 알아주는 위치, 뭘 원하나요?",지금 나는 어느 쪽에 더 가까워요?,,가치·동기,c,최고→성취 내재 / 존경→사회적 인정
757,781,가치관,2,D. 우수(레퍼런스),4,4,0,개인적인 삶의 성공과 커리어의 성공 중 뭐가 더 중요한가요?,개인적인 삶의 성공과 커리어의 성공 중 뭐가 더 중요한가요?,False,유지,성과 우수 (평균보다 확실히 높음),,,,,,,,둘 다 인생에서 중요해서 고르기 어려워요.,"곁의 행복과 사회적 성취, 뭘 우선하나요?",지금 삶은 어느 쪽에 더 기울어져 있어요?,,가치·동기,c,개인의 삶→관계·여유 / 커리어→성취
758,782,가치관,1,C. 유지·모니터링,1,1,0,돈을 빚지는 것과 부탁을 빚지는 것 중 뭐가 더 부담스러운가요?,돈을 빚지는 것과 부탁을 빚지는 것 중 뭐가 더 부담스러운가요?,False,유지,위험 요소 없음 (선호·성향·양자택일형 등),,,,,,,,빚진 마음은 액수와 상관없이 무거워요.,"돈으로 갚을 부담과 마음으로 갚을 부담, 뭐가 무거운가요?",최근에 그런 상황 있었어요?,,관계 온도,c,부탁 빚이 부담→관계 부채 민감
759,783,가치관,2,D. 우수(레퍼런스),3,3,0,당장의 빚과 평생 이어지는 소득 한계 중 뭐가 더 견디기 쉬운가요?,당장의 빚과 평생 이어지는 소득 한계 중 뭐가 더 견디기 쉬운가요?,False,유지,성과 우수 (평균보다 확실히 높음),,,,,,,,"당장의 빚과 평생의 한계, 둘 다 부담스러운 선택이에요.","일시적 어려움과 계속되는 제한, 뭐가 견디기 쉬운가요?",지금 상황은 어느 쪽에 더 가까워요?,,,,
760,784,가치관,2,B. 패턴 기반 수정 권장,7,4,2,인간관계 없는 숲속의 고요함과 소란한 도시의 삶 중 뭐가 더 편안한가요?,인간관계 없는 숲속의 고요함과 소란한 도시의 삶 중 뭐가 더 편안한가요?,False,유지,'숲속' 등 특정 전제로 오탐. 관측 성과 양호(7회 중 4회),유지,,0.0,331.0,0.0,,특정 활동 전제,"고요함과 자극, 둘 다 나름의 매력이 있어요.",혼자만의 평온함과 사람들 속 활기 중 뭘 원하나요?,지금 사는 곳은 어느 쪽에 가까워요?,,에너지 방향,c,숲→내향 / 도시→외향
761,785,가치관,2,C. 유지·모니터링,2,1,0,평생 다달이 받는 200만 원과 지금 당장의 5억 중 뭐가 더 든든한가요?,평생 다달이 받는 200만 원과 지금 당장의 5억 중 뭐가 더 든든한가요?,False,유지,"40자 초과지만 양자택일형 (길이 효과는 유의하지 않음, 형식은 상위권)",,,,,,,,"당장의 목돈과 꾸준한 안정, 둘 다 매력적인 선택이에요.","평생의 안정감과 당장의 목돈, 뭘 원하나요?",그런 상황이면 실제로 뭘 고를 것 같아요?,,,,
762,786,가치관,2,C. 유지·모니터링,1,0,0,한 사람을 깊이 돕는 것과 백 명을 조금씩 돕는 것 중 뭐가 더 의미 있나요?,한 사람을 깊이 돕는 것과 백 명을 조금씩 돕는 것 중 뭐가 더 의미 있나요?,False,유지,"40자 초과지만 양자택일형 (길이 효과는 유의하지 않음, 형식은 상위권)",,,,,,,,돕는 방식이 다를 뿐 둘 다 의미 있는 선택이에요.,"깊은 도움과 넓게 퍼지는 도움, 뭐가 가치 있나요?",실제로 그렇게 도와본 적 있어요?,,가치·동기,c,한 사람 깊이→관계 깊이 / 백 명→영향력
763,787,가치관,2,C. 유지·모니터링,3,1,0,위안이 되는 거짓말과 불편한 진실 중 뭐가 더 나은가요?,위안이 되는 거짓말과 불편한 진실 중 뭐가 더 나은가요?,False,유지,위험 요소 없음 (선호·성향·양자택일형 등),,,,,,,,진실과 위안 사이에서 흔들리는 건 자연스러운 일이에요.,"불편해도 아는 것과 편안하게 모르는 것, 뭘 원하나요?",최근에 그런 순간 있었어요?,,관계 온도,c,위안 거짓말→조화 / 불편한 진실→정직
764,788,가치관,2,C. 유지·모니터링,4,2,2,후회 없는 20년과 후회 많은 50년 중 뭐가 더 나은가요?,후회 없는 20년과 후회 많은 50년 중 뭐가 더 나은가요?,False,유지,위험 요소 없음 (선호·성향·양자택일형 등),,,,,,,,삶의 길이와 만족감을 재는 건 무거운 고민이에요.,"짧아도 후회 없는 삶과 길어도 아쉬운 삶, 뭘 원하나요?",지금 삶은 어느 쪽에 더 가까워요?,,,,
765,789,가치관,2,E. 미노출(데이터 없음),0,0,0,짓지 않은 죄로 4년간 옥살이하는 것과 죄를 짓고 평생 불안하게 사는 것 중 뭐가 더 괴로운가요?,짓지 않은 죄로 4년간 옥살이하는 것과 죄를 짓고 평생 불안하게 사는 것 중 뭐가 더 괴로운가요?,False,유지,"40자 초과지만 양자택일형 (길이 효과는 유의하지 않음, 형식은 상위권)",,,,,,,,"억울함과 죄책감, 둘 다 견디기 힘든 무게예요.","정해진 억울함과 끝없는 불안, 뭐가 더 힘든가요?","그런 상상, 해본 적 있어요?",,,,
766,790,가치관,2,C. 유지·모니터링,1,0,1,10년만 버티고 은퇴하는 끔찍한 일과 평생 할 꿈의 직업 중 뭐가 더 나은가요?,10년만 버티고 은퇴하는 끔찍한 일과 평생 할 꿈의 직업 중 뭐가 더 나은가요?,False,유지,"40자 초과지만 양자택일형 (길이 효과는 유의하지 않음, 형식은 상위권)",,,,,,,,"당장의 만족과 나중의 자유, 둘 다 포기하기 아까운 가치예요.",지금의 즐거움과 앞으로의 여유 중 뭘 우선하나요?,지금 일은 어느 쪽에 가까워요?,,,,
767,791,가치관,2,E. 미노출(데이터 없음),0,0,0,보람 있게 열심히 일하는 삶과 편한 삶 중 뭐가 더 값진가요?,보람 있게 열심히 일하는 삶과 편한 삶 중 뭐가 더 값진가요?,False,유지,아직 노출 없음 · 위험 요소 없음,,,,,,,,일의 의미와 편안함 사이에서 고민하는 건 당연해요.,"노력한 보람과 애쓰지 않는 편안함, 뭘 원하나요?",지금 일은 어느 쪽에 더 가까워요?,,가치·동기,c,보람→성취·의미 / 편한 삶→안락
768,792,가치관,2,E. 미노출(데이터 없음),0,0,0,거저 받은 20억과 스스로 일군 50억 중 뭐가 더 값진가요?,거저 받은 20억과 스스로 일군 50억 중 뭐가 더 값진가요?,False,유지,아직 노출 없음 · 위험 요소 없음,,,,,,,,"주어진 것과 이뤄낸 것, 둘 다 나름의 의미가 있어요.","빠르게 얻는 여유와 스스로 만든 성취감, 뭘 원하나요?",그런 상황이면 실제로 어떨 것 같아요?,,,,
769,793,가치관,2,B. 패턴 기반 수정 권장,0,0,0,세상 문제에 책임감을 느끼는 삶과 신경 쓰지 않고 즐기는 삶 중 뭐가 더 나다운가요?,세상 문제에 책임감을 느끼는 삶과 신경 쓰지 않고 즐기는 삶 중 뭐가 더 나다운가요?,False,유지,'책임감' 오탐 가능. 노출 0회,유지 후 관찰,,0.0,412.0,0.0,,,책임감과 편안함 사이에서 갈등하는 건 당연한 일이에요.,세상에 대한 책임감과 나를 위한 삶 중 뭘 우선하나요?,요즘 나는 어느 쪽에 더 가까워요?,,가치·동기,c,책임감→보편주의 / 즐김→쾌락·자기방향
770,794,가치관,1,C. 유지·모니터링,4,2,1,가장 인기 있는 사람과 가장 똑똑한 사람 중 누가 더 되고 싶나요?,가장 인기 있는 사람과 가장 똑똑한 사람 중 누가 더 되고 싶나요?,False,유지,위험 요소 없음 (선호·성향·양자택일형 등),,,,,,,,"인기와 실력, 둘 다 매력적이라 고민돼요.","사람들과의 친밀함과 실력으로 얻는 인정, 뭘 원하나요?",지금 나는 어느 쪽으로 더 알려져 있어요?,,가치·동기,c,인기→사회적 인정 / 똑똑함→역량
771,795,가치관,1,C. 유지·모니터링,1,0,1,유명해지는 부와 조용한 부 중 뭐가 더 편안한가요?,유명해지는 부와 조용한 부 중 뭐가 더 편안한가요?,False,유지,위험 요소 없음 (선호·성향·양자택일형 등),,,,,,,,"관심을 받는 삶과 조용한 삶, 둘 다 나름의 장단점이 있어요.",사람들의 관심과 조용한 자유 중 뭘 원하나요?,"그런 삶, 상상해본 적 있어요?",,,,
772,796,가치관,2,E. 미노출(데이터 없음),0,0,0,크게 이룬 것 없는 만족스러운 삶과 이루고도 불만족스러운 삶 중 뭐가 더 나은가요?,크게 이룬 것 없는 만족스러운 삶과 이루고도 불만족스러운 삶 중 뭐가 더 나은가요?,False,유지,"40자 초과지만 양자택일형 (길이 효과는 유의하지 않음, 형식은 상위권)",,,,,,,,"만족감과 성취, 둘 다 놓치기 아까운 가치예요.",마음의 평온함과 눈에 보이는 성과 중 뭘 원하나요?,지금 삶은 어느 쪽에 더 가까워요?,,가치·동기,c,만족→행복 중심 / 성취→성취 중심
773,797,가치관,1,C. 유지·모니터링,4,1,2,같은 월급이면 몸을 움직이는 일과 사무직 중 뭐가 더 마음이 가나요?,같은 월급이면 몸을 움직이는 일과 사무직 중 뭐가 더 마음이 가나요?,False,유지,위험 요소 없음 (선호·성향·양자택일형 등),,,,,,,,"몸을 쓰는 일과 머리를 쓰는 일, 편한 쪽은 사람마다 달라요.","앉아서 집중하기와 움직이며 만들기, 뭘 원하나요?",지금 일은 어느 쪽에 가까워요?,,,,
774,798,가치관,2,C. 유지·모니터링,3,1,2,노숙자를 돕는 일과 아이들을 가르치는 일 중 뭐가 더 마음이 가나요?,노숙자를 돕는 일과 아이들을 가르치는 일 중 뭐가 더 마음이 가나요?,False,유지,위험 요소 없음 (선호·성향·양자택일형 등),,,,,,,,돕고 싶은 마음은 같아도 끌리는 방식은 다를 수 있어요.,"당장의 어려움과 미래를 바꾸는 것, 뭘 중요히 보나요?","그런 경험, 해본 적 있어요?",,,,
775,799,가치관,2,C. 유지·모니터링,2,2,0,짧더라도 부유한 삶과 길고 가난한 삶 중 뭐가 더 나에게 맞나요?,짧더라도 부유한 삶과 길고 가난한 삶 중 뭐가 더 나에게 맞나요?,False,유지,위험 요소 없음 (선호·성향·양자택일형 등),,,,,,,,"삶의 길이와 여유, 둘 다 쉽게 포기할 수 없는 가치예요.","짧아도 풍족한 삶과 길지만 빠듯한 삶, 뭘 원하나요?",그런 상황이면 실제로 어떨 것 같아요?,,,,
776,800,가치관,2,E. 미노출(데이터 없음),0,0,0,자유의지로 선택한 결과와 정해진 운명 중 뭐가 더 맞다고 믿나요?,자유의지로 선택한 결과와 정해진 운명 중 뭐가 더 맞다고 믿나요?,False,유지,아직 노출 없음 · 위험 요소 없음,,,,,,,,삶을 바라보는 방식은 경험에 따라 달라요.,내가 만들어가는 삶과 이미 그려진 삶 중 뭘 믿고 싶나요?,그렇게 믿게 된 계기가 있어요?,,,,
777,801,가치관,2,C. 유지·모니터링,2,1,1,"인간은 원래 착한 쪽인가요, 나쁜 쪽인가요?","인간은 원래 착한 쪽인가요, 나쁜 쪽인가요?",False,유지,위험 요소 없음 (선호·성향·양자택일형 등),,,,,,,,사람을 보는 시선은 겪어온 경험에 따라 달라요.,"사람에 대한 믿음과 경계심, 뭐가 편안한가요?",그렇게 생각하게 된 경험이 있어요?,,,,
778,802,가치관,2,C. 유지·모니터링,3,2,1,성격은 타고난 본성과 자란 환경 중 뭐가 더 크게 좌우하나요?,성격은 타고난 본성과 자란 환경 중 뭐가 더 크게 좌우하나요?,False,유지,위험 요소 없음 (선호·성향·양자택일형 등),,,,,,,,성격의 뿌리를 어디서 찾는지는 사람마다 달라요.,"타고난 기질과 자란 환경, 뭐가 나를 설명하나요?",그렇게 생각하게 된 계기가 있어요?,,,,
779,803,가치관,1,C. 유지·모니터링,1,1,0,촘촘한 계획과 순간의 마음을 따르는 것 중 뭐가 더 나에게 맞나요?,촘촘한 계획과 순간의 마음을 따르는 것 중 뭐가 더 나에게 맞나요?,False,유지,위험 요소 없음 (선호·성향·양자택일형 등),,,,,,,,"계획과 즉흥, 둘 다 나름의 방식으로 삶을 채워가요.","예측 가능한 안정감과 순간의 자유로움, 뭐가 편한가요?",최근에 그 방식대로 해본 적 있어요?,,계획·실행,c,촘촘한 계획→체계 / 마음 따름→즉흥
780,804,가치관,1,C. 유지·모니터링,2,2,0,미리 허락을 구하는 것과 일단 저지르는 것 중 뭐가 더 편한가요?,미리 허락을 구하는 것과 일단 저지르는 것 중 뭐가 더 편한가요?,False,유지,위험 요소 없음 (선호·성향·양자택일형 등),,,,,,,,"신중함과 과감함, 둘 다 상황에 따라 필요한 태도예요.","확실히 하고 움직이기와 일단 시도하기, 뭐가 나다운가요?",최근에 그렇게 해본 적 있어요?,,결정 방식,c,허락→신중·규범 / 저지름→실행·위험 감수
781,805,가치관,2,C. 유지·모니터링,1,1,0,다수를 위한 희생과 내 행복 중 뭐가 더 우선인가요?,다수를 위한 희생과 내 행복 중 뭐가 더 우선인가요?,False,유지,위험 요소 없음 (선호·성향·양자택일형 등),,,,,,,,"나를 지키는 것과 남을 살피는 것, 둘 다 중요해요.",나의 행복과 관계 속 역할 중 뭘 더 우선하나요?,최근에 그런 상황 있었어요?,,가치·동기,c,다수→이타 / 내 행복→자기 중심
782,806,가치관,2,C. 유지·모니터링,1,1,0,위험해도 자유로운 것과 안전을 위해 참는 것 중 뭐가 더 나에게 맞나요?,위험해도 자유로운 것과 안전을 위해 참는 것 중 뭐가 더 나에게 맞나요?,False,유지,위험 요소 없음 (선호·성향·양자택일형 등),,,,,,,,자유와 안전 사이의 균형은 누구에게나 어려운 고민이에요.,"마음껏 선택하는 자유와 흔들리지 않는 안정, 뭘 원하나요?",요즘 나는 어느 쪽에 더 가까워요?,,새로움 추구,c,자유→자극·자율 / 안전→안정
783,807,가치관,1,D. 우수(레퍼런스),3,2,1,편안함을 추구하는 삶과 끊임없이 애쓰는 삶 중 뭐가 더 나다운가요?,편안함을 추구하는 삶과 끊임없이 애쓰는 삶 중 뭐가 더 나다운가요?,False,유지,성과 우수 (평균보다 확실히 높음),,,,,,,,"편안함을 원하는 것도, 애쓰는 것도 다 나름의 이유가 있어요.",지금의 여유와 앞으로의 성장 중 뭘 우선하고 싶나요?,지금 나는 어느 쪽에 더 가까워요?,,가치·동기,c,편안함→안락 / 애씀→성취
784,808,가치관,1,E. 미노출(데이터 없음),0,0,0,한곳에 정착하는 삶과 계속 떠도는 삶 중 뭐가 더 어울리나요?,한곳에 정착하는 삶과 계속 떠도는 삶 중 뭐가 더 어울리나요?,False,유지,아직 노출 없음 · 위험 요소 없음,,,,,,,,"안정과 탐험, 둘 다 매력적인 삶의 방식이에요.","익숙함이 주는 편안함과 낯섦이 주는 설렘, 뭘 원하나요?",지금 삶은 어느 쪽에 더 가까워요?,,새로움 추구,c,정착→안정 / 떠돎→탐색
785,809,가치관,1,D. 우수(레퍼런스),5,3,1,무리에 자연스럽게 섞이는 것과 확실히 돋보이는 것 중 뭐가 더 편한가요?,무리에 자연스럽게 섞이는 것과 확실히 돋보이는 것 중 뭐가 더 편한가요?,False,유지,성과 우수 (평균보다 확실히 높음),,,,,,,,"어울림과 돋보임, 둘 다 관계에서 나름의 매력이 있어요.","자연스럽게 섞이는 편안함과 눈에 띄는 존재감, 뭘 원하나요?",평소 모임에서는 어느 쪽에 가까워요?,,에너지 방향,c,섞임→조화·비노출 / 돋보임→주목 추구
786,810,가치관,1,C. 유지·모니터링,1,0,1,여러 분야를 두루 하는 것과 한 우물 파는 것 중 뭐가 더 나에게 맞나요?,여러 분야를 두루 하는 것과 한 우물 파는 것 중 뭐가 더 나에게 맞나요?,False,유지,"40자 초과지만 양자택일형 (길이 효과는 유의하지 않음, 형식은 상위권)",,,,,,,,"넓이와 깊이, 둘 다 커리어에서 강점이 될 수 있어요.","경험의 폭과 하나에 집중하는 전문성, 뭘 원하나요?",지금 커리어는 어느 쪽에 가까워요?,,새로움 추구,c,두루→폭넓은 탐색 / 한 우물→깊이
787,811,가치관,2,B. 패턴 기반 수정 권장,0,0,0,학교에서 배운 것과 직접 부딪힌 경험 중 뭐가 더 크게 남나요?,책으로 배운 것과 직접 부딪혀 배운 것 중 뭐가 더 크게 남나요?,True,재작성,학교 전제 (성인은 오래된 기억),대상 일반화,"직접 해봐야 아는 편인가요, 먼저 알아보는 편인가요?",-0.2133537080159675,413.0,0.0,,특정 활동 전제,배움의 방식은 사람마다 다르게 몸에 새겨져요.,"정리된 지식과 몸으로 겪은 깨달음, 뭐가 오래 남나요?","가장 크게 배웠던 순간, 기억나요?",문구 변경 → 가이드 재작성 필요,결정 방식,c,책→이론·분석 / 부딪힘→경험·실행
788,812,가치관,1,C. 유지·모니터링,1,0,0,남의 조언을 받아들이는 것과 내 판단만 믿는 것 중 뭐가 더 나은가요?,남의 조언을 받아들이는 것과 내 판단만 믿는 것 중 뭐가 더 나은가요?,False,유지,위험 요소 없음 (선호·성향·양자택일형 등),,,,,,,,조언을 대하는 태도는 나에 대한 믿음을 보여줘요.,"다른 시선을 받아들이는 유연함과 나를 믿는 확신, 뭘 지키나요?",최근에 그렇게 해본 적 있어요?,,결정 방식,c,조언 수용→개방 / 내 판단→자기 확신
789,813,가치관,1,C. 유지·모니터링,4,1,2,관계 문제는 커플 상담과 자기계발서 중 뭐가 더 효과적인가요?,관계 문제는 커플 상담과 자기계발서 중 뭐가 더 효과적인가요?,False,유지,위험 요소 없음 (선호·성향·양자택일형 등),,,,,,,,문제를 해결하는 방식은 사람마다 달라요.,전문가의 도움과 스스로 찾는 답 중 뭘 믿고 싶나요?,실제로 그런 방법 써본 적 있어요?,,,,
790,814,가치관,1,C. 유지·모니터링,1,1,0,번 돈은 저축하는 것과 아낌없이 쓰는 것 중 뭐가 더 나다운가요?,번 돈은 저축하는 것과 아낌없이 쓰는 것 중 뭐가 더 나다운가요?,False,유지,위험 요소 없음 (선호·성향·양자택일형 등),,,,,,,,돈을 대하는 태도는 가치관에 따라 달라요.,미래를 위한 대비와 지금의 만족 중 뭘 중요히 보나요?,요즘도 그 습관 그대로예요?,,계획·실행,c,저축→지연 보상 / 소비→즉시 만족
791,815,가치관,2,C. 유지·모니터링,1,1,0,항상 솔직히 말하는 것과 돌려 말하는 것 중 뭐가 더 나에게 맞나요?,항상 솔직히 말하는 것과 돌려 말하는 것 중 뭐가 더 나에게 맞나요?,False,유지,위험 요소 없음 (선호·성향·양자택일형 등),,,,,,,,솔직함과 배려 사이 고민은 관계를 소중히 여긴다는 뜻이에요.,"있는 그대로의 진실과 배려, 뭘 우선하나요?",최근에 그렇게 말해본 적 있어요?,,관계 온도,c,솔직→직설 / 돌려→완곡
792,816,가치관,1,C. 유지·모니터링,2,1,1,사람을 만나면 일단 믿는 것과 의심하는 것 중 뭐가 더 나에게 맞나요?,사람을 만나면 일단 믿는 것과 의심하는 것 중 뭐가 더 나에게 맞나요?,False,유지,위험 요소 없음 (선호·성향·양자택일형 등),,,,,,,,사람을 대하는 태도는 겪어온 경험에 따라 만들어져요.,"먼저 믿는 마음과 스스로 지키는 경계심, 뭐가 편한가요?","그 태도, 언제부터 그랬어요?",,관계 온도,c,믿음→신뢰 기본값 / 의심→경계
793,817,가치관,2,E. 미노출(데이터 없음),0,0,0,돈은 하나로 합치는 것과 각자 독립을 지키는 것 중 뭐가 더 편한가요?,돈은 하나로 합치는 것과 각자 독립을 지키는 것 중 뭐가 더 편한가요?,False,유지,아직 노출 없음 · 위험 요소 없음,,,,,,,,돈을 나누는 방식은 관계에 대한 생각만큼이나 다양해요.,"하나로 합치는 것과 각자 영역 지키기, 뭘 원하나요?",지금 관계에서도 그 방식이에요?,,친밀감 방식,c,합침→융합 / 독립→자율
794,818,가치관,2,C. 유지·모니터링,3,0,2,먼 미래를 계획하는 연애와 지금을 즐기는 연애 중 뭐가 더 편한가요?,먼 미래를 계획하는 연애와 지금을 즐기는 연애 중 뭐가 더 편한가요?,False,유지,위험 요소 없음 (선호·성향·양자택일형 등),,,,,,,,미래를 그리는 속도는 사람마다 다르게 편안해요.,"장기적 계획의 안정감과 지금의 자유로움, 뭘 원하나요?",지금 연애도 그 방식이에요?,,,,
795,819,가치관,2,C. 유지·모니터링,1,1,0,열정 넘치는 삶과 평온한 삶 중 뭐가 더 끌리나요?,열정 넘치는 삶과 평온한 삶 중 뭐가 더 끌리나요?,False,유지,위험 요소 없음 (선호·성향·양자택일형 등),,,,,,,,짜릿함과 평온함 둘 다 놓치기 아까워요.,"기복 있게 진하게, 아니면 잔잔하게 편안하게?",지금 삶은 어느 쪽에 더 가까워요?,,새로움 추구,c,열정→자극 / 평온→안정
796,820,가치관,2,C. 유지·모니터링,1,1,0,지금 가진 것에 만족하는 것과 더 원하는 것 중 뭐가 더 나다운가요?,지금 가진 것에 만족하는 것과 더 원하는 것 중 뭐가 더 나다운가요?,False,유지,위험 요소 없음 (선호·성향·양자택일형 등),,,,,,,,만족과 욕심 사이에서 다들 흔들려요.,"지금 이 순간, 더 갖고 싶은 게 많나요?",요즘 나는 어느 쪽에 더 가까워요?,,가치·동기,c,만족→수용 / 더 원함→성취 욕구
797,821,가치관,2,C. 유지·모니터링,2,2,0,역사에 이름을 남기는 삶과 행복한 평범함 중 뭐가 더 나은가요?,역사에 이름을 남기는 삶과 행복한 평범함 중 뭐가 더 나은가요?,False,유지,위험 요소 없음 (선호·성향·양자택일형 등),,,,,,,,특별함과 평범한 행복 둘 다 소중해요.,"이름을 남기는 것과 편안한 것, 뭐가 끌리나요?",요즘 그런 생각 해본 적 있어요?,,가치·동기,c,이름 남기기→성취·명예 / 평범한 행복→안락
798,822,가치관,2,B. 패턴 기반 수정 권장,4,0,4,"지금 아니면 못 갈 것 같다면, 여행과 커리어 중 뭐가 더 끌리나요?",지금 하고 싶은 일과 해야 하는 일 중 무엇을 먼저 하나요?,True,재작성,여행·커리어 양쪽 전제 + 가정 조건이 앞에 붙어 복잡,조건 제거 + 일반화,한 달의 자유 시간이 생긴다면 여행과 자기계발 중 무엇을 고를까요?,2.5974948989723803,191.0,0.093742557992453,,,"지금이냐 나중이냐, 타이밍 고민은 어려워요.",지금 아니면 못 할 것 같은 건 어느 쪽인가요?,"그런 선택, 미뤄본 적 있어요?",문구 변경 → 가이드 재작성 필요,계획·실행,c,하고 싶은 일 먼저→즉시 만족 / 해야 하는 일 먼저→자기통제
799,823,가치관,2,C. 유지·모니터링,3,1,2,늘 옳은 결정을 내리는 힘과 실수에서 빨리 배우는 힘 중 뭐가 더 필요한가요?,늘 옳은 결정을 내리는 힘과 실수에서 빨리 배우는 힘 중 뭐가 더 필요한가요?,False,유지,"40자 초과지만 양자택일형 (길이 효과는 유의하지 않음, 형식은 상위권)",,,,,,,,완벽한 판단력도 회복력도 다 갖고 싶어요.,"실수 안 하기와 빨리 딛고 일어서기, 뭐가 현실적인가요?",돌아보면 나는 어느 쪽에 더 가까웠어요?,,결정 방식,c,옳은 결정→완벽 지향 / 빨리 배움→성장 지향
800,824,가치관,2,D. 우수(레퍼런스),3,3,0,"단 하나만 고를 수 있다면, 세상을 지키는 것과 나 자신을 지키는 것 중 뭐가 더 끌리나요?","단 하나만 고를 수 있다면, 세상을 지키는 것과 나 자신을 지키는 것 중 뭐가 더 끌리나요?",False,유지,성과 우수 (평균보다 확실히 높음),,,,,,,,이타심과 자기 보호 사이 고민은 쉽지 않아요.,"내 선택의 기준이 나인가요, 세상인가요?",평소 내 선택도 그 기준이에요?,,,,
801,825,가치관,2,D. 우수(레퍼런스),4,4,0,내 의도와 행동 중 뭐가 더 중요하게 평가받길 바라나요?,내 의도와 행동 중 뭐가 더 중요하게 평가받길 바라나요?,False,유지,성과 우수 (평균보다 확실히 높음),,,,,,,,마음을 알아주길 바라는 것도 이해돼요.,"몰라준 의도와 인정 못 받은 행동, 뭐가 아쉬웠나요?",남을 평가할 때 나는 어느 쪽을 더 봐요?,,,,
802,826,가치관,2,B. 패턴 기반 수정 권장,2,0,1,망해가는 회사의 사장과 잘나가는 대기업의 평사원 중 뭐가 더 편한가요?,작은 곳의 리더와 큰 곳의 구성원 중 뭐가 더 편한가요?,True,재작성,회사 전제,상황 일반화,이끄는 역할과 돕는 역할 중 나에게 더 맞는 것은 무엇인가요?,8.099835797242354,151.0,0.1410664286786173,,,책임의 무게와 안정감 사이 고민은 흔해요.,"내가 원하는 건 결정권인가요, 안정감인가요?",지금 일에서 부족한 건 어느 쪽이에요?,문구 변경 → 가이드 재작성 필요,가치·동기,c,작은 곳 리더→주도 / 큰 곳 구성원→소속·안정
803,827,가치관,2,C. 유지·모니터링,2,0,1,외로운 천재와 단순해도 행복한 사람 중 누가 더 나에게 가깝나요?,외로운 천재와 단순해도 행복한 사람 중 누가 더 나에게 가깝나요?,False,유지,위험 요소 없음 (선호·성향·양자택일형 등),,,,,,,,인정받는 것과 마음 편한 것 둘 다 매력적이에요.,"내 행복의 기준은 이해인가요, 평온인가요?",지금 나는 어느 쪽이 더 그리워요?,,에너지 방향,c,외로운 천재→성취 / 행복한 사람→관계·행복
804,828,가치관,2,E. 미노출(데이터 없음),0,0,0,연봉이 두 배로 오르는 것과 1년 유급 휴가 중 뭐가 더 좋은가요?,연봉이 두 배로 오르는 것과 1년 유급 휴가 중 뭐가 더 좋은가요?,False,유지,아직 노출 없음 · 위험 요소 없음,,,,,,,,돈과 시간 둘 다 놓치기 아까운 자원이에요.,"지금 더 부족한 건 돈인가요, 시간인가요?",그렇게 되면 뭐부터 하고 싶어요?,,가치·동기,c,연봉→물질 / 휴가→여유·경험
805,829,가치관,2,C. 유지·모니터링,1,0,1,일 안 해도 빠듯한 삶과 힘들어도 여유로운 삶 중 뭐가 더 나은가요?,일 안 해도 빠듯한 삶과 힘들어도 여유로운 삶 중 뭐가 더 나은가요?,False,유지,위험 요소 없음 (선호·성향·양자택일형 등),,,,,,,,자유로운 시간과 경제적 여유 다 아까워요.,"내 만족은 시간의 자유인가요, 돈의 여유인가요?",지금 더 갈망하는 건 어느 쪽이에요?,,,,
806,830,가치관,2,E. 미노출(데이터 없음),0,0,0,혼자 일하는 것과 팀으로 일하는 것 중 뭐가 더 잘 맞나요?,혼자 일하는 것과 팀으로 일하는 것 중 뭐가 더 잘 맞나요?,False,유지,아직 노출 없음 · 위험 요소 없음,,,,,,,,혼자도 함께도 둘 다 존중받을 방식이에요.,"에너지가 채워지는 건 몰입인가요, 함께함인가요?",실제로 어느 환경에서 더 잘 해냈어요?,,에너지 방향,c,혼자→내향·독립 / 팀→외향·협업
807,831,가치관,2,B. 패턴 기반 수정 권장,1,0,1,야근 잦은 회사와 강도 높아도 칼퇴하는 회사 중 뭐가 더 끌리나요?,자주 늦게 끝나지만 여유로운 일과 빡빡해도 제시간에 끝나는 일 중 뭐가 더 끌리나요?,True,재작성,회사 전제,상황 일반화,"일과 삶의 경계가 확실한 게 좋나요, 유연한 게 좋나요?",4.201404215948024,253.0,0.0373003260791848,,,강도와 시간의 예측 가능성 둘 다 중요해요.,"하루를 지키는 건 강도인가요, 시간인가요?","퇴근 후 삶, 나한테 얼마나 중요해요?",문구 변경 → 가이드 재작성 필요,,,
808,832,가치관,2,C. 유지·모니터링,1,0,1,적은 월급에 좋아하는 일과 고액 연봉에 싫은 일 중 뭐가 더 만족스러운가요?,적은 월급에 좋아하는 일과 고액 연봉에 싫은 일 중 뭐가 더 만족스러운가요?,False,유지,"40자 초과지만 양자택일형 (길이 효과는 유의하지 않음, 형식은 상위권)",,,,,,,,돈과 좋아하는 일 사이에서 고민되는 건 당연해요.,"더 절실한 건 여유인가요, 즐거움인가요?",지금 일은 어느 쪽에 더 가까워요?,,가치·동기,c,좋아하는 일→내재 동기 / 고액 연봉→외적 보상
809,833,가치관,2,B. 패턴 기반 수정 권장,0,0,0,자유로운 프리랜서와 안정적인 직장인 중 누가 더 나에게 가깝나요?,자유로운 프리랜서와 안정적인 직장인 중 어느 쪽이 더 나에게 맞을까요?,True,경미 수정,직업 전제 (양자택일로는 무난),경미 수정,,-0.6385178570807559,414.0,0.0,,특정 활동 전제,자유와 안정 둘 다 포기하기 쉽지 않아요.,불확실함을 견딜 만큼 자유가 소중한가요?,지금 성향은 어느 쪽에 가까워요?,문구 변경 → 가이드 재작성 필요,가치·동기,c,프리랜서→자율 / 직장인→안정
810,834,가치관,1,C. 유지·모니터링,2,2,0,싫은 상사와 일하는 것과 친한 동료와 떨어지는 것 중 뭐가 더 나은가요?,싫은 상사와 일하는 것과 친한 동료와 떨어지는 것 중 뭐가 더 나은가요?,False,유지,위험 요소 없음 (선호·성향·양자택일형 등),,,,,,,특정 활동 전제,누구와 일하느냐가 하루의 질을 좌우해요.,"내 기분을 더 좌우하는 건 상사인가요, 동료인가요?",지금 직장에서 더 힘든 건 어느 쪽이에요?,,,,
811,835,가치관,2,C. 유지·모니터링,1,0,1,평생 야근하는 것과 연봉이 동결되는 것 중 뭐가 더 견딜 만한가요?,평생 야근하는 것과 연봉이 동결되는 것 중 뭐가 더 견딜 만한가요?,False,유지,위험 요소 없음 (선호·성향·양자택일형 등),,,,,,,,시간과 돈 둘 다 잃고 싶지 않아요.,"지키고 싶은 건 저녁 있는 삶인가요, 오르는 연봉인가요?",일에서 가장 아까운 건 어느 쪽이에요?,,,,
812,836,가치관,1,D. 우수(레퍼런스),3,2,1,하루 종일 말하는 것과 듣기만 하는 것 중 뭐가 더 나다운가요?,하루 종일 말하는 것과 듣기만 하는 것 중 뭐가 더 나다운가요?,False,유지,성과 우수 (평균보다 확실히 높음),,,,,,,,말하는 것도 듣는 것도 다 에너지가 필요해요.,"표현할 때 힘이 나나요, 들을 때 편안한가요?",평소 대화에서는 주로 어느 쪽이에요?,,에너지 방향,c,말하기→외향 / 듣기→내향
813,837,가치관,2,C. 유지·모니터링,1,1,0,인생의 목적을 지금 아는 것과 서서히 깨닫는 것 중 뭐가 더 나은가요?,인생의 목적을 지금 아는 것과 서서히 깨닫는 것 중 뭐가 더 나은가요?,False,유지,위험 요소 없음 (선호·성향·양자택일형 등),,,,,,,,조급함도 여유도 다 자연스러워요.,"지금 확신이 필요한가요, 여유가 있나요?",지금 나는 어느 쪽에 가까워요?,,,,
814,838,가치관,2,C. 유지·모니터링,1,0,1,죽어서 기억되는 것과 살아서 사랑받는 것 중 뭐가 더 소중한가요?,죽어서 기억되는 것과 살아서 사랑받는 것 중 뭐가 더 소중한가요?,False,유지,위험 요소 없음 (선호·성향·양자택일형 등),,,,,,,,넓은 기억과 깊은 사랑 다 삶의 의미예요.,"중요한 건 남겨질 이름인가요, 지금의 사랑인가요?",요즘 더 갈망하는 건 어느 쪽이에요?,,,,
815,839,가치관,2,C. 유지·모니터링,1,1,0,죽는 날짜를 아는 것과 모르는 것 중 뭐가 더 편안한가요?,죽는 날짜를 아는 것과 모르는 것 중 뭐가 더 편안한가요?,False,유지,위험 요소 없음 (선호·성향·양자택일형 등),,,,,,,,아는 것도 모르는 것도 다 두려움과 안심을 줘요.,"확실함이 나를 편하게 하나요, 불안하게 하나요?",그거 알면 삶이 달라질 것 같아요?,,,,
816,840,가치관,2,C. 유지·모니터링,4,1,2,신중히 곱씹는 삶과 후회 없이 실수하는 삶 중 뭐가 더 나다운가요?,신중히 곱씹는 삶과 후회 없이 실수하는 삶 중 뭐가 더 나다운가요?,False,유지,위험 요소 없음 (선호·성향·양자택일형 등),,,,,,,,실수의 자유로움도 신중함의 안정감도 삶의 방식이에요.,"더 무거운 짐은 실수인가요, 못 한 후회인가요?",지금까지 나는 어느 쪽에 가까웠어요?,,결정 방식,c,곱씹는 삶→숙고 / 실수하는 삶→실행
817,841,가치관,1,E. 미노출(데이터 없음),0,0,0,100년 전 과거와 100년 후 미래 중 뭐가 더 궁금한가요?,100년 전 과거와 100년 후 미래 중 뭐가 더 궁금한가요?,False,유지,아직 노출 없음 · 위험 요소 없음,,,,,,,,과거도 미래도 다 호기심을 자극해요.,"그리운 건 뿌리인가요, 궁금한 건 가능성인가요?","그 답, 내가 뭘 더 신경 쓰는지랑 관련있을까요?",,,,
818,842,가치관,2,C. 유지·모니터링,1,1,0,다 기억하는 삶과 원할 때 잊는 삶 중 뭐가 더 좋은가요?,다 기억하는 삶과 원할 때 잊는 삶 중 뭐가 더 좋은가요?,False,유지,위험 요소 없음 (선호·성향·양자택일형 등),,,,,,,,다 기억하고 싶은 마음도 잊고 싶은 순간도 자연스러워요.,"다 남겨두고 싶은가요, 필요할 때 지우고 싶은가요?",지금 나는 어느 쪽에 더 가까워요?,,,,
819,843,가치관,2,C. 유지·모니터링,1,1,0,사람들의 속마음을 아는 것과 모르는 것 중 뭐가 더 편안한가요?,사람들의 속마음을 아는 것과 모르는 것 중 뭐가 더 편안한가요?,False,유지,위험 요소 없음 (선호·성향·양자택일형 등),,,,,,,,진실과 마음의 평화 둘 다 아까워요.,진실을 감당할 준비가 되어 있나요?,"궁금한 누군가의 속마음, 정말 알고 싶어요?",,감정 민감도,c,아는 게 편함→불확실성 불편 / 모르는 게 편함→평가 회피
820,844,가치관,2,C. 유지·모니터링,4,2,2,남의 마음을 읽는 것과 내 마음을 나누는 것 중 뭐가 더 하고 싶나요?,남의 마음을 읽는 것과 내 마음을 나누는 것 중 뭐가 더 하고 싶나요?,False,유지,위험 요소 없음 (선호·성향·양자택일형 등),,,,,,,,알고 싶은 마음과 표현하고 싶은 마음 다 중요해요.,"더 답답한 건 표현 못함인가요, 모름인가요?",지금 더 필요한 건 어느 쪽이에요?,,친밀감 방식,c,읽기→관찰형 / 나누기→표현형
821,845,가치관,2,C. 유지·모니터링,1,1,0,두려움을 없애는 것과 강점을 키우는 것 중 뭐가 더 끌리나요?,두려움을 없애는 것과 강점을 키우는 것 중 뭐가 더 끌리나요?,False,유지,위험 요소 없음 (선호·성향·양자택일형 등),,,,,,,,약점을 지우는 것도 강점을 키우는 것도 성장이에요.,더 자유롭게 하는 건 뭔가요?,지금 나를 붙잡는 건 어느 쪽이에요?,,가치·동기,c,두려움 없애기→약점 보완 / 강점 키우기→강점 지향
822,846,가치관,2,C. 유지·모니터링,4,3,1,내 무의식을 다 아는 것과 미스터리로 남겨두는 것 중 뭐가 더 끌리나요?,내 무의식을 다 아는 것과 미스터리로 남겨두는 것 중 뭐가 더 끌리나요?,False,유지,위험 요소 없음 (선호·성향·양자택일형 등),,,,,,,,나를 다 알고 싶은 마음도 신비로 두고 싶은 마음도 있어요.,"나를 이해하는 게 자유를 주나요, 부담이 되나요?",요즘 나 자신에 대해 가장 궁금한 게 뭐예요?,,,,
823,847,가치관,2,C. 유지·모니터링,3,2,1,확고한 정체성과 계속 변하는 자유 중 뭐가 더 나에게 가깝나요?,확고한 정체성과 계속 변하는 자유 중 뭐가 더 나에게 가깝나요?,False,유지,위험 요소 없음 (선호·성향·양자택일형 등),,,,,,,,확고한 정체성도 변화할 자유도 매력적이에요.,"안정감이 필요한가요, 변화의 여지가 필요한가요?",지금 나는 나 자신을 얼마나 확신해요?,,자기 인식,c,확고한 정체성→안정 / 변하는 자유→유연
824,848,가치관,2,C. 유지·모니터링,3,1,2,한 달을 슬퍼하고 달라지는 것과 1년을 무감각하게 사는 것 중 뭐가 더 나은가요?,한 달을 슬퍼하고 달라지는 것과 1년을 무감각하게 사는 것 중 뭐가 더 나은가요?,False,유지,"40자 초과지만 양자택일형 (길이 효과는 유의하지 않음, 형식은 상위권)",,,,,,,,고통을 견딘 성장도 무덤덤함도 이해돼요.,"나를 바꾸는 건 아픔인가요, 시간인가요?","나를 가장 크게 바꾼 감정, 뭐였어요?",,감정 민감도,c,슬퍼하고 달라짐→정서 수용 / 무감각→회피
825,849,가치관,2,C. 유지·모니터링,2,0,1,거짓말을 항상 알아채는 것과 전혀 못 알아채는 것 중 뭐가 더 나은가요?,거짓말을 항상 알아채는 것과 전혀 못 알아채는 것 중 뭐가 더 나은가요?,False,유지,위험 요소 없음 (선호·성향·양자택일형 등),,,,,,,,다 아는 것도 모르는 것도 다 이유가 있어요.,"진실을 아는 게 관계를 지켜주나요, 힘들게 하나요?",거짓말 알아챘을 때 어떻게 했어요?,,,,
826,850,가치관,2,C. 유지·모니터링,2,0,2,아픈 진실을 말하는 것과 자비로운 거짓말을 하는 것 중 뭐가 더 옳은가요?,아픈 진실을 말하는 것과 자비로운 거짓말을 하는 것 중 뭐가 더 옳은가요?,False,유지,"40자 초과지만 양자택일형 (길이 효과는 유의하지 않음, 형식은 상위권)",,,,,,,,진실과 배려 사이 고민은 누구나 겪어요.,"상대에게 필요한 건 사실인가요, 위로인가요?",최근에 그런 상황 있었어요?,,관계 온도,c,아픈 진실→정직 / 자비로운 거짓말→배려
827,851,가치관,2,C. 유지·모니터링,2,1,1,"평소 '법을 어기더라도 불의에 맞서야 한다'고 생각하시나요, 아니면 '부당해도 법은 지켜야 한다'고 생각하시나요?","불의에 맞서려면 법을 어겨도 되나요, 부당해도 법은 지켜야 하나요?",True,재작성,문장 매우 김(60자+) + 어조 불일치('생각하시나요'),짧게 + 어조 통일,정의와 규칙 중 뭐가 더 중요한가요?,9.137188166626103,135.0,0.1632608862248837,,,규칙과 정의 사이 갈등은 답하기 어려워요.,"중요한 건 질서인가요, 옳음인가요?","그 기준, 언제부터 그랬어요?",문구 변경 → 가이드 재작성 필요,,,
828,852,가치관,2,C. 유지·모니터링,1,0,1,무고한 사람을 벌하는 것과 죄인을 풀어주는 것 중 뭐가 더 나은가요?,무고한 사람을 벌하는 것과 죄인을 풀어주는 것 중 뭐가 더 나은가요?,False,유지,위험 요소 없음 (선호·성향·양자택일형 등),,,,,,,,어느 쪽도 마음 무거운 딜레마예요.,"더 두려운 실수는 벌함인가요, 놓침인가요?","그런 상상, 해본 적 있어요?",,,,
829,853,가치관,2,C. 유지·모니터링,6,3,2,하지 않은 일로 인정받는 것과 억울하게 비난받는 것 중 뭐가 더 불편한가요?,하지 않은 일로 인정받는 것과 억울하게 비난받는 것 중 뭐가 더 불편한가요?,False,유지,"40자 초과지만 양자택일형 (길이 효과는 유의하지 않음, 형식은 상위권)",,,,,,,,말도 안 되는 인정도 비난도 둘 다 불편해요.,"더 괴로운 건 부풀린 칭찬인가요, 억울한 오해인가요?",그런 상황이면 바로잡으려 할 것 같아요?,,,,
830,854,가치관,2,C. 유지·모니터링,1,0,1,결과를 미리 아는 것과 모른 채 결정하는 것 중 뭐가 더 나은가요?,결과를 미리 아는 것과 모른 채 결정하는 것 중 뭐가 더 나은가요?,False,유지,위험 요소 없음 (선호·성향·양자택일형 등),,,,,,,,확신도 설렘도 다 자연스러운 바람이에요.,"중요한 건 안전한 확신인가요, 긴장감인가요?","미리 알았으면 좋았을 선택, 있었어요?",,,,
831,855,가치관,2,C. 유지·모니터링,2,0,0,경직돼도 공정한 법과 유연해서 가끔 불공정한 법 중 뭐가 더 옳다고 생각하나요?,경직돼도 공정한 법과 유연해서 가끔 불공정한 법 중 뭐가 더 옳다고 생각하나요?,False,유지,"40자 초과지만 양자택일형 (길이 효과는 유의하지 않음, 형식은 상위권)",,,,,,,,원칙과 융통성의 균형은 관점마다 달라요.,"중요한 건 예외 없는 공정함인가요, 유연함인가요?","그 기준, 평소에도 그래요?",,,,
832,856,가치관,2,E. 미노출(데이터 없음),0,0,0,의미 없는 큰 성공과 좋아하는 일로 이룬 성공 중 뭐가 더 끌리나요?,의미 없는 큰 성공과 좋아하는 일로 이룬 성공 중 뭐가 더 끌리나요?,False,유지,아직 노출 없음 · 위험 요소 없음,,,,,,,,성공의 크기와 의미 둘 다 놓치기 아까워요.,"성공은 규모인가요, 만족감인가요?",지금 내 일은 어느 쪽에 가까워요?,,,,
833,857,가치관,1,C. 유지·모니터링,2,2,0,과거를 바꾸는 능력과 미래를 보는 능력 중 뭐가 더 갖고 싶나요?,과거를 바꾸는 능력과 미래를 보는 능력 중 뭐가 더 갖고 싶나요?,False,유지,위험 요소 없음 (선호·성향·양자택일형 등),,,,,,,,"바꾸고 싶은 마음과 알고 싶은 마음, 둘 다 자연스러워요.","후회를 되돌리는 것과 미리 대비하는 것, 뭐가 끌리나요?",지금 더 끌리는 건 어느 쪽이에요?,,,,
834,858,가치관,2,C. 유지·모니터링,1,1,0,기억 없이 행복한 삶과 힘들어도 다 기억하는 삶 중 뭐가 더 끌리나요?,기억 없이 행복한 삶과 힘들어도 다 기억하는 삶 중 뭐가 더 끌리나요?,False,유지,위험 요소 없음 (선호·성향·양자택일형 등),,,,,,,,"행복과 기억, 둘 다 포기하기 아까운 삶의 조각이에요.","지금의 행복과 나를 이루는 기억, 뭐가 소중한가요?",지금 나는 어느 쪽을 더 중요하게 여겨요?,,,,
835,859,가치관,1,C. 유지·모니터링,3,1,2,우주의 비밀과 내 선택의 결과 중 뭐가 더 궁금한가요?,우주의 비밀과 내 선택의 결과 중 뭐가 더 궁금한가요?,False,유지,위험 요소 없음 (선호·성향·양자택일형 등),,,,,,,,"세상에 대한 호기심과 내 삶에 대한 궁금함, 둘 다 자연스러워요.","바깥 세계와 내 앞날, 뭐가 더 절실한가요?",평소에도 그런 게 더 궁금해요?,,,,
836,860,가치관,2,C. 유지·모니터링,2,1,1,안 한 일로 기억되는 것과 한 일이 잊히는 것 중 뭐가 더 억울한가요?,안 한 일로 기억되는 것과 한 일이 잊히는 것 중 뭐가 더 억울한가요?,False,유지,위험 요소 없음 (선호·성향·양자택일형 등),,,,,,,,"오해로 남는 것과 인정받지 못하는 것, 둘 다 속상하죠.","왜곡된 기억과 지워진 진실, 뭐가 더 견디기 힘든가요?","그런 상황, 겪어본 적 있어요?",,,,
837,861,가치관,2,C. 유지·모니터링,1,0,0,아이 같은 순수한 시선과 어른의 지혜 중 뭐가 더 갖고 싶나요?,아이 같은 순수한 시선과 어른의 지혜 중 뭐가 더 갖고 싶나요?,False,유지,위험 요소 없음 (선호·성향·양자택일형 등),,,,,,,,"순수함과 지혜, 둘 다 삶을 행복하게 하죠.","때 묻지 않은 시선과 경험에서 오는 지혜, 뭘 원하나요?",지금 나는 어느 쪽이 더 그리워요?,,,,
838,862,가치관,2,C. 유지·모니터링,1,1,0,완벽해도 가짜인 삶과 평범해도 진짜인 삶 중 뭐가 더 나은가요?,완벽해도 가짜인 삶과 평범해도 진짜인 삶 중 뭐가 더 나은가요?,False,유지,위험 요소 없음 (선호·성향·양자택일형 등),,,,,,,,"완벽함과 진짜임 사이 고민, 누구에게나 낯설지 않아요.","완벽하지만 가짜인 것과 부족해도 진짜인 것, 뭐가 중요한가요?",지금 삶은 어느 쪽에 더 가까워요?,,가치·동기,c,진짜→진정성 / 완벽한 가짜→이미지
839,863,가치관,2,C. 유지·모니터링,1,0,1,생각을 표현 못 하는 것과 조롱받는 것 중 뭐가 더 힘든가요?,생각을 표현 못 하는 것과 조롱받는 것 중 뭐가 더 힘든가요?,False,유지,위험 요소 없음 (선호·성향·양자택일형 등),,,,,,,,"말을 못 하게 되는 것과 비웃음당하는 것, 둘 다 상처가 돼요.","표현 못 하는 답답함과 거절당하는 아픔, 뭐가 두려운가요?","그런 상황, 겪어본 적 있어요?",,,,
840,864,가치관,2,E. 미노출(데이터 없음),0,0,0,"하나를 잃어야 한다면, 재산을 잃는 것과 기억을 잃는 것 중 뭐가 덜 두렵나요?","하나를 잃어야 한다면, 재산을 잃는 것과 기억을 잃는 것 중 뭐가 덜 두렵나요?",False,유지,"40자 초과지만 양자택일형 (길이 효과는 유의하지 않음, 형식은 상위권)",,,,,,,,"돈을 잃는 것과 나를 이루는 기억을 잃는 것, 둘 다 두려워요.","다시 쌓을 수 있는 것과 되찾을 수 없는 것, 뭐가 두려운가요?",그거 잃는다고 생각하면 뭐가 제일 먼저 떠올라요?,,,,
841,865,가치관,2,C. 유지·모니터링,2,0,2,거짓말을 알아채는 능력과 들키지 않는 능력 중 뭐가 더 탐나나요?,거짓말을 알아채는 능력과 들키지 않는 능력 중 뭐가 더 탐나나요?,False,유지,위험 요소 없음 (선호·성향·양자택일형 등),,,,,,,,"진실을 꿰뚫고 싶은 마음과 숨기고 싶은 마음, 둘 다 있죠.","타인을 파악하는 힘과 나를 지키는 힘, 뭐가 필요한가요?",요즘 둘 중 뭐가 더 신경쓰여요?,,,,
842,866,가치관,2,C. 유지·모니터링,2,0,2,꿈꾸던 일과 진정한 사랑 중 뭐가 더 이루고 싶나요?,꿈꾸던 일과 진정한 사랑 중 뭐가 더 이루고 싶나요?,False,유지,위험 요소 없음 (선호·성향·양자택일형 등),,,,,,,,"일의 성취와 사랑의 충만함, 둘 다 삶을 채우죠.",성취감과 사람들과의 끈끈함 중 지금 더 필요한 건 뭔가요?,지금 더 갈망하는 건 어느 쪽이에요?,,,,
843,867,가치관,2,C. 유지·모니터링,2,0,2,평범한 사람들 틈에서 돋보이는 삶과 천재들 틈에서 평범한 삶 중 뭐가 더 끌리나요?,평범한 사람들 틈에서 돋보이는 삶과 천재들 틈에서 평범한 삶 중 뭐가 더 끌리나요?,False,유지,"40자 초과지만 양자택일형 (길이 효과는 유의하지 않음, 형식은 상위권)",,,,,,,,"돋보이고 싶은 마음과 자극받고 싶은 마음, 둘 다 이해돼요.","인정받는 편안함과 자극받는 긴장감, 뭘 원하나요?",지금 있는 곳은 어느 쪽에 가까워요?,,,,
844,868,가치관,2,C. 유지·모니터링,1,0,1,"하나를 잃어야 한다면, 말하는 능력과 읽는 능력 중 뭐가 덜 아깝나요?","하나를 잃어야 한다면, 말하는 능력과 읽는 능력 중 뭐가 덜 아깝나요?",False,유지,위험 요소 없음 (선호·성향·양자택일형 등),,,,,,,,"표현하는 힘과 받아들이는 힘, 둘 다 소중한 능력이죠.","내 생각을 전하는 것과 세상을 이해하는 것, 뭘 포기 못 하나요?",지금 뭘 더 자주 써요?,,,,
845,869,가치관,2,C. 유지·모니터링,1,0,0,10년의 감옥살이와 20년의 혼수상태 중 뭐가 더 견딜 만한가요?,10년의 감옥살이와 20년의 혼수상태 중 뭐가 더 견딜 만한가요?,False,유지,위험 요소 없음 (선호·성향·양자택일형 등),,,,,,,,둘 다 시간을 잃는 상상이라 답하기 어렵죠.,"갇힌 의식의 시간과 사라진 시간, 뭐가 견딜 만한가요?",상상만 해도 아찔하지 않아요?,,,,
846,870,가치관,1,C. 유지·모니터링,1,0,1,웃긴 사람과 똑똑한 사람 중 누가 더 끌리나요?,웃긴 사람과 똑똑한 사람 중 누가 더 끌리나요?,False,유지,위험 요소 없음 (선호·성향·양자택일형 등),,,,,,,,"웃음을 주는 매력과 똑똑함의 인정, 둘 다 매력적이죠.","분위기를 살리는 것과 존재감을 드러내는 것, 뭘 원하나요?",지금 곁에 그런 사람 있어요?,,,,
847,871,가치관,1,E. 미노출(데이터 없음),0,0,0,친절한 사람으로 남는 것과 똑똑한 사람으로 남는 것 중 뭐가 더 좋은가요?,친절한 사람으로 남는 것과 똑똑한 사람으로 남는 것 중 뭐가 더 좋은가요?,False,유지,"40자 초과지만 양자택일형 (길이 효과는 유의하지 않음, 형식은 상위권)",,,,,,,,"따뜻한 사람과 똑똑한 사람, 둘 다 듣고 싶은 평가죠.","따뜻하다는 인상과 똑똑하다는 인상, 뭘 원하나요?",지금 나는 어느 쪽으로 더 기억되고 있어요?,,가치·동기,c,친절→관계 가치 / 똑똑함→역량 가치
848,872,가치관,2,C. 유지·모니터링,1,0,1,다른 삶으로 태어나는 것과 기억을 지킨 채 환생하는 것 중 뭐가 더 하고 싶나요?,다른 삶으로 태어나는 것과 기억을 지킨 채 환생하는 것 중 뭐가 더 하고 싶나요?,False,유지,"40자 초과지만 양자택일형 (길이 효과는 유의하지 않음, 형식은 상위권)",,,,,,,,"새로운 시작과 지금의 나를 잇는 것, 둘 다 매력 있죠.","새로운 가능성과 지금의 나, 뭘 더 원하나요?",지금 삶에 얼마나 만족해요?,,,,
849,873,가치관,2,C. 유지·모니터링,2,1,0,속마음을 다 말하는 것과 평생 입을 다무는 것 중 뭐가 더 나은가요?,속마음을 다 말하는 것과 평생 입을 다무는 것 중 뭐가 더 나은가요?,False,유지,위험 요소 없음 (선호·성향·양자택일형 등),,,,,,,,"숨김없는 솔직함과 완전히 입을 다무는 것, 둘 다 극단적이죠.","다 드러내는 부담과 못 전하는 답답함, 뭐가 힘든가요?",지금 나는 어느 쪽에 더 가까워요?,,친밀감 방식,c,다 말함→개방 / 입 다묾→비공개
850,874,가치관,1,C. 유지·모니터링,1,0,1,"초능력이 생긴다면, 결정을 되돌리는 힘과 시간을 멈추는 힘 중 뭐가 더 탐나나요?","초능력이 생긴다면, 결정을 되돌리는 힘과 시간을 멈추는 힘 중 뭐가 더 탐나나요?",False,유지,"40자 초과지만 양자택일형 (길이 효과는 유의하지 않음, 형식은 상위권)",,,,,,,,"실수를 고치고 싶은 마음과 여유를 갖고 싶은 마음, 둘 다 있죠.","지난 선택을 바로잡는 것과 순간을 늘리는 것, 뭐가 필요한가요?",요즘 둘 중 뭐가 더 필요해요?,,,,
851,875,가치관,2,E. 미노출(데이터 없음),0,0,0,지금의 삶을 이어가는 것과 처음부터 다시 시작하는 것 중 뭐가 더 마음 편한가요?,지금의 삶을 이어가는 것과 처음부터 다시 시작하는 것 중 뭐가 더 마음 편한가요?,False,유지,"40자 초과지만 양자택일형 (길이 효과는 유의하지 않음, 형식은 상위권)",,,,,,,,"쌓아온 것과 새로 시작할 가능성, 둘 다 고민되죠.","지금의 나를 잇는 것과 다시 그리는 것, 뭘 원하나요?",지금 삶에 얼마나 만족해요?,,,,
852,876,가치관,2,E. 미노출(데이터 없음),0,0,0,항상 이해받는 것과 인정받는 것 중 뭐가 더 좋은가요?,항상 이해받는 것과 인정받는 것 중 뭐가 더 좋은가요?,False,유지,아직 노출 없음 · 위험 요소 없음,,,,,,,,"이해받고 싶은 마음과 인정받고 싶은 마음, 둘 다 소중하죠.","마음을 알아주는 것과 능력을 알아주는 것, 뭐가 갈망되나요?",지금 더 갈망하는 건 어느 쪽이에요?,,자기 인식,c,이해받음→정서적 공감 욕구 / 인정받음→성취 인정 욕구
853,877,가치관,2,D. 우수(레퍼런스),3,2,1,죽는 시점과 죽는 방식 중 뭐가 더 알고 싶나요?,죽는 시점과 죽는 방식 중 뭐가 더 알고 싶나요?,False,유지,성과 우수 (평균보다 확실히 높음),,,,,,,,"죽음을 미리 안다는 상상, 둘 다 무겁게 다가오죠.","시간의 끝과 방식, 뭘 더 대비하고 싶나요?",그거 알면 마음이 편해질 것 같아요?,,,,
854,878,가치관,2,E. 미노출(데이터 없음),0,0,0,항상 진실만 말하는 것과 남의 거짓말을 알아채는 것 중 뭐가 더 나은가요?,항상 진실만 말하는 것과 남의 거짓말을 알아채는 것 중 뭐가 더 나은가요?,False,유지,"40자 초과지만 양자택일형 (길이 효과는 유의하지 않음, 형식은 상위권)",,,,,,,,"나를 정직하게 만드는 것과 남을 꿰뚫어보는 것, 다른 방식의 진실함이죠.","내가 정직해지는 것과 남의 거짓을 아는 것, 뭘 원하나요?",지금 더 필요한 건 어느 쪽이에요?,,,,
855,879,가치관,2,C. 유지·모니터링,4,2,2,가장 행복할 날과 가장 불행할 날 중 뭐가 더 궁금한가요?,가장 행복할 날과 가장 불행할 날 중 뭐가 더 궁금한가요?,False,유지,위험 요소 없음 (선호·성향·양자택일형 등),,,,,,,,미리 아는 게 위로일지 부담일지 사람마다 달라요.,"기대하며 기다리는 것과 대비하며 기다리는 것, 뭐가 편한가요?",미리 알면 마음이 편해질 것 같아요?,,,,
856,880,가치관,2,D. 우수(레퍼런스),4,3,0,평온한 삶과 위험한 도전이 가득한 삶 중 뭐가 더 끌리나요?,평온한 삶과 위험한 도전이 가득한 삶 중 뭐가 더 끌리나요?,False,유지,성과 우수 (평균보다 확실히 높음),,,,,,,,"안정과 자극, 원하는 게 시기마다 달라지죠.","잔잔한 평온과 짜릿한 도전, 지금 뭐가 끌리나요?",지금 더 끌리는 건 어느 쪽이에요?,,새로움 추구,c,평온→안정 / 도전→자극 추구
857,881,가치관,2,C. 유지·모니터링,1,1,0,야생에서 사는 것과 감옥에서 사는 것 중 뭐가 덜 힘든가요?,야생에서 사는 것과 감옥에서 사는 것 중 뭐가 덜 힘든가요?,False,유지,위험 요소 없음 (선호·성향·양자택일형 등),,,,,,,,둘 다 자유롭지 못한 상상이라 답하기 어렵죠.,"거친 자유와 안전한 속박, 뭐가 견딜 만한가요?",상상만 해도 답답하지 않아요?,,,,
858,882,가치관,2,E. 미노출(데이터 없음),0,0,0,모든 걸 너무 진지하게 받아들이는 사람과 아무것도 진지하게 여기지 않는 사람 중 어떤 쪽이 되고 싶나요?,모든 걸 너무 진지하게 받아들이는 사람과 아무것도 진지하게 여기지 않는 사람 중 어떤 쪽이 되고 싶나요?,False,유지,"40자 초과지만 양자택일형 (길이 효과는 유의하지 않음, 형식은 상위권)",,,,,,,,"지나친 진지함과 무심함, 둘 다 균형을 잃은 모습이죠.","무거운 진지함과 가벼운 무심함, 뭘 경계하나요?",지금 나는 어느 쪽에 더 가까워요?,,,,
859,883,가치관,1,C. 유지·모니터링,2,1,0,늘 관심의 중심이 되는 것과 아무도 모르게 지내는 것 중 뭐가 더 끌리나요?,늘 관심의 중심이 되는 것과 아무도 모르게 지내는 것 중 뭐가 더 끌리나요?,False,유지,"40자 초과지만 양자택일형 (길이 효과는 유의하지 않음, 형식은 상위권)",,,,,,,,"주목받는 것과 조용히 지내는 것, 편한 정도가 다르죠.","시선을 받는 즐거움과 자유로운 익명성, 뭘 원하나요?",지금 나는 어느 쪽이 더 편해요?,,에너지 방향,c,관심의 중심→주목 추구 / 모르게→사적 선호
860,884,가치관,2,C. 유지·모니터링,1,0,1,수백 명이 깊이 읽는 것과 수백만 명이 스치듯 읽는 것 중 뭐가 더 뿌듯한가요?,수백 명이 깊이 읽는 것과 수백만 명이 스치듯 읽는 것 중 뭐가 더 뿌듯한가요?,False,유지,"40자 초과지만 양자택일형 (길이 효과는 유의하지 않음, 형식은 상위권)",,,,,,,,"깊이 남는 것과 널리 퍼지는 것, 창작자라면 둘 다 바라죠.","소수의 진한 울림과 다수의 가벼운 스침, 뭘 원하나요?","그런 반응, 실제로 겪어본 적 있어요?",,,,
861,885,가치관,2,C. 유지·모니터링,1,0,1,가난해도 행복한 삶과 부유해도 불행한 삶 중 뭐가 더 나은가요?,가난해도 행복한 삶과 부유해도 불행한 삶 중 뭐가 더 나은가요?,False,유지,위험 요소 없음 (선호·성향·양자택일형 등),,,,,,,,"돈과 행복, 둘 다 중요하지만 함께 안 갈 때도 있죠.","물질적 풍요와 마음의 만족, 뭘 진짜 원하나요?",지금 삶은 어느 쪽에 더 가까워요?,,,,
862,886,가치관,2,C. 유지·모니터링,1,0,0,생명을 만드는 힘과 없애는 힘 중 뭐가 더 부담스럽나요?,생명을 만드는 힘과 없애는 힘 중 뭐가 더 부담스럽나요?,False,유지,위험 요소 없음 (선호·성향·양자택일형 등),,,,,,,,둘 다 감당하기 무거운 힘이라 고민돼요.,만드는 무게인가요 아니면 없애는 무게인가요?,"그런 상상, 해본 적 있어요?",,,,
863,887,가치관,2,C. 유지·모니터링,2,0,2,완전히 이해받는 것과 있는 그대로라도 받아들여지는 것 중 뭐가 더 필요한가요?,완전히 이해받는 것과 있는 그대로라도 받아들여지는 것 중 뭐가 더 필요한가요?,False,유지,"40자 초과지만 양자택일형 (길이 효과는 유의하지 않음, 형식은 상위권)",,,,,,,,"이해와 받아들여짐, 둘 다 관계에서 우리가 바라는 것들이죠.","설명이 필요한가요, 필요 없는 관계가 좋은가요?",지금 관계에서 더 필요한 건 어느 쪽이에요?,,자기 인식,c,이해받음→공감 욕구 / 받아들여짐→수용 욕구
864,888,가치관,2,C. 유지·모니터링,2,1,1,후회 없이 사는 것과 두려움 없이 사는 것 중 뭐가 더 중요한가요?,후회 없이 사는 것과 두려움 없이 사는 것 중 뭐가 더 중요한가요?,False,유지,위험 요소 없음 (선호·성향·양자택일형 등),,,,,,,,둘 다 삶을 편하게 해줄 것 같아 고민되죠.,"지난 일의 미련인가요, 앞일의 두려움인가요?",지금 더 붙잡고 있는 감정은 어느 쪽이에요?,,,,
865,889,가치관,2,C. 유지·모니터링,1,0,1,도전과 안정 중 지금 뭐가 더 끌리나요?,도전과 안정 중 지금 뭐가 더 끌리나요?,False,유지,"'지금' (관측 1회 중 0회), 양자택일로 무난",유지,,0.0,342.0,0.0,,,삶의 방향은 시기마다 달라질 수 있어서 자연스러운 고민이에요.,"설렘의 활력인가요, 흔들리지 않는 편안함인가요?",지금 삶의 리듬은 어느 쪽에 가까워요?,,새로움 추구,c,도전→자극 / 안정→안전 (시기별 추적)
866,890,가치관,2,C. 유지·모니터링,1,0,1,가짜 모습으로 사랑받는 것과 미움받아도 진짜 나로 사는 것 중 뭐가 더 끌리나요?,가짜 모습으로 사랑받는 것과 미움받아도 진짜 나로 사는 것 중 뭐가 더 끌리나요?,False,유지,"40자 초과지만 양자택일형 (길이 효과는 유의하지 않음, 형식은 상위권)",,,,,,,,"인정받고 싶은 마음과 나답고 싶은 마음, 둘 다 소중해요.",사랑받는 게 우선인가요 아니면 진짜 나로 사는 게 우선인가요?,지금 나는 어느 쪽에 더 가까워요?,,자기 인식,c,진짜 나→진정성 / 사랑받음→인정 욕구
867,891,가치관,2,D. 우수(레퍼런스),4,3,1,완전한 자유와 무조건적인 권력 중 뭐가 더 갖고 싶나요?,완전한 자유와 무조건적인 권력 중 뭐가 더 갖고 싶나요?,False,유지,성과 우수 (평균보다 확실히 높음),,,,,,,,무엇이든 될 수 있는 상상이라 답하기 쉽지 않은 질문이에요.,"남에게 미치는 힘인가요, 나를 위한 자유인가요?",그거 갖게 되면 뭐부터 하고 싶어요?,,,,
868,892,가치관,2,C. 유지·모니터링,2,0,1,과거의 모든 일과 미래의 모든 일 중 뭐가 더 궁금한가요?,과거의 모든 일과 미래의 모든 일 중 뭐가 더 궁금한가요?,False,유지,위험 요소 없음 (선호·성향·양자택일형 등),,,,,,,,"지나간 일과 다가올 일, 둘 다 궁금해지는 게 사람 마음이에요.",이해하고 싶은 건 과거인가요 아니면 대비하고 싶은 건 미래인가요?,평소에도 그쪽이 더 궁금해요?,,,,
869,893,가치관,2,C. 유지·모니터링,3,1,2,규칙이 하나도 없는 세상과 너무 많은 세상 중 뭐가 더 답답한가요?,규칙이 하나도 없는 세상과 너무 많은 세상 중 뭐가 더 답답한가요?,False,유지,위험 요소 없음 (선호·성향·양자택일형 등),,,,,,,,자유와 질서 사이에서 무엇이 편한지는 사람마다 다르죠.,예측 안 되는 자유가 불편한가요 아니면 꽉 짜인 관리가 불편한가요?,지금 있는 환경은 어느 쪽에 가까워요?,,,,
870,894,가치관,2,C. 유지·모니터링,1,1,0,세상을 바꾸려 애쓰는 것과 있는 그대로 받아들이는 것 중 뭐가 더 나에게 맞나요?,세상을 바꾸려 애쓰는 것과 있는 그대로 받아들이는 것 중 뭐가 더 나에게 맞나요?,False,유지,"40자 초과지만 양자택일형 (길이 효과는 유의하지 않음, 형식은 상위권)",,,,,,,,"받아들임과 변화, 둘 다 삶을 대하는 나름의 지혜예요.",지금에 만족하는 게 편한가요 아니면 나아지길 바라는 게 편한가요?,평소 내 모습도 그래요?,,가치·동기,c,바꾸려 애씀→변화·영향 / 받아들임→수용
871,895,가치관,2,C. 유지·모니터링,2,1,1,완벽한 하루가 반복되는 삶과 굴곡 있는 진짜 삶 중 뭐가 더 나은가요?,완벽한 하루가 반복되는 삶과 굴곡 있는 진짜 삶 중 뭐가 더 나은가요?,False,유지,위험 요소 없음 (선호·성향·양자택일형 등),,,,,,,,"완벽한 행복과 진짜 삶, 둘 다 매력적이지만 다른 걸 주죠.",안정된 행복이 좋은가요 아니면 변화가 있는 진짜 삶이 좋은가요?,요즘 하루하루는 어느 쪽에 더 가까워요?,,,,
872,896,가치관,2,E. 미노출(데이터 없음),0,0,0,선택지가 너무 많은 것과 하나의 길만 걷는 것 중 뭐가 더 답답한가요?,선택지가 너무 많은 것과 하나의 길만 걷는 것 중 뭐가 더 답답한가요?,False,유지,아직 노출 없음 · 위험 요소 없음,,,,,,,,"너무 많은 선택도, 선택이 없는 것도 둘 다 답답할 수 있어요.",고민할 자유가 좋은가요 아니면 확실한 하나의 길이 좋은가요?,결정할 때 나는 주로 어느 쪽 때문에 힘들어요?,,결정 방식,c,선택지 많음이 답답→만족화·단순 선호 / 하나의 길이 답답→자율·탐색
873,897,가치관,2,D. 우수(레퍼런스),5,5,0,과거 기억을 잃는 것과 새 기억을 못 만드는 것 중 뭐가 더 두렵나요?,과거 기억을 잃는 것과 새 기억을 못 만드는 것 중 뭐가 더 두렵나요?,False,유지,성과 우수 (평균보다 확실히 높음),,,,,,,,"과거와 미래, 어느 쪽을 잃어도 두려운 상상이에요.","쌓아온 것들인가요, 앞으로의 가능성인가요?",둘 중 어느 쪽이 더 두려워요?,,,,
874,898,가치관,2,C. 유지·모니터링,2,1,1,완벽한 하루가 반복되는 삶과 굴곡 있는 진짜 삶 중 뭐가 더 나은가요?,조금씩 나아지는 삶과 크게 도약하는 삶 중 뭐가 더 나다운가요?,True,재작성,#871과 완전히 같은 문구 (중복 노출),중복 제거 → 부족한 형식으로 교체,(비활성화) 새 질문 없이 중복만 제거,0.8688419246964396,272.0,0.0153991068812722,,,"완벽한 행복과 진짜 삶, 둘 다 매력적이지만 다른 걸 주죠.",안정된 행복이 좋은가요 아니면 변화가 있는 진짜 삶이 좋은가요?,요즘 하루하루는 어느 쪽에 더 가까워요?,문구 변경 → 가이드 재작성 필요,가치·동기,c,조금씩→점진·안정 / 도약→도전·성취
875,899,가치관,2,C. 유지·모니터링,1,0,1,선택지가 너무 많은 것과 하나의 길만 걷는 것 중 뭐가 더 답답한가요?,혼자 정하는 것과 함께 정하는 것 중 뭐가 더 마음 편한가요?,True,재작성,#872와 완전히 같은 문구 (중복 노출),중복 제거 → 부족한 형식으로 교체,(비활성화) 새 질문 없이 중복만 제거,1.0860929122077478,278.0,0.0096635341284419,,,"너무 많은 선택도, 선택이 없는 것도 둘 다 답답할 수 있어요.",고민할 자유가 좋은가요 아니면 확실한 하나의 길이 좋은가요?,결정할 때 나는 주로 어느 쪽 때문에 힘들어요?,문구 변경 → 가이드 재작성 필요,결정 방식,c,혼자→독립 결정 / 함께→협의 결정
