질문 ID,질문 문구,관심사,레벨,상태,노출,답변,교체,미응답,답변율(%),교체율(%),예측 답변율(문구 모델),추정 답변율(축소),추정 하한(10%),추정 상한(90%),P(평균 미만),P(평균 미만|데이터만),위험 특성,분류,양자택일형,경험 전제형(~있다면/~적 있),가정·상상형(~한다면),정의·개념형,복문(쉼표·두 질문),오늘 기반,최근·이번 주 회상,과거 기억 회상,미래·상상,부정·무거운 감정,연애 대상 전제,특정 활동 전제,자기 수용·칭찬,문구 길이,수정 방향(패턴),원인 진단,수정 원칙,수정안 1 (권장),수정안 2 (대안)
528,오늘 누군가와 진심이 닿는 대화를 나눴나요?,관계,2,ACTIVE,3,0,2,1,0.0,66.7,0.19992545805786707,0.18420064046848109,0.10861967973441326,0.26712904267227383,0.9997877072868143,0.7497047243297865,오늘 기반,A. 교체·재작성 우선,False,False,False,False,False,True,False,False,False,False,False,False,False,24,"'오늘'→'요즘/평소'로 시점 중립화, 또는 저녁 시간대에만 노출",오늘 대화가 없었다면 답할 수 없음 + 예/아니오로 끝나는 닫힌 질문,시점 중립화 + 열린 질문,진심이 닿았다고 느끼는 대화는 어떤 대화인가요?,최근 대화 중 마음에 오래 남은 한마디는 무엇인가요?
333,"오늘 기억에 남는 소리나 향기가 있다면, 어떤 건가요?",취향,2,ACTIVE,12,1,8,3,8.3,66.7,0.2546726911598179,0.211058265906529,0.13834540802507242,0.2891763282284239,0.9997506625635179,0.9623426211317463,"오늘 기반, 경험 전제형(~있다면/~적 있)",A. 교체·재작성 우선,False,True,False,False,True,True,False,True,False,False,False,False,False,30,"'오늘'→'요즘/평소'로 시점 중립화, 또는 저녁 시간대에만 노출 / '~한 적이 있다면'→'~하는 편인가요/주로 무엇인가요' 성향형으로 전환하거나 '없다면 ~' 대안 제시",'오늘' 재료가 부족한 시점에 노출 + 감각 기억을 요구,시점 중립화 + 최애형 전환,가장 좋아하는 소리나 향기는 무엇인가요?,맡으면 기분이 좋아지는 향기가 있나요? 없다면 좋아하는 소리를 알려주세요.
347,"오늘 속으로 나를 가만히 안아준 적이 있다면, 어떤 순간이었나요?",감정,2,ACTIVE,5,0,5,0,0.0,100.0,0.23697878745715348,0.2074612442150675,0.129644285076453,0.29173678240753403,0.9994662232019323,0.8552045679155079,"오늘 기반, 경험 전제형(~있다면/~적 있)",A. 교체·재작성 우선,False,True,False,False,True,True,False,False,False,False,False,False,True,36,"'오늘'→'요즘/평소'로 시점 중립화, 또는 저녁 시간대에만 노출 / '~한 적이 있다면'→'~하는 편인가요/주로 무엇인가요' 성향형으로 전환하거나 '없다면 ~' 대안 제시",오늘 + 경험 전제 + 추상적 표현('속으로 안아준')의 3중 장벽,구체 행동으로 바꾸고 전제 제거,힘든 날 나를 달래주는 나만의 방법은 무엇인가요?,스스로에게 가장 자주 해주는 위로의 말은 무엇인가요?
353,오늘 내 자신에게 칭찬 한 마디를 남긴다면 무엇일까요?,감정,2,ACTIVE,5,1,2,2,20.0,40.0,0.23305953523251222,0.2289417140922324,0.14782578994232198,0.3160436728552702,0.9984846146938067,0.7227036943188239,오늘 기반,A. 교체·재작성 우선,False,False,True,False,False,True,False,False,False,False,False,False,True,30,"'오늘'→'요즘/평소'로 시점 중립화, 또는 저녁 시간대에만 노출",하루가 끝나지 않은 시점에는 칭찬할 거리가 없음,시점 중립화,요즘의 나에게 칭찬 한 마디를 해준다면 무엇일까요?,내가 나에게 가장 듣고 싶은 칭찬은 무엇인가요?
338,오늘 새롭게 알게 된 것 중 더 궁금해진 건 무엇이었나요?,취향,2,ACTIVE,10,1,8,1,10.0,80.0,0.2985744083321544,0.2545855949076945,0.1745463328158026,0.33942734612878395,0.997086119809186,0.9289398303091221,오늘 기반,A. 교체·재작성 우선,False,False,False,False,False,True,False,False,False,False,False,False,False,32,"'오늘'→'요즘/평소'로 시점 중립화, 또는 저녁 시간대에만 노출",'새로 알게 된 것'이 없을 가능성이 높음 + 이중 조건(알게 된 것 중 더 궁금해진 것),시점 중립화 + 조건 하나로 축소,요즘 가장 궁금한 건 무엇인가요?,더 깊이 알고 싶은 분야나 주제는 무엇인가요?
623,돌아보니 칭찬해주고 싶은 오늘의 선택은 무엇인가요?,가치관,2,ACTIVE,5,1,3,1,20.0,60.0,0.27002793668682634,0.26130541484642245,0.1758302913986348,0.35205355831657026,0.9939902210968246,0.7227036943188239,오늘 기반,A. 교체·재작성 우선,False,False,False,False,False,True,False,False,False,False,False,False,True,28,"'오늘'→'요즘/평소'로 시점 중립화, 또는 저녁 시간대에만 노출",오늘 + '선택'이라는 추상 단위를 떠올리기 어려움,최근 범위로 넓히고 구체화,최근 내가 내린 선택 중 잘했다 싶은 건 무엇인가요?,망설이다가 해서 다행이었던 일은 무엇인가요?
335,오늘 쓴 돈이나 시간 중 가심비 최고였던 건 무엇이었나요?,취향,2,ACTIVE,7,1,6,0,14.3,85.7,0.2996438071158479,0.2736007617529457,0.18863664959769214,0.36332163263703454,0.9917577475493842,0.831939945008278,오늘 기반,A. 교체·재작성 우선,False,False,False,False,False,True,False,True,False,False,False,False,False,32,"'오늘'→'요즘/평소'로 시점 중립화, 또는 저녁 시간대에만 노출",오늘 소비가 없으면 답 불가 + '가심비' 개념 해석 부담,범위 확대 + 쉬운 표현,돈이 아깝지 않았던 소비는 무엇인가요?,적은 돈으로 큰 만족을 얻었던 것은 무엇인가요?
362,"오늘 감정의 온도가 급격히 변한 시점이 있다면, 어떤 때였나요?",감정,2,ACTIVE,4,1,3,0,25.0,75.0,0.2700535340863678,0.2680042242247414,0.1806698935245305,0.36059941140319113,0.9915709277855854,0.6528055841951683,"오늘 기반, 경험 전제형(~있다면/~적 있)",A. 교체·재작성 우선,False,True,False,False,True,True,False,False,False,False,False,False,False,35,"'오늘'→'요즘/평소'로 시점 중립화, 또는 저녁 시간대에만 노출 / '~한 적이 있다면'→'~하는 편인가요/주로 무엇인가요' 성향형으로 전환하거나 '없다면 ~' 대안 제시",오늘 + 경험 전제 + 추상 은유('감정의 온도'),성향형으로 전환,기분이 갑자기 바뀌는 순간은 주로 언제인가요?,내 기분을 한순간에 바꿔놓는 것은 무엇인가요?
536,"이번 주, 소중한 사람과 함께한 기억을 한 줄로 적어볼까요?",관계,2,ACTIVE,3,0,3,0,0.0,100.0,0.2960475952697149,0.27276244450094594,0.1837667282260454,0.36705128820695854,0.9891698839306453,0.7497047243297865,최근·이번 주 회상,A. 교체·재작성 우선,False,False,False,False,True,False,True,True,False,False,False,False,False,33,기간 제한 제거('최근'→'지금까지/평소'),'이번 주'로 기간이 좁음 + 특정 인물·만남 전제 + 청유형이라 질문처럼 읽히지 않음,기간 제거 + 인물 전제 완화,소중한 사람과 함께할 때 가장 좋아하는 순간은 언제인가요?,소중한 사람과 꼭 다시 하고 싶은 일은 무엇인가요?
450,"집중이 안 될 때 나를 다시 잡아주는 나만의 방법이 있다면, 어떤 건가요?",루틴,2,ACTIVE,3,0,3,0,0.0,100.0,0.3073945105048025,0.28321688624112556,0.19299127106076472,0.3784925168534546,0.984487485516992,0.7497047243297865,"경험 전제형(~있다면/~적 있), 특정 활동 전제",A. 교체·재작성 우선,False,True,False,False,True,False,False,False,False,False,False,True,False,41,'~한 적이 있다면'→'~하는 편인가요/주로 무엇인가요' 성향형으로 전환하거나 '없다면 ~' 대안 제시 / 대상 확장(예: 책→책·영화·노래 무엇이든) 또는 활동 비경험자용 대안 제시,'나만의 방법'이 있어야 답할 수 있음,경험 전제 제거 + 선택지형,"집중이 안 될 때 잠깐 쉬는 편인가요, 억지로라도 버티는 편인가요?",집중이 안 될 때 가장 먼저 하는 행동은 무엇인가요?
43,딱 한 권만 남길 수 있다면 어떤 책인가요?,취향,2,ACTIVE,5,0,5,0,0.0,100.0,0.32838902934955877,0.2874856325600684,0.1989638153622782,0.3807030429611489,0.9843225354670623,0.8552045679155079,"경험 전제형(~있다면/~적 있), 특정 활동 전제",A. 교체·재작성 우선,False,True,False,False,False,False,False,False,False,False,False,True,False,24,'~한 적이 있다면'→'~하는 편인가요/주로 무엇인가요' 성향형으로 전환하거나 '없다면 ~' 대안 제시 / 대상 확장(예: 책→책·영화·노래 무엇이든) 또는 활동 비경험자용 대안 제시,독서 습관 전제 + '딱 한 권' 결정 부담,대상 확장(책 → 콘텐츠),딱 하나만 평생 다시 볼 수 있다면 어떤 책·영화·드라마를 고를까요?,인생 책이나 인생 영화가 있다면 무엇인가요? 없다면 가장 최근에 본 것을 알려주세요.
127,"운동하기 싫을 때 나를 움직이게 하는 주문이 있다면, 어떤 건가요?",루틴,2,ACTIVE,3,0,3,0,0.0,100.0,0.31278941610479766,0.2881874641577132,0.1973997873671305,0.383909541522676,0.9817236807363227,0.7497047243297865,"경험 전제형(~있다면/~적 있), 특정 활동 전제",A. 교체·재작성 우선,False,True,False,False,True,False,False,False,False,False,False,True,False,37,'~한 적이 있다면'→'~하는 편인가요/주로 무엇인가요' 성향형으로 전환하거나 '없다면 ~' 대안 제시 / 대상 확장(예: 책→책·영화·노래 무엇이든) 또는 활동 비경험자용 대안 제시,운동 습관 전제 + '주문' 은유,대상 확장 + 전제 제거,하기 싫은 일을 할 때 나를 움직이게 하는 한마디는 무엇인가요?,"운동이든 공부든 하기 싫을 때 나를 움직이는 건 보상인가요, 의무감인가요?"
507,"가족이라서 참고 있는 게 있다면, 어떤 건가요?",관계,2,ACTIVE,4,1,2,1,25.0,50.0,0.3004936532188851,0.29533360805949616,0.20488957524189647,0.39041967972577984,0.9783720515522545,0.6528055841951683,경험 전제형(~있다면/~적 있),A. 교체·재작성 우선,False,True,False,False,True,False,False,False,False,False,False,False,False,26,'~한 적이 있다면'→'~하는 편인가요/주로 무엇인가요' 성향형으로 전환하거나 '없다면 ~' 대안 제시,가족 갈등 노출 부담 + 경험 전제,부정 프레임을 성향형으로 완화,가족에게 가장 솔직해지기 어려운 부분은 무엇인가요?,가족과 나의 가장 다른 점은 무엇인가요?
325,좋아하는 시의 제목이나 글귀가 있다면 어떤 건가요?,취향,2,ACTIVE,6,1,4,1,16.7,66.7,0.3228514692645857,0.30007405779395196,0.21128167371695017,0.3931732423345059,0.9775518180660785,0.7823706051685392,"경험 전제형(~있다면/~적 있), 특정 활동 전제",A. 교체·재작성 우선,False,True,False,False,False,False,False,False,False,False,False,True,False,28,'~한 적이 있다면'→'~하는 편인가요/주로 무엇인가요' 성향형으로 전환하거나 '없다면 ~' 대안 제시 / 대상 확장(예: 책→책·영화·노래 무엇이든) 또는 활동 비경험자용 대안 제시,시 읽는 습관 전제 (특정 활동),대상 확장,마음에 오래 남은 문장이 있나요? 책·노래·대사 무엇이든 좋아요.,좋아하는 노래 가사 한 줄은 무엇인가요?
110,"하루를 시작할 때 듣는 음악 장르가 있다면, 어떤 장르인가요?",루틴,2,ACTIVE,5,1,4,0,20.0,80.0,0.31686923627205804,0.30231226780941134,0.21223897542039902,0.39675395373655326,0.9745124360263174,0.7227036943188239,"경험 전제형(~있다면/~적 있), 특정 활동 전제",A. 교체·재작성 우선,False,True,False,False,True,False,False,False,False,False,False,True,False,34,'~한 적이 있다면'→'~하는 편인가요/주로 무엇인가요' 성향형으로 전환하거나 '없다면 ~' 대안 제시 / 대상 확장(예: 책→책·영화·노래 무엇이든) 또는 활동 비경험자용 대안 제시,아침 음악 습관 전제 + 쉼표 복문,전제 제거 + 짧게,아침에 가장 먼저 하는 일은 무엇인가요?,하루를 기분 좋게 시작하게 해주는 것은 무엇인가요?
356,"오늘 아주 잠깐이라도 행복이 스친 순간이 있다면, 어떤 순간이었나요?",감정,1,ACTIVE,6,2,4,0,33.3,66.7,0.3028526798392142,0.30729786512600993,0.21779448656608638,0.4009525951711956,0.9717434138968583,0.6286304397310631,"오늘 기반, 경험 전제형(~있다면/~적 있)",A. 교체·재작성 우선,False,True,False,False,True,True,False,False,False,False,False,False,False,38,"'오늘'→'요즘/평소'로 시점 중립화, 또는 저녁 시간대에만 노출 / '~한 적이 있다면'→'~하는 편인가요/주로 무엇인가요' 성향형으로 전환하거나 '없다면 ~' 대안 제시",오늘 + '있다면' 전제. 레벨1인데도 장벽 높음,최근으로 넓히고 전제 제거,요즘 나를 웃게 만드는 작은 행복은 무엇인가요?,최근에 기분이 좋아졌던 사소한 순간은 언제인가요?
354,오늘 하루 감정 그래프를 그리면 어떤 모양일까요?,감정,2,ACTIVE,3,0,3,0,0.0,100.0,0.3303823388264485,0.30439664364151164,0.2118742922292386,0.4014762664272965,0.9697207893840954,0.7497047243297865,오늘 기반,A. 교체·재작성 우선,False,False,False,False,False,True,False,False,False,False,False,False,False,27,"'오늘'→'요즘/평소'로 시점 중립화, 또는 저녁 시간대에만 노출",오늘 하루가 진행 중이면 그래프를 그릴 수 없음 + 시각화 요구 부담,시점 이동 + 단순화,요즘 내 기분을 날씨로 표현하면 어떤 날씨인가요?,이번 주 내 기분을 한 단어로 표현하면 무엇인가요?
360,오늘 하루 중 가장 단골손님처럼 찾아온 감정은 무엇인가요?,감정,2,ACTIVE,5,1,3,1,20.0,60.0,0.323446284922182,0.30807009411470654,0.21742656259754312,0.4029549234372897,0.9695432664430552,0.7227036943188239,오늘 기반,A. 교체·재작성 우선,False,False,False,False,False,True,False,False,False,False,False,False,False,32,"'오늘'→'요즘/평소'로 시점 중립화, 또는 저녁 시간대에만 노출",오늘 + 은유('단골손님처럼') 해석 부담,시점 중립화 + 직설,요즘 가장 자주 느끼는 감정은 무엇인가요?,요즘 내 마음에 가장 오래 머무는 감정은 무엇인가요?
337,오늘 온전한 휴식시간을 보냈나요?,취향,2,ACTIVE,12,4,7,1,33.3,58.3,0.3173812654243942,0.3214418635395943,0.2364066407510561,0.409819943074004,0.9665200892043747,0.7141210828780447,오늘 기반,A. 교체·재작성 우선,False,False,False,False,False,True,False,False,False,False,False,False,False,18,"'오늘'→'요즘/평소'로 시점 중립화, 또는 저녁 시간대에만 노출",예/아니오 닫힌 질문 + 오늘 쉬지 못한 사람은 할 말이 없음,열린 질문 + 성향형,나에게 진짜 휴식은 어떤 모습인가요?,쉬는 날 가장 하고 싶은 일은 무엇인가요?
365,오늘 나를 가장 진 빠지게 만든 감정은 무엇인가요?,감정,2,ACTIVE,10,3,6,1,30.0,60.0,0.32898909057261927,0.3225673381058527,0.23563512096168418,0.41297308247910225,0.9622912377333299,0.735526361410297,오늘 기반,A. 교체·재작성 우선,False,False,False,False,False,True,False,False,False,False,False,False,False,28,"'오늘'→'요즘/평소'로 시점 중립화, 또는 저녁 시간대에만 노출",오늘 + 부정 감정을 곱씹게 함,시점 중립화,나를 가장 쉽게 지치게 만드는 것은 무엇인가요?,에너지가 빨리 닳는 상황은 주로 어떤 때인가요?
38,"전시회에서 작품을 보는 나만의 방식이 있다면, 어떤 건가요?",취향,2,ACTIVE,4,0,4,0,0.0,100.0,0.35011952121717677,0.31434012270876055,0.22198171373939457,0.410909950692055,0.9614907826356124,0.8080266359011785,"경험 전제형(~있다면/~적 있), 특정 활동 전제",A. 교체·재작성 우선,False,True,False,False,True,False,False,False,False,False,False,True,False,33,'~한 적이 있다면'→'~하는 편인가요/주로 무엇인가요' 성향형으로 전환하거나 '없다면 ~' 대안 제시 / 대상 확장(예: 책→책·영화·노래 무엇이든) 또는 활동 비경험자용 대안 제시,전시회 관람 경험 전제 (특정 활동),대상 확장,무언가를 감상할 때 나만의 방식이 있나요? 전시·영화·음악 무엇이든 좋아요.,"좋아하는 것을 즐길 때 혼자가 좋나요, 함께가 좋나요?"
332,오늘 먹은 것 중 기분까지 완벽하게 충전해준 메뉴는 무엇인가요?,취향,1,ACTIVE,10,3,7,0,30.0,70.0,0.3332560593042558,0.32588907480582685,0.23868056106578955,0.41650613396438746,0.9582710649382946,0.735526361410297,오늘 기반,A. 교체·재작성 우선,False,False,False,False,False,True,False,False,False,False,False,False,False,35,"'오늘'→'요즘/평소'로 시점 중립화, 또는 저녁 시간대에만 노출",오늘 + 식사 전 노출 시 답 불가 (레벨1이지만 낮음),최애형 전환,기분까지 충전해주는 나만의 소울푸드는 무엇인가요?,지친 날 가장 먹고 싶은 음식은 무엇인가요?
519,나의 말이나 행동이 타인에게 기분 좋은 울림을 줬나요?,관계,2,ACTIVE,3,0,2,1,0.0,66.7,0.34689687102794753,0.319612251689152,0.2255935079070676,0.41783412608645676,0.9532733154308591,0.7497047243297865,,A. 교체·재작성 우선,False,False,False,False,False,False,False,False,False,False,False,False,False,30,,예/아니오 닫힌 질문 + 타인 반응을 알아야 답할 수 있음,자기 관찰형으로 전환,내가 누군가에게 힘이 되었다고 느낀 순간은 언제인가요?,주변 사람들이 나에게 자주 고마워하는 것은 무엇인가요?
369,오늘 내가 필사적으로 피하고 싶었던 감정은 무엇인가요?,감정,2,ACTIVE,9,3,6,0,33.3,66.7,0.32733380682532026,0.3285570343383789,0.24017727411238343,0.42037158689034637,0.9530372261306799,0.6748989594533226,오늘 기반,A. 교체·재작성 우선,False,False,False,False,False,True,False,True,False,False,False,False,False,30,"'오늘'→'요즘/평소'로 시점 중립화, 또는 저녁 시간대에만 노출",오늘 + '필사적으로' 과한 강도 표현,시점 중립화 + 강도 완화,가장 마주하기 싫은 감정은 무엇인가요?,피하고 싶은 감정이 들 때 나는 주로 어떻게 하나요?
170,나를 가장 잘 이해한다고 느끼는 사람은 누구인가요?,관계,2,ACTIVE,3,0,3,0,0.0,100.0,0.3497590446235839,0.32224930559199016,0.22798380482586805,0.4206565489225284,0.9498161125451817,0.7497047243297865,,A. 교체·재작성 우선,False,False,False,False,False,False,False,False,False,False,False,False,False,28,,특정 인물 지목 (관계 카테고리 '누구' 질문 답변율 28%),인물 대신 특성 묻기,나를 잘 이해해주는 사람들은 어떤 공통점이 있나요?,누군가 나를 이해해준다고 느끼는 순간은 언제인가요?
192,사람들에게 듣고 싶은 진심 어린 말은 무엇인가요?,관계,2,ACTIVE,3,0,3,0,0.0,100.0,0.35119421604547146,0.3235715958978962,0.22918374092884292,0.42207041065722134,0.9480090884396633,0.7497047243297865,,A. 교체·재작성 우선,False,False,False,False,False,False,False,False,False,False,False,False,False,27,,추상적 + 타인에게 기대하는 말을 떠올리기 어려움,구체화,요즘 누군가에게 가장 듣고 싶은 말은 무엇인가요?,들으면 힘이 나는 말은 무엇인가요?
331,SNS에 일상을 올리는 편인가요? 올린다면 어떤 순간을 주로 올리나요?,취향,2,ACTIVE,4,0,3,1,0.0,75.0,0.36302446869850974,0.3259262883722171,0.23249528902628286,0.4233061236335116,0.9468677673142624,0.8080266359011785,특정 활동 전제,A. 교체·재작성 우선,False,False,True,False,True,False,False,False,False,False,False,True,False,39,대상 확장(예: 책→책·영화·노래 무엇이든) 또는 활동 비경험자용 대안 제시,SNS 사용 전제 + 두 질문 연결(복문),단일 질문 + 전제 제거,기록으로 남기고 싶은 순간은 주로 어떤 때인가요?,사진으로 가장 많이 남기는 것은 무엇인가요?
542,남이 말해줘서 알게 된 나의 특징은 무엇인가요?,관계,2,ACTIVE,3,0,2,1,0.0,66.7,0.3526320827862567,0.3248963695266969,0.23038684845078414,0.42348600905790307,0.9461483581685453,0.7497047243297865,,A. 교체·재작성 우선,False,False,False,False,False,False,False,False,False,False,False,False,False,26,,타인 피드백 경험 전제,자기 관찰형으로 전환,사람들이 나에 대해 자주 하는 말은 무엇인가요?,나의 첫인상과 실제 모습은 어떻게 다른가요?
36,"나만의 특별한 요리 레시피가 있다면, 어떤 건가요?",취향,2,ACTIVE,8,2,4,2,25.0,50.0,0.35732546403193843,0.3374236692799344,0.24733904128780215,0.43084350987711145,0.9375436418056737,0.7582389150991632,"경험 전제형(~있다면/~적 있), 특정 활동 전제",A. 교체·재작성 우선,False,True,False,False,True,False,False,False,False,False,False,True,False,28,'~한 적이 있다면'→'~하는 편인가요/주로 무엇인가요' 성향형으로 전환하거나 '없다면 ~' 대안 제시 / 대상 확장(예: 책→책·영화·노래 무엇이든) 또는 활동 비경험자용 대안 제시,요리 습관 전제 (특정 활동),대상 확장 + 최애형,자신 있게 만들 수 있는 음식이 있나요? 없다면 가장 좋아하는 음식을 알려주세요.,나만 아는 맛있는 조합이 있나요? 라면 레시피도 좋아요.
49,누군가 나에 대한 책을 쓴다면 제목은 뭘까요?,취향,2,ACTIVE,7,2,5,0,28.6,71.4,0.34803111987136465,0.3376799835263285,0.24654578737988628,0.43222577453555283,0.9349507239075707,0.6978616870140086,특정 활동 전제,A. 교체·재작성 우선,False,False,True,False,False,False,False,False,False,False,False,True,False,25,대상 확장(예: 책→책·영화·노래 무엇이든) 또는 활동 비경험자용 대안 제시,메타 상상(나에 대한 책) + 제목 짓기 창작 부담,창작 부담 완화,지금의 나를 한 단어로 표현한다면 무엇일까요?,내 인생을 영화 장르로 표현한다면 어떤 장르일까요?
67,최근에 질투를 느꼈던 순간이 있다면 어떤 상황이었나요?,감정,2,ACTIVE,5,1,4,0,20.0,80.0,0.3573105425098076,0.3377162961606115,0.24440948534742996,0.43460978896160635,0.9303164168220178,0.7227036943188239,"경험 전제형(~있다면/~적 있), 최근·이번 주 회상",A. 교체·재작성 우선,False,True,False,False,False,False,True,False,False,True,False,False,False,30,'~한 적이 있다면'→'~하는 편인가요/주로 무엇인가요' 성향형으로 전환하거나 '없다면 ~' 대안 제시 / 기간 제한 제거('최근'→'지금까지/평소'),최근 + 경험 전제 + 부정 감정 노출 부담,성향형으로 전환,나는 주로 어떤 상황에서 질투를 느끼나요?,질투가 날 때 나는 어떻게 반응하는 편인가요?
315,"나만의 공부 스타일이 있다면, 어떤 건가요?",취향,2,ACTIVE,8,2,6,0,25.0,75.0,0.363137224868104,0.34215773180515036,0.2517041651982105,0.4358494504827725,0.9291469388573949,0.7582389150991632,"경험 전제형(~있다면/~적 있), 특정 활동 전제",A. 교체·재작성 우선,False,True,False,False,True,False,False,False,False,False,False,True,False,24,'~한 적이 있다면'→'~하는 편인가요/주로 무엇인가요' 성향형으로 전환하거나 '없다면 ~' 대안 제시 / 대상 확장(예: 책→책·영화·노래 무엇이든) 또는 활동 비경험자용 대안 제시,공부 습관 전제 (특정 활동),대상 확장,새로운 걸 배울 때 나에게 맞는 방식은 무엇인가요?,"혼자 익히는 편인가요, 누군가에게 배우는 편인가요?"
357,"축 처져 있다가 기분이 다시 살아난 계기가 있다면, 어떤 건가요?",감정,2,ACTIVE,6,1,5,0,16.7,83.3,0.3725458432444154,0.3425211888597056,0.249934074266471,0.4385013919513012,0.923832029021654,0.7823706051685392,"경험 전제형(~있다면/~적 있), 특정 활동 전제",A. 교체·재작성 우선,False,True,False,False,True,False,False,False,False,False,False,True,False,36,'~한 적이 있다면'→'~하는 편인가요/주로 무엇인가요' 성향형으로 전환하거나 '없다면 ~' 대안 제시 / 대상 확장(예: 책→책·영화·노래 무엇이든) 또는 활동 비경험자용 대안 제시,경험 전제 + 앞부분 조건이 김,성향형으로 전환 + 짧게,기분이 처질 때 나를 살려내는 것은 무엇인가요?,기분 전환이 필요할 때 가장 먼저 찾는 것은 무엇인가요?
798,"지금 아니면 못 갈 것 같다면, 여행과 커리어 중 뭐가 더 끌리나요?",가치관,2,ACTIVE,4,0,4,0,0.0,100.0,0.3851987775254863,0.34583456121979184,0.250720483368356,0.4444461643062195,0.9121448317671205,0.8080266359011785,특정 활동 전제,A. 교체·재작성 우선,True,False,True,False,True,False,False,False,False,False,False,True,False,38,대상 확장(예: 책→책·영화·노래 무엇이든) 또는 활동 비경험자용 대안 제시,여행·커리어 양쪽 전제 + 가정 조건이 앞에 붙어 복잡,조건 제거 + 일반화,지금 하고 싶은 일과 해야 하는 일 중 무엇을 먼저 하나요?,한 달의 자유 시간이 생긴다면 여행과 자기계발 중 무엇을 고를까요?
63,"내일 일어날 일 중 설레는 게 있다면, 어떤 건가요?",감정,2,ACTIVE,7,1,5,1,14.3,71.4,0.39650101571591034,0.35436950588301125,0.2619656791753341,0.44983433821469904,0.9010752988164736,0.831939945008278,경험 전제형(~있다면/~적 있),A. 교체·재작성 우선,False,True,False,False,True,False,False,False,True,False,False,False,False,29,'~한 적이 있다면'→'~하는 편인가요/주로 무엇인가요' 성향형으로 전환하거나 '없다면 ~' 대안 제시,'내일 설레는 일'이 없으면 교체 + 경험 전제,범위 확대,요즘 기다려지는 일은 무엇인가요?,다가오는 일 중 가장 기대되는 것은 무엇인가요?
191,나를 가장 힘들게 했던 인연은 누구였나요?,관계,2,ACTIVE,3,0,3,0,0.0,100.0,0.38281915603960087,0.3527091267470681,0.25585240877212745,0.45299831476246166,0.8941285947713291,0.7497047243297865,,A. 교체·재작성 우선,False,False,False,False,False,False,False,False,False,True,False,False,False,23,,부정적 특정 인물 지목 → 방어적 회피,인물 → 관계 유형,나를 지치게 하는 관계는 어떤 특징이 있나요?,관계에서 가장 힘든 순간은 언제인가요?
56,오늘 나를 기운 나게 한 말은 무엇인가요?,감정,1,ACTIVE,5,1,4,0,20.0,80.0,0.37713557960305455,0.3550719713503941,0.2604090688210206,0.4529381870435259,0.8941070497904996,0.7227036943188239,오늘 기반,A. 교체·재작성 우선,False,False,False,False,False,True,False,False,False,False,False,False,False,23,"'오늘'→'요즘/평소'로 시점 중립화, 또는 저녁 시간대에만 노출",오늘 + 들은 말이 없으면 답 불가,시점 중립화,들으면 기운이 나는 말은 무엇인가요?,힘들 때 떠올리는 말이나 문장이 있나요?
138,"새로운 취미를 시작할 때 거치는 과정이 있다면, 어떤 건가요?",루틴,2,ACTIVE,3,0,3,0,0.0,100.0,0.38801534949562616,0.3574966219059935,0.26027477310284397,0.4580394328210878,0.882435738472316,0.7497047243297865,경험 전제형(~있다면/~적 있),A. 교체·재작성 우선,False,True,False,False,True,False,False,False,False,False,False,False,False,34,'~한 적이 있다면'→'~하는 편인가요/주로 무엇인가요' 성향형으로 전환하거나 '없다면 ~' 대안 제시,취미 시작 경험 전제 + '과정' 추상적,선택지형으로 쉽게,"새로운 걸 시작할 때 일단 해보는 편인가요, 충분히 알아보고 시작하는 편인가요?",요즘 새로 해보고 싶은 것은 무엇인가요?
167,나랑 유머 코드가 가장 잘 맞는 사람은 누구인가요?,관계,1,ACTIVE,3,0,3,0,0.0,100.0,0.39160174657682373,0.3608009366528412,0.26333357678380503,0.4615122922896744,0.8738625977950673,0.7497047243297865,,A. 교체·재작성 우선,False,False,False,False,False,False,False,False,False,False,False,False,False,28,,특정 인물 지목 (관계 카테고리),인물 → 특성,나와 유머 코드가 잘 맞는 사람은 어떤 사람인가요?,나를 가장 크게 웃게 만드는 건 어떤 유머인가요?
632,문득 나 자신이 어른스러워졌다고 느낀 최근의 순간은 언제인가요?,가치관,2,ACTIVE,5,1,3,1,20.0,60.0,0.38901601049603973,0.3654726025685594,0.2700659538734642,0.4638527857766182,0.8669012470347972,0.7227036943188239,최근·이번 주 회상,A. 교체·재작성 우선,False,False,False,False,False,False,True,False,False,False,False,False,False,35,기간 제한 제거('최근'→'지금까지/평소'),최근 + 경험 전제 + 문장 길이,시점 제거 + 짧게,어른이 되었다고 느끼는 순간은 언제인가요?,어른이 되어서 좋은 점은 무엇인가요?
306,최근 산 것 중 가장 만족스러운 건 무엇인가요?,취향,2,ACTIVE,6,1,2,3,16.7,33.3,0.40184912116480764,0.36755098557367477,0.2731387462164898,0.4648172598011361,0.8637797872242314,0.7823706051685392,최근·이번 주 회상,A. 교체·재작성 우선,False,False,False,False,False,False,True,False,False,False,False,False,False,26,기간 제한 제거('최근'→'지금까지/평소'),최근 구매가 없으면 답 불가,범위 확대,지금까지 산 것 중 가장 만족스러운 건 무엇인가요?,돈이 아깝지 않았던 물건은 무엇인가요?
471,"나만의 작은 성취를 기록하는 방식이 있다면, 어떤 건가요?",루틴,2,ACTIVE,5,1,4,0,20.0,80.0,0.3910136676905046,0.3672214360887486,0.27169470480498786,0.46568306273092724,0.8619024773503123,0.7227036943188239,경험 전제형(~있다면/~적 있),A. 교체·재작성 우선,False,True,False,False,True,False,False,False,False,False,False,False,False,32,'~한 적이 있다면'→'~하는 편인가요/주로 무엇인가요' 성향형으로 전환하거나 '없다면 ~' 대안 제시,기록 습관 전제,전제 제거 + 성향형,작은 성취를 느낄 때 나는 어떻게 스스로를 챙기나요?,스스로 뿌듯함을 느끼는 순간은 언제인가요?
119,"내가 지키는 습관 중 남들에게 추천하고 싶은 게 있다면, 어떤 건가요?",루틴,2,ACTIVE,4,1,3,0,25.0,75.0,0.38055698472822913,0.3672151111634273,0.2705099606018528,0.466932962518238,0.8590149144822667,0.6528055841951683,경험 전제형(~있다면/~적 있),A. 교체·재작성 우선,False,True,False,False,True,False,False,False,False,False,False,False,False,39,'~한 적이 있다면'→'~하는 편인가요/주로 무엇인가요' 성향형으로 전환하거나 '없다면 ~' 대안 제시,'지키는 습관'이 있어야 함 + 추천이라는 이중 요구,조건 하나로 축소,꾸준히 이어가고 있는 습관은 무엇인가요? 작은 것도 좋아요.,갖고 싶은 습관 하나를 고른다면 무엇인가요?
605,"괜찮지 않은데 '괜찮아'라고 넘긴 적이 있다면, 어떤 순간이었나요?",가치관,2,ACTIVE,4,1,2,1,25.0,50.0,0.3812121009793468,0.36780327980380745,0.2710574400052807,0.467548481391029,0.8573031657641345,0.6528055841951683,경험 전제형(~있다면/~적 있),A. 교체·재작성 우선,False,True,False,True,True,False,False,False,False,False,False,False,False,37,'~한 적이 있다면'→'~하는 편인가요/주로 무엇인가요' 성향형으로 전환하거나 '없다면 ~' 대안 제시,경험 전제 + 부정 감정 노출 부담,성향형으로 전환,괜찮지 않을 때도 '괜찮아'라고 말하는 편인가요?,속마음을 털어놓기 어려운 순간은 언제인가요?
129,"기념일에 반복적으로 하는 일이 있다면, 어떤 건가요?",루틴,2,ACTIVE,5,1,4,0,20.0,80.0,0.39552655297295175,0.3711722065595681,0.27537942070281624,0.4698125959039795,0.8501548658050948,0.7227036943188239,경험 전제형(~있다면/~적 있),A. 교체·재작성 우선,False,True,False,False,True,False,False,False,False,False,False,False,False,29,'~한 적이 있다면'→'~하는 편인가요/주로 무엇인가요' 성향형으로 전환하거나 '없다면 ~' 대안 제시,기념일 의례 전제,전제 제거 + 최애형,가장 좋아하는 기념일은 무엇인가요?,특별한 날을 보내는 나만의 방식은 무엇인가요?
50,"예전엔 좋아했는데 지금은 아닌 취향이 있다면, 어떤 건가요?",취향,2,ACTIVE,5,0,4,1,0.0,80.0,0.4240965038643443,0.3712719999247391,0.27547258717563183,0.469916811191926,0.8498499484239366,0.8552045679155079,경험 전제형(~있다면/~적 있),A. 교체·재작성 우선,False,True,False,False,True,False,False,False,False,False,False,False,False,33,'~한 적이 있다면'→'~하는 편인가요/주로 무엇인가요' 성향형으로 전환하거나 '없다면 ~' 대안 제시,취향 변화 경험 전제,선택지형 대안 제공,예전과 비교해 가장 많이 바뀐 내 취향은 무엇인가요?,변하지 않고 오래 좋아한 것은 무엇인가요?
453,"쉬고 있는데도 불안했던 적이 있다면, 그 불안은 어디에서 오는 걸까요?",루틴,2,ACTIVE,3,0,3,0,0.0,100.0,0.40704177565723165,0.37502655490622,0.27656203254354134,0.4764036867921011,0.8321783206800563,0.7497047243297865,경험 전제형(~있다면/~적 있),A. 교체·재작성 우선,False,True,False,False,True,False,False,False,False,True,False,False,False,39,'~한 적이 있다면'→'~하는 편인가요/주로 무엇인가요' 성향형으로 전환하거나 '없다면 ~' 대안 제시,경험 전제 + 원인 분석까지 요구(이중 질문),질문 하나로 축소,마음 편히 쉬기 어려울 때는 언제인가요?,쉬면서도 마음이 편하려면 무엇이 필요한가요?
60,지금 당장 하고 싶은 말이 있다면 무엇인가요?,감정,2,ACTIVE,7,1,5,1,14.3,71.4,0.4272370015328946,0.3800000914627378,0.2858966635971729,0.4766259882433471,0.8272242533573491,0.831939945008278,경험 전제형(~있다면/~적 있),A. 교체·재작성 우선,False,True,False,False,False,False,False,False,False,False,False,False,False,25,'~한 적이 있다면'→'~하는 편인가요/주로 무엇인가요' 성향형으로 전환하거나 '없다면 ~' 대안 제시,'지금 당장 하고 싶은 말'이 없으면 교체 + 대상 불명확,대상 명시,지금 누군가에게 전하고 싶은 말은 무엇인가요?,지금의 나에게 해주고 싶은 말은 무엇인가요?
93,"내가 세상에 태어나길 잘했다고 느낀 순간이 있다면, 어떤 때였나요?",감정,2,ACTIVE,6,0,5,1,0.0,83.3,0.44643627714595285,0.38132966875109275,0.28603612240487225,0.47918044454617154,0.8198755948047749,0.8924480457271639,경험 전제형(~있다면/~적 있),A. 교체·재작성 우선,False,True,False,False,True,False,False,False,False,False,False,False,False,37,'~한 적이 있다면'→'~하는 편인가요/주로 무엇인가요' 성향형으로 전환하거나 '없다면 ~' 대안 제시,존재론적 무게 + 경험 전제 → 즉시 답하기 부담,강도 완화 + 구체화,살아있길 잘했다 싶은 작은 순간은 언제인가요?,나를 살아있다고 느끼게 하는 것은 무엇인가요?
419,"잠 들기 전 꼭 하는 일이 있다면, 어떤 건가요?",루틴,2,ACTIVE,4,1,2,1,25.0,50.0,0.3985451140655432,0.38336499838918126,0.2856011953288129,0.48377521205890334,0.8070617063782503,0.6528055841951683,경험 전제형(~있다면/~적 있),A. 교체·재작성 우선,False,True,False,False,True,False,False,False,False,False,False,False,False,27,'~한 적이 있다면'→'~하는 편인가요/주로 무엇인가요' 성향형으로 전환하거나 '없다면 ~' 대안 제시,'꼭 하는 일' 전제 (루틴이 없으면 답 불가),전제 제거,잠들기 전 주로 무엇을 하나요?,잠들기 전 가장 좋아하는 시간은 어떤 시간인가요?
530,"오늘 내가 먼저 용기 내어 다가간 적이 있다면, 어떤 순간이었나요?",관계,2,ACTIVE,0,0,0,0,,,0.1536601731127572,0.1536601731127572,0.08167184970687755,0.23441239039217324,0.9999334499073775,0.506594919605562,"오늘 기반, 경험 전제형(~있다면/~적 있)",B. 패턴 기반 수정 권장,False,True,False,False,True,True,False,False,False,False,False,False,False,37,"'오늘'→'요즘/평소'로 시점 중립화, 또는 저녁 시간대에만 노출 / '~한 적이 있다면'→'~하는 편인가요/주로 무엇인가요' 성향형으로 전환하거나 '없다면 ~' 대안 제시",,,,
518,"오늘 누군가에게 ""고마워""라고 말하고 싶었나요?",관계,2,ACTIVE,0,0,0,0,,,0.1724975512254478,0.1724975512254478,0.09639587289157064,0.2568913301343102,0.9998085612740942,0.506594919605562,오늘 기반,B. 패턴 기반 수정 권장,False,False,False,False,False,True,False,False,False,False,False,False,True,26,"'오늘'→'요즘/평소'로 시점 중립화, 또는 저녁 시간대에만 노출",,,,
526,"오늘 관계 때문에 마음이 조금 무거웠다면, 어떤 일이었나요?",관계,2,ACTIVE,2,1,0,1,50.0,0.0,0.16982336425297864,0.18760250484722313,0.11045675026869442,0.2722197136882263,0.9996992172438056,0.48644645260100294,오늘 기반,B. 패턴 기반 수정 권장,False,False,True,False,True,True,False,False,False,False,False,False,False,33,"'오늘'→'요즘/평소'로 시점 중립화, 또는 저녁 시간대에만 노출",,,,
525,오늘 누군가에게 미안한 마음이 가볍게 스쳤나요?,관계,2,ACTIVE,1,0,1,0,0.0,100.0,0.19791621215951155,0.19244014334090392,0.11341898531188337,0.27902876251495956,0.9995471674325546,0.5980047203862283,오늘 기반,B. 패턴 기반 수정 권장,False,False,False,False,False,True,False,False,False,False,False,False,False,26,"'오늘'→'요즘/평소'로 시점 중립화, 또는 저녁 시간대에만 노출",,,,
159,"요즘 새로 알게 된 사람 중 호감이 가는 사람이 있다면, 어떤 점이 끌리나요?",관계,2,ACTIVE,1,0,1,0,0.0,100.0,0.20990434283157544,0.20409657895953898,0.1229805805061948,0.29249483861553943,0.9992018058149251,0.5980047203862283,"경험 전제형(~있다면/~적 있), 최근·이번 주 회상",B. 패턴 기반 수정 권장,False,True,False,False,True,False,True,False,False,False,False,False,False,43,'~한 적이 있다면'→'~하는 편인가요/주로 무엇인가요' 성향형으로 전환하거나 '없다면 ~' 대안 제시 / 기간 제한 제거('최근'→'지금까지/평소'),,,,
150,오늘 하루를 기록한다면 어떤 제목을 붙이고 싶나요?,루틴,2,ACTIVE,2,0,2,0,0.0,100.0,0.21936989115101696,0.20755740136628745,0.1268675590366823,0.29524401961702884,0.9991840415191716,0.6795954909782459,오늘 기반,B. 패턴 기반 수정 권장,False,False,True,False,False,True,False,False,False,False,False,False,False,28,"'오늘'→'요즘/평소'로 시점 중립화, 또는 저녁 시간대에만 노출",,,,
531,오늘 내가 누군가를 소리 내어 웃게 만들었나요?,관계,1,ACTIVE,1,0,1,0,0.0,100.0,0.22796195069681235,0.2216545577024796,0.1376009142431241,0.3125602792077661,0.9982298979174478,0.5980047203862283,오늘 기반,B. 패턴 기반 수정 권장,False,False,False,False,False,True,False,False,False,False,False,False,False,26,"'오늘'→'요즘/평소'로 시점 중립화, 또는 저녁 시간대에만 노출",,,,
377,"오늘 완전히 방전됐다가 다시 충전된 순간이 있다면, 어떤 때였나요?",감정,2,ACTIVE,2,1,1,0,50.0,50.0,0.21090236034700297,0.22646950539718458,0.14272656889511237,0.3167585650295319,0.9980683366343883,0.48644645260100294,"오늘 기반, 경험 전제형(~있다면/~적 있), 특정 활동 전제",B. 패턴 기반 수정 권장,False,True,False,False,True,True,False,False,False,False,False,True,False,37,"'오늘'→'요즘/평소'로 시점 중립화, 또는 저녁 시간대에만 노출 / '~한 적이 있다면'→'~하는 편인가요/주로 무엇인가요' 성향형으로 전환하거나 '없다면 ~' 대안 제시 / 대상 확장(예: 책→책·영화·노래 무엇이든) 또는 활동 비경험자용 대안 제시",,,,
492,"오늘 일과 삶의 균형을 위해 노력한 게 있다면, 어떤 건가요?",루틴,2,ACTIVE,0,0,0,0,,,0.22312590672629595,0.22312590672629595,0.13772990960883622,0.3155392845196333,0.9978657093877955,0.506594919605562,"오늘 기반, 경험 전제형(~있다면/~적 있)",B. 패턴 기반 수정 권장,False,True,False,False,True,True,False,False,False,False,False,False,False,34,"'오늘'→'요즘/평소'로 시점 중립화, 또는 저녁 시간대에만 노출 / '~한 적이 있다면'→'~하는 편인가요/주로 무엇인가요' 성향형으로 전환하거나 '없다면 ~' 대안 제시",,,,
533,"이번 주, 존재만으로도 감사했던 사람이 있었나요?",관계,2,ACTIVE,0,0,0,0,,,0.22712265374010152,0.22712265374010152,0.14108669196302687,0.3200750985578044,0.9974785848712636,0.506594919605562,"경험 전제형(~있다면/~적 있), 최근·이번 주 회상",B. 패턴 기반 수정 권장,False,True,False,False,True,False,True,False,False,False,False,False,False,27,'~한 적이 있다면'→'~하는 편인가요/주로 무엇인가요' 성향형으로 전환하거나 '없다면 ~' 대안 제시 / 기간 제한 제거('최근'→'지금까지/평소'),,,,
336,오늘 내 복잡한 마음을 잠시 쉬게 해준 건 무엇이었나요?,취향,2,ACTIVE,1,0,1,0,0.0,100.0,0.23860806141951305,0.23200610521415316,0.14633477758993726,0.3242756213438723,0.9972543491690339,0.5980047203862283,"오늘 기반, 특정 활동 전제",B. 패턴 기반 수정 권장,False,False,False,False,False,True,False,False,False,False,False,True,False,31,"'오늘'→'요즘/평소'로 시점 중립화, 또는 저녁 시간대에만 노출 / 대상 확장(예: 책→책·영화·노래 무엇이든) 또는 활동 비경험자용 대안 제시",,,,
545,소중한 사람에게 아직 전하지 못한 고마운 말이 있나요?,관계,2,ACTIVE,0,0,0,0,,,0.23280625028329718,0.2328062502832972,0.1458813865139392,0.326504066997029,0.9968215879585165,0.506594919605562,경험 전제형(~있다면/~적 있),B. 패턴 기반 수정 권장,False,True,False,False,False,False,False,False,False,False,False,False,True,30,'~한 적이 있다면'→'~하는 편인가요/주로 무엇인가요' 성향형으로 전환하거나 '없다면 ~' 대안 제시,,,,
538,"다시 잡고 싶은 인연이 있다면, 어떤 사이였나요?",관계,2,ACTIVE,0,0,0,0,,,0.23797975075942507,0.23797975075942507,0.15026686543271378,0.3323348949644838,0.996097271000419,0.506594919605562,"경험 전제형(~있다면/~적 있), 특정 활동 전제",B. 패턴 기반 수정 권장,False,True,False,False,True,False,False,False,False,False,False,True,False,27,'~한 적이 있다면'→'~하는 편인가요/주로 무엇인가요' 성향형으로 전환하거나 '없다면 ~' 대안 제시 / 대상 확장(예: 책→책·영화·노래 무엇이든) 또는 활동 비경험자용 대안 제시,,,,
514,"요즘 가장 신경쓰이는 사람이 있다면, 어떤 이유인가요?",관계,2,ACTIVE,1,1,0,0,100.0,0.0,0.223819763528119,0.24529560092509542,0.1576635759367718,0.3391996284686692,0.9953256723072457,0.39505588469225966,"경험 전제형(~있다면/~적 있), 최근·이번 주 회상",B. 패턴 기반 수정 권장,False,True,False,False,True,False,True,False,False,False,False,False,False,30,'~한 적이 있다면'→'~하는 편인가요/주로 무엇인가요' 성향형으로 전환하거나 '없다면 ~' 대안 제시 / 기간 제한 제거('최근'→'지금까지/평소'),,,,
706,인성은 아쉽지만 능력 좋은 동료와 인성 좋지만 인성은 아쉬운 동료 중 누구와 함께하고 싶나요?,관계,2,ACTIVE,1,0,1,0,0.0,100.0,0.2527608984896816,0.24576735278829637,0.15806803916494694,0.3397270856030764,0.9952395559331957,0.5980047203862283,특정 활동 전제,B. 패턴 기반 수정 권장,False,False,False,False,False,False,False,False,False,False,False,True,False,52,대상 확장(예: 책→책·영화·노래 무엇이든) 또는 활동 비경험자용 대안 제시,,,,
627,시간을 되돌린다면 오늘을 어떻게 다르게 살까요?,가치관,2,ACTIVE,0,0,0,0,,,0.2478153638849771,0.24781536388497713,0.15865807426126455,0.3433663343265808,0.9943144834156815,0.506594919605562,오늘 기반,B. 패턴 기반 수정 권장,False,False,True,False,False,True,False,False,False,False,False,False,False,26,"'오늘'→'요즘/평소'로 시점 중립화, 또는 저녁 시간대에만 노출",,,,
520,나는 사람들에게 마음을 얼마나 열어두고 있나요?,관계,2,ACTIVE,2,0,2,0,0.0,100.0,0.2692059253544922,0.254709896630799,0.16690165923584213,0.3483903183715809,0.9939132641788655,0.6795954909782459,경험 전제형(~있다면/~적 있),B. 패턴 기반 수정 권장,False,True,False,False,False,False,False,False,False,False,False,False,False,26,'~한 적이 있다면'→'~하는 편인가요/주로 무엇인가요' 성향형으로 전환하거나 '없다면 ~' 대안 제시,,,,
529,상대의 감정을 예민하게 읽어낸 순간이 있었나요?,관계,2,ACTIVE,2,0,2,0,0.0,100.0,0.2692059253544922,0.254709896630799,0.16690165923584213,0.3483903183715809,0.9939132641788655,0.6795954909782459,경험 전제형(~있다면/~적 있),B. 패턴 기반 수정 권장,False,True,False,False,False,False,False,False,False,False,False,False,False,26,'~한 적이 있다면'→'~하는 편인가요/주로 무엇인가요' 성향형으로 전환하거나 '없다면 ~' 대안 제시,,,,
355,오늘 감정을 억누르기 힘든 순간이 있었나요?,감정,2,ACTIVE,3,1,2,0,33.3,66.7,0.2537505180367598,0.2600099772669405,0.17260503243298053,0.35300448377767335,0.9932016488689032,0.5734240410555717,"오늘 기반, 경험 전제형(~있다면/~적 있)",B. 패턴 기반 수정 권장,False,True,False,False,False,True,False,False,False,False,False,False,False,24,"'오늘'→'요즘/평소'로 시점 중립화, 또는 저녁 시간대에만 노출 / '~한 적이 있다면'→'~하는 편인가요/주로 무엇인가요' 성향형으로 전환하거나 '없다면 ~' 대안 제시",,,,
433,오늘 루틴 중에서 나를 칭찬해주고 싶은 순간은 무엇인가요?,루틴,2,ACTIVE,1,1,0,0,100.0,0.0,0.23755447439214825,0.2586502912689538,0.16917240167272768,0.3540721704951395,0.99228892879775,0.39505588469225966,오늘 기반,B. 패턴 기반 수정 권장,False,False,False,False,False,True,False,False,False,False,False,False,True,32,"'오늘'→'요즘/평소'로 시점 중립화, 또는 저녁 시간대에만 노출",,,,
435,오늘 정리한 나의 생활이나 마음은 무엇이었나요?,루틴,2,ACTIVE,2,0,2,0,0.0,100.0,0.2769487960796666,0.26203583419862125,0.17326193803424045,0.3565069346930626,0.9920083390785843,0.6795954909782459,오늘 기반,B. 패턴 기반 수정 권장,False,False,False,False,False,True,False,False,False,False,False,False,False,26,"'오늘'→'요즘/평소'로 시점 중립화, 또는 저녁 시간대에만 노출",,,,
522,사람들과 더 가까워지는 걸 방해하는 게 있다면요?,관계,2,ACTIVE,1,0,0,1,0.0,0.0,0.2679674221723956,0.2605531329186267,0.17082199156004504,0.3561815107883989,0.9917411118420215,0.5980047203862283,경험 전제형(~있다면/~적 있),B. 패턴 기반 수정 권장,False,True,False,False,False,False,False,False,False,False,False,False,False,27,'~한 적이 있다면'→'~하는 편인가요/주로 무엇인가요' 성향형으로 전환하거나 '없다면 ~' 대안 제시,,,,
193,누군가에게 배운 삶의 자세가 있다면 무엇인가요?,관계,2,ACTIVE,1,0,1,0,0.0,100.0,0.2692059253544922,0.26175736842460307,0.17186718380400662,0.35751519935714965,0.9913774169199142,0.5980047203862283,경험 전제형(~있다면/~적 있),B. 패턴 기반 수정 권장,False,True,False,False,False,False,False,False,False,False,False,False,False,26,'~한 적이 있다면'→'~하는 편인가요/주로 무엇인가요' 성향형으로 전환하거나 '없다면 ~' 대안 제시,,,,
425,오늘 아무 생각 없이 기계적으로 반복한 행동은 무엇인가요?,루틴,2,ACTIVE,1,0,1,0,0.0,100.0,0.26943827789691366,0.26198329209240834,0.1720633755211809,0.3577653034655319,0.9913076762059675,0.5980047203862283,오늘 기반,B. 패턴 기반 수정 권장,False,False,False,False,False,True,False,False,False,False,False,False,False,32,"'오늘'→'요즘/평소'로 시점 중립화, 또는 저녁 시간대에만 노출",,,,
426,오늘 나의 에너지를 가장 많이 잡아먹은 일은 무엇인가요?,루틴,2,ACTIVE,1,0,0,1,0.0,0.0,0.2706810654467754,0.26319169342359855,0.17311331456408996,0.3591024727622726,0.9909263839701593,0.5980047203862283,오늘 기반,B. 패턴 기반 수정 권장,False,False,False,False,False,True,False,False,False,False,False,False,False,31,"'오늘'→'요즘/평소'로 시점 중립화, 또는 저녁 시간대에만 노출",,,,
178,나를 성장하게 한 인연이 있다면 누구인가요?,관계,2,ACTIVE,1,0,1,0,0.0,100.0,0.27169375087962394,0.2641763592462223,0.17396955971369576,0.3601913617576327,0.9906051824967196,0.5980047203862283,경험 전제형(~있다면/~적 있),B. 패턴 기반 수정 권장,False,True,False,False,False,False,False,False,False,False,False,False,False,24,'~한 적이 있다면'→'~하는 편인가요/주로 무엇인가요' 성향형으로 전환하거나 '없다면 ~' 대안 제시,,,,
641,오늘의 작은 선택이 미래의 나를 어떻게 바꿀까요?,가치관,2,ACTIVE,2,1,1,0,50.0,50.0,0.25446511936017924,0.26768652478703425,0.17819144153379254,0.3627438104040103,0.9902077432971731,0.48644645260100294,오늘 기반,B. 패턴 기반 수정 권장,False,False,False,False,False,True,False,False,True,False,False,False,False,27,"'오늘'→'요즘/평소'로 시점 중립화, 또는 저녁 시간대에만 노출",,,,
348,오늘 하루를 관통한 감정에 이름을 붙인다면 무엇일까요?,감정,2,ACTIVE,3,1,2,0,33.3,66.7,0.2645493709811462,0.2699594636805476,0.18130473134207614,0.3639724910745114,0.9901979137199627,0.5734240410555717,오늘 기반,B. 패턴 기반 수정 권장,False,False,True,False,False,True,False,False,False,False,False,False,False,30,"'오늘'→'요즘/평소'로 시점 중립화, 또는 저녁 시간대에만 노출",,,,
344,오늘 갑자기 멍해진 순간이 있었나요?,감정,2,ACTIVE,5,2,2,1,40.0,40.0,0.2585554090526103,0.2761734282620453,0.18891852145309068,0.3683734854648106,0.9894710276170111,0.5515639135785486,"오늘 기반, 경험 전제형(~있다면/~적 있)",B. 패턴 기반 수정 권장,False,True,False,False,False,True,False,False,False,False,False,False,False,20,"'오늘'→'요즘/평소'로 시점 중립화, 또는 저녁 시간대에만 노출 / '~한 적이 있다면'→'~하는 편인가요/주로 무엇인가요' 성향형으로 전환하거나 '없다면 ~' 대안 제시",,,,
430,오늘 조금 과하다 싶었던 나의 행동은 무엇이었나요?,루틴,2,ACTIVE,1,0,1,0,0.0,100.0,0.2754478659555575,0.2678266031319968,0.1771491989180141,0.36422249977363685,0.9893282185921017,0.5980047203862283,오늘 기반,B. 패턴 기반 수정 권장,False,False,False,False,False,True,False,True,False,False,False,False,False,28,"'오늘'→'요즘/평소'로 시점 중립화, 또는 저녁 시간대에만 노출",,,,
374,오늘 느낀 감정 중 다시 느끼고 싶지 않은 건 무엇인가요?,감정,2,ACTIVE,5,2,3,0,40.0,60.0,0.2591264879800986,0.27667337488643734,0.18936091297548513,0.3689199596433003,0.989278648746494,0.5515639135785486,"오늘 기반, 특정 활동 전제",B. 패턴 기반 수정 권장,False,False,False,False,False,True,False,False,False,False,False,True,False,32,"'오늘'→'요즘/평소'로 시점 중립화, 또는 저녁 시간대에만 노출 / 대상 확장(예: 책→책·영화·노래 무엇이든) 또는 활동 비경험자용 대안 제시",,,,
358,"오늘 내 마음이 회색빛처럼 흐릿했던 때가 있다면, 어떤 순간이었나요?",감정,2,ACTIVE,0,0,0,0,,,0.2663414745123318,0.2663414745123318,0.17464594703786718,0.3639621349899238,0.9889928067416952,0.506594919605562,"오늘 기반, 경험 전제형(~있다면/~적 있)",B. 패턴 기반 수정 권장,False,True,False,False,True,True,False,False,False,False,False,False,False,38,"'오늘'→'요즘/평소'로 시점 중립화, 또는 저녁 시간대에만 노출 / '~한 적이 있다면'→'~하는 편인가요/주로 무엇인가요' 성향형으로 전환하거나 '없다면 ~' 대안 제시",,,,
432,오늘은 하루를 계획적으로 보냈나요 아니면 즉흥적으로 보냈나요?,루틴,2,ACTIVE,0,0,0,0,,,0.26696353477496054,0.26696353477496054,0.17518675609817136,0.3646497071798059,0.9887577677340262,0.506594919605562,오늘 기반,B. 패턴 기반 수정 권장,False,False,False,False,False,True,False,False,False,False,False,False,False,34,"'오늘'→'요즘/평소'로 시점 중립화, 또는 저녁 시간대에만 노출",,,,
183,다투면 먼저 사과하는 편인가요? 사과할 때 나만의 방식이 있나요?,관계,2,ACTIVE,2,0,2,0,0.0,100.0,0.28741066680090893,0.27193436078737837,0.18191040490249188,0.36741901424444035,0.9886354617572806,0.6795954909782459,경험 전제형(~있다면/~적 있),B. 패턴 기반 수정 권장,False,True,False,False,True,False,False,False,False,False,False,False,False,36,'~한 적이 있다면'→'~하는 편인가요/주로 무엇인가요' 성향형으로 전환하거나 '없다면 ~' 대안 제시,,,,
512,"상황이 사람을 바꾼다고 느꼈던 적이 있다면, 어떤 경험이었나요?",관계,2,ACTIVE,2,0,1,1,0.0,50.0,0.28870359262065354,0.27315766596338736,0.1829834875135322,0.36876330746960395,0.9881446888888703,0.6795954909782459,경험 전제형(~있다면/~적 있),B. 패턴 기반 수정 권장,False,True,False,False,True,False,False,False,False,False,False,False,False,35,'~한 적이 있다면'→'~하는 편인가요/주로 무엇인가요' 성향형으로 전환하거나 '없다면 ~' 대안 제시,,,,
633,"오늘 나의 원칙을 잘 지켜냈다면, 어떤 방식으로 지켰나요?",가치관,2,ACTIVE,0,0,0,0,,,0.270040332368498,0.270040332368498,0.17786536655007606,0.3680468375141963,0.9875315741123,0.506594919605562,오늘 기반,B. 패턴 기반 수정 권장,False,False,True,False,True,True,False,False,False,False,False,False,False,32,"'오늘'→'요즘/평소'로 시점 중립화, 또는 저녁 시간대에만 노출",,,,
423,오늘 나를 정신없이 달리게 만든 주범은 무엇인가요?,루틴,2,ACTIVE,3,1,2,0,33.3,66.7,0.27443098312739267,0.27906385340600653,0.18931899009984196,0.3739553180639206,0.9865190372248512,0.5734240410555717,오늘 기반,B. 패턴 기반 수정 권장,False,False,False,False,False,True,False,False,False,False,False,False,False,28,"'오늘'→'요즘/평소'로 시점 중립화, 또는 저녁 시간대에만 노출",,,,
427,오늘 몸이 가장 바쁘게 움직였던 시간은 언제인가요?,루틴,2,ACTIVE,0,0,0,0,,,0.2754478659555575,0.2754478659555575,0.18258780138872538,0.37400261694183706,0.9851020833869586,0.506594919605562,오늘 기반,B. 패턴 기반 수정 권장,False,False,False,False,False,True,False,True,False,False,False,False,False,28,"'오늘'→'요즘/평소'로 시점 중립화, 또는 저녁 시간대에만 노출",,,,
498,어떤 연락 스타일을 갖고 있나요?,관계,2,ACTIVE,0,0,0,0,,,0.27924310864629615,0.27924310864629615,0.18591325789447416,0.3781715804084528,0.9831690478924884,0.506594919605562,경험 전제형(~있다면/~적 있),B. 패턴 기반 수정 권장,False,True,False,False,False,False,False,False,False,False,False,False,False,18,'~한 적이 있다면'→'~하는 편인가요/주로 무엇인가요' 성향형으로 전환하거나 '없다면 ~' 대안 제시,,,,
373,"오늘이 지나도 꼭 간직하고 싶은 감정이 있다면, 어떤 건가요?",감정,2,ACTIVE,2,1,1,0,50.0,50.0,0.27129810565212253,0.28361309918454314,0.1921923006714112,0.3802154484662509,0.9831679874935769,0.48644645260100294,"오늘 기반, 경험 전제형(~있다면/~적 있)",B. 패턴 기반 수정 권장,False,True,False,False,True,True,False,False,False,False,False,False,False,34,"'오늘'→'요즘/평소'로 시점 중립화, 또는 저녁 시간대에만 노출 / '~한 적이 있다면'→'~하는 편인가요/주로 무엇인가요' 성향형으로 전환하거나 '없다면 ~' 대안 제시",,,,
509,"부모님한테 인정받고 싶은 마음이 있다면, 어떤 부분에서 인정받고 싶나요?",관계,2,ACTIVE,3,1,2,0,33.3,66.7,0.2822736898146926,0.28628970452492175,0.19571492171391028,0.3818430314375209,0.982823834484673,0.5734240410555717,경험 전제형(~있다면/~적 있),B. 패턴 기반 수정 권장,False,True,False,False,True,False,False,False,False,False,False,False,False,40,'~한 적이 있다면'→'~하는 편인가요/주로 무엇인가요' 성향형으로 전환하거나 '없다면 ~' 대안 제시,,,,
524,"말을 건네고 싶었지만 꾹 참은 사람이 있다면, 어떤 말을 하고 싶었나요?",관계,2,ACTIVE,3,1,2,0,33.3,66.7,0.2822736898146926,0.28628970452492175,0.19571492171391028,0.3818430314375209,0.982823834484673,0.5734240410555717,경험 전제형(~있다면/~적 있),B. 패턴 기반 수정 권장,False,True,False,False,True,False,False,False,False,False,False,False,False,40,'~한 적이 있다면'→'~하는 편인가요/주로 무엇인가요' 성향형으로 전환하거나 '없다면 ~' 대안 제시,,,,
549,"내가 자란 환경에서 바꾸 수 있다면, 뭘 바꾸고 싶나요?",관계,2,ACTIVE,1,1,0,0,100.0,0.0,0.2625538533972323,0.2829579719115815,0.19041935118396228,0.3808430798037402,0.9823455234507763,0.39505588469225966,경험 전제형(~있다면/~적 있),B. 패턴 기반 수정 권장,False,True,False,True,True,False,False,False,False,False,False,False,False,31,'~한 적이 있다면'→'~하는 편인가요/주로 무엇인가요' 성향형으로 전환하거나 '없다면 ~' 대안 제시,,,,
628,오늘 누구의 눈치도 보지 않고 오직 내 마음대로 정한 건 무엇인가요?,가치관,2,ACTIVE,1,0,1,0,0.0,100.0,0.29134388349508733,0.2832827997743982,0.1907057713939906,0.3811983273303556,0.9821614032949688,0.5980047203862283,오늘 기반,B. 패턴 기반 수정 권장,False,False,False,False,False,True,False,False,False,False,False,False,False,38,"'오늘'→'요즘/평소'로 시점 중립화, 또는 저녁 시간대에만 노출",,,,
515,최근에 가장 기분 좋게 이야기를 나눈 사람은 누구인가요?,관계,1,ACTIVE,2,0,2,0,0.0,100.0,0.3030374583790801,0.2867196908736524,0.1949411473016514,0.38360551373866125,0.981389143429597,0.6795954909782459,최근·이번 주 회상,B. 패턴 기반 수정 권장,False,False,False,False,False,False,True,False,False,False,False,False,False,31,기간 제한 제거('최근'→'지금까지/평소'),,,,
376,"오늘 감정을 말로 설명하기 참 어려웠던 순간이 있다면, 어떤 때였나요?",감정,2,ACTIVE,1,1,0,0,100.0,0.0,0.2651113688102317,0.28544472439791907,0.1926136941472032,0.38356108688405016,0.9808947412266498,0.39505588469225966,"오늘 기반, 경험 전제형(~있다면/~적 있)",B. 패턴 기반 수정 권장,False,True,False,False,True,True,False,False,False,False,False,False,False,39,"'오늘'→'요즘/평소'로 시점 중립화, 또는 저녁 시간대에만 노출 / '~한 적이 있다면'→'~하는 편인가요/주로 무엇인가요' 성향형으로 전환하거나 '없다면 ~' 대안 제시",,,,
506,"나만 노력하는 것 같은 관계가 있다면, 어떤 관계인가요?",관계,2,ACTIVE,1,0,0,1,0.0,0.0,0.2939096668577459,0.2857775914476229,0.19290770315352612,0.3839246256570604,0.9806932285283949,0.5980047203862283,경험 전제형(~있다면/~적 있),B. 패턴 기반 수정 권장,False,True,False,False,True,False,False,False,False,False,False,False,False,31,'~한 적이 있다면'→'~하는 편인가요/주로 무엇인가요' 성향형으로 전환하거나 '없다면 ~' 대안 제시,,,,
508,"오래 알았는데 멀어진 사람이 있다면, 어떤 사이였나요?",관계,2,ACTIVE,1,0,1,0,0.0,100.0,0.2952197164236157,0.28705139374754,0.19403341887695835,0.385315186683173,0.979905706184242,0.5980047203862283,경험 전제형(~있다면/~적 있),B. 패턴 기반 수정 권장,False,True,False,False,True,False,False,False,False,False,False,False,False,30,'~한 적이 있다면'→'~하는 편인가요/주로 무엇인가요' 성향형으로 전환하거나 '없다면 ~' 대안 제시,,,,
532,"가장 가까운 사람에게 꼭 전하고 싶은 말이 있다면, 어떤 말인가요?",관계,2,ACTIVE,0,0,0,0,,,0.28612120206678854,0.28612120206678854,0.19196275270764152,0.3857041421151383,0.9791317269934462,0.506594919605562,경험 전제형(~있다면/~적 있),B. 패턴 기반 수정 권장,False,True,False,False,True,False,False,False,False,False,False,False,False,37,'~한 적이 있다면'→'~하는 편인가요/주로 무엇인가요' 성향형으로 전환하거나 '없다면 ~' 대안 제시,,,,
155,최근 누군가에게 받은 기분 좋은 문자는 무엇인가요?,관계,1,ACTIVE,2,0,2,0,0.0,100.0,0.3070469127585349,0.29051324671456513,0.19830556510642483,0.3877375032726992,0.979007275636818,0.6795954909782459,최근·이번 주 회상,B. 패턴 기반 수정 권장,False,False,False,False,False,False,True,False,False,False,False,False,False,28,기간 제한 제거('최근'→'지금까지/평소'),,,,
185,"사람들 사이에서 소외감을 느꼈던 적이 있다면, 어떤 상황이었나요?",관계,2,ACTIVE,0,0,0,0,,,0.28741066680090893,0.28741066680090893,0.19310010290676194,0.3871130721327588,0.9782920923425704,0.506594919605562,경험 전제형(~있다면/~적 있),B. 패턴 기반 수정 권장,False,True,False,False,True,False,False,False,False,False,False,False,False,36,'~한 적이 있다면'→'~하는 편인가요/주로 무엇인가요' 성향형으로 전환하거나 '없다면 ~' 대안 제시,,,,
158,"나를 웃게 만드는 재주가 있는 친구가 있다면, 어떤 사람인가요?",관계,2,ACTIVE,0,0,0,0,,,0.28870359262065354,0.28870359262065354,0.19424151817979177,0.38852477029635646,0.9774223961979558,0.506594919605562,경험 전제형(~있다면/~적 있),B. 패턴 기반 수정 권장,False,True,False,False,True,False,False,False,False,False,False,False,False,35,'~한 적이 있다면'→'~하는 편인가요/주로 무엇인가요' 성향형으로 전환하거나 '없다면 ~' 대안 제시,,,,
517,"나 자신과 했던 약속 중 아직 유효한 게 있다면, 어떤 건가요?",관계,2,ACTIVE,0,0,0,0,,,0.28870359262065354,0.28870359262065354,0.19424151817979177,0.38852477029635646,0.9774223961979558,0.506594919605562,경험 전제형(~있다면/~적 있),B. 패턴 기반 수정 권장,False,True,False,False,True,False,False,False,False,False,False,False,False,35,'~한 적이 있다면'→'~하는 편인가요/주로 무엇인가요' 성향형으로 전환하거나 '없다면 ~' 대안 제시,,,,
543,"주변 사람을 덕질해 본 적이 있다면, 누구였나요?",관계,2,ACTIVE,1,0,1,0,0.0,100.0,0.29917013474594434,0.2908925094394306,0.19743384184281748,0.3895025196168742,0.977368143578292,0.5980047203862283,경험 전제형(~있다면/~적 있),B. 패턴 기반 수정 권장,False,True,False,False,True,False,False,False,False,False,False,False,False,27,'~한 적이 있다면'→'~하는 편인가요/주로 무엇인가요' 성향형으로 전환하거나 '없다면 ~' 대안 제시,,,,
431,오늘 하루 종일 가장 많이 반복한 행동은 무엇이었나요?,루틴,2,ACTIVE,1,1,0,0,100.0,0.0,0.27192745168370697,0.29207221565233893,0.19847995421920026,0.39078680167479174,0.9765377518443669,0.39505588469225966,오늘 기반,B. 패턴 기반 수정 권장,False,False,False,False,False,True,False,False,False,False,False,False,False,30,"'오늘'→'요즘/평소'로 시점 중립화, 또는 저녁 시간대에만 노출",,,,
190,"관계를 정리할 때 나만의 기준이 있다면, 어떤 건가요?",관계,2,ACTIVE,3,1,2,0,33.3,66.7,0.2952197164236157,0.29821748208787435,0.2063389531820331,0.39479706724857005,0.9748889992249119,0.5734240410555717,경험 전제형(~있다면/~적 있),B. 패턴 기반 수정 권장,False,True,False,False,True,False,False,False,False,False,False,False,False,30,'~한 적이 있다면'→'~하는 편인가요/주로 무엇인가요' 성향형으로 전환하거나 '없다면 ~' 대안 제시,,,,
468,운동하면서 나 자신에 대해 알게 된 점이 있나요?,루틴,2,ACTIVE,0,0,0,0,,,0.2936395818278423,0.2936395818278423,0.1986083345115293,0.39390493632517,0.9738342626056675,0.506594919605562,"경험 전제형(~있다면/~적 있), 특정 활동 전제",B. 패턴 기반 수정 권장,False,True,False,False,False,False,False,False,False,False,False,True,False,27,'~한 적이 있다면'→'~하는 편인가요/주로 무엇인가요' 성향형으로 전환하거나 '없다면 ~' 대안 제시 / 대상 확장(예: 책→책·영화·노래 무엇이든) 또는 활동 비경험자용 대안 제시,,,,
153,"만났을 때 기운을 얻게 되는 사람이 있다면, 누구인가요?",관계,2,ACTIVE,0,0,0,0,,,0.2939096668577459,0.2939096668577459,0.19884769584188997,0.3941989050579216,0.9736252036265992,0.506594919605562,경험 전제형(~있다면/~적 있),B. 패턴 기반 수정 권장,False,True,False,False,True,False,False,False,False,False,False,False,False,31,'~한 적이 있다면'→'~하는 편인가요/주로 무엇인가요' 성향형으로 전환하거나 '없다면 ~' 대안 제시,,,,
202,"다른 사람의 성공을 축하해줄 때, 진심으로 기뻐할 수 있나요?",관계,2,ACTIVE,2,1,1,0,50.0,50.0,0.2899999676817278,0.3013079152926639,0.20792467148510155,0.39944958112095796,0.9708169697604866,0.48644645260100294,경험 전제형(~있다면/~적 있),B. 패턴 기반 수정 권장,False,True,False,False,True,False,False,False,False,False,False,False,False,34,'~한 적이 있다면'→'~하는 편인가요/주로 무엇인가요' 성향형으로 전환하거나 '없다면 ~' 대안 제시,,,,
175,"나를 힘들게 하는 사람과 거리를 두는 방법이 있다면, 어떤 건가요?",관계,2,ACTIVE,1,0,1,0,0.0,100.0,0.3093155658247835,0.3007572304229423,0.20620646679616914,0.40021665870066997,0.9696229776217562,0.5980047203862283,경험 전제형(~있다면/~적 있),B. 패턴 기반 수정 권장,False,True,False,False,True,False,False,False,False,True,False,False,False,37,'~한 적이 있다면'→'~하는 편인가요/주로 무엇인가요' 성향형으로 전환하거나 '없다면 ~' 대안 제시,,,,
165,"주변 사람들로부터 자주 듣는 부탁이 있다면, 어떤 건가요?",관계,2,ACTIVE,2,1,1,0,50.0,50.0,0.2926030171467954,0.30377079741273294,0.21012862519995462,0.40211248225770796,0.968624141785273,0.48644645260100294,경험 전제형(~있다면/~적 있),B. 패턴 기반 수정 권장,False,True,False,False,True,False,False,False,False,False,False,False,False,32,'~한 적이 있다면'→'~하는 편인가요/주로 무엇인가요' 성향형으로 전환하거나 '없다면 ~' 대안 제시,,,,
128,"여행 가방을 싸는 나만의 규칙이 있다면, 어떤 건가요?",루틴,2,ACTIVE,2,0,1,1,0.0,50.0,0.3223530346356686,0.30499517431704787,0.21122554609054048,0.40343502815314325,0.9674854454270899,0.6795954909782459,"경험 전제형(~있다면/~적 있), 특정 활동 전제",B. 패턴 기반 수정 권장,False,True,False,False,True,False,False,False,False,False,False,True,False,30,'~한 적이 있다면'→'~하는 편인가요/주로 무엇인가요' 성향형으로 전환하거나 '없다면 ~' 대안 제시 / 대상 확장(예: 책→책·영화·노래 무엇이든) 또는 활동 비경험자용 대안 제시,,,,
513,"외로움이 무서워서 관계를 유지한 적이 있다면, 어떤 관계였나요?",관계,2,ACTIVE,1,0,1,0,0.0,100.0,0.31201580048924277,0.30338275331575015,0.2085507925799853,0.4030587786632306,0.9672344616105882,0.5980047203862283,경험 전제형(~있다면/~적 있),B. 패턴 기반 수정 권장,False,True,False,False,True,False,False,False,False,True,False,False,False,35,'~한 적이 있다면'→'~하는 편인가요/주로 무엇인가요' 성향형으로 전환하거나 '없다면 ~' 대안 제시,,,,
541,"그때 하지 못한 말이 있다면, 지금은 할 수 있을까요?",관계,2,ACTIVE,2,1,0,1,50.0,0.0,0.2952197164236157,0.3062465943382098,0.2123475593402787,0.4047859201816072,0.9662873742817638,0.48644645260100294,경험 전제형(~있다면/~적 있),B. 패턴 기반 수정 권장,False,True,False,False,True,False,False,False,False,False,False,False,False,30,'~한 적이 있다면'→'~하는 편인가요/주로 무엇인가요' 성향형으로 전환하거나 '없다면 ~' 대안 제시,,,,
626,오늘 나를 움직이게 한 가장 큰 동력은 무엇인가요?,가치관,2,ACTIVE,0,0,0,0,,,0.3045293965053622,0.3045293965053622,0.2082933639656051,0.40572370741997654,0.9642616643218078,0.506594919605562,오늘 기반,B. 패턴 기반 수정 권장,False,False,False,False,False,True,False,False,False,False,False,False,False,28,"'오늘'→'요즘/평소'로 시점 중립화, 또는 저녁 시간대에만 노출",,,,
465,"운동 전에 꼭 하는 루틴이 있다면, 어떤 건가요?",루틴,2,ACTIVE,2,0,2,0,0.0,100.0,0.3264983308227551,0.30891725724269853,0.21474496264110104,0.40766595584286025,0.9636117111887222,0.6795954909782459,"경험 전제형(~있다면/~적 있), 특정 활동 전제",B. 패턴 기반 수정 권장,False,True,False,False,True,False,False,False,False,False,False,True,False,27,'~한 적이 있다면'→'~하는 편인가요/주로 무엇인가요' 성향형으로 전환하거나 '없다면 ~' 대안 제시 / 대상 확장(예: 책→책·영화·노래 무엇이든) 또는 활동 비경험자용 대안 제시,,,,
540,나에게 상처를 줬지만 덕분에 강해진 경험이 있나요?,관계,2,ACTIVE,1,1,0,0,100.0,0.0,0.2889914313646155,0.3086640585333744,0.2132783096871594,0.4087639147674573,0.9619720252510059,0.39505588469225966,경험 전제형(~있다면/~적 있),B. 패턴 기반 수정 권장,False,True,False,False,False,False,False,False,False,True,False,False,False,28,'~한 적이 있다면'→'~하는 편인가요/주로 무엇인가요' 성향형으로 전환하거나 '없다면 ~' 대안 제시,,,,
491,오늘 충분히 휴식했나요?,루틴,2,ACTIVE,1,1,0,0,100.0,0.0,0.2936569134213131,0.3132004531316184,0.21735151408126674,0.41365185955512507,0.9569323377653008,0.39505588469225966,오늘 기반,B. 패턴 기반 수정 권장,False,False,False,False,False,True,False,False,False,False,False,False,False,13,"'오늘'→'요즘/평소'로 시점 중립화, 또는 저녁 시간대에만 노출",,,,
642,오늘 겪은 시련이나 실수에서 찾은 뜻밖의 배움은 무엇이었나요?,가치관,2,ACTIVE,1,1,0,0,100.0,0.0,0.2965777173150603,0.31604044240713236,0.2199073313029141,0.4167061234151493,0.95351802993847,0.39505588469225966,오늘 기반,B. 패턴 기반 수정 권장,False,False,False,False,False,True,False,False,False,False,False,False,False,34,"'오늘'→'요즘/평소'로 시점 중립화, 또는 저녁 시간대에만 노출",,,,
280,요즘 나의 일상 균형은 잘 맞고 있나요? 어느 쪽으로 기울어져 있나요?,가치관,2,ACTIVE,1,0,1,0,0.0,100.0,0.3286875784434314,0.3195932461513043,0.22311087187829898,0.4205207431852752,0.9489519089373303,0.5980047203862283,"경험 전제형(~있다면/~적 있), 최근·이번 주 회상",B. 패턴 기반 수정 권장,False,True,False,False,True,False,True,False,False,False,False,False,False,39,'~한 적이 있다면'→'~하는 편인가요/주로 무엇인가요' 성향형으로 전환하거나 '없다면 ~' 대안 제시 / 기간 제한 제거('최근'→'지금까지/평소'),,,,
697,연애는 SNS에 공개하는 것과 비공개로 두는 것 중 뭐가 더 편한가요?,관계,1,ACTIVE,0,0,0,0,,,0.3236368428490745,0.3236368428490745,0.22545062401437277,0.42629718735908245,0.9408840726033577,0.506594919605562,특정 활동 전제,B. 패턴 기반 수정 권장,True,False,False,False,False,False,False,False,False,False,False,True,False,39,대상 확장(예: 책→책·영화·노래 무엇이든) 또는 활동 비경험자용 대안 제시,,,,
417,"최근에 시작한 일 중 루틴에 넣고 싶은 일이 있다면, 어떤 건가요?",루틴,2,ACTIVE,3,2,1,0,66.7,33.3,0.2998623910097396,0.3287127954641965,0.23385788544965003,0.42755897170438556,0.9404991044288996,0.3827715142749046,"경험 전제형(~있다면/~적 있), 최근·이번 주 회상",B. 패턴 기반 수정 권장,False,True,False,False,True,False,True,False,False,False,False,False,False,37,'~한 적이 있다면'→'~하는 편인가요/주로 무엇인가요' 성향형으로 전환하거나 '없다면 ~' 대안 제시 / 기간 제한 제거('최근'→'지금까지/평소'),,,,
470,"운동 목표가 있다면, 어떤 목표인가요?",루틴,2,ACTIVE,1,0,1,0,0.0,100.0,0.3348703235996619,0.3256049232702376,0.22854717615272,0.42695980996628874,0.9404403268712083,0.5980047203862283,"경험 전제형(~있다면/~적 있), 특정 활동 전제",B. 패턴 기반 수정 권장,False,True,False,False,True,False,False,False,False,False,False,True,False,21,'~한 적이 있다면'→'~하는 편인가요/주로 무엇인가요' 성향형으로 전환하거나 '없다면 ~' 대안 제시 / 대상 확장(예: 책→책·영화·노래 무엇이든) 또는 활동 비경험자용 대안 제시,,,,
126,"업무나 공부를 시작하기 전 마음을 가다듬는 행동이 있다면, 어떤 건가요?",루틴,2,ACTIVE,1,1,0,0,100.0,0.0,0.30873838484076604,0.3278646410224626,0.23059564318807885,0.42937514884246153,0.9369739300175033,0.39505588469225966,"경험 전제형(~있다면/~적 있), 특정 활동 전제",B. 패턴 기반 수정 권장,False,True,False,False,True,False,False,False,False,False,False,True,False,40,'~한 적이 있다면'→'~하는 편인가요/주로 무엇인가요' 성향형으로 전환하거나 '없다면 ~' 대안 제시 / 대상 확장(예: 책→책·영화·노래 무엇이든) 또는 활동 비경험자용 대안 제시,,,,
438,"운동을 시작하게 된 계기가 있다면, 어떤 건가요?",루틴,2,ACTIVE,0,0,0,0,,,0.3264983308227551,0.3264983308227551,0.22803748723826534,0.42936077720062843,0.9365518375385843,0.506594919605562,"경험 전제형(~있다면/~적 있), 특정 활동 전제",B. 패턴 기반 수정 권장,False,True,False,False,True,False,False,False,False,False,False,True,False,27,'~한 적이 있다면'→'~하는 편인가요/주로 무엇인가요' 성향형으로 전환하거나 '없다면 ~' 대안 제시 / 대상 확장(예: 책→책·영화·노래 무엇이든) 또는 활동 비경험자용 대안 제시,,,,
361,오늘 감정이 내 예상과 전혀 다르게 흘러갔나요?,감정,2,ACTIVE,3,1,2,0,33.3,66.7,0.33177857001111843,0.33190085743701203,0.23676320066107184,0.4309555529709685,0.9354407383174617,0.5734240410555717,오늘 기반,B. 패턴 기반 수정 권장,False,False,False,False,False,True,False,False,False,False,False,False,False,26,"'오늘'→'요즘/평소'로 시점 중립화, 또는 저녁 시간대에만 노출",,,,
472,"운동으로 성취감을 느낀 적이 있다면, 어떤 순간이었나요?",루틴,2,ACTIVE,2,1,1,0,50.0,50.0,0.3209774158907383,0.33061730965615366,0.23436817645922922,0.43092361191648876,0.935083753609853,0.48644645260100294,"경험 전제형(~있다면/~적 있), 특정 활동 전제",B. 패턴 기반 수정 권장,False,True,False,False,True,False,False,False,False,False,False,True,False,31,'~한 적이 있다면'→'~하는 편인가요/주로 무엇인가요' 성향형으로 전환하거나 '없다면 ~' 대안 제시 / 대상 확장(예: 책→책·영화·노래 무엇이든) 또는 활동 비경험자용 대안 제시,,,,
466,"운동 후에 꼭 하는 것이 있다면, 어떤 건가요?",루틴,2,ACTIVE,0,0,0,0,,,0.32788618519657153,0.32788618519657153,0.2292937483204588,0.4308450489603644,0.9343656893145681,0.506594919605562,"경험 전제형(~있다면/~적 있), 특정 활동 전제",B. 패턴 기반 수정 권장,False,True,False,False,True,False,False,False,False,False,False,True,False,26,'~한 적이 있다면'→'~하는 편인가요/주로 무엇인가요' 성향형으로 전환하거나 '없다면 ~' 대안 제시 / 대상 확장(예: 책→책·영화·노래 무엇이든) 또는 활동 비경험자용 대안 제시,,,,
188,"누군가에게 의도치 않게 상처를 준 적이 있다면, 어떤 일이었나요?",관계,2,ACTIVE,1,1,0,0,100.0,0.0,0.3106640715709778,0.329737046654867,0.23229506897517407,0.4313744377697078,0.933987114710845,0.39505588469225966,경험 전제형(~있다면/~적 있),B. 패턴 기반 수정 권장,False,True,False,False,True,False,False,False,False,True,False,False,False,36,'~한 적이 있다면'→'~하는 편인가요/주로 무엇인가요' 성향형으로 전환하거나 '없다면 ~' 대안 제시,,,,
646,"지금보다 나은 나를 위해 요즘 시도하고 있는 것이 있다면, 어떤 건가요?",가치관,2,ACTIVE,2,1,1,0,50.0,50.0,0.32729798382286057,0.3365975316832835,0.23981981904207775,0.4372892828030435,0.9248157098999717,0.48644645260100294,"경험 전제형(~있다면/~적 있), 최근·이번 주 회상",B. 패턴 기반 수정 권장,False,True,False,False,True,False,True,False,False,False,False,False,False,40,'~한 적이 있다면'→'~하는 편인가요/주로 무엇인가요' 성향형으로 전환하거나 '없다면 ~' 대안 제시 / 기간 제한 제거('최근'→'지금까지/평소'),,,,
53,오늘 하루 중 가장 차분했던 때는 언제인가요?,감정,2,ACTIVE,2,1,1,0,50.0,50.0,0.3331777658799525,0.3421607029916468,0.24490780658212322,0.44319447638645826,0.9142201508806906,0.48644645260100294,오늘 기반,B. 패턴 기반 수정 권장,False,False,False,False,False,True,False,False,False,False,False,False,False,25,"'오늘'→'요즘/평소'로 시점 중립화, 또는 저녁 시간대에만 노출",,,,
456,"공부나 작업할 때 옆에 꼭 있어야 편한 것이 있다면, 어떤 건가요?",루틴,2,ACTIVE,2,2,0,0,100.0,0.0,0.31278941610479766,0.3497938926974024,0.25191456944953733,0.4512713645686919,0.8979613191126925,0.29783911365922466,"경험 전제형(~있다면/~적 있), 특정 활동 전제",B. 패턴 기반 수정 권장,False,True,False,False,True,False,False,False,False,False,False,True,False,37,'~한 적이 있다면'→'~하는 편인가요/주로 무엇인가요' 성향형으로 전환하거나 '없다면 ~' 대안 제시 / 대상 확장(예: 책→책·영화·노래 무엇이든) 또는 활동 비경험자용 대안 제시,,,,
442,"공부나 작업을 시작하기 전에 꼭 하는 게 있다면, 어떤 건가요?",루틴,2,ACTIVE,2,2,0,0,100.0,0.0,0.3155061236245824,0.3523643126858529,0.254280628644454,0.4539846084237839,0.8920228182388734,0.29783911365922466,"경험 전제형(~있다면/~적 있), 특정 활동 전제",B. 패턴 기반 수정 권장,False,True,False,False,True,False,False,False,False,False,False,True,False,35,'~한 적이 있다면'→'~하는 편인가요/주로 무엇인가요' 성향형으로 전환하거나 '없다면 ~' 대안 제시 / 대상 확장(예: 책→책·영화·노래 무엇이든) 또는 활동 비경험자용 대안 제시,,,,
286,다시 태어난다면 어떤 사람으로 살고 싶나요?,가치관,2,ACTIVE,0,0,0,0,,,0.3501582009346574,0.3501582009346574,0.24959426210706223,0.454523950885009,0.8910789616216555,0.506594919605562,특정 활동 전제,B. 패턴 기반 수정 권장,False,False,True,False,False,False,False,False,False,False,False,True,False,24,대상 확장(예: 책→책·영화·노래 무엇이든) 또는 활동 비경험자용 대안 제시,,,,
588,"과거의 나에게 '괜찮아, 그럴 수 있어'라고 말해주고 싶은 순간이 있나요?",가치관,2,ACTIVE,2,0,2,0,0.0,100.0,0.37528152465970377,0.3550736048162795,0.25677807822569015,0.45684087917948873,0.8855049230435602,0.6795954909782459,경험 전제형(~있다면/~적 있),B. 패턴 기반 수정 권장,False,True,False,True,True,False,False,False,False,False,False,False,False,41,'~한 적이 있다면'→'~하는 편인가요/주로 무엇인가요' 성향형으로 전환하거나 '없다면 ~' 대안 제시,,,,
367,"이번 주에 아직 꺼내지 못한 감정이 있다면, 무엇인가요?",감정,2,ACTIVE,1,0,0,1,0.0,0.0,0.36571810383092856,0.355599187937496,0.25595487056496136,0.45880207356675834,0.8811523437216203,0.5980047203862283,"경험 전제형(~있다면/~적 있), 최근·이번 주 회상",B. 패턴 기반 수정 권장,False,True,False,False,True,False,True,False,False,False,False,False,False,31,'~한 적이 있다면'→'~하는 편인가요/주로 무엇인가요' 성향형으로 전환하거나 '없다면 ~' 대안 제시 / 기간 제한 제거('최근'→'지금까지/평소'),,,,
481,지금 구독하고 있는 서비스는 무엇이 있나요?,루틴,2,ACTIVE,1,0,1,0,0.0,100.0,0.36671763929718043,0.35657106763497526,0.2568506437838233,0.4598261227589978,0.8787181928970674,0.5980047203862283,경험 전제형(~있다면/~적 있),B. 패턴 기반 수정 권장,False,True,False,False,False,False,False,False,False,False,False,False,False,24,'~한 적이 있다면'→'~하는 편인가요/주로 무엇인가요' 성향형으로 전환하거나 '없다면 ~' 대안 제시,,,,
148,과거의 나보다 좋아진 습관이 있다면 무엇인가요?,루틴,2,ACTIVE,3,1,2,0,33.3,66.7,0.3637943312154917,0.36139847007834247,0.26388727714359067,0.46213974029679555,0.8722680009222915,0.5734240410555717,경험 전제형(~있다면/~적 있),B. 패턴 기반 수정 권장,False,True,False,False,False,False,False,False,False,False,False,False,False,26,'~한 적이 있다면'→'~하는 편인가요/주로 무엇인가요' 성향형으로 전환하거나 '없다면 ~' 대안 제시,,,,
132,"중요한 일을 앞두고 지키는 징크스 같은 행동이 있다면, 어떤 건가요?",루틴,2,ACTIVE,2,0,2,0,0.0,100.0,0.382044279889416,0.3614722035218286,0.26269075381092144,0.46357220123622245,0.8690415430947188,0.6795954909782459,경험 전제형(~있다면/~적 있),B. 패턴 기반 수정 권장,False,True,False,False,True,False,False,False,False,False,False,False,False,38,'~한 적이 있다면'→'~하는 편인가요/주로 무엇인가요' 성향형으로 전환하거나 '없다면 ~' 대안 제시,,,,
647,"모든 물건이 있는 집에 불이 났을 때, 소중한 가족과 애완동물을 대피시킨 후 하나의 물건만 가져나올 수 있다면 뭘 고를 것인가요?",가치관,2,ACTIVE,3,1,2,0,33.3,66.7,0.3661433543417687,0.3635627345424021,0.26589421821977555,0.46441091461120343,0.8663782415874743,0.5734240410555717,경험 전제형(~있다면/~적 있),B. 패턴 기반 수정 권장,False,True,False,False,True,False,False,False,False,False,False,False,False,72,'~한 적이 있다면'→'~하는 편인가요/주로 무엇인가요' 성향형으로 전환하거나 '없다면 ~' 대안 제시,,,,
88,"최근에 나의 한계를 느꼈던 적이 있다면, 어떤 순간이었나요?",감정,2,ACTIVE,0,0,0,0,,,0.3627981989333455,0.3627981989333455,0.26122979491930426,0.46784789120338566,0.8590926920453743,0.506594919605562,"경험 전제형(~있다면/~적 있), 최근·이번 주 회상",B. 패턴 기반 수정 권장,False,True,False,False,True,False,True,False,False,False,False,False,False,33,'~한 적이 있다면'→'~하는 편인가요/주로 무엇인가요' 성향형으로 전환하거나 '없다면 ~' 대안 제시 / 기간 제한 제거('최근'→'지금까지/평소'),,,,
74,"최근에 느낀 감정 중 이름 붙이기 힘든 게 있었다면, 어떤 느낌이었나요?",감정,2,ACTIVE,1,0,1,0,0.0,100.0,0.37442229282601397,0.3640625440193644,0.26377128373258224,0.4677039134320231,0.8588088195221116,0.5980047203862283,최근·이번 주 회상,B. 패턴 기반 수정 권장,False,False,True,False,True,False,True,False,False,False,False,False,False,40,기간 제한 제거('최근'→'지금까지/평소'),,,,
80,"최근에 누군가를 용서했던 경험이 있다면, 어떤 일이었나요?",감정,2,ACTIVE,5,2,3,0,40.0,60.0,0.3642569019708732,0.36870898164012045,0.2730812271479578,0.4672387647386049,0.8575533853707118,0.5515639135785486,"경험 전제형(~있다면/~적 있), 최근·이번 주 회상",B. 패턴 기반 수정 권장,False,True,False,False,True,False,True,False,False,False,False,False,False,32,'~한 적이 있다면'→'~하는 편인가요/주로 무엇인가요' 성향형으로 전환하거나 '없다면 ~' 대안 제시 / 기간 제한 제거('최근'→'지금까지/평소'),,,,
610,"가장 최근에 생각이 바뀐 주제가 있다면, 어떤 건가요?",가치관,2,ACTIVE,3,2,1,0,66.7,33.3,0.34132694700226884,0.3669160230309148,0.26900819184622,0.4679254052635853,0.8568979890991605,0.3827715142749046,"경험 전제형(~있다면/~적 있), 최근·이번 주 회상",B. 패턴 기반 수정 권장,False,True,False,False,True,False,True,False,False,False,False,False,False,30,'~한 적이 있다면'→'~하는 편인가요/주로 무엇인가요' 성향형으로 전환하거나 '없다면 ~' 대안 제시 / 기간 제한 제거('최근'→'지금까지/평소'),,,,
490,"겉으론 '응'이라고 하지만 속으론 '싫어' 하는 게 있다면, 어떤 건가요?",루틴,2,ACTIVE,3,2,0,1,66.7,0.0,0.3416252533404396,0.3671908665605015,0.26926365903863086,0.4682132226955878,0.8561017913039695,0.3827715142749046,경험 전제형(~있다면/~적 있),B. 패턴 기반 수정 권장,False,True,False,True,True,False,False,False,False,False,False,False,False,41,'~한 적이 있다면'→'~하는 편인가요/주로 무엇인가요' 성향형으로 전환하거나 '없다면 ~' 대안 제시,,,,
288,더 나은 세상을 위해 소소하게라도 하고 있는 행동이 있나요?,가치관,2,ACTIVE,2,0,1,1,0.0,50.0,0.3877857268265104,0.36690448869137987,0.2677262242161853,0.4692712280472364,0.8538683375720251,0.6795954909782459,경험 전제형(~있다면/~적 있),B. 패턴 기반 수정 권장,False,True,False,False,False,False,False,False,False,False,False,False,False,33,'~한 적이 있다면'→'~하는 편인가요/주로 무엇인가요' 성향형으로 전환하거나 '없다면 ~' 대안 제시,,,,
464,"운동할 때 꼭 듣는 음악이 있다면, 어떤 건가요?",루틴,2,ACTIVE,4,3,1,0,75.0,25.0,0.3264983308227551,0.36977679452507756,0.27289561550602087,0.4696125776223819,0.8514598232302757,0.2920669637843254,"경험 전제형(~있다면/~적 있), 특정 활동 전제",B. 패턴 기반 수정 권장,False,True,False,False,True,False,False,False,False,False,False,True,False,27,'~한 적이 있다면'→'~하는 편인가요/주로 무엇인가요' 성향형으로 전환하거나 '없다면 ~' 대안 제시 / 대상 확장(예: 책→책·영화·노래 무엇이든) 또는 활동 비경험자용 대안 제시,,,,
59,오늘 하루 중 가장 아쉬웠던 순간은 언제인가요?,감정,2,ACTIVE,2,2,0,0,100.0,0.0,0.33177857001111843,0.36776053077275783,0.2685210414357845,0.47016799676813525,0.8513763637087992,0.29783911365922466,오늘 기반,B. 패턴 기반 수정 권장,False,False,False,False,False,True,False,False,False,False,False,False,False,26,"'오늘'→'요즘/평소'로 시점 중립화, 또는 저녁 시간대에만 노출",,,,
125,"가계부를 쓰거나 돈을 관리하는 방법이 있다면, 어떤 건가요?",루틴,2,ACTIVE,2,0,1,1,0.0,50.0,0.3895134643393474,0.36853919209815067,0.26924431995919407,0.47098339540752243,0.8490857441377542,0.6795954909782459,경험 전제형(~있다면/~적 있),B. 패턴 기반 수정 권장,False,True,False,False,True,False,False,False,False,False,False,False,False,33,'~한 적이 있다면'→'~하는 편인가요/주로 무엇인가요' 성향형으로 전환하거나 '없다면 ~' 대안 제시,,,,
489,"생각할 틈도 없이 자동으로 나오는 나만의 반응이 있다면, 어떤 건가요?",루틴,2,ACTIVE,1,0,1,0,0.0,100.0,0.38055698472822913,0.370027497451593,0.26930155625466645,0.47395661303009756,0.8414930944371519,0.5980047203862283,경험 전제형(~있다면/~적 있),B. 패턴 기반 수정 권장,False,True,False,False,True,False,False,False,False,False,False,False,False,39,'~한 적이 있다면'→'~하는 편인가요/주로 무엇인가요' 성향형으로 전환하거나 '없다면 ~' 대안 제시,,,,
485,"밤에 갑자기 마음이 무거워진 적이 있다면, 어떤 생각이 찾아왔나요?",루틴,2,ACTIVE,1,0,1,0,0.0,100.0,0.3835337887477178,0.3729219374065497,0.2719913470680642,0.47698439967682293,0.8326221643417462,0.5980047203862283,경험 전제형(~있다면/~적 있),B. 패턴 기반 수정 권장,False,True,False,False,True,False,False,False,False,False,False,False,False,37,'~한 적이 있다면'→'~하는 편인가요/주로 무엇인가요' 성향형으로 전환하거나 '없다면 ~' 대안 제시,,,,
613,예전엔 중요했는데 지금은 중요하지 않은 것이 있다면 무엇인가요?,가치관,2,ACTIVE,1,0,1,0,0.0,100.0,0.38479652075682674,0.37414973136128765,0.27313356232866925,0.478267525803627,0.8287669720362845,0.5980047203862283,경험 전제형(~있다면/~적 있),B. 패턴 기반 수정 권장,False,True,False,False,False,False,False,False,False,False,False,False,False,35,'~한 적이 있다면'→'~하는 편인가요/주로 무엇인가요' 성향형으로 전환하거나 '없다면 ~' 대안 제시,,,,
92,오늘 밤 잠들기 전 나에게 해주고 싶은 말은 무엇인가요?,감정,2,ACTIVE,3,3,0,0,100.0,0.0,0.32482742291710387,0.3779320436048363,0.2792756516874429,0.4794333554176679,0.8227077831234325,0.21776014147689587,오늘 기반,B. 패턴 기반 수정 권장,False,False,False,False,False,True,False,False,False,False,False,False,False,31,"'오늘'→'요즘/평소'로 시점 중립화, 또는 저녁 시간대에만 노출",,,,
429,요즘 내 삶에 기분 좋게 스며든 나만의 루틴은 무엇인가요?,루틴,2,ACTIVE,1,1,0,0,100.0,0.0,0.3591691613686307,0.37690006746844595,0.27569484882214634,0.48113915592995904,0.8199325759101257,0.39505588469225966,최근·이번 주 회상,B. 패턴 기반 수정 권장,False,False,False,False,False,False,True,False,False,False,False,False,False,32,기간 제한 제거('최근'→'지금까지/평소'),,,,
581,내가 틀렸다는 걸 인정하기 어려운 주제가 있다면 무엇인가요?,가치관,2,ACTIVE,1,0,1,0,0.0,100.0,0.3877857268265104,0.37705623021880313,0.27584038719671117,0.48130209586622674,0.8194227553593908,0.5980047203862283,경험 전제형(~있다면/~적 있),B. 패턴 기반 수정 권장,False,True,False,False,False,False,False,False,False,False,False,False,False,33,'~한 적이 있다면'→'~하는 편인가요/주로 무엇인가요' 성향형으로 전환하거나 '없다면 ~' 대안 제시,,,,
483,"꿈을 기록해본 적이 있다면, 어떤 경험이었나요?",루틴,2,ACTIVE,2,0,2,0,0.0,100.0,0.40005730756942154,0.3785152771924407,0.27853661524960127,0.48140437320998,0.8177282881484951,0.6795954909782459,경험 전제형(~있다면/~적 있),B. 패턴 기반 수정 권장,False,True,False,False,True,False,False,False,False,False,False,False,False,26,'~한 적이 있다면'→'~하는 편인가요/주로 무엇인가요' 성향형으로 전환하거나 '없다면 ~' 대안 제시,,,,
115,"미루고 싶을 때 나를 움직이게 하는 나만의 방법이 있다면, 어떤 건가요?",루틴,2,ACTIVE,5,2,3,0,40.0,60.0,0.3790719278240688,0.38167868128945326,0.2852132714059675,0.4807595388016543,0.8158433985506166,0.5515639135785486,경험 전제형(~있다면/~적 있),B. 패턴 기반 수정 권장,False,True,False,False,True,False,False,False,False,False,False,False,False,40,'~한 적이 있다면'→'~하는 편인가요/주로 무엇인가요' 성향형으로 전환하거나 '없다면 ~' 대안 제시,,,,
745,퇴사 못 하는 회사에서 월 600을 버는 것과 백수로 지내며 월 200을 받는 것 중 뭐가 더 나은가요?,가치관,2,ACTIVE,1,0,1,0,0.0,100.0,0.38930119293154003,0.37852976546535055,0.2772142513427613,0.48283900022277376,0.814568900756503,0.5980047203862283,특정 활동 전제,B. 패턴 기반 수정 권장,True,False,False,False,False,False,False,False,False,False,False,True,False,58,대상 확장(예: 책→책·영화·노래 무엇이든) 또는 활동 비경험자용 대안 제시,,,,
133,"계절이 바뀔 때 집 안에서 바꾸는 게 있다면, 어떤 건가요?",루틴,2,ACTIVE,1,0,1,0,0.0,100.0,0.3895134643393474,0.3787361636158603,0.2774067721318981,0.48305419086837764,0.8138827901480267,0.5980047203862283,경험 전제형(~있다면/~적 있),B. 패턴 기반 수정 권장,False,True,False,False,True,False,False,False,False,False,False,False,False,33,'~한 적이 있다면'→'~하는 편인가요/주로 무엇인가요' 성향형으로 전환하거나 '없다면 ~' 대안 제시,,,,
370,"오늘 아침, 눈을 떴을 때 가장 먼저 든 기분은 무엇인가요?",감정,2,ACTIVE,3,2,1,0,66.7,33.3,0.35650260958111024,0.3808980681076706,0.28204988966656064,0.4825220645100837,0.8127080883338408,0.3827715142749046,오늘 기반,B. 패턴 기반 수정 권장,False,False,False,False,True,True,False,False,False,False,False,False,False,33,"'오늘'→'요즘/평소'로 시점 중립화, 또는 저녁 시간대에만 노출",,,,
595,꿈과 현실의 균형을 어떻게 맞추고 있나요?,가치관,2,ACTIVE,2,0,2,0,0.0,100.0,0.40285471785863647,0.38116205431913885,0.28100993854554934,0.48416121769597653,0.8087875427631911,0.6795954909782459,경험 전제형(~있다면/~적 있),B. 패턴 기반 수정 권장,False,True,False,False,False,False,False,False,False,False,False,False,False,23,'~한 적이 있다면'→'~하는 편인가요/주로 무엇인가요' 성향형으로 전환하거나 '없다면 ~' 대안 제시,,,,
401,슬픈 영화나 노래를 일부러 찾아보며 감정을 쏟아내고 싶었던 적이 있나요?,감정,2,ACTIVE,3,2,1,0,66.7,33.3,0.35797647871584964,0.3822560124196308,0.283321398329236,0.48393480666256394,0.8080188551333278,0.3827715142749046,"경험 전제형(~있다면/~적 있), 특정 활동 전제",B. 패턴 기반 수정 권장,False,True,False,False,False,False,False,True,False,True,False,True,False,40,'~한 적이 있다면'→'~하는 편인가요/주로 무엇인가요' 성향형으로 전환하거나 '없다면 ~' 대안 제시 / 대상 확장(예: 책→책·영화·노래 무엇이든) 또는 활동 비경험자용 대안 제시,,,,
124,"약속 시간에 늦지 않기 위해 하는 준비가 있다면, 어떤 건가요?",루틴,2,ACTIVE,3,1,2,0,33.3,66.7,0.38651934851105124,0.382336087434146,0.2833964032386671,0.4840180861569925,0.8077401757624081,0.5734240410555717,경험 전제형(~있다면/~적 있),B. 패턴 기반 수정 권장,False,True,False,False,True,False,False,False,False,False,False,False,False,35,'~한 적이 있다면'→'~하는 편인가요/주로 무엇인가요' 성향형으로 전환하거나 '없다면 ~' 대안 제시,,,,
566,"처음엔 별로였는데 나중에 좋아진 적이 있다면, 어떤 경험이었나요?",사랑,2,ACTIVE,0,0,0,0,,,0.3801403702464953,0.3801403702464953,0.27732411001224033,0.48599807466653094,0.8060069936437602,0.506594919605562,경험 전제형(~있다면/~적 있),B. 패턴 기반 수정 권장,False,True,False,False,True,False,False,True,True,False,False,False,False,36,'~한 적이 있다면'→'~하는 편인가요/주로 무엇인가요' 성향형으로 전환하거나 '없다면 ~' 대안 제시,,,,
140,"중요한 약속 전날 꼭 하는 준비가 있다면, 어떤 건가요?",루틴,2,ACTIVE,1,0,1,0,0.0,100.0,0.3925159340435281,0.3816555591213865,0.28013207367083676,0.4860957563694233,0.8040150512329625,0.5980047203862283,경험 전제형(~있다면/~적 있),B. 패턴 기반 수정 권장,False,True,False,False,True,False,False,False,False,False,False,False,False,31,'~한 적이 있다면'→'~하는 편인가요/주로 무엇인가요' 성향형으로 전환하거나 '없다면 ~' 대안 제시,,,,
608,채워지지 않는 결핍이 있다면 무엇인가요?,가치관,2,ACTIVE,2,0,2,0,0.0,100.0,0.4043722694831294,0.38259788979303305,0.28235306481587424,0.48565537550802335,0.8038298409664276,0.6795954909782459,경험 전제형(~있다면/~적 있),B. 패턴 기반 수정 권장,False,True,False,False,False,False,False,False,False,False,False,False,False,22,'~한 적이 있다면'→'~하는 편인가요/주로 무엇인가요' 성향형으로 전환하거나 '없다면 ~' 대안 제시,,,,
762,한 사람을 깊이 돕는 것과 백 명을 조금씩 돕는 것 중 뭐가 더 의미 있나요?,가치관,2,ACTIVE,1,0,0,1,0.0,0.0,0.3930966852612844,0.3822202417533498,0.2806596859094413,0.4866835972903772,0.8020714138562264,0.5980047203862283,경험 전제형(~있다면/~적 있),B. 패턴 기반 수정 권장,True,True,False,False,False,False,False,False,False,False,False,False,False,43,'~한 적이 있다면'→'~하는 편인가요/주로 무엇인가요' 성향형으로 전환하거나 '없다면 ~' 대안 제시,,,,
467,운동할 때 혼자하는 것과 같이 하는 것 중 무엇이 더 좋은가요?,루틴,2,ACTIVE,3,1,1,1,33.3,33.3,0.3889608277151412,0.3845855359908859,0.2855046416408589,0.486356335598511,0.799813566224717,0.5734240410555717,특정 활동 전제,B. 패턴 기반 수정 권장,True,False,False,False,False,False,False,False,False,False,False,True,False,35,대상 확장(예: 책→책·영화·노래 무엇이든) 또는 활동 비경험자용 대안 제시,,,,
440,운동이 나에게 주는 가장 큰 선물은 무엇인가요?,루틴,2,ACTIVE,0,0,0,0,,,0.38218071187633074,0.38218071187633074,0.27922736401557147,0.4881237497226071,0.7990675487139435,0.506594919605562,특정 활동 전제,B. 패턴 기반 수정 권장,False,False,False,False,False,False,False,False,False,False,False,True,False,26,대상 확장(예: 책→책·영화·노래 무엇이든) 또는 활동 비경험자용 대안 제시,,,,
350,몸과 마음이 기분 좋게 늘어진 순간이 있었나요?,감정,2,ACTIVE,6,1,5,0,16.7,83.3,0.42569496883639407,0.38791924339498585,0.2922343919057413,0.48601936605672924,0.7961220243215437,0.7823706051685392,경험 전제형(~있다면/~적 있),B. 패턴 기반 수정 권장,False,True,False,False,False,False,False,False,False,False,False,False,False,26,'~한 적이 있다면'→'~하는 편인가요/주로 무엇인가요' 성향형으로 전환하거나 '없다면 ~' 대안 제시,,,,
622,요즘 내 인생에서 과감히 덜어내기로 한 것은 무엇인가요?,가치관,2,ACTIVE,1,0,1,0,0.0,100.0,0.39502638882079577,0.38409655307492324,0.28241391686561806,0.4886357616742114,0.7955324065707521,0.5980047203862283,최근·이번 주 회상,B. 패턴 기반 수정 권장,False,False,False,False,False,False,True,False,False,False,False,False,False,31,기간 제한 제거('최근'→'지금까지/평소'),,,,
136,"매일 일기를 쓰거나 기록을 남기는 습관이 있다면, 어떤 방식인가요?",루틴,2,ACTIVE,0,0,0,0,,,0.3835337887477178,0.3835337887477178,0.28049064611803964,0.489532299344426,0.7943869034124631,0.506594919605562,경험 전제형(~있다면/~적 있),B. 패턴 기반 수정 권장,False,True,False,False,True,False,False,False,False,False,False,False,False,37,'~한 적이 있다면'→'~하는 편인가요/주로 무엇인가요' 성향형으로 전환하거나 '없다면 ~' 대안 제시,,,,
476,"소비 습관 중 바꾸고 싶은 게 있다면, 어떤 건가요?",루틴,2,ACTIVE,1,0,1,0,0.0,100.0,0.39552655297295175,0.38458287837432464,0.282868874449005,0.48914147279338066,0.7938173928008172,0.5980047203862283,경험 전제형(~있다면/~적 있),B. 패턴 기반 수정 권장,False,True,False,False,True,False,False,False,False,False,False,False,False,29,'~한 적이 있다면'→'~하는 편인가요/주로 무엇인가요' 성향형으로 전환하거나 '없다면 ~' 대안 제시,,,,
386,지금 겪고 있는 힘든 일이 있다면 무엇인가요?,감정,2,ACTIVE,6,1,5,0,16.7,83.3,0.4272370015328946,0.38923639177082825,0.2934756399843993,0.4873840386772814,0.791165107508299,0.7823706051685392,경험 전제형(~있다면/~적 있),B. 패턴 기반 수정 권장,False,True,False,False,False,False,False,False,False,False,False,False,False,25,'~한 적이 있다면'→'~하는 편인가요/주로 무엇인가요' 성향형으로 전환하거나 '없다면 ~' 대안 제시,,,,
473,"물건을 살 때 가격을 꼼꼼히 따져보는 편인가요, 아니면 가격보다 더 중요하게 여기는 나만의 기준이 있나요?",루틴,2,ACTIVE,2,2,0,0,100.0,0.0,0.3513125553457936,0.38624266254170336,0.28576686488636355,0.48944383005550335,0.7909094561500143,0.29783911365922466,경험 전제형(~있다면/~적 있),B. 패턴 기반 수정 권장,False,True,False,False,True,False,False,False,False,False,False,False,False,59,'~한 적이 있다면'→'~하는 편인가요/주로 무엇인가요' 성향형으로 전환하거나 '없다면 ~' 대안 제시,,,,
457,물건을 잘 버리는 편인가요? 버릴 때 기준이 있다면 어떤 건가요?,루틴,2,ACTIVE,0,0,0,0,,,0.38502548658194174,0.38502548658194174,0.2818843791435551,0.49108412317573297,0.7891546533096785,0.506594919605562,경험 전제형(~있다면/~적 있),B. 패턴 기반 수정 권장,False,True,False,False,True,False,False,False,False,False,False,False,False,36,'~한 적이 있다면'→'~하는 편인가요/주로 무엇인가요' 성향형으로 전환하거나 '없다면 ~' 대안 제시,,,,
11,최근 새로 시도해서 재밌던 일은 무엇인가요?,취향,2,ACTIVE,4,1,3,0,25.0,75.0,0.4048836145778565,0.38905575513962876,0.2909475580142485,0.4896812795929991,0.7863419394285549,0.6528055841951683,최근·이번 주 회상,B. 패턴 기반 수정 권장,False,False,False,False,False,False,True,False,False,False,False,False,False,24,기간 제한 제거('최근'→'지금까지/평소'),,,,
437,"손이 안 가서 끝까지 붙잡고 있었던 일이 있다면, 어떤 건가요?",루틴,2,ACTIVE,0,0,0,0,,,0.387729619495237,0.387729619495237,0.2844136670012595,0.4938945059459701,0.7794791082877015,0.506594919605562,경험 전제형(~있다면/~적 있),B. 패턴 기반 수정 권장,False,True,False,False,True,False,False,True,False,False,False,False,False,35,'~한 적이 있다면'→'~하는 편인가요/주로 무엇인가요' 성향형으로 전환하거나 '없다면 ~' 대안 제시,,,,
52,오늘 나를 웃게 만든 장면은 무엇인가요?,감정,1,ACTIVE,4,2,1,1,50.0,25.0,0.37861767620749104,0.3910219732308377,0.29279821188622335,0.4917184607882096,0.7789004412589247,0.46862489025581366,오늘 기반,B. 패턴 기반 수정 권장,False,False,False,False,False,True,False,False,False,False,False,False,False,22,"'오늘'→'요즘/평소'로 시점 중립화, 또는 저녁 시간대에만 노출",,,,
578,나에게 좀 더 다정해지고 싶은 순간이 있나요?,가치관,2,ACTIVE,1,0,1,0,0.0,100.0,0.39982521440070323,0.3887626017648663,0.2867836530486388,0.49348316025734945,0.7787399730026723,0.5980047203862283,경험 전제형(~있다면/~적 있),B. 패턴 기반 수정 권장,False,True,False,False,False,False,False,False,False,False,False,False,False,25,'~한 적이 있다면'→'~하는 편인가요/주로 무엇인가요' 성향형으로 전환하거나 '없다면 ~' 대안 제시,,,,
69,"최근에 용기를 냈던 경험이 있다면, 어떤 순간이었나요?",감정,2,ACTIVE,3,2,1,0,66.7,33.3,0.3671817818267082,0.39073728711670247,0.2912821762352652,0.4927389699560628,0.7771838483432785,0.3827715142749046,"경험 전제형(~있다면/~적 있), 최근·이번 주 회상",B. 패턴 기반 수정 권장,False,True,False,False,True,False,True,False,False,False,False,False,False,30,'~한 적이 있다면'→'~하는 편인가요/주로 무엇인가요' 성향형으로 전환하거나 '없다면 ~' 대안 제시 / 기간 제한 제거('최근'→'지금까지/평소'),,,,
135,"화난 마음을 가라앉히는 나만의 루틴이 있다면, 어떤 건가요?",루틴,2,ACTIVE,0,0,0,0,,,0.3895134643393474,0.3895134643393474,0.28608410196630607,0.4957465092490698,0.77296372689266,0.506594919605562,경험 전제형(~있다면/~적 있),B. 패턴 기반 수정 권장,False,True,False,False,True,False,False,False,False,False,False,False,False,33,'~한 적이 있다면'→'~하는 편인가요/주로 무엇인가요' 성향형으로 전환하거나 '없다면 ~' 대안 제시,,,,
102,"매일 밤 자기 전 꼭 지키는 습관이 있다면, 어떤 건가요?",루틴,2,ACTIVE,0,0,0,0,,,0.3910136676905046,0.3910136676905046,0.28749011298717314,0.49730284815277703,0.7674038897934915,0.506594919605562,경험 전제형(~있다면/~적 있),B. 패턴 기반 수정 권장,False,True,False,False,True,False,False,False,False,False,False,False,False,32,'~한 적이 있다면'→'~하는 편인가요/주로 무엇인가요' 성향형으로 전환하거나 '없다면 ~' 대안 제시,,,,
118,"하루 일정을 정리하는 나만의 도구가 있다면, 어떤 건가요?",루틴,2,ACTIVE,0,0,0,0,,,0.3910136676905046,0.3910136676905046,0.28749011298717314,0.49730284815277703,0.7674038897934915,0.506594919605562,경험 전제형(~있다면/~적 있),B. 패턴 기반 수정 권장,False,True,False,False,True,False,False,False,False,False,False,False,False,32,'~한 적이 있다면'→'~하는 편인가요/주로 무엇인가요' 성향형으로 전환하거나 '없다면 ~' 대안 제시,,,,
17,여행지에서 꼭 들르는 곳은 어디인가요?,취향,2,ACTIVE,5,1,2,2,20.0,40.0,0.4242376435023002,0.39630710841261696,0.2989883985503059,0.4959179941640215,0.760823864623508,0.7227036943188239,특정 활동 전제,B. 패턴 기반 수정 권장,False,False,False,False,False,False,False,False,False,False,False,True,False,21,대상 확장(예: 책→책·영화·노래 무엇이든) 또는 활동 비경험자용 대안 제시,,,,
478,"돈 때문에 고민했던 경험이 있다면, 어떤 상황이었나요?",루틴,2,ACTIVE,0,0,0,0,,,0.3940202377405439,0.3940202377405439,0.2903111600365271,0.5004186697135034,0.7560440155941655,0.506594919605562,경험 전제형(~있다면/~적 있),B. 패턴 기반 수정 권장,False,True,False,False,True,False,False,False,False,False,False,False,False,30,'~한 적이 있다면'→'~하는 편인가요/주로 무엇인가요' 성향형으로 전환하거나 '없다면 ~' 대안 제시,,,,
443,"집중이 잘 되는 시간대가 있다면, 언제인가요?",루틴,2,ACTIVE,3,1,2,0,33.3,66.7,0.4015714078993978,0.3962042511319405,0.29643118392293005,0.4983965060144631,0.7559390351934724,0.5734240410555717,경험 전제형(~있다면/~적 있),B. 패턴 기반 수정 권장,False,True,False,False,True,False,False,False,False,False,False,False,False,25,'~한 적이 있다면'→'~하는 편인가요/주로 무엇인가요' 성향형으로 전환하거나 '없다면 ~' 대안 제시,,,,
802,망해가는 회사의 사장과 잘나가는 대기업의 평사원 중 뭐가 더 편한가요?,가치관,2,ACTIVE,2,0,1,1,0.0,50.0,0.4181274517374213,0.3956123917788825,0.2945713555890266,0.4991543833707011,0.7555495310269139,0.6795954909782459,특정 활동 전제,B. 패턴 기반 수정 권장,True,False,False,False,False,False,False,False,False,False,False,True,False,39,대상 확장(예: 책→책·영화·노래 무엇이든) 또는 활동 비경험자용 대안 제시,,,,
328,꾸준히 수집하는 물건이 있다면 무엇인가요?,취향,2,ACTIVE,3,1,2,0,33.3,66.7,0.4021196464490028,0.3967093688540543,0.2969076138587097,0.4989185416263719,0.753924064406239,0.5734240410555717,경험 전제형(~있다면/~적 있),B. 패턴 기반 수정 권장,False,True,False,False,False,False,False,False,False,False,False,False,False,23,'~한 적이 있다면'→'~하는 편인가요/주로 무엇인가요' 성향형으로 전환하거나 '없다면 ~' 대안 제시,,,,
458,물건의 자리가 정해져 있는 편인가요? 나만의 정리 규칙이 있다면 어떤 건가요?,루틴,2,ACTIVE,3,2,0,1,66.7,0.0,0.3746304298041679,0.3976000735842228,0.29774801502748105,0.4998387952323155,0.7503499672064957,0.3827715142749046,경험 전제형(~있다면/~적 있),B. 패턴 기반 수정 권장,False,True,False,False,True,False,False,False,False,False,False,False,False,43,'~한 적이 있다면'→'~하는 편인가요/주로 무엇인가요' 성향형으로 전환하거나 '없다면 ~' 대안 제시,,,,
448,공부하다 막히면 어떻게 하나요?,루틴,2,ACTIVE,0,0,0,0,,,0.39566471688913296,0.39566471688913296,0.2918559937018574,0.5021210758777108,0.749710219559069,0.506594919605562,특정 활동 전제,B. 패턴 기반 수정 권장,False,False,False,False,False,False,False,False,False,False,False,True,False,17,대상 확장(예: 책→책·영화·노래 무엇이든) 또는 활동 비경험자용 대안 제시,,,,
462,"지금 당장 버리고 싶은 것이 있다면, 어떤 건가요?",루틴,2,ACTIVE,0,0,0,0,,,0.3970348537830268,0.3970348537830268,0.29314409333721436,0.5035384908382874,0.744369371406757,0.506594919605562,경험 전제형(~있다면/~적 있),B. 패턴 기반 수정 권장,False,True,False,False,True,False,False,False,False,False,False,False,False,28,'~한 적이 있다면'→'~하는 편인가요/주로 무엇인가요' 성향형으로 전환하거나 '없다면 ~' 대안 제시,,,,
469,운동하기 싫은 날은 어떻게 하나요?,루틴,2,ACTIVE,2,1,1,0,50.0,50.0,0.3926537294372721,0.3984340428512862,0.29723077585016305,0.5020706804044447,0.7443210043437252,0.48644645260100294,특정 활동 전제,B. 패턴 기반 수정 권장,False,False,False,False,False,False,False,False,False,False,False,True,False,19,대상 확장(예: 책→책·영화·노래 무엇이든) 또는 활동 비경험자용 대안 제시,,,,
1,요즘 자주 찾는 색깔은 무엇인가요?,취향,2,ACTIVE,6,2,1,3,33.3,16.7,0.4125012561906109,0.40095570038619727,0.30455327524629106,0.4994925328005744,0.7441256406954843,0.6286304397310631,최근·이번 주 회상,B. 패턴 기반 수정 권장,False,False,False,False,False,False,True,False,False,False,False,False,False,19,기간 제한 제거('최근'→'지금까지/평소'),,,,
636,이번 주에 얻은 가장 값진 인생의 힌트는 무엇인가요?,가치관,2,ACTIVE,0,0,0,0,,,0.39804364635030537,0.39804364635030537,0.2940930553409817,0.5045815215092198,0.7404005911832792,0.506594919605562,최근·이번 주 회상,B. 패턴 기반 수정 권장,False,False,False,False,False,False,True,False,False,False,False,False,False,29,기간 제한 제거('최근'→'지금까지/평소'),,,,
113,"스트레스가 쌓였을 때 나도 모르게 하는 행동이 있다면, 어떤 건가요?",루틴,2,ACTIVE,1,1,0,0,100.0,0.0,0.382044279889416,0.3991422629866797,0.2965411011530975,0.5042292820575915,0.7387777891725655,0.39505588469225966,경험 전제형(~있다면/~적 있),B. 패턴 기반 수정 권장,False,True,False,False,True,False,False,False,False,False,False,False,False,38,'~한 적이 있다면'→'~하는 편인가요/주로 무엇인가요' 성향형으로 전환하거나 '없다면 ~' 대안 제시,,,,
21,"남들은 모르지만 혼자 발견한 풍경이 있다면, 어떤 풍경인가요?",취향,2,ACTIVE,2,0,2,0,0.0,100.0,0.4225574437525485,0.39980384041346395,0.29852314199310126,0.5034850991269677,0.7387774951627515,0.6795954909782459,경험 전제형(~있다면/~적 있),B. 패턴 기반 수정 권장,False,True,False,False,True,False,False,False,False,False,False,False,False,34,'~한 적이 있다면'→'~하는 편인가요/주로 무엇인가요' 성향형으로 전환하거나 '없다면 ~' 대안 제시,,,,
54,"최근에 눈물이 났던 적이 있다면, 어떤 순간이었나요?",감정,2,ACTIVE,2,1,1,0,50.0,50.0,0.39483217660121567,0.400495186383744,0.2991757359813772,0.5041986373900489,0.7359571245180593,0.48644645260100294,"경험 전제형(~있다면/~적 있), 최근·이번 주 회상",B. 패턴 기반 수정 권장,False,True,False,False,True,False,True,False,False,True,False,False,False,29,'~한 적이 있다면'→'~하는 편인가요/주로 무엇인가요' 성향형으로 전환하거나 '없다면 ~' 대안 제시 / 기간 제한 제거('최근'→'지금까지/평소'),,,,
451,"번아웃이 온 적이 있다면, 어떤 상황에서였나요?",루틴,2,ACTIVE,0,0,0,0,,,0.40005730756942154,0.40005730756942154,0.2959887337630379,0.5066620795008103,0.7323875599481731,0.506594919605562,경험 전제형(~있다면/~적 있),B. 패턴 기반 수정 권장,False,True,False,False,True,False,False,False,False,False,False,False,False,26,'~한 적이 있다면'→'~하는 편인가요/주로 무엇인가요' 성향형으로 전환하거나 '없다면 ~' 대안 제시,,,,
301,최근에 꼭 필요하지 않지만 산 물건은 무엇인가요?,취향,2,ACTIVE,7,3,4,0,42.9,57.1,0.4003346742198722,0.4050249396704166,0.3095433194432465,0.5025031054517419,0.7289068849358775,0.5318828740708023,최근·이번 주 회상,B. 패턴 기반 수정 권장,False,False,False,False,False,False,True,False,False,False,False,False,False,27,기간 제한 제거('최근'→'지금까지/평소'),,,,
364,최근 나를 가장 강하게 흔들어 놓은 감정은 무엇인가요?,감정,2,ACTIVE,4,1,3,0,25.0,75.0,0.4238795407515519,0.40611045047237504,0.3070578369815065,0.5072935051196223,0.7172577768008718,0.6528055841951683,최근·이번 주 회상,B. 패턴 기반 수정 권장,False,False,False,False,False,False,True,False,False,False,False,False,False,30,기간 제한 제거('최근'→'지금까지/평소'),,,,
629,"예전에는 당연했는데 지금은 다르게 보이는 것이 있다면, 어떤 건가요?",가치관,2,ACTIVE,1,0,1,0,0.0,100.0,0.4171594780464366,0.4056172502259304,0.30265350216620307,0.5109073022254882,0.7121519332435907,0.5980047203862283,경험 전제형(~있다면/~적 있),B. 패턴 기반 수정 권장,False,True,False,False,True,False,False,False,False,False,False,False,False,38,'~한 적이 있다면'→'~하는 편인가요/주로 무엇인가요' 성향형으로 전환하거나 '없다면 ~' 대안 제시,,,,
769,세상 문제에 책임감을 느끼는 삶과 신경 쓰지 않고 즐기는 삶 중 뭐가 더 나다운가요?,가치관,2,ACTIVE,0,0,0,0,,,0.4059095787718045,0.4059095787718045,0.30150900593400876,0.5126978744954508,0.708437789662492,0.506594919605562,특정 활동 전제,B. 패턴 기반 수정 권장,True,False,False,False,False,False,False,False,False,False,False,True,False,47,대상 확장(예: 책→책·영화·노래 무엇이든) 또는 활동 비경험자용 대안 제시,,,,
25,"나만 알고 있는 맛집이 있다면, 어떤 곳인가요?",취향,2,ACTIVE,7,2,4,1,28.6,57.1,0.4349095818030191,0.41012750048034186,0.31439805396992937,0.5077462459332782,0.7059952913566745,0.6978616870140086,경험 전제형(~있다면/~적 있),B. 패턴 기반 수정 권장,False,True,False,False,True,False,False,False,False,False,False,False,False,26,'~한 적이 있다면'→'~하는 편인가요/주로 무엇인가요' 성향형으로 전환하거나 '없다면 ~' 대안 제시,,,,
334,이번 주 가장 꽂혔던 키워드는 뭐였나요?,취향,2,ACTIVE,7,3,2,2,42.9,28.6,0.4079253953022848,0.41135480419706866,0.31556740384776644,0.5090057073003471,0.700357896829751,0.5318828740708023,최근·이번 주 회상,B. 패턴 기반 수정 권장,False,False,False,False,False,False,True,False,False,False,False,False,False,22,기간 제한 제거('최근'→'지금까지/평소'),,,,
106,"식사 후에 습관적으로 하는 행동이 있다면, 어떤 건가요?",루틴,2,ACTIVE,1,1,0,0,100.0,0.0,0.3925159340435281,0.4093241809025782,0.30616161469683634,0.5147217032794398,0.6963727405308141,0.39505588469225966,경험 전제형(~있다면/~적 있),B. 패턴 기반 수정 권장,False,True,False,False,True,False,False,False,False,False,False,False,False,31,'~한 적이 있다면'→'~하는 편인가요/주로 무엇인가요' 성향형으로 전환하거나 '없다면 ~' 대안 제시,,,,
609,회피하고 있는게 있다면 무엇인가요?,가치관,2,ACTIVE,0,0,0,0,,,0.4089358019749617,0.4089358019749617,0.3043698805703765,0.5158126667287118,0.6956872922995436,0.506594919605562,경험 전제형(~있다면/~적 있),B. 패턴 기반 수정 권장,False,True,False,False,False,False,False,False,False,False,False,False,False,19,'~한 적이 있다면'→'~하는 편인가요/주로 무엇인가요' 성향형으로 전환하거나 '없다면 ~' 대안 제시,,,,
807,야근 잦은 회사와 강도 높아도 칼퇴하는 회사 중 뭐가 더 끌리나요?,가치관,2,ACTIVE,1,0,1,0,0.0,100.0,0.4211983097799594,0.4095443330517805,0.3063701590432362,0.5149480380718061,0.6954240284235336,0.5980047203862283,특정 활동 전제,B. 패턴 기반 수정 권장,True,False,False,False,False,False,False,False,False,False,False,True,False,37,대상 확장(예: 책→책·영화·노래 무엇이든) 또는 활동 비경험자용 대안 제시,,,,
61,최근 나를 가장 답답하게 만든 일은 무엇인가요?,감정,2,ACTIVE,4,1,3,0,25.0,75.0,0.43004943255513095,0.41164982896773694,0.31231841406017885,0.5129860140979792,0.6927838520248798,0.6528055841951683,최근·이번 주 회상,B. 패턴 기반 수정 권장,False,False,False,False,False,False,True,False,False,False,False,False,False,26,기간 제한 제거('최근'→'지금까지/평소'),,,,
604,최근에 가장 기억에 남는 뉴스는 뭔가요?,가치관,2,ACTIVE,0,0,0,0,,,0.40989710654852896,0.40989710654852896,0.30527956018687413,0.5168012062505322,0.6915875657006822,0.506594919605562,최근·이번 주 회상,B. 패턴 기반 수정 권장,False,False,False,False,False,False,True,True,False,False,False,False,False,22,기간 제한 제거('최근'→'지금까지/평소'),,,,
851,지금의 삶을 이어가는 것과 처음부터 다시 시작하는 것 중 뭐가 더 마음 편한가요?,가치관,2,ACTIVE,0,0,0,0,,,0.4101873197633235,0.4101873197633235,0.3055542731513312,0.5170995564561327,0.6903453163324853,0.506594919605562,특정 활동 전제,B. 패턴 기반 수정 권장,True,False,False,False,False,False,False,True,False,False,False,True,False,45,대상 확장(예: 책→책·영화·노래 무엇이든) 또는 활동 비경험자용 대안 제시,,,,
291,"과거로 돌아갈 수 있다면 바꾸고 싶은 선택이 있다면, 어떤 건가요?",가치관,2,ACTIVE,3,1,2,0,33.3,66.7,0.4186931330634283,0.4119792943494325,0.3113648602652559,0.5146453166230132,0.6891820589958504,0.5734240410555717,경험 전제형(~있다면/~적 있),B. 패턴 기반 수정 권장,False,True,False,False,True,False,False,False,False,False,False,False,False,37,'~한 적이 있다면'→'~하는 편인가요/주로 무엇인가요' 성향형으로 전환하거나 '없다면 ~' 대안 제시,,,,
231,나만의 독특한 연애관이 있다면 무엇인가요?,사랑,2,ACTIVE,1,0,1,0,0.0,100.0,0.4230218851450311,0.4113174525997865,0.3080506038840314,0.5167701374387377,0.6877372646888833,0.5980047203862283,경험 전제형(~있다면/~적 있),B. 패턴 기반 수정 권장,False,True,False,False,False,False,False,False,False,False,False,False,False,23,'~한 적이 있다면'→'~하는 편인가요/주로 무엇인가요' 성향형으로 전환하거나 '없다면 ~' 대안 제시,,,,
375,이번 주 통틀어 가장 환하게 웃었던 기쁜 순간은 언제인가요?,감정,2,ACTIVE,3,1,2,0,33.3,66.7,0.4205100622644204,0.41365331588605814,0.3129561684730162,0.5163630401249194,0.6816715296311598,0.5734240410555717,최근·이번 주 회상,B. 패턴 기반 수정 권장,False,False,False,False,False,False,True,True,False,False,False,False,False,33,기간 제한 제거('최근'→'지금까지/평소'),,,,
219,"사랑하는 사람의 습관 중 귀여운 점이 있다면, 어떤 건가요?",사랑,2,ACTIVE,5,1,4,0,20.0,80.0,0.4452902939135673,0.41473748817450173,0.3164787913576476,0.5148810213325736,0.6807298804186209,0.7227036943188239,경험 전제형(~있다면/~적 있),B. 패턴 기반 수정 권장,False,True,False,False,True,False,False,False,False,False,False,False,False,33,'~한 적이 있다면'→'~하는 편인가요/주로 무엇인가요' 성향형으로 전환하거나 '없다면 ~' 대안 제시,,,,
755,존중하는 상사의 힘든 일과 무관심한 상사의 편한 일 중 뭐가 더 나은가요?,가치관,2,ACTIVE,0,0,0,0,,,0.41506292735239675,0.41506292735239675,0.3101753610067449,0.522105978111832,0.669171736178128,0.506594919605562,특정 활동 전제,B. 패턴 기반 수정 권장,True,False,False,False,False,False,False,False,False,False,False,True,False,41,대상 확장(예: 책→책·영화·노래 무엇이든) 또는 활동 비경험자용 대안 제시,,,,
329,하루만 다른 사람으로 살 수 있다면 어떤 사람으로 살고 싶나요?,취향,2,ACTIVE,9,5,4,0,55.6,44.4,0.38407320649552396,0.4190362868476153,0.3250645976071174,0.5146304462114164,0.6674263834837771,0.35167853838418406,경험 전제형(~있다면/~적 있),B. 패턴 기반 수정 권장,False,True,False,False,False,False,False,False,False,False,False,False,False,35,'~한 적이 있다면'→'~하는 편인가요/주로 무엇인가요' 성향형으로 전환하거나 '없다면 ~' 대안 제시,,,,
32,"오래된 물건 중 버리지 못하는 게 있다면, 어떤 물건인가요?",취향,2,ACTIVE,3,1,1,1,33.3,33.3,0.4240965038643443,0.4169576716500828,0.31610092740169465,0.5197499869023472,0.6666359536127745,0.5734240410555717,경험 전제형(~있다면/~적 있),B. 패턴 기반 수정 권장,False,True,False,False,True,False,False,False,False,False,False,False,False,33,'~한 적이 있다면'→'~하는 편인가요/주로 무엇인가요' 성향형으로 전환하거나 '없다면 ~' 대안 제시,,,,
624,이번 주가 나에게 조용히 건네준 교훈은 무엇인가요?,가치관,2,ACTIVE,1,1,0,0,100.0,0.0,0.39955520114164705,0.41616868118174255,0.3126556698621899,0.521747977383789,0.6663089638473818,0.39505588469225966,최근·이번 주 회상,B. 패턴 기반 수정 권장,False,False,False,False,False,False,True,False,False,False,False,False,False,28,기간 제한 제거('최근'→'지금까지/평소'),,,,
378,하나의 감정만 느낄 수 있다면 무엇을 남기고 싶나요?,감정,2,ACTIVE,5,2,3,0,40.0,60.0,0.4210776492184432,0.41845226477402575,0.3200220687103506,0.5186851893302967,0.663359022659822,0.5515639135785486,경험 전제형(~있다면/~적 있),B. 패턴 기반 수정 권장,False,True,False,False,False,False,False,False,False,False,False,False,False,29,'~한 적이 있다면'→'~하는 편인가요/주로 무엇인가요' 성향형으로 전환하거나 '없다면 ~' 대안 제시,,,,
239,사랑하는 사람을 위해 어디까지 양보할 수 있나요?,사랑,2,ACTIVE,0,0,0,0,,,0.4168790715600196,0.4168790715600196,0.31189953038640983,0.523968016229811,0.6611453433159851,0.506594919605562,경험 전제형(~있다면/~적 있),B. 패턴 기반 수정 권장,False,True,False,False,False,False,False,False,False,False,False,False,False,27,'~한 적이 있다면'→'~하는 편인가요/주로 무엇인가요' 성향형으로 전환하거나 '없다면 ~' 대안 제시,,,,
584,삶에서 놓치고 있는 게 있다면 무엇인가요?,가치관,2,ACTIVE,1,1,0,0,100.0,0.0,0.40285471785863647,0.4193769048186289,0.31570702862933886,0.5250340019803609,0.6518409470318434,0.39505588469225966,경험 전제형(~있다면/~적 있),B. 패턴 기반 수정 권장,False,True,False,False,False,False,False,False,False,False,False,False,False,23,'~한 적이 있다면'→'~하는 편인가요/주로 무엇인가요' 성향형으로 전환하거나 '없다면 ~' 대안 제시,,,,
18,책을 고를 때 가장 먼저 보는 것은 무엇인가요?,취향,2,ACTIVE,9,4,3,2,44.4,33.3,0.4165569394109958,0.42224284868765544,0.32813724286534685,0.5179066743956903,0.6514967640637545,0.5139852808228184,특정 활동 전제,B. 패턴 기반 수정 권장,False,False,False,False,False,False,False,False,False,False,False,True,False,26,대상 확장(예: 책→책·영화·노래 무엇이든) 또는 활동 비경험자용 대안 제시,,,,
618,"예전보다 조심스러워진 부분이 있다면, 어떤 건가요?",가치관,2,ACTIVE,1,0,1,0,0.0,100.0,0.4325634172466504,0.42059498365847303,0.31686678200318097,0.5262803873714075,0.6462905771604146,0.5980047203862283,경험 전제형(~있다면/~적 있),B. 패턴 기반 수정 권장,False,True,False,False,True,False,False,False,False,False,False,False,False,28,'~한 적이 있다면'→'~하는 편인가요/주로 무엇인가요' 성향형으로 전환하거나 '없다면 ~' 대안 제시,,,,
385,나의 어떤 면을 아직 받아들이지 못하고 있나요?,감정,2,ACTIVE,5,2,3,0,40.0,60.0,0.42569496883639407,0.42249446147507824,0.3238844305238373,0.5228178742038123,0.6440698958380204,0.5515639135785486,경험 전제형(~있다면/~적 있),B. 패턴 기반 수정 권장,False,True,False,False,False,False,False,False,False,False,False,False,False,26,'~한 적이 있다면'→'~하는 편인가요/주로 무엇인가요' 성향형으로 전환하거나 '없다면 ~' 대안 제시,,,,
591,"잊고 싶은 기억이 있다면, 어떤 종류의 기억인가요?",가치관,2,ACTIVE,1,0,1,0,0.0,100.0,0.43381591103377376,0.42181282266871717,0.31802698361768705,0.5275258505535492,0.6407114397384996,0.5980047203862283,경험 전제형(~있다면/~적 있),B. 패턴 기반 수정 권장,False,True,False,False,True,False,False,True,False,False,False,False,False,28,'~한 적이 있다면'→'~하는 편인가요/주로 무엇인가요' 성향형으로 전환하거나 '없다면 ~' 대안 제시,,,,
619,"확신이 무너졌던 경험이 있다면, 어떤 일이었나요?",가치관,2,ACTIVE,1,0,1,0,0.0,100.0,0.4341115234424652,0.4221002558894787,0.318300911903182,0.5278197049850584,0.6393904193677155,0.5980047203862283,경험 전제형(~있다면/~적 있),B. 패턴 기반 수정 권장,False,True,False,False,True,False,False,False,False,False,False,False,False,27,'~한 적이 있다면'→'~하는 편인가요/주로 무엇인가요' 성향형으로 전환하거나 '없다면 ~' 대안 제시,,,,
648,"절대 장난스럽게 얘기할 수 없는 진지한 주제가 있다면, 무엇인가요?",가치관,2,ACTIVE,2,1,1,0,50.0,50.0,0.4186931330634283,0.4230712933026356,0.32060616400757586,0.5273796177602719,0.636541066017213,0.48644645260100294,경험 전제형(~있다면/~적 있),B. 패턴 기반 수정 권장,False,True,False,False,True,False,False,False,False,False,False,False,False,37,'~한 적이 있다면'→'~하는 편인가요/주로 무엇인가요' 성향형으로 전환하거나 '없다면 ~' 대안 제시,,,,
809,자유로운 프리랜서와 안정적인 직장인 중 누가 더 나에게 가깝나요?,가치관,2,ACTIVE,0,0,0,0,,,0.4227360436218859,0.4227360436218859,0.3174703169011357,0.5299625615683374,0.6347960538160818,0.506594919605562,특정 활동 전제,B. 패턴 기반 수정 권장,True,False,False,False,False,False,False,False,False,False,False,True,False,36,대상 확장(예: 책→책·영화·노래 무엇이든) 또는 활동 비경험자용 대안 제시,,,,
351,"내 안에서 낯선 감정이 고개를 들었던 적이 있다면, 어떤 느낌이었나요?",감정,2,ACTIVE,4,1,3,0,25.0,75.0,0.4445815881177661,0.42469691513677127,0.3247622234200352,0.5263403635885604,0.6319300138626797,0.6528055841951683,경험 전제형(~있다면/~적 있),B. 패턴 기반 수정 권장,False,True,False,False,True,False,False,True,False,False,False,False,False,39,'~한 적이 있다면'→'~하는 편인가요/주로 무엇인가요' 성향형으로 전환하거나 '없다면 ~' 대안 제시,,,,
787,학교에서 배운 것과 직접 부딪힌 경험 중 뭐가 더 크게 남나요?,가치관,2,ACTIVE,0,0,0,0,,,0.42427527628098477,0.42427527628098477,0.3189369724987614,0.5315353145780493,0.6277635982758912,0.506594919605562,특정 활동 전제,B. 패턴 기반 수정 권장,True,False,False,False,False,False,False,False,False,False,False,True,False,35,대상 확장(예: 책→책·영화·노래 무엇이든) 또는 활동 비경험자용 대안 제시,,,,
445,공부할 때 음악을 듣는 편인가요? 어떤 분위기의 음악인가요?,루틴,2,ACTIVE,1,1,0,0,100.0,0.0,0.40836535571360916,0.4247350709190192,0.3208136832750192,0.5305116287215468,0.6272088413097956,0.39505588469225966,특정 활동 전제,B. 패턴 기반 수정 권장,False,False,False,False,True,False,False,False,False,False,False,True,False,33,대상 확장(예: 책→책·영화·노래 무엇이든) 또는 활동 비경험자용 대안 제시,,,,
452,공부하다 잠깐 쉴 때 주로 뭘 하나요?,루틴,2,ACTIVE,4,3,1,0,75.0,25.0,0.38965088177365625,0.4264756628037299,0.32646448978056114,0.5281552345493088,0.623340201170149,0.2920669637843254,특정 활동 전제,B. 패턴 기반 수정 권장,False,False,False,False,False,False,False,False,False,False,False,True,False,21,대상 확장(예: 책→책·영화·노래 무엇이든) 또는 활동 비경험자용 대안 제시,,,,
396,"참다 참다 폭발한 적이 있다면, 어떤 상황이었나요?",감정,2,ACTIVE,5,1,3,1,20.0,60.0,0.46049756430016864,0.42805057526289647,0.3292048370963911,0.5284868826134002,0.6169785595983657,0.7227036943188239,경험 전제형(~있다면/~적 있),B. 패턴 기반 수정 권장,False,True,False,False,True,False,False,False,False,False,False,False,False,28,'~한 적이 있다면'→'~하는 편인가요/주로 무엇인가요' 성향형으로 전환하거나 '없다면 ~' 대안 제시,,,,
668,전기·인터넷 같은 기술을 포기하는 것과 영화·TV·책 같은 오락을 포기하는 것 중 뭐가 덜 아쉬운가요?,취향,1,ACTIVE,8,4,4,0,50.0,50.0,0.4126917453105399,0.4288816679971844,0.33344275856351274,0.5257798859649125,0.6165266508971137,0.43809284828347383,특정 활동 전제,B. 패턴 기반 수정 권장,False,False,False,False,False,False,False,False,False,False,False,True,False,57,대상 확장(예: 책→책·영화·노래 무엇이든) 또는 활동 비경험자용 대안 제시,,,,
380,하나의 감정을 더 이상 느끼지 않을 수 있다면 무엇을 고르고 싶나요?,감정,2,ACTIVE,3,2,1,0,66.7,33.3,0.40731129438400915,0.4277104769573042,0.3263679324397947,0.530737995396225,0.6160143013872403,0.3827715142749046,경험 전제형(~있다면/~적 있),B. 패턴 기반 수정 권장,False,True,False,False,False,False,False,False,False,False,False,False,False,38,'~한 적이 있다면'→'~하는 편인가요/주로 무엇인가요' 성향형으로 전환하거나 '없다면 ~' 대안 제시,,,,
320,"힘들 때마다 찾게 되는 곳이 있다면, 어디인가요?",취향,2,ACTIVE,5,1,2,2,20.0,40.0,0.46078683458012754,0.42830381468925466,0.32944764906148877,0.5287449518063791,0.615729563740779,0.7227036943188239,경험 전제형(~있다면/~적 있),B. 패턴 기반 수정 권장,False,True,False,False,True,False,False,False,False,True,False,False,False,27,'~한 적이 있다면'→'~하는 편인가요/주로 무엇인가요' 성향형으로 전환하거나 '없다면 ~' 대안 제시,,,,
658,믿는 미신이 있다면 무엇인가요?,가치관,2,ACTIVE,1,1,0,0,100.0,0.0,0.411986950625803,0.4282564612913428,0.3241768870209743,0.5341044196428433,0.6107396404915184,0.39505588469225966,경험 전제형(~있다면/~적 있),B. 패턴 기반 수정 권장,False,True,False,False,False,False,False,False,False,False,False,False,False,17,'~한 적이 있다면'→'~하는 편인가요/주로 무엇인가요' 성향형으로 전환하거나 '없다면 ~' 대안 제시,,,,
123,"건강을 위해 매일 챙겨 먹는 게 있다면, 어떤 건가요?",루틴,2,ACTIVE,4,3,1,0,75.0,25.0,0.3940202377405439,0.43039850574037886,0.3302235212462012,0.5321528823093191,0.6041950889293463,0.2920669637843254,경험 전제형(~있다면/~적 있),B. 패턴 기반 수정 권장,False,True,False,False,True,False,False,False,False,False,False,False,False,30,'~한 적이 있다면'→'~하는 편인가요/주로 무엇인가요' 성향형으로 전환하거나 '없다면 ~' 대안 제시,,,,
247,"사랑하는 사람에게 끝내 하지 못한 말이 있다면, 어떤 말인가요?",사랑,2,ACTIVE,1,0,1,0,0.0,100.0,0.44217797465927206,0.4299435195184513,0.32579015037075665,0.5358236939377188,0.6027802664316346,0.5980047203862283,경험 전제형(~있다면/~적 있),B. 패턴 기반 수정 권장,False,True,False,False,True,False,False,False,False,False,False,False,False,35,'~한 적이 있다면'→'~하는 편인가요/주로 무엇인가요' 성향형으로 전환하거나 '없다면 ~' 대안 제시,,,,
748,바쁘지만 성장하는 회사와 여유롭지만 성장 없는 회사 중 뭐가 더 나은가요?,가치관,2,ACTIVE,1,1,0,0,100.0,0.0,0.41506292735239675,0.43124732998128074,0.3270378115305433,0.537151520071395,0.5966010836649633,0.39505588469225966,특정 활동 전제,B. 패턴 기반 수정 권장,True,False,False,False,False,False,False,False,False,False,False,True,False,41,대상 확장(예: 책→책·영화·노래 무엇이든) 또는 활동 비경험자용 대안 제시,,,,
94,가장 힘들었던 순간에서 배운게 있다면 무엇인가요?,감정,2,ACTIVE,4,1,3,0,25.0,75.0,0.4527255309723896,0.4320086125461469,0.33176832418251584,0.5337917602738584,0.5962648514827773,0.6528055841951683,경험 전제형(~있다면/~적 있),B. 패턴 기반 수정 권장,False,True,False,False,False,False,False,True,False,True,False,False,False,27,'~한 적이 있다면'→'~하는 편인가요/주로 무엇인가요' 성향형으로 전환하거나 '없다면 ~' 대안 제시,,,,
612,"절대 바뀌지 않을 것 같은 생각이 있다면, 어떤 건가요?",가치관,2,ACTIVE,2,1,1,0,50.0,50.0,0.42792710946281964,0.4318080444387151,0.3289612022319178,0.5362887752632131,0.5950563172100336,0.48644645260100294,경험 전제형(~있다면/~적 있),B. 패턴 기반 수정 권장,False,True,False,False,True,False,False,False,False,False,False,False,False,31,'~한 적이 있다면'→'~하는 편인가요/주로 무엇인가요' 성향형으로 전환하거나 '없다면 ~' 대안 제시,,,,
302,평생 한 가지 음식만 먹을 수 있다면 뭘 고르겠어요?,취향,2,ACTIVE,6,4,2,0,66.7,33.3,0.39305992991772853,0.43296172010733924,0.3351093742974785,0.5322588229678418,0.5935662953552909,0.28640870817930725,경험 전제형(~있다면/~적 있),B. 패턴 기반 수정 권장,False,True,False,False,False,False,False,False,False,False,False,False,False,29,'~한 적이 있다면'→'~하는 편인가요/주로 무엇인가요' 성향형으로 전환하거나 '없다면 ~' 대안 제시,,,,
751,배울 게 많은 상사와 편한 상사 중 누가 더 좋은가요?,가치관,2,ACTIVE,0,0,0,0,,,0.4319929224727084,0.4319929224727084,0.32630716650135677,0.539404579134087,0.5919345310425079,0.506594919605562,특정 활동 전제,B. 패턴 기반 수정 권장,True,False,False,False,False,False,False,False,False,False,False,True,False,30,대상 확장(예: 책→책·영화·노래 무엇이든) 또는 활동 비경험자용 대안 제시,,,,
643,"이번 주, 나에 대해 새롭게 발견한 의외의 면은 무엇인가요?",가치관,2,ACTIVE,2,1,1,0,50.0,50.0,0.42919546446159074,0.4330081018676248,0.3301114873705329,0.5375098544546523,0.5892671752204879,0.48644645260100294,최근·이번 주 회상,B. 패턴 기반 수정 권장,False,False,False,False,True,False,True,False,False,False,False,False,False,33,기간 제한 제거('최근'→'지금까지/평소'),,,,
214,"첫눈에 반한 적이 있다면, 어떤 느낌이었나요?",사랑,2,ACTIVE,2,0,2,0,0.0,100.0,0.457780139989219,0.4331298874003071,0.33022825764513536,0.5376337375438435,0.588678633653086,0.6795954909782459,경험 전제형(~있다면/~적 있),B. 패턴 기반 수정 권장,False,True,False,False,True,False,False,False,False,False,False,False,False,25,'~한 적이 있다면'→'~하는 편인가요/주로 무엇인가요' 성향형으로 전환하거나 '없다면 ~' 대안 제시,,,,
300,"내 인생에서 꼭 한 번은 경험하고 싶은 순간이 있다면, 어떤 건가요?",가치관,2,ACTIVE,1,1,0,0,100.0,0.0,0.4171594780464366,0.4332858720071221,0.3289901008619422,0.5392260725859337,0.5868947593347568,0.39505588469225966,경험 전제형(~있다면/~적 있),B. 패턴 기반 수정 권장,False,True,False,False,True,False,False,False,False,False,False,False,False,38,'~한 적이 있다면'→'~하는 편인가요/주로 무엇인가요' 성향형으로 전환하거나 '없다면 ~' 대안 제시,,,,
662,전액 지원 세계 여행과 현금 4천만 원 중 뭐가 더 마음이 가나요?,취향,1,ACTIVE,7,2,5,0,28.6,71.4,0.46470915772193866,0.43497721850719534,0.33819808509294236,0.5331233133115258,0.5841996939819878,0.6978616870140086,특정 활동 전제,B. 패턴 기반 수정 권장,True,False,False,False,False,False,False,False,False,False,False,True,False,37,대상 확장(예: 책→책·영화·노래 무엇이든) 또는 활동 비경험자용 대안 제시,,,,
444,어디서 공부하는 게 가장 잘 되나요?,루틴,1,ACTIVE,0,0,0,0,,,0.43463590560013127,0.43463590560013127,0.32883744233829254,0.5420932024948796,0.5794805882246373,0.506594919605562,특정 활동 전제,B. 패턴 기반 수정 권장,False,False,False,False,False,False,False,False,False,False,False,True,False,20,대상 확장(예: 책→책·영화·노래 무엇이든) 또는 활동 비경험자용 대안 제시,,,,
590,"과거에 받은 상처 중 아직 아물지 않은 게 있다면, 어떤 건가요?",가치관,2,ACTIVE,1,0,0,1,0.0,0.0,0.44747961087475846,0.4350984667666699,0.33072757660063146,0.5410691124672069,0.5782221929432421,0.5980047203862283,경험 전제형(~있다면/~적 있),B. 패턴 기반 수정 권장,False,True,False,False,True,False,False,False,False,True,False,False,False,36,'~한 적이 있다면'→'~하는 편인가요/주로 무엇인가요' 성향형으로 전환하거나 '없다면 ~' 대안 제시,,,,
78,"과거의 나에게 해주고 싶은 위로가 있다면, 어떤 말인가요?",감정,2,ACTIVE,6,2,3,1,33.3,50.0,0.45423898559965015,0.4366065543708262,0.33861670520355935,0.5359626165691804,0.5750074380571188,0.6286304397310631,경험 전제형(~있다면/~적 있),B. 패턴 기반 수정 권장,False,True,False,False,True,False,False,False,False,False,False,False,False,32,'~한 적이 있다면'→'~하는 편인가요/주로 무엇인가요' 성향형으로 전환하거나 '없다면 ~' 대안 제시,,,,
580,"바꾸고 싶은 나의 모습이 있다면, 어떤 건가요?",가치관,2,ACTIVE,0,0,0,0,,,0.4356609163154639,0.4356609163154639,0.3298196021176289,0.5431350537326867,0.574629999099902,0.506594919605562,경험 전제형(~있다면/~적 있),B. 패턴 기반 수정 권장,False,True,False,False,True,False,False,False,False,False,False,False,False,26,'~한 적이 있다면'→'~하는 편인가요/주로 무엇인가요' 성향형으로 전환하거나 '없다면 ~' 대안 제시,,,,
567,"이번 주, 마음이 몽글몽글한 순간은 언제였나요?",사랑,2,ACTIVE,4,1,3,0,25.0,75.0,0.4606319330585686,0.43910704394270045,0.3385922071191566,0.5410036763276755,0.560899492368072,0.6528055841951683,최근·이번 주 회상,B. 패턴 기반 수정 권장,False,False,False,False,True,False,True,False,False,False,False,False,False,26,기간 제한 제거('최근'→'지금까지/평소'),,,,
327,유독 마음이 끌리는 외국어가 있다면 무엇인가요?,취향,2,ACTIVE,8,5,3,0,62.5,37.5,0.3975810136549787,0.4397522358320433,0.34391393450085733,0.5368268047293189,0.5600438699421657,0.2808863594275994,경험 전제형(~있다면/~적 있),B. 패턴 기반 수정 권장,False,True,False,False,False,False,False,False,False,False,False,False,False,26,'~한 적이 있다면'→'~하는 편인가요/주로 무엇인가요' 성향형으로 전환하거나 '없다면 ~' 대안 제시,,,,
589,과거로 돌아가고 싶은 순간이 있나요?,가치관,2,ACTIVE,2,2,0,0,100.0,0.0,0.40741283854310345,0.43932209352127455,0.3361741359033242,0.5439239183410904,0.5585359625147975,0.29783911365922466,경험 전제형(~있다면/~적 있),B. 패턴 기반 수정 권장,False,True,False,False,False,False,False,False,False,False,False,False,False,20,'~한 적이 있다면'→'~하는 편인가요/주로 무엇인가요' 성향형으로 전환하거나 '없다면 ~' 대안 제시,,,,
661,여러 나라를 도는 여행과 한 곳에 머무는 여행 중 뭐가 더 마음이 가나요?,취향,1,ACTIVE,6,2,4,0,33.3,66.7,0.4584419787836821,0.44019659864069627,0.3420767670475514,0.5396052788281257,0.5565746669703762,0.6286304397310631,특정 활동 전제,B. 패턴 기반 수정 권장,True,False,False,False,False,False,False,False,False,False,False,True,False,41,대상 확장(예: 책→책·영화·노래 무엇이든) 또는 활동 비경험자용 대안 제시,,,,
309,"언젠가 살아보고 싶은 곳이 있다면, 어디인가요?",취향,2,ACTIVE,6,5,1,0,83.3,16.7,0.3734910251194351,0.440552719289246,0.34242028837047667,0.5399663244458767,0.5547394174090863,0.15658102045755776,경험 전제형(~있다면/~적 있),B. 패턴 기반 수정 권장,False,True,False,False,True,False,False,False,True,False,False,False,False,26,'~한 적이 있다면'→'~하는 편인가요/주로 무엇인가요' 성향형으로 전환하거나 '없다면 ~' 대안 제시,,,,
252,"지칠 때 힘이 되는 나만의 문장이 있다면, 어떤 문장인가요?",가치관,2,ACTIVE,1,1,0,0,100.0,0.0,0.4248432021998601,0.4407569981030735,0.3361611080734958,0.5468131789290767,0.5509395523563183,0.39505588469225966,경험 전제형(~있다면/~적 있),B. 패턴 기반 수정 권장,False,True,False,False,True,False,False,False,False,False,False,False,False,33,'~한 적이 있다면'→'~하는 편인가요/주로 무엇인가요' 성향형으로 전환하거나 '없다면 ~' 대안 제시,,,,
228,"사랑하는 사람과 나누고 싶은 깊은 대화 주제가 있다면, 어떤 건가요?",사랑,2,ACTIVE,2,1,1,0,50.0,50.0,0.43751807266390763,0.4408825595792049,0.3376752044335438,0.5455063955658114,0.5508837970875871,0.48644645260100294,경험 전제형(~있다면/~적 있),B. 패턴 기반 수정 권장,False,True,False,False,True,False,False,False,False,False,False,False,False,38,'~한 적이 있다면'→'~하는 편인가요/주로 무엇인가요' 성향형으로 전환하거나 '없다면 ~' 대안 제시,,,,
31,"좋아하는 목소리나 말투가 있다면, 어떤 느낌인가요?",취향,2,ACTIVE,6,3,3,0,50.0,50.0,0.43181333719199627,0.4417574268201376,0.3435827676503655,0.5411872988534647,0.5485233209167599,0.4526255035054761,경험 전제형(~있다면/~적 있),B. 패턴 기반 수정 권장,False,True,False,False,True,False,False,False,False,False,False,False,False,28,'~한 적이 있다면'→'~하는 편인가요/주로 무엇인가요' 성향형으로 전환하거나 '없다면 ~' 대안 제시,,,,
760,인간관계 없는 숲속의 고요함과 소란한 도시의 삶 중 뭐가 더 편안한가요?,가치관,2,ACTIVE,7,4,2,1,57.1,28.6,0.41659438383755026,0.44231311310719984,0.34527338264899465,0.5405655946316663,0.546091667493386,0.3612583483306613,특정 활동 전제,B. 패턴 기반 수정 권장,True,False,False,False,False,False,False,False,False,False,False,True,False,40,대상 확장(예: 책→책·영화·노래 무엇이든) 또는 활동 비경험자용 대안 제시,,,,
263,"매일 지키고 싶은 나만의 마음가짐이 있다면, 어떤 건가요?",가치관,2,ACTIVE,1,1,0,0,100.0,0.0,0.4263844401991252,0.44225559217106214,0.3376025196452566,0.5483320193492238,0.543672297685378,0.39505588469225966,경험 전제형(~있다면/~적 있),B. 패턴 기반 수정 권장,False,True,False,False,True,False,False,False,False,False,False,False,False,32,'~한 적이 있다면'→'~하는 편인가요/주로 무엇인가요' 성향형으로 전환하거나 '없다면 ~' 대안 제시,,,,
653,"능력과 상관없이 하고 싶은 직업이 있다면, 어떤 건가요?",가치관,2,ACTIVE,1,1,0,0,100.0,0.0,0.42792710946281964,0.4437555779023659,0.33904627657800623,0.5498512632027049,0.536385357663179,0.39505588469225966,경험 전제형(~있다면/~적 있),B. 패턴 기반 수정 권장,False,True,False,False,True,False,False,False,False,False,False,False,False,31,'~한 적이 있다면'→'~하는 편인가요/주로 무엇인가요' 성향형으로 전환하거나 '없다면 ~' 대안 제시,,,,
439,좋아하는 운동은 어떤 운동인가요?,루틴,1,ACTIVE,4,2,1,1,50.0,25.0,0.43773679682187483,0.4440995953061637,0.3434046535881707,0.5460630485270672,0.5357387547144765,0.46862489025581366,특정 활동 전제,B. 패턴 기반 수정 권장,False,False,False,False,False,False,False,False,False,False,False,True,False,18,대상 확장(예: 책→책·영화·노래 무엇이든) 또는 활동 비경험자용 대안 제시,,,,
651,세상 누구든 한 명과 저녁을 먹을 수 있다면 누구를 고르겠어요?,가치관,1,ACTIVE,1,1,0,0,100.0,0.0,0.4280713902518744,0.4438958666408381,0.33918135789158077,0.549993301608531,0.5357032579137797,0.39505588469225966,경험 전제형(~있다면/~적 있),B. 패턴 기반 수정 권장,False,True,False,False,False,False,False,False,False,False,False,False,False,35,'~한 적이 있다면'→'~하는 편인가요/주로 무엇인가요' 성향형으로 전환하거나 '없다면 ~' 대안 제시,,,,
79,행복의 기준이 있다면 무엇인가요?,감정,2,ACTIVE,4,2,1,1,50.0,25.0,0.43806924366548167,0.4443980687567449,0.34369269857227475,0.5463651778304935,0.5342296168058552,0.46862489025581366,경험 전제형(~있다면/~적 있),B. 패턴 기반 수정 권장,False,True,False,False,False,False,False,False,False,False,False,False,False,18,'~한 적이 있다면'→'~하는 편인가요/주로 무엇인가요' 성향형으로 전환하거나 '없다면 ~' 대안 제시,,,,
40,수집하고 싶은 물건이 있다면 무엇인가요?,취향,2,ACTIVE,8,5,2,1,62.5,25.0,0.40363630075695667,0.4446846665629352,0.34868109555522714,0.5418232991988705,0.5339656987170053,0.2808863594275994,경험 전제형(~있다면/~적 있),B. 패턴 기반 수정 권장,False,True,False,False,False,False,False,False,False,False,False,False,False,22,'~한 적이 있다면'→'~하는 편인가요/주로 무엇인가요' 성향형으로 전환하거나 '없다면 ~' 대안 제시,,,,
84,"남에게 말하지 못한 비밀스러운 걱정이 있다면, 어떤 건가요?",감정,2,ACTIVE,5,1,4,0,20.0,80.0,0.48028883157851276,0.44537668692975013,0.34588058858778903,0.5460803579117819,0.5295352263991542,0.7227036943188239,경험 전제형(~있다면/~적 있),B. 패턴 기반 수정 권장,False,True,False,False,True,False,False,False,False,True,False,False,False,33,'~한 적이 있다면'→'~하는 편인가요/주로 무엇인가요' 성향형으로 전환하거나 '없다면 ~' 대안 제시,,,,
245,"사랑하는 사람 때문에 내가 바뀐 점이 있다면, 어떤 건가요?",사랑,2,ACTIVE,0,0,0,0,,,0.4452902939135673,0.4452902939135673,0.33906979426340855,0.552899258088172,0.5286493339952452,0.506594919605562,경험 전제형(~있다면/~적 있),B. 패턴 기반 수정 권장,False,True,False,False,True,False,False,False,False,False,False,False,False,33,'~한 적이 있다면'→'~하는 편인가요/주로 무엇인가요' 성향형으로 전환하거나 '없다면 ~' 대안 제시,,,,
384,"나도 이해 안 되는 내 모습이 있다면, 어떤 모습인가요?",감정,2,ACTIVE,3,1,1,1,33.3,33.3,0.45580235344591086,0.4461697482723181,0.34411171382669514,0.5494825278283775,0.5250556594355451,0.5734240410555717,경험 전제형(~있다면/~적 있),B. 패턴 기반 수정 권장,False,True,False,False,True,False,False,False,False,False,False,False,False,31,'~한 적이 있다면'→'~하는 편인가요/주로 무엇인가요' 성향형으로 전환하거나 '없다면 ~' 대안 제시,,,,
359,요즘 나를 든든하게 지탱해주는 감정은 무엇인가요?,감정,2,ACTIVE,3,2,1,0,66.7,33.3,0.4285048432042397,0.4472370810446964,0.3451422176498684,0.5505618123216183,0.5197167326135844,0.3827715142749046,최근·이번 주 회상,B. 패턴 기반 수정 권장,False,False,False,False,False,False,True,False,False,False,False,False,False,27,기간 제한 제거('최근'→'지금까지/평소'),,,,
583,"편안함이 성장을 막고 있다고 느낀 적이 있다면, 어떤 순간이었나요?",가치관,2,ACTIVE,2,2,0,0,100.0,0.0,0.4186931330634283,0.4499949739471175,0.3464622058311645,0.5547258988952684,0.5059487975885859,0.29783911365922466,경험 전제형(~있다면/~적 있),B. 패턴 기반 수정 권장,False,True,False,False,True,False,False,False,False,False,False,False,False,37,'~한 적이 있다면'→'~하는 편인가요/주로 무엇인가요' 성향형으로 전환하거나 '없다면 ~' 대안 제시,,,,
551,친한 친구가 된다면 그 사람이 알아야 할 중요한 사항은 무엇인가요?,관계,2,ACTIVE,1,0,1,0,0.0,100.0,0.27409891567171274,0.26651497644335737,0.1760056864098282,0.3627749956941362,0.9898031130160974,0.5980047203862283,,C. 유지·모니터링,False,False,True,False,False,False,False,False,False,False,False,False,False,37,,,,,
493,절친을 이성에게 소개한다면 누구인가요?,관계,2,ACTIVE,2,0,1,1,0.0,50.0,0.29461948105544883,0.27875499941628906,0.18790519678677797,0.374902484667912,0.9856633848360925,0.6795954909782459,,C. 유지·모니터링,False,False,True,False,False,False,False,False,False,False,False,False,False,21,,,,,
521,누군가와 '진짜 함께 있다'는 건 어떤 느낌일까요?,관계,2,ACTIVE,3,1,2,0,33.3,66.7,0.31510391491174955,0.31653772070229086,0.22281131449327238,0.41453882568532513,0.9570649014338066,0.5734240410555717,,C. 유지·모니터링,False,False,False,True,False,False,False,False,False,False,False,False,False,28,,,,,
176,내가 생각하는 '좋은 사람'의 기준은 무엇인가요?,관계,2,ACTIVE,3,1,2,0,33.3,66.7,0.31646609325897057,0.31779275908723625,0.2239464129806495,0.4158845900202815,0.9555476479106465,0.5734240410555717,,C. 유지·모니터링,False,False,False,True,False,False,False,False,False,False,False,False,False,27,,,,,
180,다른 사람 칭찬을 잘해주는 편인가요?,관계,2,ACTIVE,3,1,2,0,33.3,66.7,0.32337112562296627,0.3241546871591252,0.22971316855633153,0.4226935910131299,0.9471963518273021,0.5734240410555717,,C. 유지·모니터링,False,False,False,False,False,False,False,False,False,False,False,False,True,20,,,,,
495,오래된 관계와 새로운 관계 중 어디에 더 힘을 쓰나요?,관계,2,ACTIVE,2,0,2,0,0.0,100.0,0.34689687102794753,0.32821738988369453,0.2321856143161189,0.42836377001647796,0.9388911759859149,0.6795954909782459,,C. 유지·모니터링,False,False,False,False,False,False,False,False,False,False,False,False,False,30,,,,,
704,순간의 행복을 주는 힘과 오래가는 관계를 만드는 힘 중 뭐가 더 갖고 싶나요?,관계,2,ACTIVE,2,0,1,1,0.0,50.0,0.3476680319086854,0.32894702578587537,0.23284884897911176,0.42914234558173997,0.9377521290649069,0.6795954909782459,,C. 유지·모니터링,True,False,False,False,False,False,False,False,False,False,False,False,False,43,,,,,
494,친한 친구가 큰 잘못을 하고 숨겨달라고 하면 어떻게 할 것 같나요?,관계,2,ACTIVE,1,0,1,0,0.0,100.0,0.33696717266325643,0.3276437554101593,0.2303952868908964,0.4291391717681239,0.9373193879982282,0.5980047203862283,,C. 유지·모니터링,False,False,False,False,False,False,False,False,False,False,False,False,False,37,,,,,
713,널리 얕게 사랑받는 것과 미움받아도 깊은 관계 하나 중 뭐가 더 소중한가요?,관계,2,ACTIVE,2,0,2,0,0.0,100.0,0.3490992296942924,0.33030115734724486,0.23408048536929815,0.43058656476704854,0.935595372424216,0.6795954909782459,,C. 유지·모니터링,True,False,False,False,False,False,False,False,False,False,False,False,False,42,,,,,
716,남의 운명을 좌우하는 것과 내 삶을 내 뜻대로 하는 것 중 뭐가 더 좋나요?,관계,2,ACTIVE,2,0,2,0,0.0,100.0,0.3490992296942924,0.33030115734724486,0.23408048536929815,0.43058656476704854,0.935595372424216,0.6795954909782459,,C. 유지·모니터링,True,False,False,False,False,False,False,False,False,False,False,False,False,42,,,,,
527,지금 내 곁에서 가장 소중하게 느껴지는 사람은 누구인가요?,관계,2,ACTIVE,1,0,0,1,0.0,0.0,0.34404572671039335,0.33452645562260824,0.23665046079286567,0.43647994683887725,0.9258607867622128,0.5980047203862283,,C. 유지·모니터링,False,False,False,False,False,False,False,False,False,False,False,False,False,32,,,,,
548,아버지와의 관계에 대해 어떻게 생각하나요?,관계,2,ACTIVE,2,0,2,0,0.0,100.0,0.35696164344532166,0.3377402008644191,0.24086359252960418,0.4385034974198324,0.9227231498160566,0.6795954909782459,,C. 유지·모니터링,False,False,False,False,False,False,False,False,False,False,False,False,False,23,,,,,
546,우정에서 무엇을 가장 중요하게 생각하나요?,관계,2,ACTIVE,2,0,0,2,0.0,0.0,0.35696164344532166,0.3377402008644191,0.24086359252960418,0.4385034974198324,0.9227231498160566,0.6795954909782459,,C. 유지·모니터링,False,False,False,False,False,False,False,False,False,False,False,False,False,23,,,,,
708,힘든 순간에 곁을 지키는 것과 좋은 순간을 축하하는 것 중 더 중요한 건 뭐라고 생각하나요?,관계,2,ACTIVE,1,1,0,0,100.0,0.0,0.3175396074456527,0.3364223459278825,0.2383778780563621,0.43849762991973884,0.9224456463505377,0.39505588469225966,,C. 유지·모니터링,False,False,False,False,False,False,False,False,False,False,False,False,False,51,,,,,
199,나를 진심으로 아껴주는 사람들의 행동은 무엇인가요?,관계,2,ACTIVE,1,0,1,0,0.0,100.0,0.3497590446235839,0.34008169390334303,0.24171735164797223,0.4423867482620308,0.9155264331899051,0.5980047203862283,,C. 유지·모니터링,False,False,False,False,False,False,False,False,False,False,False,False,False,28,,,,,
497,관계에서 주고받는 것의 균형을 중요하게 생각하나요?,관계,2,ACTIVE,1,0,1,0,0.0,100.0,0.3497590446235839,0.34008169390334303,0.24171735164797223,0.4423867482620308,0.9155264331899051,0.5980047203862283,,C. 유지·모니터링,False,False,False,False,False,False,False,False,False,False,False,False,False,28,,,,,
198,진심이 통했다고 느꼈던 특별한 순간은 언제인가요?,관계,2,ACTIVE,1,0,1,0,0.0,100.0,0.35119421604547146,0.34147715610996715,0.24299266309082754,0.44386799938258303,0.9127721546329151,0.5980047203862283,,C. 유지·모니터링,False,False,False,False,False,False,False,False,False,False,False,False,False,27,,,,,
523,사람들과 이야기할 때 나는 사실 무엇을 원하나요?,관계,2,ACTIVE,1,0,1,0,0.0,100.0,0.35119421604547146,0.34147715610996715,0.24299266309082754,0.44386799938258303,0.9127721546329151,0.5980047203862283,,C. 유지·모니터링,False,False,False,False,False,False,False,False,False,False,False,False,False,27,,,,,
715,권위형 리더와 솔선수범형 리더 중 어느 쪽에 더 가깝나요?,관계,2,ACTIVE,2,0,2,0,0.0,100.0,0.3635576325726576,0.34398101338215736,0.2465760593070744,0.4451232705208927,0.9105267250852754,0.6795954909782459,,C. 유지·모니터링,True,False,False,False,False,False,False,False,False,False,False,False,False,32,,,,,
209,사람 사이의 진심은 언제 확인된다고 생각하나요?,관계,2,ACTIVE,1,0,1,0,0.0,100.0,0.3526320827862567,0.34287523905972983,0.24427137846077104,0.44535102275915145,0.909947639688627,0.5980047203862283,,C. 유지·모니터링,False,False,False,False,False,False,False,False,False,False,False,False,False,26,,,,,
503,관계가 자연스럽게 멀어질 때 어떻게 행동하나요?,관계,2,ACTIVE,1,0,1,0,0.0,100.0,0.3526320827862567,0.34287523905972983,0.24427137846077104,0.44535102275915145,0.909947639688627,0.5980047203862283,,C. 유지·모니터링,False,False,False,False,False,False,False,False,False,False,False,False,False,26,,,,,
160,연락처 목록에서 가장 의외의 인물은 누구인가요?,관계,2,ACTIVE,1,0,0,1,0.0,0.0,0.3526320827862567,0.34287523905972983,0.24427137846077104,0.44535102275915145,0.909947639688627,0.5980047203862283,,C. 유지·모니터링,False,False,False,False,False,False,False,False,False,False,False,False,False,26,,,,,
702,모든 게 공유되는 세상과 모든 게 비밀인 세상 중 뭐가 더 편안한가요?,관계,2,ACTIVE,1,0,0,1,0.0,0.0,0.3534090941321917,0.34363075157261447,0.24496280491303787,0.44615201686617045,0.9083939703427901,0.5980047203862283,,C. 유지·모니터링,True,False,False,False,False,False,False,False,False,False,False,False,False,39,,,,,
689,친구 한 명을 잃는 것과 나머지 모든 친구를 잃는 것 중 뭐가 더 아픈가요?,관계,2,ACTIVE,3,1,2,0,33.3,66.7,0.3490992296942924,0.3478591882967757,0.25138382503380174,0.44787997675014074,0.9051115069081921,0.5734240410555717,,C. 유지·모니터링,True,False,False,False,False,False,False,False,False,False,False,False,False,42,,,,,
186,나를 믿어주는 사람들의 공통점은 무엇인가요?,관계,2,ACTIVE,1,0,1,0,0.0,100.0,0.3555158178183581,0.3456791851179109,0.24683895620975954,0.448322288963371,0.9040841436332758,0.5980047203862283,,C. 유지·모니터링,False,False,False,False,False,False,False,False,False,False,False,False,False,24,,,,,
714,아무 문제 없는 세상과 내가 다스리는 세상 중 뭐가 더 좋은가요?,관계,2,ACTIVE,1,0,1,0,0.0,100.0,0.35774292288778176,0.3478446692595017,0.2488246493157371,0.4506142363001703,0.8993718384682949,0.5980047203862283,,C. 유지·모니터링,True,False,False,False,False,False,False,False,False,False,False,False,False,36,,,,,
717,내 뜻대로 하는 힘과 모두에게 믿음받는 것 중 뭐가 더 나은가요?,관계,2,ACTIVE,1,0,0,1,0.0,0.0,0.35774292288778176,0.3478446692595017,0.2488246493157371,0.4506142363001703,0.8993718384682949,0.5980047203862283,,C. 유지·모니터링,True,False,False,False,False,False,False,False,False,False,False,False,False,36,,,,,
710,어려울 때 먼저 떠오르는 친구와 기쁠 때 먼저 생각나는 친구 중 어느 쪽이 되고 싶나요?,관계,1,ACTIVE,1,0,1,0,0.0,100.0,0.3605497808144148,0.35057386529576917,0.25133065441267055,0.45349941085810747,0.8932011823118639,0.5980047203862283,,C. 유지·모니터링,False,False,False,False,False,False,False,False,False,False,False,False,False,49,,,,,
500,의견이 다를 때 어떻게 대화를 풀어나가나요?,관계,2,ACTIVE,3,1,2,0,33.3,66.7,0.3555158178183581,0.35377108993029976,0.25683241221116143,0.45411750357156655,0.8916085856701207,0.5734240410555717,,C. 유지·모니터링,False,False,False,False,False,False,False,False,False,False,False,False,False,24,,,,,
182,오해가 생겼을 때 어떻게 대처하나요?,관계,2,ACTIVE,1,0,0,1,0.0,0.0,0.3613146929411589,0.35131761335818257,0.2520142348985611,0.4542850096127004,0.8914743578256573,0.5980047203862283,,C. 유지·모니터링,False,False,False,False,False,False,False,False,False,False,False,False,False,20,,,,,
703,늘 들어주는 역할과 늘 털어놓는 역할 중 뭐가 더 편한가요?,관계,2,ACTIVE,1,0,1,0,0.0,100.0,0.36210013486592135,0.35208132318739765,0.2527164535662463,0.4550914019016261,0.8896808948792474,0.5980047203862283,,C. 유지·모니터링,True,False,False,False,False,False,False,False,False,False,False,False,False,33,,,,,
169,다른 사람의 고민을 잘 들어주는 편인가요?,관계,2,ACTIVE,3,1,1,1,33.3,33.3,0.35696164344532166,0.3551031964517981,0.25806249015308463,0.4555206121796252,0.8883883310138747,0.5734240410555717,,C. 유지·모니터링,False,False,False,False,False,False,False,False,False,False,False,False,False,23,,,,,
700,너무 솔직해서 상처받는 친구 그룹과 불편한 주제를 피하는 친구 그룹 중 뭐가 더 좋은가요?,관계,2,ACTIVE,1,0,1,0,0.0,100.0,0.3629783831123704,0.3529352715152857,0.2535019940041015,0.45599272677604147,0.8876510880498949,0.5980047203862283,,C. 유지·모니터링,True,False,False,False,False,False,False,False,False,True,False,False,False,50,,,,,
712,편안한 우정과 나를 성장시키는 우정 중 뭐가 더 끌리나요?,관계,2,ACTIVE,1,0,0,1,0.0,0.0,0.3635576325726576,0.3534984939413393,0.2540202992744027,0.45658699497710187,0.8862981671944473,0.5980047203862283,,C. 유지·모니터링,True,False,False,False,False,False,False,False,False,False,False,False,False,32,,,,,
552,어린 시절이 행복했다고 느끼나요?,관계,2,ACTIVE,1,0,1,0,0.0,100.0,0.3642294829698958,0.3541517551640428,0.25462166289484317,0.45727606475508187,0.8847148267720417,0.5980047203862283,,C. 유지·모니터링,False,False,False,False,False,False,False,False,False,False,False,False,False,18,,,,,
705,"10억을 준다면, 절친을 배신하는 것과 의리를 지키는 것 중 뭐가 더 끌리나요?",관계,2,ACTIVE,4,3,1,0,75.0,25.0,0.314537855346009,0.35903858342520745,0.26291602457430646,0.45835926849753134,0.8814036769124878,0.2920669637843254,,C. 유지·모니터링,True,False,True,False,True,False,False,False,False,False,False,False,False,44,,,,,
156,내 생일에 가장 먼저 축하해준 사람은 누구인가요?,관계,2,ACTIVE,2,1,1,0,50.0,50.0,0.35119421604547146,0.35920701485595846,0.26059528654693376,0.46119152734256896,0.8750430093894164,0.48644645260100294,,C. 유지·모니터링,False,False,False,False,False,False,False,False,False,False,False,False,False,27,,,,,
171,친구 사이에도 꼭 지켜야 하는 선은 무엇인가요?,관계,2,ACTIVE,2,1,1,0,50.0,50.0,0.3526320827862567,0.3605674562668672,0.26185349405159813,0.46262162933716183,0.8714614974835287,0.48644645260100294,,C. 유지·모니터링,False,False,False,False,False,False,False,False,False,False,False,False,False,26,,,,,
197,사람들에게 내가 줄 수 있는 도움은 무엇인가요?,관계,2,ACTIVE,2,1,1,0,50.0,50.0,0.3526320827862567,0.3605674562668672,0.26185349405159813,0.46262162933716183,0.8714614974835287,0.48644645260100294,,C. 유지·모니터링,False,False,False,False,False,False,False,False,False,False,False,False,False,26,,,,,
189,나를 바꾸려 하는 사람을 만나면 어떻게 하나요?,관계,2,ACTIVE,2,1,0,1,50.0,0.0,0.3526320827862567,0.3605674562668672,0.26185349405159813,0.46262162933716183,0.8714614974835287,0.48644645260100294,,C. 유지·모니터링,False,False,False,False,False,False,False,False,False,False,False,False,False,26,,,,,
207,나를 기억할 때 사람들이 떠올렸으면 하는 이미지는 무엇인가요?,관계,2,ACTIVE,1,1,0,0,100.0,0.0,0.34235333791745126,0.3605495146762765,0.26052246637796833,0.46401320355568937,0.868398751884326,0.39505588469225966,,C. 유지·모니터링,False,False,False,False,False,False,False,True,False,False,False,False,False,34,,,,,
205,내가 생각하는 믿음의 무게는 어느 정도인가요?,관계,2,ACTIVE,2,1,1,0,50.0,50.0,0.3540726237906196,0.3619304279393166,0.2631149508031541,0.46405348147232844,0.8678042792781865,0.48644645260100294,,C. 유지·모니터링,False,False,False,False,False,False,False,False,False,False,False,False,False,25,,,,,
711,관계를 정리할 때 주로 어떻게 하는 편인가요?,관계,2,ACTIVE,2,1,1,0,50.0,50.0,0.3540726237906196,0.3619304279393166,0.2631149508031541,0.46405348147232844,0.8678042792781865,0.48644645260100294,,C. 유지·모니터링,False,False,False,False,False,False,False,False,False,False,False,False,False,25,,,,,
701,모임을 이끄는 것과 따르는 것 중 어디에 더 가까운 편인가요?,관계,1,ACTIVE,2,0,1,1,0.0,50.0,0.3826273446335158,0.36202387176799794,0.2632014681548385,0.46415161437563035,0.8675510076090924,0.6795954909782459,,C. 유지·모니터링,False,False,False,False,False,False,False,False,False,False,False,False,False,34,,,,,
539,인생에 가장 영향력 있던 사람은 누구인가요?,관계,2,ACTIVE,2,1,1,0,50.0,50.0,0.3555158178183581,0.36329590977683346,0.26437964093726973,0.4654870599062077,0.8640708194678889,0.48644645260100294,,C. 유지·모니터링,False,False,False,False,False,False,False,False,False,False,False,False,False,24,,,,,
174,관계에서 오는 스트레스를 어떻게 해결하나요?,관계,2,ACTIVE,2,1,0,1,50.0,0.0,0.3555158178183581,0.36329590977683346,0.26437964093726973,0.4654870599062077,0.8640708194678889,0.48644645260100294,,C. 유지·모니터링,False,False,False,False,False,False,False,False,False,False,False,False,False,24,,,,,
504,친해지고 싶은 사람이 생기면 어떻게 하나요?,관계,2,ACTIVE,2,1,0,1,50.0,0.0,0.3555158178183581,0.36329590977683346,0.26437964093726973,0.4654870599062077,0.8640708194678889,0.48644645260100294,,C. 유지·모니터링,False,False,False,False,False,False,False,False,False,False,False,False,False,24,,,,,
547,어머니와의 관계에 대해 어떻게 생각하나요?,관계,2,ACTIVE,2,1,1,0,50.0,50.0,0.35696164344532166,0.36466388150890106,0.26564754839090166,0.46692234065173405,0.8602606211482433,0.48644645260100294,,C. 유지·모니터링,False,False,False,False,False,False,False,False,False,False,False,False,False,23,,,,,
535,"지금 이 순간, 문득 생각나서 연락하고 싶은 사람은 누구인가요?",관계,2,ACTIVE,1,0,1,0,0.0,100.0,0.37507090172136387,0.36469320680050493,0.2643551612378473,0.4683658268673144,0.8570395656565423,0.5980047203862283,,C. 유지·모니터링,False,False,False,False,True,False,False,False,False,False,False,False,False,35,,,,,
204,사람들과 헤어지고 집에 가는 길에 드는 생각은 무엇인가요?,관계,2,ACTIVE,1,0,1,0,0.0,100.0,0.3760227160902936,0.36561868577765483,0.2652123393096816,0.46933680993441707,0.854416924229461,0.5980047203862283,,C. 유지·모니터링,False,False,False,False,False,False,False,False,False,False,True,False,False,32,,,,,
550,나의 가족은 얼마나 가깝고 따뜻한가요?,관계,2,ACTIVE,2,1,0,1,50.0,0.0,0.3598611028863622,0.3674072127098772,0.2681929500139492,0.4697979124112909,0.8524082224933879,0.48644645260100294,,C. 유지·모니터링,False,False,False,False,False,False,False,False,False,False,False,False,False,21,,,,,
696,삶에서 일과 가족 중 뭐가 더 우선인가요?,관계,2,ACTIVE,1,0,1,0,0.0,100.0,0.37678529635574065,0.36636016649815945,0.2658994026507947,0.4701144433619554,0.8522931056069902,0.5980047203862283,,C. 유지·모니터링,True,False,False,False,False,False,False,False,False,False,False,False,False,23,,,,,
181,나를 있는 그대로 봐주는 사람은 누구인가요?,관계,2,ACTIVE,4,2,2,0,50.0,50.0,0.3555158178183581,0.3702809389246244,0.2733654797227841,0.47013956846994964,0.8499424332598338,0.46862489025581366,,C. 유지·모니터링,False,False,False,False,False,False,False,False,False,False,False,False,False,24,,,,,
537,곁에 있어줘서 가장 고마운 사람은 누구인가요?,관계,2,ACTIVE,3,3,0,0,100.0,0.0,0.31651269030739104,0.37027129300853173,0.2721293789768856,0.4714365962980855,0.8469789555550336,0.21776014147689587,,C. 유지·모니터링,False,False,False,False,False,False,False,False,False,False,False,False,True,25,,,,,
428,계속 미루고 있는 일 하나를 지금 꺼낸다면 무엇인가요?,루틴,2,ACTIVE,1,0,1,0,0.0,100.0,0.3798767630557195,0.3693660965752674,0.2686874930326396,0.4732641673038509,0.8434772244819987,0.5980047203862283,,C. 유지·모니터링,False,False,True,False,False,False,False,False,False,False,False,False,False,30,,,,,
163,친구를 사귀 때 가장 중요하게 보는 점은 무엇인가요?,관계,2,ACTIVE,1,0,0,1,0.0,0.0,0.38047067816519203,0.36994357887220586,0.269223632035316,0.4738687673294902,0.8417457266663144,0.5980047203862283,,C. 유지·모니터링,False,False,False,False,False,False,False,False,False,False,True,False,False,29,,,,,
173,진정한 친구는 몇 명이면 충분하다고 생각하나요?,관계,2,ACTIVE,1,1,0,0,100.0,0.0,0.3526320827862567,0.37054386084092156,0.26978111116771264,0.4744970648265755,0.8399329477617626,0.39505588469225966,,C. 유지·모니터링,False,False,False,False,False,False,False,False,False,False,False,False,False,26,,,,,
141,지금의 습관이 10년 뒤 나를 어디로 데려갈까요?,루틴,2,ACTIVE,2,0,2,0,0.0,100.0,0.39424725010286243,0.3730180759893931,0.2734103128951437,0.47566791767990485,0.8354679339027673,0.6795954909782459,,C. 유지·모니터링,False,False,False,False,False,False,False,False,True,False,False,False,False,27,,,,,
157,길에서 우연히 만나면 반가울 사람은 누구인가요?,관계,1,ACTIVE,2,0,2,0,0.0,100.0,0.3946099084120259,0.3733612061055586,0.27372986954607165,0.47602640435723564,0.8343936387093668,0.6795954909782459,,C. 유지·모니터링,False,False,False,False,False,False,False,False,False,False,False,False,False,26,,,,,
499,넓고 얕은 관계와 좁고 깊은 관계 중 뭐가 더 좋나요?,관계,2,ACTIVE,2,1,0,1,50.0,0.0,0.3664801342758174,0.3736698267247214,0.27401733570546677,0.4763487889018867,0.8334236235985426,0.48644645260100294,,C. 유지·모니터링,True,False,False,False,False,False,False,False,False,False,False,False,False,30,,,,,
162,처음 만난 사람과 어색함을 풀기 위해 주로 어떤 말을 하나요?,관계,1,ACTIVE,1,0,1,0,0.0,100.0,0.38383305371851556,0.3732129221280581,0.2722619835987083,0.47728856426093136,0.8317134505055636,0.5980047203862283,,C. 유지·모니터링,False,False,False,False,False,False,False,True,False,False,False,False,False,34,,,,,
161,사람들이 말하는 나의 첫인상은 어떤가요?,관계,2,ACTIVE,1,1,0,0,100.0,0.0,0.35841007906437083,0.37616198792536343,0.2750071432259925,0.4803688855124658,0.8223302516376326,0.39505588469225966,,C. 유지·모니터링,False,False,False,False,False,False,False,False,False,False,False,False,False,22,,,,,
200,내가 꿈꾸는 이상적인 관계는 어떤 모습인가요?,관계,2,ACTIVE,3,2,1,0,66.7,33.3,0.3540726237906196,0.37865920896844013,0.27995541697838,0.48019097966278207,0.8202871238887918,0.3827715142749046,,C. 유지·모니터링,False,False,False,False,False,False,False,False,False,False,False,False,False,25,,,,,
179,사람들과 어울리는 것과 혼자 있는 것 중 무엇이 더 좋나요?,관계,2,ACTIVE,1,1,0,0,100.0,0.0,0.36210013486592135,0.3797499449685894,0.27835268873057706,0.4841108610961338,0.8104906102990372,0.39505588469225966,,C. 유지·모니터링,True,False,False,False,False,False,False,False,False,False,False,False,False,33,,,,,
510,실망해도 기회를 또 주는 편인가요?,관계,2,ACTIVE,1,1,0,0,100.0,0.0,0.3627708270786669,0.3804020800521689,0.2789614296803959,0.48479032394315474,0.8082891083977246,0.39505588469225966,,C. 유지·모니터링,False,False,False,False,False,False,False,False,False,False,False,False,False,19,,,,,
480,10년 후 나의 경제적 모습은 어떨 것 같나요?,루틴,2,ACTIVE,1,0,1,0,0.0,100.0,0.3957538664104392,0.38480390236228446,0.2830756798206463,0.48937126987469787,0.793035228041583,0.5980047203862283,,C. 유지·모니터링,False,False,False,False,False,False,False,False,True,False,False,False,False,26,,,,,
692,친구들에게 인정받는 것과 부모님께 인정받는 것 중 뭐가 더 중요한가요?,관계,2,ACTIVE,2,2,0,0,100.0,0.0,0.3534090941321917,0.38822630824661397,0.2876274266130188,0.4915030509642741,0.7836778677202928,0.29783911365922466,,C. 유지·모니터링,True,False,False,False,False,False,False,False,False,False,False,False,False,39,,,,,
23,무인도에 딱 하나만 가져간다면 무엇인가요?,취향,2,ACTIVE,3,0,3,0,0.0,100.0,0.42493151373883487,0.3915092042118971,0.29200836842841443,0.49353862606314675,0.7742477030503775,0.7497047243297865,,C. 유지·모니터링,False,False,True,False,False,False,False,False,False,False,False,False,False,23,,,,,
184,사람들에게 내 이야기를 잘 하는 편인가요?,관계,2,ACTIVE,2,2,0,0,100.0,0.0,0.35696164344532166,0.391587562153383,0.29078431661139464,0.49498816405083756,0.7711088509821769,0.29783911365922466,,C. 유지·모니터링,False,False,False,False,False,False,False,False,False,False,False,False,False,23,,,,,
501,인간관계에 쏟는 에너지는 어느 정도인가요?,관계,2,ACTIVE,2,2,0,0,100.0,0.0,0.35696164344532166,0.391587562153383,0.29078431661139464,0.49498816405083756,0.7711088509821769,0.29783911365922466,,C. 유지·모니터링,False,False,False,False,False,False,False,False,False,False,False,False,False,23,,,,,
505,친구들이 말하는 나는 어떤 사람인가요?,관계,1,ACTIVE,1,0,0,1,0.0,0.0,0.40216487944099544,0.391037531498064,0.28891786471596353,0.4958427562808576,0.7702833231150481,0.5980047203862283,,C. 유지·모니터링,False,False,False,False,False,False,False,False,False,False,False,False,False,21,,,,,
516,지금 가장 보고 싶은 존재는 무엇인가요?,관계,2,ACTIVE,2,2,0,0,100.0,0.0,0.35841007906437083,0.3929580033363494,0.29207294612749335,0.4964075930610138,0.7658723878222928,0.29783911365922466,,C. 유지·모니터링,False,False,False,False,False,False,False,False,False,False,False,False,False,22,,,,,
695,5년을 혼자 지내는 것과 늘 사람들과 붙어 지내는 것 중 뭐가 더 편안한가요?,관계,1,ACTIVE,2,1,1,0,50.0,50.0,0.38941038981701714,0.3953653485113459,0.294338691380456,0.4988988782092084,0.7565202017989199,0.48644645260100294,,C. 유지·모니터링,True,False,False,False,False,False,False,False,False,False,False,False,False,43,,,,,
206,사람들에게 어떤 부분에서 인정받고 싶나요?,관계,2,ACTIVE,4,3,1,0,75.0,25.0,0.35696164344532166,0.3971270016617801,0.29855556345652856,0.4980326769399024,0.7549002590952143,0.2920669637843254,,C. 유지·모니터링,False,False,False,False,False,False,False,False,False,False,False,False,False,23,,,,,
691,두려움의 대상과 사랑받는 사람 중 누가 더 되고 싶나요?,관계,2,ACTIVE,2,1,1,0,50.0,50.0,0.3911037836277024,0.39696755753370266,0.2958481468622275,0.5005554645495038,0.7501891266218719,0.48644645260100294,,C. 유지·모니터링,True,False,False,False,False,False,False,False,False,True,False,False,False,31,,,,,
794,먼 미래를 계획하는 연애와 지금을 즐기는 연애 중 뭐가 더 편한가요?,가치관,2,ACTIVE,3,0,2,1,0.0,66.7,0.4336321069626447,0.39952546617198037,0.29956590282524836,0.5018268277421525,0.7425336373169534,0.7497047243297865,,C. 유지·모니터링,True,False,False,False,False,False,False,False,True,False,False,False,False,38,,,,,
196,새로운 사람을 만나는 게 설레나요 혹은 부담되나요?,관계,2,ACTIVE,3,3,0,0,100.0,0.0,0.3497590446235839,0.4009027084259331,0.30086727965685595,0.5032478429704151,0.7368679805514513,0.21776014147689587,,C. 유지·모니터링,False,False,False,False,False,False,False,False,False,False,False,False,False,28,,,,,
293,나의 인생을 한 단어로 표현한다면 무엇인가요?,가치관,2,ACTIVE,4,1,3,0,25.0,75.0,0.42259892221713363,0.4049607008501526,0.305967661107513,0.5061102653505264,0.7222216030168511,0.6528055841951683,,C. 유지·모니터링,False,False,True,False,False,False,False,False,False,False,False,False,False,25,,,,,
709,늘 웃게 해주는 친구와 생각하게 만드는 친구 중 누가 더 끌리나요?,관계,1,ACTIVE,2,1,1,0,50.0,50.0,0.39844120940853406,0.40390988229758296,0.30240224962247547,0.5077197226881093,0.7218102618965125,0.48644645260100294,,C. 유지·모니터링,True,False,False,False,False,False,False,False,False,False,False,False,False,37,,,,,
152,고민이 있을 때 가장 먼저 생각나는 친구는 누구인가요?,관계,1,ACTIVE,1,1,0,0,100.0,0.0,0.38860179647669085,0.40551834212767734,0.3025599860857324,0.5108054394111862,0.7125677848727088,0.39505588469225966,,C. 유지·모니터링,False,False,False,False,False,False,False,False,False,False,False,False,False,30,,,,,
718,친구의 착각을 바로잡는 것과 관계를 위해 그냥 두는 것 중 뭐가 더 맞나요?,관계,1,ACTIVE,3,2,1,0,66.7,33.3,0.39091045038141553,0.41259961514486326,0.31195438493369854,0.5152819776503009,0.6864076123648932,0.3827715142749046,,C. 유지·모니터링,True,False,False,False,False,False,False,False,False,False,False,False,False,42,,,,,
766,10년만 버티고 은퇴하는 끔찍한 일과 평생 할 꿈의 직업 중 뭐가 더 나은가요?,가치관,2,ACTIVE,1,0,1,0,0.0,100.0,0.42436634552120145,0.41262471361030884,0.30929046670758703,0.5181125815331624,0.6820190349080264,0.5980047203862283,,C. 유지·모니터링,True,False,False,False,False,False,False,False,True,False,False,False,False,44,,,,,
151,가족 중 가장 편하게 대화하는 사람은 누구인가요?,관계,1,ACTIVE,3,2,0,1,66.7,0.0,0.3931048138671257,0.4146213844753678,0.3138769761311581,0.5173558096088744,0.6772949683432348,0.3827715142749046,,C. 유지·모니터링,False,False,False,False,False,False,False,False,False,False,False,False,False,27,,,,,
145,나에게 '규칙적인 하루'란 어떤 건가요?,루틴,2,ACTIVE,1,0,1,0,0.0,100.0,0.4258470026180549,0.4140644029659618,0.3106568398769589,0.5195901081847657,0.6756729472277059,0.5980047203862283,,C. 유지·모니터링,False,False,False,True,False,False,False,False,False,False,False,False,False,22,,,,,
602,죽기 전에 꼭 해보고 싶은 건 무엇인가요?,가치관,2,ACTIVE,4,0,4,0,0.0,100.0,0.46334991889097443,0.4159992846298272,0.31645845808425405,0.517446202999109,0.6729609773796731,0.8080266359011785,,C. 유지·모니터링,False,False,False,False,False,False,False,False,True,True,False,False,False,23,,,,,
330,돈 걱정 없이 한 달 살기 한다면 어디로 가고 싶나요?,취향,2,ACTIVE,9,3,6,0,33.3,66.7,0.44134235741977024,0.419320684585308,0.3253369472772067,0.5149211935469951,0.6660247631701748,0.6748989594533226,,C. 유지·모니터링,False,False,True,False,False,False,False,False,False,True,False,False,False,30,,,,,
868,과거의 모든 일과 미래의 모든 일 중 뭐가 더 궁금한가요?,가치관,2,ACTIVE,2,0,1,1,0.0,50.0,0.44294450324862583,0.4190931105512365,0.3168131166031956,0.523311601767132,0.6549671856007822,0.6795954909782459,,C. 유지·모니터링,True,False,False,False,False,False,False,False,True,False,False,False,False,32,,,,,
116,반복되는 일상에서 가장 지루하게 느끼는 순간은 언제인가요?,루틴,2,ACTIVE,2,0,1,1,0.0,50.0,0.44878163504188134,0.4246159281999292,0.322080829800334,0.5289572176149028,0.6293018319734565,0.6795954909782459,,C. 유지·모니터링,False,False,False,False,False,False,False,False,False,False,False,False,False,32,,,,,
845,10년의 감옥살이와 20년의 혼수상태 중 뭐가 더 견딜 만한가요?,가치관,2,ACTIVE,1,0,0,1,0.0,0.0,0.43673136877287305,0.4246476137103143,0.3207302264026545,0.5304223265729286,0.6276152069723224,0.5980047203862283,,C. 유지·모니터링,True,False,False,False,False,False,False,False,True,False,False,False,False,36,,,,,
299,"인생의 마지막 날, 되돌아본다면 나에게 어떤 말을 할까요?",가치관,2,ACTIVE,2,0,2,0,0.0,100.0,0.4495378411362438,0.42533141459151963,0.3227642681784722,0.5296876113170165,0.6259335593159816,0.6795954909782459,,C. 유지·모니터링,False,False,True,False,True,False,False,False,False,False,False,False,False,32,,,,,
114,하루 중 온전히 나만을 위해 쓰는 시간은 얼마나 되나요?,루틴,2,ACTIVE,2,0,2,0,0.0,100.0,0.4503417189700345,0.42609200572516204,0.32349104219162117,0.5304637982341743,0.6223428982581809,0.6795954909782459,,C. 유지·모니터링,False,False,False,False,False,False,False,False,False,False,False,False,False,31,,,,,
47,상상 속 완벽한 하루는 어떤 모습인가요?,취향,2,ACTIVE,6,0,3,3,0.0,50.0,0.5002072728129517,0.427258902139556,0.32963293176780945,0.5264525194599289,0.6221959294930426,0.8924480457271639,,C. 유지·모니터링,False,False,False,False,False,False,False,False,False,False,False,False,False,22,,,,,
383,내 모습을 숨김없이 다 보여준다면 어떤 일이 벌어질 것 같나요?,감정,2,ACTIVE,3,1,1,1,33.3,33.3,0.4348479882657629,0.4268635152178138,0.3255573815499123,0.529874362006629,0.620083750450094,0.5734240410555717,,C. 유지·모니터링,False,False,True,False,False,False,False,False,False,False,False,False,False,35,,,,,
844,"하나를 잃어야 한다면, 말하는 능력과 읽는 능력 중 뭐가 덜 아깝나요?",가치관,2,ACTIVE,1,0,1,0,0.0,100.0,0.4386433801918743,0.4265067224085219,0.3225050462995077,0.5323199058244021,0.6189485456112156,0.5980047203862283,,C. 유지·모니터링,False,False,True,False,True,False,False,False,False,False,False,False,False,39,,,,,
688,위험해도 나을 가능성에 도전하는 것과 안전하게 지내는 것 중 뭐가 더 나은가요?,루틴,2,ACTIVE,4,1,3,0,25.0,75.0,0.4511839765148757,0.43062459255305263,0.3304403705062761,0.5323830768672796,0.6030839245442445,0.6528055841951683,,C. 유지·모니터링,True,False,False,False,False,False,False,False,False,False,False,False,False,44,,,,,
147,"반복되는 일상 속, 나를 가장 뿌듯하게 만드는 루틴은 무엇인가요?",루틴,2,ACTIVE,3,1,2,0,33.3,66.7,0.4388660427171455,0.4305655360138231,0.3291025783052905,0.5336469273295579,0.6022092016132738,0.5734240410555717,,C. 유지·모니터링,False,False,False,False,True,False,False,False,False,False,False,False,True,36,,,,,
41,10년 뒤에는 어떤 분위기의 사람이고 싶나요?,취향,2,ACTIVE,7,3,2,2,42.9,28.6,0.4320465993779731,0.4314693562088134,0.33482272411241953,0.5295566881072501,0.6021848133117585,0.5318828740708023,,C. 유지·모니터링,False,False,False,False,False,False,False,False,True,False,False,False,False,25,,,,,
117,새로운 루틴을 만들 때 가장 힘든 점은 무엇인가요?,루틴,2,ACTIVE,2,0,2,0,0.0,100.0,0.4550277129550161,0.4305256712990364,0.3277327236441777,0.5349832300027242,0.6012209915682858,0.6795954909782459,,C. 유지·모니터링,False,False,False,False,False,False,False,False,False,False,False,False,False,28,,,,,
607,어떤 순간에 나를 더 안아주고 싶어지나요?,가치관,2,ACTIVE,2,0,2,0,0.0,100.0,0.45733436454435433,0.4327081157868758,0.32982388315705363,0.5372046734766973,0.590716084625279,0.6795954909782459,,C. 유지·모니터링,False,False,False,False,False,False,False,False,False,False,False,False,True,23,,,,,
860,수백 명이 깊이 읽는 것과 수백만 명이 스치듯 읽는 것 중 뭐가 더 뿌듯한가요?,가치관,2,ACTIVE,1,0,1,0,0.0,100.0,0.4456870161695927,0.4333554706864084,0.3290567878455459,0.5392968676126701,0.5865624586693761,0.5980047203862283,,C. 유지·모니터링,True,False,False,False,False,False,False,False,False,False,False,False,True,44,,,,,
488,이불 속에서 눈을 감으면 가장 먼저 떠오르는 생각은 뭔가요?,루틴,2,ACTIVE,1,0,1,0,0.0,100.0,0.4472225583060469,0.43484852648825995,0.3304879065917688,0.5408150620654943,0.5794202549973015,0.5980047203862283,,C. 유지·모니터링,False,False,False,False,False,False,False,False,False,False,False,False,False,33,,,,,
27,자기 전 머릿속으로 그리는 상상은 무엇인가요?,취향,2,ACTIVE,7,1,3,3,14.3,42.9,0.49547902388254406,0.43690677421503726,0.34005693556869776,0.5350830128190049,0.5742330841835095,0.831939945008278,,C. 유지·모니터링,False,False,False,False,False,False,False,False,False,False,False,False,False,25,,,,,
634,관계에서 내가 절대 포기할 수 없는 0순위는 무엇인가요?,가치관,2,ACTIVE,4,0,3,1,0.0,75.0,0.48678936714787335,0.4370434098350852,0.33660614833682817,0.5389092913680422,0.5712398012000198,0.8080266359011785,,C. 유지·모니터링,False,False,False,False,False,False,False,False,False,False,False,False,False,31,,,,,
424,딱 5분만 투자해서 매일 하고 싶은 작은 습관은 무엇인가요?,루틴,2,ACTIVE,3,1,1,1,33.3,33.3,0.4472225583060469,0.4382647832158226,0.33649492809653053,0.5414736280210606,0.5644211282927911,0.5734240410555717,,C. 유지·모니터링,False,False,False,False,False,False,False,False,False,False,False,False,False,33,,,,,
279,100억이 생긴다면 내 삶의 목표가 바뀔까요?,가치관,2,ACTIVE,1,1,0,0,100.0,0.0,0.42259892221713363,0.4385748142543602,0.3340639909568483,0.5445997126373316,0.5614937790168651,0.39505588469225966,,C. 유지·모니터링,False,False,True,False,False,False,False,False,False,False,False,False,False,25,,,,,
827,"평소 '법을 어기더라도 불의에 맞서야 한다'고 생각하시나요, 아니면 '부당해도 법은 지켜야 한다'고 생각하시나요?",가치관,2,ACTIVE,2,1,1,0,50.0,50.0,0.4360624701132706,0.4395053373850052,0.3363503489998475,0.5441098027443396,0.5576383514438623,0.48644645260100294,,C. 유지·모니터링,False,False,False,True,True,False,False,False,False,False,False,False,False,63,,,,,
699,무모한 결정에도 무조건 지지해주는 것과 말려주는 것 중 뭐가 더 좋은가요?,관계,1,ACTIVE,3,3,0,0,100.0,0.0,0.39241257570628585,0.4402013941460971,0.3383584228273653,0.543438218223386,0.5548162556224612,0.21776014147689587,,C. 유지·모니터링,True,False,False,False,False,False,False,False,False,False,False,False,False,41,,,,,
254,5년 뒤 '잘 살고 있다'고 느끼려면 뭐가 필요할까요?,가치관,2,ACTIVE,3,1,2,0,33.3,66.7,0.44946897839269623,0.44033451471846236,0.338486577533848,0.54357320198412,0.5541548885802219,0.5734240410555717,,C. 유지·모니터링,False,False,False,True,False,False,False,False,False,False,False,False,False,30,,,,,
120,주말과 평일의 루틴 중 가장 큰 차이점은 무엇인가요?,루틴,2,ACTIVE,1,0,1,0,0.0,100.0,0.4534647880975494,0.4409180423845901,0.3363159590696498,0.5469764472170286,0.550159279034001,0.5980047203862283,,C. 유지·모니터링,False,False,False,False,False,False,False,False,False,False,False,False,False,29,,,,,
130,정리 정돈을 할 때 가장 먼저 하는 일은 무엇인가요?,루틴,2,ACTIVE,1,0,1,0,0.0,100.0,0.4534647880975494,0.4409180423845901,0.3363159590696498,0.5469764472170286,0.550159279034001,0.5980047203862283,,C. 유지·모니터링,False,False,False,False,False,False,False,False,False,False,False,False,False,29,,,,,
341,평소 어떤 상상을 가장 자주 하나요?,취향,2,ACTIVE,7,1,4,2,14.3,57.1,0.5033594703735095,0.4434782393177292,0.34639916743301113,0.5417455693809274,0.5399946319387804,0.831939945008278,,C. 유지·모니터링,False,False,False,False,False,False,False,False,False,False,False,False,False,20,,,,,
131,망가진 하루를 바로잡는 나만의 방법은 무엇인가요?,루틴,2,ACTIVE,1,0,0,1,0.0,0.0,0.45659152432560596,0.443958266130543,0.339241443981432,0.5500564765100999,0.535399835412255,0.5980047203862283,,C. 유지·모니터링,False,False,False,False,False,False,False,False,False,False,False,False,False,27,,,,,
121,주말에 꼭 하는 일은 무엇인가요?,루틴,2,ACTIVE,2,0,2,0,0.0,100.0,0.4707006909456496,0.4453547007813343,0.341983072558714,0.550035662919795,0.5288686534639766,0.6795954909782459,,C. 유지·모니터링,False,False,False,False,False,False,False,False,False,False,False,False,False,18,,,,,
257,내가 생각하는 '부자'의 기준은 무엇인가요?,가치관,2,ACTIVE,1,0,1,0,0.0,100.0,0.45884594127945494,0.44615030647435877,0.3413533208782998,0.552274651864107,0.5247309002837646,0.5980047203862283,,C. 유지·모니터링,False,False,False,True,False,False,False,False,False,False,False,False,False,24,,,,,
149,일상을 꾸려간다는 게 나에게 어떤 의미인가요?,루틴,2,ACTIVE,1,0,1,0,0.0,100.0,0.4597216851404266,0.447001819709664,0.3421742727817089,0.5531357385864679,0.5205822137500897,0.5980047203862283,,C. 유지·모니터링,False,False,False,False,False,False,False,False,False,False,False,False,False,25,,,,,
271,내가 생각하는 '공정하다'는 건 어떤 건가요?,가치관,2,ACTIVE,3,1,2,0,33.3,66.7,0.45728090611986,0.4475320077471918,0.3454270548594544,0.5508599543940333,0.5182409564338204,0.5734240410555717,,C. 유지·모니터링,False,False,False,True,False,False,False,False,False,False,False,False,False,25,,,,,
564,이상형과 실제 사귄 사람이 같은 편인가요? 다르다면 어떤 점이 다른가요?,사랑,2,ACTIVE,3,1,2,0,33.3,66.7,0.45765911471163,0.4478804689462381,0.3457636437423886,0.5512121660001352,0.5164970613457789,0.5734240410555717,,C. 유지·모니터링,False,False,True,False,True,False,False,False,False,False,False,False,False,40,,,,,
143,나를 가장 잘 보여주는 생활 습관은 무엇인가요?,루틴,2,ACTIVE,3,1,2,0,33.3,66.7,0.458156191859709,0.44833844928514965,0.34620610041673655,0.5516749954151037,0.5142047301031298,0.5734240410555717,,C. 유지·모니터링,False,False,False,False,False,False,False,False,False,False,False,False,False,26,,,,,
684,당장 소원 하나와 10년 후 소원 세 개 중 뭐가 더 좋은가요?,루틴,1,ACTIVE,2,1,1,0,50.0,50.0,0.44644251841294563,0.4493264474736908,0.3458163114011949,0.5540507578305927,0.5092529219636515,0.48644645260100294,,C. 유지·모니터링,True,False,False,False,False,False,False,False,True,False,False,False,False,35,,,,,
368,지금 내 기분을 딱 한 단어로 정의한다면 뭘까요?,감정,2,ACTIVE,2,1,1,0,50.0,50.0,0.4472811106623981,0.45011988374331285,0.3465829087341662,0.5548520228244203,0.5053314259594714,0.48644645260100294,,C. 유지·모니터링,False,False,True,False,False,False,False,False,False,False,False,False,False,27,,,,,
474,한 달에 가장 많이 쓰는 카테고리가 뭔가요?,루틴,2,ACTIVE,3,1,2,0,33.3,66.7,0.46128797368590985,0.45122390581378635,0.3489958409485776,0.5545889134449451,0.49975785155846353,0.5734240410555717,,C. 유지·모니터링,False,False,False,False,False,False,False,False,False,False,False,False,False,24,,,,,
8,요즘 자주 보는 영상의 주제는 무엇인가요?,취향,1,ACTIVE,11,5,6,0,45.5,54.5,0.45032970585652354,0.4513347167183025,0.35826264066692276,0.5453384932013176,0.4983084946131046,0.49757383233223457,최근·이번 주 회상,C. 유지·모니터링,False,False,False,False,False,False,True,False,False,False,False,False,False,23,기간 제한 제거('최근'→'지금까지/평소'),,,,
441,몸을 움직이고 난 뒤의 기분은 어떤가요?,루틴,2,ACTIVE,1,0,0,1,0.0,0.0,0.4644228143331289,0.45157287513678895,0.34658679590701336,0.557752659167738,0.49829320333189897,0.5980047203862283,,C. 유지·모니터링,False,False,False,False,False,False,False,False,False,False,False,False,False,22,,,,,
412,고마운 마음을 잘 표현하는 편인가요?,감정,2,ACTIVE,3,0,3,0,0.0,100.0,0.49022505111325365,0.45166718268875267,0.34942473278879976,0.5550362433579553,0.4975385254118098,0.7497047243297865,,C. 유지·모니터링,False,False,False,False,False,False,False,False,False,False,False,False,True,20,,,,,
625,"예전이라면 크게 흔들렸을 상황에서, 의외로 덤덤해진 나를 발견한 순간이 있었나요?",가치관,2,ACTIVE,3,2,1,0,66.7,33.3,0.43349642848381226,0.45183606115649466,0.349588153237551,0.5552066435836331,0.4966930640080801,0.3827715142749046,경험 전제형(~있다면/~적 있),C. 유지·모니터링,False,True,False,False,True,False,False,False,False,True,False,False,False,45,'~한 적이 있다면'→'~하는 편인가요/주로 무엇인가요' 성향형으로 전환하거나 '없다면 ~' 대안 제시,,,,
281,나에게 '가족'이란 어떤 존재인가요?,가치관,2,ACTIVE,1,0,1,0,0.0,100.0,0.4651138997387918,0.452244839161744,0.3472362394203433,0.5584305810139737,0.4950166083356214,0.5980047203862283,,C. 유지·모니터링,False,False,False,True,False,False,False,False,False,False,False,False,False,20,,,,,
616,"자존심 때문에 놓친 게 있다면, 어떤 건가요?",가치관,2,ACTIVE,1,1,0,0,100.0,0.0,0.43721156664089816,0.4527831469463406,0.34775665098943237,0.5589735166794638,0.4923921880968097,0.39505588469225966,경험 전제형(~있다면/~적 있),C. 유지·모니터링,False,True,False,False,True,False,False,False,False,False,False,False,False,25,'~한 적이 있다면'→'~하는 편인가요/주로 무엇인가요' 성향형으로 전환하거나 '없다면 ~' 대안 제시,,,,
484,자기 전에 하루를 돌아보면 어떤 장면이 주로 떠오르나요?,루틴,2,ACTIVE,2,1,1,0,50.0,50.0,0.4503417189700345,0.45301568636964396,0.34938310108020026,0.5577740537652012,0.49102127433045856,0.48644645260100294,,C. 유지·모니터링,False,False,False,False,False,False,False,False,False,False,False,False,False,31,,,,,
268,나에게 '시간'은 어떤 의미인가요?,가치관,2,ACTIVE,1,0,1,0,0.0,100.0,0.46668269080916336,0.45377022394533584,0.3487112469804335,0.5599687449223854,0.4875813055955782,0.5980047203862283,,C. 유지·모니터링,False,False,False,True,False,False,False,False,False,False,False,False,False,19,,,,,
645,"성장했다고 느낀 순간이 있다면, 어떤 때였나요?",가치관,2,ACTIVE,3,2,1,0,66.7,33.3,0.4356609163154639,0.4538303046547943,0.35151887665479875,0.5572179246831931,0.486712834582668,0.3827715142749046,경험 전제형(~있다면/~적 있),C. 유지·모니터링,False,True,False,False,True,False,False,False,False,False,False,False,False,26,'~한 적이 있다면'→'~하는 편인가요/주로 무엇인가요' 성향형으로 전환하거나 '없다면 ~' 대안 제시,,,,
475,누군가에게 돈을 쓸 때 기분이 어떤가요?,루틴,2,ACTIVE,3,1,2,0,33.3,66.7,0.4644228143331289,0.4541121805767595,0.35179191293725587,0.557502070165174,0.48530292134199554,0.5734240410555717,,C. 유지·모니터링,False,False,False,False,False,False,False,False,False,False,False,False,False,22,,,,,
461,누군가 내 방에 오면 신경 쓰이나요?,루틴,2,ACTIVE,1,0,1,0,0.0,100.0,0.4675604687370805,0.45462371496775755,0.34953700183362374,0.5608289349526605,0.4834234405611665,0.5980047203862283,,C. 유지·모니터링,False,False,False,False,False,False,False,False,False,False,False,False,False,20,,,,,
640,나의 생각과 삶의 태도에 가장 큰 변화를 준 사람은 누구인가요?,가치관,2,ACTIVE,2,0,2,0,0.0,100.0,0.4804917037873093,0.4546184934171243,0.3509345686478049,0.5593897975643357,0.48310688748381325,0.6795954909782459,,C. 유지·모니터링,False,False,False,False,False,False,False,False,False,False,False,False,False,35,,,,,
272,인생에서 '운'이 차지하는 비중은 어느 정도일까요?,가치관,2,ACTIVE,2,1,1,0,50.0,50.0,0.4525909786997252,0.45514382939803727,0.35144332237134657,0.559919128883658,0.4805145252709865,0.48644645260100294,,C. 유지·모니터링,False,False,False,True,False,False,False,False,False,False,False,False,False,28,,,,,
256,돈을 쓸 때 가장 아깝지 않은 곳은 어디인가요?,가치관,2,ACTIVE,3,0,1,2,0.0,33.3,0.4946671143123778,0.4557598625016623,0.35338860976207087,0.5591623322326642,0.4770666706797665,0.7497047243297865,,C. 유지·모니터링,False,False,False,False,False,False,False,False,False,False,False,False,False,26,,,,,
449,타이머나 시간 관리 도구를 쓰나요?,루틴,2,ACTIVE,1,0,1,0,0.0,100.0,0.46913027427038634,0.4561500861454923,0.3510145766077901,0.5623664798308571,0.4759935102080546,0.5980047203862283,,C. 유지·모니터링,False,False,False,False,False,False,False,False,False,False,False,False,False,19,,,,,
434,"아침이나 저녁, 평소와 달랐던 순간은 언제였나요?",루틴,2,ACTIVE,3,0,3,0,0.0,100.0,0.49490886359715874,0.45598259738256247,0.35360454232936905,0.5593866778017145,0.47595409526141486,0.7497047243297865,,C. 유지·모니터링,False,False,False,False,True,False,False,False,False,False,False,False,False,27,,,,,
99,나에게 사랑이란 어떤 감정인가요?,감정,2,ACTIVE,3,0,3,0,0.0,100.0,0.4964745091093991,0.4574250995476335,0.3550035085252936,0.5608390932317557,0.46875437809357434,0.7497047243297865,,C. 유지·모니터링,False,False,False,True,False,False,False,False,False,False,False,False,False,18,,,,,
289,내가 가장 중요하게 생각하는 옮고 그름의 기준은 무엇인가요?,가치관,2,ACTIVE,2,0,2,0,0.0,100.0,0.4836398859208573,0.4575971542499236,0.35382080643843716,0.5623895132036938,0.4684231395459152,0.6795954909782459,,C. 유지·모니터링,False,False,False,False,False,False,False,False,False,False,False,False,False,33,,,,,
635,지금 당장 감사하다고 말하고 싶은 단 한 가지는 무엇인가요?,가치관,2,ACTIVE,2,0,2,0,0.0,100.0,0.4836398859208573,0.4575971542499236,0.35382080643843716,0.5623895132036938,0.4684231395459152,0.6795954909782459,,C. 유지·모니터링,False,False,False,False,False,False,False,False,False,False,False,False,False,33,,,,,
83,"내 감정을 다스리는 나만의 루틴이 있다면, 어떤 건가요?",감정,2,ACTIVE,2,1,1,0,50.0,50.0,0.45580235344591086,0.45818228008803086,0.3543882326660133,0.5629783190571707,0.4655437298786897,0.48644645260100294,경험 전제형(~있다면/~적 있),C. 유지·모니터링,False,True,False,False,True,False,False,False,False,False,False,False,False,31,'~한 적이 있다면'→'~하는 편인가요/주로 무엇인가요' 성향형으로 전환하거나 '없다면 ~' 대안 제시,,,,
664,도시의 작은 아파트와 시골의 넓은 집 중 뭐가 더 마음이 가나요?,취향,1,ACTIVE,5,2,3,0,40.0,60.0,0.4662777736868874,0.45802236369097965,0.3581317974718283,0.5588409528016518,0.4646942818186962,0.5515639135785486,특정 활동 전제,C. 유지·모니터링,True,False,False,False,False,False,False,False,False,False,False,True,False,36,대상 확장(예: 책→책·영화·노래 무엇이든) 또는 활동 비경험자용 대안 제시,,,,
843,평범한 사람들 틈에서 돋보이는 삶과 천재들 틈에서 평범한 삶 중 뭐가 더 끌리나요?,가치관,2,ACTIVE,2,0,2,0,0.0,100.0,0.48448952709181126,0.45840104448577923,0.3546004180305187,0.5631984208945933,0.4644676963423499,0.6795954909782459,,C. 유지·모니터링,True,False,False,False,False,False,False,False,False,False,False,False,False,46,,,,,
345,최근 나에게 고생했다고 토닥여주고 싶은 날은 언제였나요?,감정,2,ACTIVE,6,4,2,0,66.7,33.3,0.42234069058842066,0.4579722834036654,0.3592881275623435,0.5575622129710489,0.46442408296127996,0.28640870817930725,최근·이번 주 회상,C. 유지·모니터링,False,False,False,False,False,False,True,False,False,False,False,False,False,31,기간 제한 제거('최근'→'지금까지/평소'),,,,
649,어떻게 죽게 될지에 대한 나만의 예감이 있나요?,가치관,2,ACTIVE,4,3,1,0,75.0,25.0,0.4251856374880507,0.45837905234583975,0.3572278526251099,0.56047474315999,0.4634315535819109,0.2920669637843254,경험 전제형(~있다면/~적 있),C. 유지·모니터링,False,True,False,False,False,False,False,False,False,True,False,False,False,26,'~한 적이 있다면'→'~하는 편인가요/주로 무엇인가요' 성향형으로 전환하거나 '없다면 ~' 대안 제시,,,,
831,경직돼도 공정한 법과 유연해서 가끔 불공정한 법 중 뭐가 더 옳다고 생각하나요?,가치관,2,ACTIVE,2,0,0,2,0.0,0.0,0.48763931606756306,0.46138122563656975,0.35749305595751846,0.5661947398304442,0.4498410704028827,0.6795954909782459,,C. 유지·모니터링,True,False,False,False,False,False,False,False,False,False,False,False,False,44,,,,,
352,"나를 가장 잘 설명해주는 노래 한 소절이 있다면, 어떤 노래인가요?",감정,2,ACTIVE,1,1,0,0,100.0,0.0,0.44643627714595285,0.46175262242538995,0.356446861453207,0.5680011721576238,0.44882500098218636,0.39505588469225966,경험 전제형(~있다면/~적 있),C. 유지·모니터링,False,True,False,False,True,False,False,False,False,False,False,False,False,37,'~한 적이 있다면'→'~하는 편인가요/주로 무엇인가요' 성향형으로 전환하거나 '없다면 ~' 대안 제시,,,,
3,"비 올 때 듣고 싶은 노래가 있다면, 어떤 노래인가요?",취향,2,ACTIVE,4,3,1,0,75.0,25.0,0.4287224120232285,0.46155439697534245,0.360313540744211,0.5636676895482969,0.4474501837527434,0.2920669637843254,경험 전제형(~있다면/~적 있),C. 유지·모니터링,False,True,False,False,True,False,False,False,False,False,False,False,False,30,'~한 적이 있다면'→'~하는 편인가요/주로 무엇인가요' 성향형으로 전환하거나 '없다면 ~' 대안 제시,,,,
479,나에게 투자할 가치가 있는 분야는 무엇인가요?,루틴,2,ACTIVE,2,1,1,0,50.0,50.0,0.4597216851404266,0.4618905661127807,0.3579878223224433,0.5667064505118371,0.4473480032559814,0.48644645260100294,,C. 유지·모니터링,False,False,False,False,False,False,False,False,False,False,False,False,False,25,,,,,
305,위시리스트에서 가장 사고 싶은 것은 무엇인가요?,취향,2,ACTIVE,9,3,5,1,33.3,55.6,0.4939030788280015,0.46116494021129983,0.3657665194260926,0.5573416318853301,0.44585131857707055,0.6748989594533226,,C. 유지·모니터링,False,False,False,False,False,False,False,False,False,False,False,False,False,26,,,,,
863,완전히 이해받는 것과 있는 그대로라도 받아들여지는 것 중 뭐가 더 필요한가요?,가치관,2,ACTIVE,2,0,2,0,0.0,100.0,0.48921459441782245,0.462871679404372,0.358941181199035,0.5676918104900741,0.442552101857026,0.6795954909782459,,C. 유지·모니터링,True,False,False,False,False,False,False,False,False,False,False,False,False,43,,,,,
446,무언가에 한 번 몰입하면 집중력은 보통 얼마나 지속되나요?,루틴,2,ACTIVE,1,1,0,0,100.0,0.0,0.44878163504188134,0.4640330875007544,0.3586620066135609,0.5702907459717366,0.43783247923161933,0.39505588469225966,,C. 유지·모니터링,False,False,False,False,False,False,False,False,False,False,False,False,False,32,,,,,
659,어떤 상황에서도 절대 하지 않을 것 같은 한 가지 일은 무엇인가요?,가치관,2,ACTIVE,1,0,1,0,0.0,100.0,0.47734507003180116,0.46413758982997483,0.35876357075938214,0.5703956105988555,0.437329895264197,0.5980047203862283,,C. 유지·모니터링,False,False,False,False,False,False,False,False,False,False,False,False,False,37,,,,,
800,"단 하나만 고를 수 있다면, 세상을 지키는 것과 나 자신을 지키는 것 중 뭐가 더 끌리나요?",가치관,2,ACTIVE,3,3,0,0,100.0,0.0,0.41798686914526134,0.46376418238102346,0.3611618946189067,0.5672111161088043,0.43728202952561274,0.21776014147689587,경험 전제형(~있다면/~적 있),C. 유지·모니터링,True,True,False,False,True,False,False,False,False,False,False,False,False,51,'~한 적이 있다면'→'~하는 편인가요/주로 무엇인가요' 성향형으로 전환하거나 '없다면 ~' 대안 제시,,,,
416,워라밸이 얼마나 중요한가요?,루틴,2,ACTIVE,3,1,2,0,33.3,66.7,0.4754152988943914,0.4642400688216791,0.36162491326184176,0.5676887778888942,0.43493368964643847,0.5734240410555717,,C. 유지·모니터링,False,False,False,False,False,False,False,False,False,False,False,False,False,15,,,,,
405,걱정이 많은 편인가요? 요즘 가장 큰 걱정은 뭔가요?,감정,2,ACTIVE,2,0,2,0,0.0,100.0,0.4910311048111536,0.46459037550626836,0.36061226892382836,0.5694169344262223,0.4341726666114543,0.6795954909782459,최근·이번 주 회상,C. 유지·모니터링,False,False,False,False,True,False,True,False,False,True,False,False,False,29,기간 제한 제거('최근'→'지금까지/평소'),,,,
826,아픈 진실을 말하는 것과 자비로운 거짓말을 하는 것 중 뭐가 더 옳은가요?,가치관,2,ACTIVE,2,0,2,0,0.0,100.0,0.49236576256840614,0.465853165465069,0.36184089930825863,0.570683626973733,0.4280355579087681,0.6795954909782459,,C. 유지·모니터링,True,False,False,False,False,False,False,False,False,False,False,False,False,41,,,,,
107,하루 중 스마트폰을 가장 많이 보는 시간은 언제인가요?,루틴,2,ACTIVE,1,1,0,0,100.0,0.0,0.4519027800332007,0.46706787471178474,0.3616134323914275,0.5733340896569596,0.4232836188180426,0.39505588469225966,,C. 유지·모니터링,False,False,False,False,False,False,False,False,False,False,False,False,False,30,,,,,
825,거짓말을 항상 알아채는 것과 전혀 못 알아채는 것 중 뭐가 더 나은가요?,가치관,2,ACTIVE,2,0,1,1,0.0,50.0,0.49394158980928377,0.46734413856717805,0.3632924340089341,0.5721783140125498,0.4208129988368609,0.6795954909782459,,C. 유지·모니터링,True,False,False,False,False,False,False,False,False,False,False,False,False,40,,,,,
81,"감정을 솔직하게 표현해서 후련했던 순간이 있다면, 어떤 때였나요?",감정,2,ACTIVE,5,3,0,2,60.0,0.0,0.4479948342920689,0.46692825487350187,0.3668001668105589,0.5677874833595286,0.41954625102282694,0.3715733532338859,경험 전제형(~있다면/~적 있),C. 유지·모니터링,False,True,False,False,True,False,False,False,False,False,False,False,False,36,'~한 적이 있다면'→'~하는 편인가요/주로 무엇인가요' 성향형으로 전환하거나 '없다면 ~' 대안 제시,,,,
340,집에 방이 하나 더 생긴다면 무엇을 하는 장소로 만들고 싶나요?,취향,2,ACTIVE,4,4,0,0,100.0,0.0,0.40655746938869103,0.467202522028913,0.3658127592639317,0.5693365528226706,0.4192633701046108,0.1548493601593692,,C. 유지·모니터링,False,False,True,False,False,False,False,False,False,False,False,False,False,35,,,,,
229,"사랑이 나를 더 나은 사람으로 만든 적이 있다면, 어떻게 달라졌나요?",사랑,2,ACTIVE,2,2,0,0,100.0,0.0,0.43751807266390763,0.4678062402236869,0.3637425087744983,0.572641370347932,0.4185799969998174,0.29783911365922466,경험 전제형(~있다면/~적 있),C. 유지·모니터링,False,True,False,False,True,False,False,False,False,False,False,False,False,38,'~한 적이 있다면'→'~하는 편인가요/주로 무엇인가요' 성향형으로 전환하거나 '없다면 ~' 대안 제시,,,,
111,나에게 주는 확실한 보상은 무엇인가요?,루틴,2,ACTIVE,2,1,1,0,50.0,50.0,0.46599130516760623,0.46782258364521223,0.36375842853476825,0.5726577458330603,0.41850107060858527,0.48644645260100294,,C. 유지·모니터링,False,False,False,False,False,False,False,False,False,False,False,False,False,21,,,,,
455,시험이나 발표 전에 긴장하는 편이에요?,루틴,2,ACTIVE,2,1,1,0,50.0,50.0,0.46599130516760623,0.46782258364521223,0.36375842853476825,0.5726577458330603,0.41850107060858527,0.48644645260100294,,C. 유지·모니터링,False,False,False,False,False,False,False,False,False,False,False,False,False,21,,,,,
436,계획보다 시간이 훨씬 더 오래 걸린 일은 무엇인가요?,루틴,2,ACTIVE,1,1,0,0,100.0,0.0,0.4534647880975494,0.4685866641657819,0.36309202964325066,0.5748556342273787,0.41604202598458656,0.39505588469225966,,C. 유지·모니터링,False,False,False,False,False,False,False,False,False,False,False,False,False,29,,,,,
314,여행 갈 때 계획파인가요 무계획파인가요?,취향,2,ACTIVE,3,3,0,0,100.0,0.0,0.42269844713211463,0.46810517872649327,0.3653891143399841,0.5715647041560152,0.4159570934717182,0.21776014147689587,특정 활동 전제,C. 유지·모니터링,False,False,False,False,False,False,False,False,False,False,False,True,False,22,대상 확장(예: 책→책·영화·노래 무엇이든) 또는 활동 비경험자용 대안 제시,,,,
656,세상을 더 따뜻하게 만들기 위해서 하고 싶은 일은 무엇인가요?,가치관,2,ACTIVE,1,0,1,0,0.0,100.0,0.4820656168765241,0.4687275256494507,0.3632292150451172,0.5749966996504865,0.4153718568407143,0.5980047203862283,,C. 유지·모니터링,False,False,False,False,False,False,False,False,False,False,False,False,False,34,,,,,
287,나에게 '일'은 어떤 의미인가요?,가치관,2,ACTIVE,2,1,1,0,50.0,50.0,0.4682521410613306,0.4699616794917522,0.36584307638549585,0.5748000356076335,0.40820142834242534,0.48644645260100294,,C. 유지·모니터링,False,False,False,True,False,False,False,False,False,False,False,False,False,18,,,,,
463,공간이 깨끗해지면 마음도 달라지나요?,루틴,2,ACTIVE,4,2,1,1,50.0,25.0,0.4675604687370805,0.4708755278701652,0.3693961781567553,0.5730157962479059,0.40115275372921666,0.46862489025581366,,C. 유지·모니터링,False,False,False,False,False,False,False,False,False,False,False,False,False,20,,,,,
22,서점에서 제목만 보고 고르는 분야는 무엇인가요?,취향,2,ACTIVE,6,2,3,1,33.3,50.0,0.4939030788280015,0.47048618357294597,0.37148332247858096,0.570125126747517,0.4005145081001724,0.6286304397310631,,C. 유지·모니터링,False,False,False,False,False,False,False,False,False,False,False,False,False,26,,,,,
411,감정의 회복 속도가 빠른 편인가요 혹은 느린편인가요?,감정,2,ACTIVE,10,3,7,0,30.0,70.0,0.5181955804407102,0.4698602246480678,0.37530917000209,0.5650014976306692,0.398902252342469,0.735526361410297,,C. 유지·모니터링,False,False,False,False,False,False,False,False,False,False,False,False,False,29,,,,,
866,가짜 모습으로 사랑받는 것과 미움받아도 진짜 나로 사는 것 중 뭐가 더 끌리나요?,가치관,2,ACTIVE,1,0,1,0,0.0,100.0,0.48606428321357953,0.472615554399997,0.36701923103522377,0.5788869034204919,0.3969812769400744,0.5980047203862283,,C. 유지·모니터링,True,False,False,False,False,False,False,False,False,False,False,False,False,45,,,,,
454,"잘하고 싶은 마음 vs 해야 하는 마음, 뭐가 더 크나요?",루틴,2,ACTIVE,1,0,1,0,0.0,100.0,0.4870309769972632,0.47355550109900163,0.36793648269497414,0.5798263758859701,0.39256879831960145,0.5980047203862283,,C. 유지·모니터링,False,False,False,False,True,False,False,False,False,False,False,False,False,32,,,,,
841,거짓말을 알아채는 능력과 들키지 않는 능력 중 뭐가 더 탐나나요?,가치관,2,ACTIVE,2,0,2,0,0.0,100.0,0.5002457894772464,0.47330887371798214,0.36910906234893326,0.5781482367992998,0.39221810100774757,0.6795954909782459,,C. 유지·모니터링,True,False,False,False,False,False,False,False,False,False,False,False,False,36,,,,,
848,다른 삶으로 태어나는 것과 기억을 지킨 채 환생하는 것 중 뭐가 더 하고 싶나요?,가치관,2,ACTIVE,1,0,1,0,0.0,100.0,0.4873386440715794,0.4738546554494041,0.3682284955859978,0.5801252976640836,0.39116739106549,0.5980047203862283,,C. 유지·모니터링,True,False,False,False,False,False,False,True,False,False,False,False,False,45,,,,,
62,"불안한 마음이 들 때 나를 잡아주는 문장이 있다면, 어떤 문장인가요?",감정,2,ACTIVE,2,1,1,0,50.0,50.0,0.4724259953635309,0.47391078275337445,0.3696968842538196,0.5787498107178601,0.3893627659776676,0.48644645260100294,경험 전제형(~있다면/~적 있),C. 유지·모니터링,False,True,False,False,True,False,False,False,False,True,False,False,False,38,'~한 적이 있다면'→'~하는 편인가요/주로 무엇인가요' 성향형으로 전환하거나 '없다면 ~' 대안 제시,,,,
597,재능과 노력 중 무엇이 더 중요하다고 생각하나요?,가치관,2,ACTIVE,3,0,1,2,0.0,33.3,0.5144269002960032,0.4739654740784051,0.3711086312571712,0.5774291780227092,0.3875820690912841,0.7497047243297865,,C. 유지·모니터링,True,False,False,False,False,False,False,False,False,False,False,False,False,27,,,,,
146,지루한 반복을 견디게 하는 생각은 무엇인가요?,루틴,2,ACTIVE,1,1,0,0,100.0,0.0,0.4597216851404266,0.4746704414908557,0.3690250073104743,0.5809402492119193,0.3873532021508714,0.39505588469225966,,C. 유지·모니터링,False,False,False,False,False,False,False,False,False,False,False,False,False,25,,,,,
285,돈으로 살 수 없는 것 중 가장 아끼는 건 무엇인가요?,가치관,2,ACTIVE,1,0,1,0,0.0,100.0,0.48836451690508303,0.47485214379548185,0.36920245649177086,0.5811217257443286,0.38650515865900265,0.5980047203862283,,C. 유지·모니터링,False,False,False,False,False,False,False,False,False,False,False,False,False,30,,,,,
242,사랑하는 사람과 함께 꿈꾸는 노후의 모습은 무엇인가요?,사랑,2,ACTIVE,2,2,0,0,100.0,0.0,0.4455251277555015,0.4753821365269031,0.3711344643266365,0.5802196832531953,0.38240898414929075,0.29783911365922466,,C. 유지·모니터링,False,False,False,False,False,False,False,False,True,False,False,False,False,30,,,,,
339,유튜버가 된다면 어떤 콘텐츠를 올리고 싶나요?,취향,1,ACTIVE,10,5,4,1,50.0,40.0,0.4661379334462932,0.4736391625337095,0.37900938205671325,0.5687851604976456,0.3792028691274926,0.42476742956290775,,C. 유지·모니터링,False,False,True,False,False,False,False,False,False,False,False,False,False,25,,,,,
30,가장 좋아하는 영화 장르는 무엇인가요?,취향,1,ACTIVE,8,4,2,2,50.0,25.0,0.4685697418830266,0.4743979817298198,0.377607379262744,0.5717139453616573,0.3781070090374413,0.43809284828347383,특정 활동 전제,C. 유지·모니터링,False,False,False,False,False,False,False,False,False,False,False,True,False,21,대상 확장(예: 책→책·영화·노래 무엇이든) 또는 활동 비경험자용 대안 제시,,,,
211,"사랑이 시작될 때 나만 아는 신호가 있다면, 어떤 건가요?",사랑,2,ACTIVE,2,2,0,0,100.0,0.0,0.44684807979760116,0.4766338510924239,0.3723581862504326,0.5814693982035344,0.37652353771628855,0.29783911365922466,경험 전제형(~있다면/~적 있),C. 유지·모니터링,False,True,False,False,True,False,False,False,False,False,False,False,False,32,'~한 적이 있다면'→'~하는 편인가요/주로 무엇인가요' 성향형으로 전환하거나 '없다면 ~' 대안 제시,,,,
808,적은 월급에 좋아하는 일과 고액 연봉에 싫은 일 중 뭐가 더 만족스러운가요?,가치관,2,ACTIVE,1,0,1,0,0.0,100.0,0.49079008700892174,0.4772106017175137,0.3715070281272791,0.5834759346997382,0.37554943593361517,0.5980047203862283,,C. 유지·모니터링,True,False,False,False,False,False,False,False,False,False,False,False,False,42,,,,,
728,"나쁜 연애를 지속하는 삶과 평생 혼자 지내는 삶 중, 어떤 쪽이 더 낫다고 생각하시나요?",사랑,2,ACTIVE,3,0,3,0,0.0,100.0,0.5176364627932317,0.4769225935636184,0.3740002956010635,0.5803828234570797,0.3734842524015906,0.7497047243297865,,C. 유지·모니터링,False,False,False,False,True,False,False,False,False,False,False,False,False,49,,,,,
799,늘 옳은 결정을 내리는 힘과 실수에서 빨리 배우는 힘 중 뭐가 더 필요한가요?,가치관,2,ACTIVE,3,1,2,0,33.3,66.7,0.48921459441782245,0.47695400279548106,0.37403102967330226,0.580414175711073,0.3733353979998695,0.5734240410555717,,C. 유지·모니터링,True,False,False,False,False,False,False,False,False,False,False,False,False,43,,,,,
105,외출하기 전 꼭 챙기는 물건은 무엇인가요?,루틴,2,ACTIVE,1,1,0,0,100.0,0.0,0.4628550269517081,0.4777170880526497,0.37200226143869325,0.5839811892991,0.37320963411583746,0.39505588469225966,,C. 유지·모니터링,False,False,False,False,False,False,False,False,False,False,False,False,False,23,,,,,
683,몸의 컨디션과 마음의 안정 중 뭐가 더 먼저인가요?,루틴,2,ACTIVE,2,1,1,0,50.0,50.0,0.4762638181008699,0.47754194886321294,0.3732464011584904,0.5823756199242578,0.37227193435931616,0.48644645260100294,,C. 유지·모니터링,True,False,False,False,False,False,False,False,False,False,False,False,False,28,,,,,
112,집중력이 필요할 때 찾는 장소는 어디인가요?,루틴,2,ACTIVE,3,2,1,0,66.7,33.3,0.46128797368590985,0.477441706758434,0.37450830428752196,0.5809009408206788,0.3710265619754444,0.3827715142749046,,C. 유지·모니터링,False,False,False,False,False,False,False,False,False,False,False,False,False,24,,,,,
637,나를 키우는 가장 나다운 성장 방식은 무엇인가요?,가치관,2,ACTIVE,1,0,1,0,0.0,100.0,0.49309122776120745,0.4794480730766592,0.37369563943326095,0.5857071129389269,0.3652494663220117,0.5980047203862283,,C. 유지·모니터링,False,False,False,False,False,False,False,False,False,False,False,False,False,27,,,,,
460,"주변이 어수선할 때 그대로 두는 편인가요, 아니면 정리를 해야만 마음이 편해지나요?",루틴,2,ACTIVE,1,1,0,0,100.0,0.0,0.4650195696727879,0.47982174085985074,0.37406136188667477,0.5860795152061811,0.36353870271620886,0.39505588469225966,,C. 유지·모니터링,False,False,False,False,True,False,False,False,False,False,False,False,False,46,,,,,
324,지금 당장 떠나고 싶은 여행지는 어디인가요?,취향,2,ACTIVE,4,4,0,0,100.0,0.0,0.4196245812479345,0.4789342801753999,0.3772783434534945,0.5810682611494863,0.3622235786500794,0.1548493601593692,특정 활동 전제,C. 유지·모니터링,False,False,False,False,False,False,False,False,False,False,False,True,False,24,대상 확장(예: 책→책·영화·노래 무엇이든) 또는 활동 비경험자용 대안 제시,,,,
294,억울한 일을 당했을 때 나는 어떻게 대처하나요?,가치관,2,ACTIVE,1,0,1,0,0.0,100.0,0.4946671143123778,0.4809803570188751,0.3751957324945695,0.5872338171997664,0.35825192615440843,0.5980047203862283,,C. 유지·모니터링,False,False,False,False,False,False,False,False,False,False,False,False,False,26,,,,,
778,성격은 타고난 본성과 자란 환경 중 뭐가 더 크게 좌우하나요?,가치관,2,ACTIVE,3,2,1,0,66.7,33.3,0.46439188699420186,0.4803014867229273,0.3773089751966917,0.5837531692511857,0.35758559491545366,0.3827715142749046,,C. 유지·모니터링,True,False,False,True,False,False,False,False,False,False,False,False,False,34,,,,,
596,다수의 의견과 내 생각이 다를 때 어떻게 하나요?,가치관,2,ACTIVE,3,1,0,2,33.3,0.0,0.49309122776120745,0.4805257257348694,0.3775287271605985,0.5839766683581477,0.35653897532547973,0.5734240410555717,,C. 유지·모니터링,False,False,False,False,False,False,False,False,False,False,False,False,False,27,,,,,
850,"초능력이 생긴다면, 결정을 되돌리는 힘과 시간을 멈추는 힘 중 뭐가 더 탐나나요?",가치관,1,ACTIVE,1,0,1,0,0.0,100.0,0.4950946685379316,0.4813960814082711,0.37560290113937383,0.5876478497784052,0.3563616260634927,0.5980047203862283,,C. 유지·모니터링,True,False,True,False,True,False,False,False,False,False,False,False,False,45,,,,,
875,선택지가 너무 많은 것과 하나의 길만 걷는 것 중 뭐가 더 답답한가요?,가치관,2,ACTIVE,1,0,1,0,0.0,100.0,0.49551753743250987,0.48180725010334224,0.3760056825518311,0.5880572704926459,0.35449556185277076,0.5980047203862283,,C. 유지·모니터링,True,False,False,False,False,False,False,False,False,False,False,False,False,39,,,,,
323,가장 좋아하는 브랜드는 무엇인가요?,취향,2,ACTIVE,6,2,4,0,33.3,66.7,0.5049354846727554,0.4799096643285931,0.38070939326880343,0.5795429245131172,0.35404598722527586,0.6286304397310631,,C. 유지·모니터링,False,False,False,False,False,False,False,False,False,False,False,False,False,19,,,,,
753,남 밑에서 편하게 일하는 것과 내 사업을 하는 것 중 뭐가 더 나은가요?,가치관,2,ACTIVE,3,1,2,0,33.3,66.7,0.49394158980928377,0.4813092039142236,0.3782966965009399,0.5847573926925111,0.35289080232138387,0.5734240410555717,,C. 유지·모니터링,True,False,False,False,False,False,False,False,False,False,False,False,False,40,,,,,
421,지하철이나 버스에서 주로 무엇을 하며 시간을 보내나요?,루틴,1,ACTIVE,1,0,1,0,0.0,100.0,0.4966321986358633,0.4828910701674459,0.3770677501261135,0.5891361269754527,0.34959378263043905,0.5980047203862283,,C. 유지·모니터링,False,False,False,False,False,False,False,False,False,False,False,False,False,30,,,,,
319,반대되는 성격이 좋나요 아니면 비슷한 성격이 좋나요?,취향,2,ACTIVE,9,4,4,1,44.4,44.4,0.48917609573145454,0.4800558782466686,0.3842485466012693,0.5762629025031913,0.34817438549812946,0.5139852808228184,,C. 유지·모니터링,False,False,False,False,False,False,False,False,False,False,False,False,False,29,,,,,
303,"야심 차게 시작했다가 금방 포기한 취미가 있다면, 어떤 건가요?",취향,2,ACTIVE,6,5,1,0,83.3,16.7,0.42101988575242744,0.4811501474309795,0.38192660788913807,0.5807799412627686,0.34807388089489705,0.15658102045755776,경험 전제형(~있다면/~적 있),C. 유지·모니터링,False,True,False,False,True,False,False,False,False,False,False,False,False,35,'~한 적이 있다면'→'~하는 편인가요/주로 무엇인가요' 성향형으로 전환하거나 '없다면 ~' 대안 제시,,,,
828,무고한 사람을 벌하는 것과 죄인을 풀어주는 것 중 뭐가 더 나은가요?,가치관,2,ACTIVE,1,0,1,0,0.0,100.0,0.49709357412947214,0.48333968003702305,0.37750750731299515,0.5895825313229606,0.3475722288243942,0.5980047203862283,,C. 유지·모니터링,True,False,False,False,False,False,False,False,False,False,False,False,False,38,,,,,
486,잠들기 전 핸드폰을 얼마나 보나요?,루틴,2,ACTIVE,1,1,0,0,100.0,0.0,0.46913027427038634,0.48381870792668397,0.37797717985912593,0.5900591065428112,0.34541844888859125,0.39505588469225966,,C. 유지·모니터링,False,False,False,False,False,False,False,False,False,False,False,False,False,19,,,,,
657,이 세상에서 가장 부러운 사람은 누구인가요?,가치관,2,ACTIVE,1,0,1,0,0.0,100.0,0.49781917401095366,0.48404520356981934,0.37819928716974277,0.5902844074100579,0.34440185050005134,0.5980047203862283,,C. 유지·모니터링,False,False,False,False,False,False,False,False,False,False,False,False,False,24,,,,,
274,손해를 봐도 지키고 싶은 원칙은 무엇인가요?,가치관,2,ACTIVE,1,0,0,1,0.0,0.0,0.49781917401095366,0.48404520356981934,0.37819928716974277,0.5902844074100579,0.34440185050005134,0.5980047203862283,,C. 유지·모니터링,False,False,False,False,False,False,False,False,False,False,False,False,False,24,,,,,
842,꿈꾸던 일과 진정한 사랑 중 뭐가 더 이루고 싶나요?,가치관,2,ACTIVE,2,0,2,0,0.0,100.0,0.5112767452662096,0.48374584164521445,0.3793240203346502,0.5885571342250657,0.3436731170087081,0.6795954909782459,,C. 유지·모니터링,True,False,False,False,False,False,False,False,False,False,False,False,False,29,,,,,
273,나는 '직감'을 믿는 편인가요?,가치관,2,ACTIVE,1,1,0,0,100.0,0.0,0.4698222197014869,0.4844915081813583,0.37863701060905985,0.5907282917991967,0.34240200356218103,0.39505588469225966,,C. 유지·모니터링,False,False,False,True,False,False,False,False,False,False,False,False,False,17,,,,,
134,스마트폰 없이 보내는 시간이 하루에 얼마나 되나요?,루틴,2,ACTIVE,2,2,0,0,100.0,0.0,0.4550277129550161,0.4843730325880003,0.37993937331363514,0.5891811348852689,0.3408285845086918,0.29783911365922466,,C. 유지·모니터링,False,False,False,False,False,False,False,False,False,False,False,False,False,28,,,,,
811,평생 야근하는 것과 연봉이 동결되는 것 중 뭐가 더 견딜 만한가요?,가치관,2,ACTIVE,1,0,1,0,0.0,100.0,0.49866966858447864,0.4848721661306625,0.379010418707413,0.5911068163888176,0.3406998416855158,0.5980047203862283,,C. 유지·모니터링,True,False,False,False,False,False,False,False,False,False,False,False,False,37,,,,,
830,결과를 미리 아는 것과 모른 채 결정하는 것 중 뭐가 더 나은가요?,가치관,2,ACTIVE,1,0,1,0,0.0,100.0,0.49866966858447864,0.4848721661306625,0.379010418707413,0.5911068163888176,0.3406998416855158,0.5980047203862283,,C. 유지·모니터링,True,False,False,False,False,False,False,False,False,False,False,False,False,37,,,,,
321,"한 번쯤은 시도해보고 싶은 패션 스타일이 있다면, 어떤 건가요?",취향,2,ACTIVE,8,6,1,1,75.0,12.5,0.42101988575242744,0.48202399852568,0.3850886933662528,0.579328177820246,0.34023627735177703,0.15758817214781096,경험 전제형(~있다면/~적 있),C. 유지·모니터링,False,True,False,False,True,False,False,False,False,False,False,False,False,35,'~한 적이 있다면'→'~하는 편인가요/주로 무엇인가요' 성향형으로 전환하거나 '없다면 ~' 대안 제시,,,,
774,노숙자를 돕는 일과 아이들을 가르치는 일 중 뭐가 더 마음이 가나요?,가치관,2,ACTIVE,3,1,2,0,33.3,66.7,0.49709357412947214,0.48421327394194996,0.3811455676993747,0.5876489682445083,0.33948997933550396,0.5734240410555717,,C. 유지·모니터링,True,False,False,False,False,False,False,False,False,False,False,False,False,38,,,,,
342,감정이 격해질 때 말이 많아지나요 적어지나요?,감정,2,ACTIVE,5,1,3,1,20.0,60.0,0.5244885064592102,0.4840709500030173,0.3835788497308531,0.5849152080436837,0.33612675053600233,0.7227036943188239,,C. 유지·모니터링,False,False,False,False,False,False,False,False,False,False,False,False,False,25,,,,,
687,잠들지 못하는 것과 깨지 못하는 것 중 뭐가 더 두렵나요?,루틴,2,ACTIVE,3,2,1,0,66.7,33.3,0.46997762578352353,0.48544788814912726,0.38235780586280915,0.5888771798163334,0.3338533791051506,0.3827715142749046,,C. 유지·모니터링,True,False,False,False,False,False,False,False,False,False,False,False,False,32,,,,,
869,규칙이 하나도 없는 세상과 너무 많은 세상 중 뭐가 더 답답한가요?,가치관,2,ACTIVE,3,1,2,0,33.3,66.7,0.49866966858447864,0.4856654032048825,0.38257144610183413,0.5890934994406902,0.33286419388846783,0.5734240410555717,,C. 유지·모니터링,True,False,False,False,False,False,False,False,False,False,False,False,False,37,,,,,
865,도전과 안정 중 지금 뭐가 더 끌리나요?,가치관,2,ACTIVE,1,0,1,0,0.0,100.0,0.5009714070627906,0.4871102186775788,0.38120713293544733,0.593331039232788,0.33075939878115684,0.5980047203862283,,C. 유지·모니터링,False,False,False,False,False,False,False,False,False,False,False,False,False,22,,,,,
66,최근에 가장 뿌듯했던 순간은 언제인가요?,감정,1,ACTIVE,7,5,1,1,71.4,14.3,0.4389124467209005,0.4846533171758498,0.38654082104138954,0.5830884562051342,0.32945805945371026,0.21504416004935725,최근·이번 주 회상,C. 유지·모니터링,False,False,False,False,False,False,True,False,False,False,False,False,True,22,기간 제한 제거('최근'→'지금까지/평소'),,,,
108,집에 도착하자마자 가장 먼저 하는 일은 무엇인가요?,루틴,1,ACTIVE,3,1,0,2,33.3,0.0,0.49978439582086487,0.4866924533508953,0.3835804731075651,0.5901146323058705,0.3282094931897458,0.5734240410555717,,C. 유지·모니터링,False,False,False,False,False,False,False,False,False,False,False,False,False,28,,,,,
594,성공은 어떤 의미인가요?,가치관,2,ACTIVE,2,0,2,0,0.0,100.0,0.5151518841092452,0.48741231448692424,0.38292370166930895,0.5922025453595543,0.3271762993060905,0.6795954909782459,,C. 유지·모니터링,False,False,False,False,False,False,False,False,False,False,False,False,False,13,,,,,
861,가난해도 행복한 삶과 부유해도 불행한 삶 중 뭐가 더 나은가요?,가치관,2,ACTIVE,1,0,1,0,0.0,100.0,0.5018219054853907,0.4879371849809985,0.38201938097528976,0.594152339041736,0.32711625077195833,0.5980047203862283,,C. 유지·모니터링,True,False,False,False,False,False,False,False,False,False,False,False,False,35,,,,,
837,아이 같은 순수한 시선과 어른의 지혜 중 뭐가 더 갖고 싶나요?,가치관,2,ACTIVE,1,0,0,1,0.0,0.0,0.5018219054853907,0.4879371849809985,0.38201938097528976,0.594152339041736,0.32711625077195833,0.5980047203862283,,C. 유지·모니터링,True,False,False,False,False,False,False,False,False,False,False,False,False,35,,,,,
75,내가 생각하는 나만의 장점은 무엇인가요?,감정,2,ACTIVE,2,1,0,1,50.0,0.0,0.48707443785642435,0.4877704452710324,0.3832756203125031,0.5925583070131863,0.3255824459854296,0.48644645260100294,,C. 유지·모니터링,False,False,False,False,False,False,False,False,False,False,False,False,True,22,,,,,
655,지니를 만난다면 빌고 싶은 세 가지 소원은 무엇인가요?,가치관,1,ACTIVE,2,2,0,0,100.0,0.0,0.4590613878545179,0.4881895047378664,0.3836874812222235,0.5929745238334353,0.3237215165525533,0.29783911365922466,,C. 유지·모니터링,False,False,True,False,False,False,False,False,False,False,False,False,False,30,,,,,
139,집 청소를 가장 꼼꼼히 하는 날은 언제인가요?,루틴,2,ACTIVE,2,2,0,0,100.0,0.0,0.4597216851404266,0.4888142467572626,0.38430163254734895,0.5935948869188233,0.32095546674859565,0.29783911365922466,,C. 유지·모니터링,False,False,False,False,False,False,False,False,False,False,False,False,False,25,,,,,
839,생각을 표현 못 하는 것과 조롱받는 것 중 뭐가 더 힘든가요?,가치관,2,ACTIVE,1,0,1,0,0.0,100.0,0.5033979852869154,0.4894696568265978,0.3835253715061467,0.5956735166630013,0.32040907817725306,0.5980047203862283,,C. 유지·모니터링,True,False,False,False,False,False,False,False,False,False,False,False,False,34,,,,,
487,가장 귀찮은 루틴은 무엇인가요?,루틴,1,ACTIVE,2,0,2,0,0.0,100.0,0.5171150710823885,0.4892697890218469,0.38474955885047435,0.5940471297575197,0.3189448471816417,0.6795954909782459,,C. 유지·모니터링,False,False,False,False,False,False,False,False,False,False,False,False,False,17,,,,,
64,칭찬을 들었을 때 어떤 반응을 보이나요?,감정,2,ACTIVE,4,2,2,0,50.0,50.0,0.48707443785642435,0.48839532632694593,0.3865670167331905,0.59048698156146,0.31832996810127684,0.46862489025581366,,C. 유지·모니터링,False,False,False,False,False,False,False,False,False,False,False,False,True,22,,,,,
90,지금 내가 가장 필요한 감정은 뭘까요?,감정,2,ACTIVE,3,0,3,0,0.0,100.0,0.5307736652831726,0.48902651037400685,0.3858752446799004,0.5924335681020285,0.3177319434398722,0.7497047243297865,,C. 유지·모니터링,False,False,False,False,False,False,False,False,False,False,False,False,False,21,,,,,
326,평소 좋아하는 메이크업 분위기는 무엇인가요?,취향,2,ACTIVE,9,4,4,1,44.4,44.4,0.4970550587760244,0.4863284204582581,0.39041658833505083,0.5825142400668437,0.3175584794740262,0.5139852808228184,,C. 유지·모니터링,False,False,False,False,False,False,False,False,False,False,False,False,False,24,,,,,
275,내가 생각하는 행복은 어떤 상태인가요?,가치관,2,ACTIVE,3,1,1,1,33.3,33.3,0.502547510292619,0.4892382394670262,0.38608352504748833,0.5926438105279412,0.31678858359323175,0.5734240410555717,,C. 유지·모니터링,False,False,False,False,False,False,False,False,False,False,False,False,False,21,,,,,
810,싫은 상사와 일하는 것과 친한 동료와 떨어지는 것 중 뭐가 더 나은가요?,가치관,1,ACTIVE,2,2,0,0,100.0,0.0,0.46076695863597766,0.48980323503325296,0.3852742005713945,0.5945765979920707,0.3165972085280262,0.29783911365922466,특정 활동 전제,C. 유지·모니터링,True,False,False,False,False,False,False,False,False,False,False,True,False,40,대상 확장(예: 책→책·영화·노래 무엇이든) 또는 활동 비경험자용 대안 제시,,,,
732,돈 많고 성격 나쁜 사람과 가난해도 착한 사람 중 누가 더 끌리나요?,사랑,2,ACTIVE,2,0,2,0,0.0,100.0,0.5178869104601044,0.4900000668857339,0.38546781488752924,0.5947719310299042,0.3157328461757038,0.6795954909782459,,C. 유지·모니터링,True,False,False,False,False,False,False,False,False,False,False,False,False,38,,,,,
565,이상형의 조건 중 양보할 수 있는 것과 없는 것은 무엇인가요?,사랑,2,ACTIVE,3,1,2,0,33.3,66.7,0.5028588937935948,0.489525131596064,0.3863657746750313,0.5929286577188879,0.3155122517950261,0.5734240410555717,,C. 유지·모니터링,False,False,False,False,False,False,False,False,False,False,False,False,False,34,,,,,
20,"좋아하는 향이 있다면, 어떤 향인가요?",취향,2,ACTIVE,7,5,2,0,71.4,28.6,0.4426719329208756,0.4877883340045931,0.38962540287665964,0.5862079988233965,0.31469709196670154,0.21504416004935725,경험 전제형(~있다면/~적 있),C. 유지·모니터링,False,True,False,False,True,False,False,False,False,False,False,False,False,21,'~한 적이 있다면'→'~하는 편인가요/주로 무엇인가요' 성향형으로 전환하거나 '없다면 ~' 대안 제시,,,,
87,다른 사람을 보며 멋지다고 느끼는 포인트는 무엇인가요?,감정,2,ACTIVE,4,1,3,0,25.0,75.0,0.5166213683061835,0.4893748093187776,0.38753080709773663,0.5914599297619569,0.3139169820955506,0.6528055841951683,,C. 유지·모니터링,False,False,False,False,False,False,False,False,False,False,False,False,False,30,,,,,
311,취미에 일주일에 얼마나 시간을 쓰나요?,취향,2,ACTIVE,5,2,2,1,40.0,40.0,0.5017833893138356,0.48910547992103637,0.3885296996145549,0.5899221154658314,0.31291155004464544,0.5515639135785486,,C. 유지·모니터링,False,False,False,False,False,False,False,False,False,False,False,False,False,21,,,,,
746,연봉 2천에 매일 칼퇴근하는 것과 연봉 6천에 주 7일 일하는 것 중 뭐가 더 나에게 맞나요?,가치관,2,ACTIVE,3,2,1,0,66.7,33.3,0.475048547870758,0.4901199649586949,0.3869510942683348,0.5935191393141147,0.3128730237814059,0.3827715142749046,,C. 유지·모니터링,True,False,False,False,False,False,False,False,False,False,False,False,False,52,,,,,
223,사랑과 우정의 경계선은 어디라고 생각하나요?,사랑,2,ACTIVE,2,0,2,0,0.0,100.0,0.5186115624956195,0.4906856983212838,0.3861423694058536,0.5954522107437208,0.3127299395695653,0.6795954909782459,,C. 유지·모니터링,False,False,False,False,False,False,False,False,False,False,False,False,False,24,,,,,
122,할 일이 많을 때 어떤 순서로 처리하나요?,루틴,2,ACTIVE,2,2,0,0,100.0,0.0,0.4628550269517081,0.4917788663799902,0.38721829694793214,0.5965364255475643,0.3079680089748112,0.29783911365922466,,C. 유지·모니터링,False,False,False,False,False,False,False,False,False,False,False,False,False,23,,,,,
283,나의 가치관과 충돌하는 상황에서 나는 어떻게 하나요?,가치관,2,ACTIVE,4,2,2,0,50.0,50.0,0.4899398977714075,0.49096795929000236,0.38909929493447054,0.5930415884669549,0.3067964136832117,0.46862489025581366,,C. 유지·모니터링,False,False,False,False,False,False,False,False,False,False,False,False,False,29,,,,,
7,집에서 가장 좋아하는 컵은 무엇인가요?,취향,2,ACTIVE,7,3,3,1,42.9,42.9,0.5017833893138356,0.48962251821082237,0.39143192458482473,0.5880312843824974,0.3061956665733896,0.5318828740708023,,C. 유지·모니터링,False,False,False,False,False,False,False,False,False,False,False,False,False,21,,,,,
555,싸운 뒤 바로 풀려고 하는 편인가요 아니면 시간을 두고 대화하는 편인가요?,사랑,2,ACTIVE,2,1,1,0,50.0,50.0,0.49182678468071345,0.49226689075890356,0.38769879146870245,0.5970202860613674,0.305852551540492,0.48644645260100294,,C. 유지·모니터링,False,False,False,False,False,False,False,False,False,False,False,False,False,41,,,,,
681,복잡해도 빠른 출근길과 여유롭지만 긴 출근길 중 뭐가 더 나은가요?,루틴,1,ACTIVE,1,0,1,0,0.0,100.0,0.5069389517550121,0.49291264963274894,0.38691262721300124,0.599087376408683,0.3055569267430449,0.5980047203862283,,C. 유지·모니터링,True,False,False,False,False,False,False,False,False,False,False,False,False,37,,,,,
650,어떤 방식으로 유명해지고 싶나요?,가치관,2,ACTIVE,1,0,1,0,0.0,100.0,0.5072753909655183,0.4932397800339873,0.3872347323699718,0.5994114682444924,0.3041619030059361,0.5980047203862283,,C. 유지·모니터링,False,False,False,False,False,False,False,False,False,False,False,False,False,18,,,,,
761,평생 다달이 받는 200만 원과 지금 당장의 5억 중 뭐가 더 든든한가요?,가치관,2,ACTIVE,2,1,0,1,50.0,0.0,0.49236576256840614,0.4927768461095509,0.3882009886137993,0.5975257803954641,0.3036489846573966,0.48644645260100294,,C. 유지·모니터링,True,False,False,False,False,False,False,False,False,False,False,False,False,41,,,,,
862,생명을 만드는 힘과 없애는 힘 중 뭐가 더 부담스럽나요?,가치관,2,ACTIVE,1,0,0,1,0.0,0.0,0.5081256942899143,0.49406655663730126,0.38804901760038435,0.6002303560575785,0.30064898864907835,0.5980047203862283,,C. 유지·모니터링,True,False,False,False,False,False,False,False,False,False,False,False,False,31,,,,,
403,"밤에 갑자기 불안해진 적이 있다면, 어떤 생각이 찾아왔나요?",감정,2,ACTIVE,1,1,0,0,100.0,0.0,0.48028883157851276,0.4946685233330281,0.3886420780850096,0.600826390393697,0.2981029401543394,0.39505588469225966,경험 전제형(~있다면/~적 있),C. 유지·모니터링,False,True,False,False,True,False,False,False,False,True,False,False,False,33,'~한 적이 있다면'→'~하는 편인가요/주로 무엇인가요' 성향형으로 전환하거나 '없다면 ~' 대안 제시,,,,
671,물건을 소유하는 삶과 경험을 쌓는 삶 중 뭐가 더 남나요?,취향,2,ACTIVE,5,2,3,0,40.0,60.0,0.5057858919676512,0.49260943987224015,0.3919816317570218,0.5934006380462512,0.2971781236984684,0.5515639135785486,,C. 유지·모니터링,True,False,False,False,False,False,False,False,False,False,False,False,False,32,,,,,
829,하지 않은 일로 인정받는 것과 억울하게 비난받는 것 중 뭐가 더 불편한가요?,가치관,2,ACTIVE,6,3,2,1,50.0,33.3,0.49079008700892174,0.49213322650980246,0.39273120915806525,0.5917047899999373,0.29699320597491546,0.4526255035054761,,C. 유지·모니터링,True,False,False,False,False,False,False,False,False,False,False,False,False,42,,,,,
415,계획이 바뀌었을 때 어떻게 행동하나요?,루틴,2,ACTIVE,2,2,0,0,100.0,0.0,0.46599130516760623,0.49474626428969415,0.3901415006664061,0.5994769147451617,0.2952068045787742,0.29783911365922466,,C. 유지·모니터링,False,False,False,False,False,False,False,False,False,False,False,False,False,21,,,,,
400,혼자 울 때와 누군가 앞에서 울 때가 다른가요?,감정,2,ACTIVE,2,0,2,0,0.0,100.0,0.5229159255531206,0.4947582827861088,0.39015334790926653,0.5994888165153769,0.29515562119779026,0.6795954909782459,,C. 유지·모니터링,False,False,False,False,False,False,False,False,False,False,False,False,False,26,,,,,
318,가장 좋아하는 게임은 무엇인가요?,취향,2,ACTIVE,5,2,2,1,40.0,40.0,0.5065114008976616,0.4932445810463687,0.39260788783091144,0.5940306226713316,0.29436567530453667,0.5515639135785486,,C. 유지·모니터링,False,False,False,False,False,False,False,False,False,False,False,False,False,18,,,,,
277,내가 가장 자유롭다고 느끼는 순간은 언제인가요?,가치관,2,ACTIVE,2,1,1,0,50.0,50.0,0.4946671143123778,0.49495427613471193,0.39034655732868573,0.5996828975219891,0.2943215220429067,0.48644645260100294,,C. 유지·모니터링,False,False,False,False,False,False,False,False,False,False,False,False,False,26,,,,,
763,위안이 되는 거짓말과 불편한 진실 중 뭐가 더 나은가요?,가치관,2,ACTIVE,3,1,0,2,33.3,0.0,0.5081256942899143,0.4943776803113004,0.39114511698800464,0.5977413000271774,0.29426970608030273,0.5734240410555717,,C. 유지·모니터링,True,False,False,False,False,False,False,False,False,False,False,False,False,31,,,,,
44,나를 가장 잘 표현하는 단어 하나는 무엇인가요?,취향,2,ACTIVE,4,2,2,0,50.0,50.0,0.4939030788280015,0.4945261351246883,0.39260624504945957,0.5965702441197871,0.2911589205363819,0.46862489025581366,,C. 유지·모니터링,False,False,False,False,False,False,False,False,False,False,False,False,False,26,,,,,
371,지금 내 마음의 색깔을 고른다면 어떤 색인가요?,감정,2,ACTIVE,7,5,2,0,71.4,28.6,0.44884022577858307,0.492932042715017,0.3946949810259638,0.5913176987466942,0.2911214058645243,0.21504416004935725,,C. 유지·모니터링,False,False,True,False,False,False,False,False,False,False,False,False,False,26,,,,,
10,빵집에 가면 가장 먼저 집는 빵은 무엇인가요?,취향,2,ACTIVE,2,1,1,0,50.0,50.0,0.49547902388254406,0.4957224665169195,0.39110399628122244,0.6004434324290528,0.2910629056769376,0.48644645260100294,,C. 유지·모니터링,False,False,False,False,False,False,False,False,False,False,False,False,False,25,,,,,
871,완벽한 하루가 반복되는 삶과 굴곡 있는 진짜 삶 중 뭐가 더 나은가요?,가치관,2,ACTIVE,2,1,1,0,50.0,50.0,0.49551753743250987,0.4957589062138457,0.3911399323135667,0.6004795026448801,0.2909087529556799,0.48644645260100294,,C. 유지·모니터링,True,False,False,False,False,False,False,False,False,False,False,False,False,39,,,,,
874,완벽한 하루가 반복되는 삶과 굴곡 있는 진짜 삶 중 뭐가 더 나은가요?,가치관,2,ACTIVE,2,1,1,0,50.0,50.0,0.49551753743250987,0.4957589062138457,0.3911399323135667,0.6004795026448801,0.2909087529556799,0.48644645260100294,,C. 유지·모니터링,True,False,False,False,False,False,False,False,False,False,False,False,False,39,,,,,
216,좋아하는 사람의 외모에서 끌리는 포인트는 무엇인가요?,사랑,2,ACTIVE,1,0,1,0,0.0,100.0,0.5107378939453593,0.4966064803284628,0.3905524420488023,0.6027441694652977,0.28997422187269867,0.5980047203862283,,C. 유지·모니터링,False,False,False,False,False,False,False,False,False,False,False,False,False,29,,,,,
482,꿈을 자주 꾸나요?,루틴,2,ACTIVE,1,1,0,0,100.0,0.0,0.4832823120119591,0.49757917828855197,0.39151191135201086,0.6037061189102317,0.2859340616492128,0.39505588469225966,,C. 유지·모니터링,False,False,False,False,False,False,False,False,False,False,False,False,False,10,,,,,
836,안 한 일로 기억되는 것과 한 일이 잊히는 것 중 뭐가 더 억울한가요?,가치관,2,ACTIVE,2,1,1,0,50.0,50.0,0.4967927250094117,0.4969654283045829,0.39233010216287106,0.6016734670296747,0.28582655527222106,0.48644645260100294,,C. 유지·모니터링,True,False,False,False,False,False,False,True,False,False,False,False,False,39,,,,,
679,감정을 못 드러내는 것과 못 숨기는 것 중 뭐가 덜 힘든가요?,감정,2,ACTIVE,3,1,2,0,33.3,66.7,0.5103215323056924,0.49640080819506543,0.393140689028237,0.5997448246169486,0.28561408979098984,0.5734240410555717,,C. 유지·모니터링,False,False,False,False,False,False,False,False,False,False,False,False,False,34,,,,,
820,남의 마음을 읽는 것과 내 마음을 나누는 것 중 뭐가 더 하고 싶나요?,가치관,2,ACTIVE,4,2,2,0,50.0,50.0,0.49551753743250987,0.4959756090474365,0.39403637782433265,0.5980061661582778,0.28489795234364956,0.46862489025581366,,C. 유지·모니터링,True,False,False,False,False,False,False,False,False,False,False,False,False,39,,,,,
849,속마음을 다 말하는 것과 평생 입을 다무는 것 중 뭐가 더 나은가요?,가치관,2,ACTIVE,2,1,0,1,50.0,0.0,0.49709357412947214,0.49725007749338207,0.39261098518593956,0.6019550617926033,0.28463375648803724,0.48644645260100294,,C. 유지·모니터링,True,False,False,False,False,False,False,False,False,False,False,False,False,38,,,,,
857,야생에서 사는 것과 감옥에서 사는 것 중 뭐가 덜 힘든가요?,가치관,2,ACTIVE,1,1,0,0,100.0,0.0,0.4836398859208573,0.4979268586202061,0.3918549639034149,0.6040498566411285,0.28449650722540687,0.39505588469225966,,C. 유지·모니터링,False,False,False,False,False,False,False,False,False,False,False,False,False,33,,,,,
388,내 삶에서 가장 들키기 싫은 건 무엇인가요?,감정,2,ACTIVE,2,0,2,0,0.0,100.0,0.5260606018675769,0.4977336265789237,0.39308821676652167,0.6024333418717525,0.2826129797767679,0.6795954909782459,,C. 유지·모니터링,False,False,False,False,False,False,False,False,False,False,False,False,False,24,,,,,
34,어떤 라이프스타일로 살고 싶나요?,취향,2,ACTIVE,9,4,5,0,44.4,55.6,0.5065114008976616,0.4938567341195437,0.39784001250147655,0.5899965710102423,0.28242556412524567,0.5139852808228184,,C. 유지·모니터링,False,False,False,False,False,False,False,False,False,False,False,False,False,18,,,,,
262,내가 생각하는 멋진 어른은 어떤 모습인가요?,가치관,2,ACTIVE,2,1,0,1,50.0,0.0,0.49781917401095366,0.4979366057358942,0.3932885741459729,0.6026340791419239,0.2817667903529091,0.48644645260100294,,C. 유지·모니터링,False,False,False,False,False,False,False,False,False,False,False,False,False,24,,,,,
554,사랑과 좋아함의 차이는 무엇인가요?,사랑,2,ACTIVE,2,0,1,1,0.0,50.0,0.5264759985378423,0.49812665523460714,0.3934761850168501,0.6028220134167148,0.2809756173199833,0.6795954909782459,,C. 유지·모니터링,False,False,False,False,False,False,False,False,False,False,False,False,False,19,,,,,
104,휴식을 취할 때 몸이 가장 좋아하는 자세는 무엇인가요?,루틴,1,ACTIVE,4,2,0,2,50.0,0.0,0.4966321986358633,0.496976360842774,0.3950242916032036,0.598997045819188,0.280613271588638,0.46862489025581366,,C. 유지·모니터링,False,False,False,False,False,False,False,False,False,False,False,False,False,30,,,,,
669,예술 없는 삶과 과학 없는 삶 중 뭐가 더 힘드나요?,취향,2,ACTIVE,5,2,3,0,40.0,60.0,0.510512972760168,0.4967477261435293,0.396065035177164,0.5975023182167691,0.2790803802959371,0.5515639135785486,,C. 유지·모니터링,True,False,False,False,False,False,False,False,False,False,False,False,False,29,,,,,
422,"나도 모르게 반복하는, 조금 신경 쓰이는 버릇은 무엇인가요?",루틴,2,ACTIVE,1,1,0,0,100.0,0.0,0.48545604732147996,0.4996927693379414,0.39359818794392837,0.605794924022842,0.277249074787389,0.39505588469225966,,C. 유지·모니터링,False,False,False,False,True,False,False,False,False,False,False,False,False,33,,,,,
571,데이트 중 가장 창피했던 일은 무엇인가요?,사랑,2,ACTIVE,4,0,2,2,0.0,50.0,0.5546896361333844,0.4980048175585466,0.39603999368046894,0.600014918307842,0.27624289364681814,0.8080266359011785,,C. 유지·모니터링,False,False,False,False,False,False,False,False,False,False,True,False,False,23,,,,,
816,신중히 곱씹는 삶과 후회 없이 실수하는 삶 중 뭐가 더 나다운가요?,가치관,2,ACTIVE,4,1,2,1,25.0,50.0,0.5263892856515566,0.49814452409012,0.3961780019223142,0.6001531527553293,0.2756518174856456,0.6528055841951683,,C. 유지·모니터링,True,False,False,False,False,False,False,False,False,True,False,False,False,37,,,,,
675,감정을 강렬하게 느끼는 것과 잔잔하게 한결같이 느끼는 것 중 뭐가 더 나다운가요?,감정,2,ACTIVE,1,0,1,0,0.0,100.0,0.5143218334158403,0.5000912571332483,0.3939917454712761,0.6061885192905266,0.27562628895271457,0.5980047203862283,,C. 유지·모니터링,True,False,False,False,False,False,False,False,False,False,False,False,False,45,,,,,
803,외로운 천재와 단순해도 행복한 사람 중 누가 더 나에게 가깝나요?,가치관,2,ACTIVE,2,0,1,1,0.0,50.0,0.5279607526356787,0.499531459242112,0.3948634474529063,0.6042106979245168,0.27516114516135315,0.6795954909782459,,C. 유지·모니터링,True,False,False,False,False,False,False,False,False,True,False,False,False,36,,,,,
870,세상을 바꾸려 애쓰는 것과 있는 그대로 받아들이는 것 중 뭐가 더 나에게 맞나요?,가치관,2,ACTIVE,1,1,0,0,100.0,0.0,0.48606428321357953,0.5002841761811887,0.39418230265530696,0.6063790447132675,0.2748423421865621,0.39505588469225966,,C. 유지·모니터링,True,False,False,False,False,False,False,False,False,False,False,False,False,45,,,,,
24,입었을 때 가장 나다운 옷차림은 무엇인가요?,취향,2,ACTIVE,6,3,3,0,50.0,50.0,0.4970550587760244,0.4974845380652995,0.398013474686729,0.5970098151683161,0.27342445879889793,0.4526255035054761,,C. 유지·모니터링,False,False,False,False,False,False,False,False,False,False,False,False,False,24,,,,,
46,내 취향이 남들과 가장 다른 점은 뭘까요?,취향,2,ACTIVE,4,2,2,0,50.0,50.0,0.4986311521928938,0.49877103742699197,0.39679700021354714,0.6007729636095995,0.2730088483991391,0.46862489025581366,,C. 유지·모니터링,False,False,False,False,False,False,False,False,False,False,False,False,False,23,,,,,
824,한 달을 슬퍼하고 달라지는 것과 1년을 무감각하게 사는 것 중 뭐가 더 나은가요?,가치관,2,ACTIVE,3,1,2,0,33.3,66.7,0.5138013306935049,0.4996069085985003,0.3963066943470013,0.6029162858221062,0.2721522216218479,0.5734240410555717,,C. 유지·모니터링,True,False,False,False,False,False,False,False,False,True,False,False,False,45,,,,,
227,사랑하는 사람과 다툼이 생기면 어떻게 해결하나요?,사랑,2,ACTIVE,3,1,2,0,33.3,66.7,0.5138882199287208,0.4996869636996969,0.39638580435714216,0.6029954199276043,0.27182018241457384,0.5734240410555717,,C. 유지·모니터링,False,False,False,False,False,False,False,False,False,False,False,False,False,27,,,,,
598,"좋은 의도의 나쁜 결과와 나쁜 의도의 좋은 결과, 뭐가 더 나쁜가요?",가치관,2,ACTIVE,3,1,1,1,33.3,33.3,0.5141763413488856,0.4999524233897364,0.3966481497086839,0.6032578060829724,0.2707206039663896,0.5734240410555717,,C. 유지·모니터링,False,False,False,False,True,False,False,False,False,False,False,False,False,38,,,,,
575,거절을 해야 할 때 나는 어떻게 하나요?,가치관,2,ACTIVE,2,1,1,0,50.0,50.0,0.5009714070627906,0.5009190993557219,0.3962345977910891,0.6055815780118659,0.26947676980910734,0.48644645260100294,,C. 유지·모니터링,False,False,False,False,False,False,False,False,False,False,False,False,False,22,,,,,
754,지금 당장 꿈의 직업과 매년 한 달 휴가 중 뭐가 더 나은가요?,가치관,2,ACTIVE,2,1,1,0,50.0,50.0,0.5018219054853907,0.5017238006824846,0.3970301178808799,0.6063761788051665,0.26620765834533633,0.48644645260100294,,C. 유지·모니터링,True,False,False,False,False,False,False,False,False,False,False,False,False,35,,,,,
674,몸의 아픔을 못 느끼는 것과 마음의 아픔을 못 느끼는 것 중 뭐가 더 나은가요?,감정,2,ACTIVE,3,1,2,0,33.3,66.7,0.5158965169244925,0.5015373013028499,0.3982150590390667,0.6048237090289934,0.2642025358607875,0.5734240410555717,,C. 유지·모니터링,True,False,False,False,False,False,False,False,False,False,False,False,False,44,,,,,
587,가장 간절히 원했던 것은 무엇이었나요?,가치관,2,ACTIVE,2,1,1,0,50.0,50.0,0.502547510292619,0.502410333585505,0.3977090390603453,0.6070538731435651,0.2634346296490468,0.48644645260100294,,C. 유지·모니터링,False,False,False,False,False,False,False,False,False,False,False,False,False,21,,,,,
617,과정이 나빠도 결과가 좋으면 괜찮나요?,가치관,2,ACTIVE,2,1,1,0,50.0,50.0,0.502547510292619,0.502410333585505,0.3977090390603453,0.6070538731435651,0.2634346296490468,0.48644645260100294,,C. 유지·모니터링,False,False,False,False,False,False,False,False,False,False,False,False,False,21,,,,,
630,어제보다 나아졌다고 느낀 점은 뭔가요?,가치관,2,ACTIVE,2,1,1,0,50.0,50.0,0.502547510292619,0.502410333585505,0.3977090390603453,0.6070538731435651,0.2634346296490468,0.48644645260100294,,C. 유지·모니터링,False,False,False,False,False,False,False,False,False,False,False,False,False,21,,,,,
39,가장 좋아하는 계절의 풍경은 무엇인가요?,취향,2,ACTIVE,6,3,2,1,50.0,33.3,0.5002072728129517,0.5001770449158148,0.4006756772798613,0.5996745968451014,0.2619283350609986,0.4526255035054761,,C. 유지·모니터링,False,False,False,False,False,False,False,False,False,False,False,False,False,22,,,,,
278,내가 주변 사람들에게 줄 수 있는 좋은 영향은 뭘까요?,가치관,2,ACTIVE,3,2,0,1,66.7,0.0,0.48836451690508303,0.5023885877164389,0.39905713597427644,0.6056643614121495,0.2607349073602118,0.3827715142749046,,C. 유지·모니터링,False,False,False,False,False,False,False,False,False,False,False,False,False,30,,,,,
593,돈과 시간 중 더 소중한 건 무엇인가요?,가치관,1,ACTIVE,3,0,2,1,0.0,66.7,0.5457218741769048,0.5027989917719744,0.39946321051223915,0.6060695284567452,0.2590716050742211,0.7497047243297865,,C. 유지·모니터링,False,False,False,False,False,False,False,False,False,False,False,False,False,22,,,,,
13,가방 속에 늘 챙기는 물건은 무엇인가요?,취향,2,ACTIVE,8,4,3,1,50.0,37.5,0.5002072728129517,0.5001688373771654,0.4029827907495814,0.5973514193895095,0.2569445979155862,0.43809284828347383,,C. 유지·모니터링,False,False,False,False,False,False,False,False,False,False,False,False,False,22,,,,,
290,"사람은 원래 착하다고 생각하나요, 아니면 노력해야 착해질 수 있다고 생각하나요?",가치관,2,ACTIVE,2,1,1,0,50.0,50.0,0.5047232570351039,0.504468922107074,0.39974602503093226,0.6090847375700406,0.2552092534402414,0.48644645260100294,,C. 유지·모니터링,False,False,False,False,True,False,False,False,False,False,False,False,False,44,,,,,
553,연애할 때 혼자만의 시간은 어떤 의미인가요?,사랑,2,ACTIVE,3,1,2,0,33.3,66.7,0.5186115624956195,0.5040387993009586,0.400690374879323,0.6072930792087194,0.25408050376767694,0.5734240410555717,,C. 유지·모니터링,False,False,False,False,False,False,False,False,False,False,False,False,False,24,,,,,
29,사진 찍을 때 주로 담는 장면은 무엇인가요?,취향,2,ACTIVE,14,7,6,1,50.0,42.9,0.4970550587760244,0.497894038808819,0.40681190963886954,0.5890139554070825,0.2530234797032527,0.4010025462562846,,C. 유지·모니터링,False,False,False,False,False,False,False,False,False,False,False,False,False,24,,,,,
389,감정을 숨기기 어려워하는 편인가요?,감정,2,ACTIVE,2,0,2,0,0.0,100.0,0.5339127128205217,0.5051629220765043,0.4004331551692169,0.6097689781715855,0.2524669550502811,0.6795954909782459,,C. 유지·모니터링,False,False,False,False,False,False,False,False,False,False,False,False,False,19,,,,,
19,가장 아끼는 옷은 어떤 스타일인가요?,취향,2,ACTIVE,6,3,3,0,50.0,50.0,0.5033594703735095,0.5028695376928132,0.4033408355546208,0.6023363949981728,0.25068632445022876,0.4526255035054761,,C. 유지·모니터링,False,False,False,False,False,False,False,False,False,False,False,False,False,20,,,,,
577,내 인생에서 가장 비싸게 얻은 깨달음은 무엇인가요?,가치관,2,ACTIVE,3,2,0,1,66.7,0.0,0.4915154784832675,0.5052917154443002,0.4019311798775841,0.6085289010056729,0.24908850781351277,0.3827715142749046,,C. 유지·모니터링,False,False,False,False,False,False,False,False,False,False,False,False,False,28,,,,,
238,사랑에서 '진심을 다한다'는 건 어떤 건가요?,사랑,2,ACTIVE,2,2,0,0,100.0,0.0,0.4779917383428191,0.5061005058040974,0.40136178853494975,0.610693046464714,0.24878702514291873,0.29783911365922466,,C. 유지·모니터링,False,False,False,True,False,False,False,False,False,False,False,False,False,25,,,,,
267,사람들에게 보여주고 싶은 나의 모습은 무엇인가요?,가치관,2,ACTIVE,1,1,0,0,100.0,0.0,0.49309122776120745,0.5071166948578509,0.4009416978086121,0.6131162642052084,0.24780955178216968,0.39505588469225966,,C. 유지·모니터링,False,False,False,False,False,False,False,False,False,False,False,False,False,27,,,,,
652,인생에서 가장 감사하다고 느끼는 것은 무엇인가요?,가치관,2,ACTIVE,1,1,0,0,100.0,0.0,0.49309122776120745,0.5071166948578509,0.4009416978086121,0.6131162642052084,0.24780955178216968,0.39505588469225966,,C. 유지·모니터링,False,False,False,False,False,False,False,False,False,False,False,False,False,27,,,,,
82,"두려움을 극복하고 무언가 해낸 적이 있다면, 어떤 일이었나요?",감정,2,ACTIVE,2,2,0,0,100.0,0.0,0.4787153577593511,0.5067851602244716,0.4020401472098388,0.6113675913738499,0.24611801564270913,0.29783911365922466,경험 전제형(~있다면/~적 있),C. 유지·모니터링,False,True,False,False,True,False,False,False,False,True,False,False,False,34,'~한 적이 있다면'→'~하는 편인가요/주로 무엇인가요' 성향형으로 전환하거나 '없다면 ~' 대안 제시,,,,
600,가장 이기고 싶을 땐 언제인가요?,가치관,2,ACTIVE,2,1,0,1,50.0,0.0,0.5072753909655183,0.5068836303596795,0.4021377285332524,0.6114645908420824,0.24573541667201737,0.48644645260100294,,C. 유지·모니터링,False,False,False,False,False,False,False,False,False,False,False,False,False,18,,,,,
363,감정이 멈추거나 굳어버린 것 같은 기분이 들었나요?,감정,2,ACTIVE,5,2,2,1,40.0,40.0,0.5197694314496187,0.5048512212172647,0.40408164276477404,0.6055135491291027,0.24528061557249622,0.5515639135785486,,C. 유지·모니터링,False,False,False,False,False,False,False,False,False,False,False,False,False,28,,,,,
782,위험해도 자유로운 것과 안전을 위해 참는 것 중 뭐가 더 나에게 맞나요?,가치관,2,ACTIVE,1,1,0,0,100.0,0.0,0.49394158980928377,0.5079435285600419,0.40176107134805683,0.6139301765110716,0.24463751560404365,0.39505588469225966,,C. 유지·모니터링,True,False,False,False,False,False,False,False,False,False,False,False,False,40,,,,,
37,가장 좋아하는 요일은 언제인가요?,취향,2,ACTIVE,4,2,2,0,50.0,50.0,0.5065114008976616,0.505845988107322,0.4037985424773326,0.6077607701964903,0.24406623305975297,0.46862489025581366,,C. 유지·모니터링,False,False,False,False,False,False,False,False,False,False,False,False,False,18,,,,,
855,가장 행복할 날과 가장 불행할 날 중 뭐가 더 궁금한가요?,가치관,2,ACTIVE,4,2,2,0,50.0,50.0,0.5065499109990002,0.5058805627861008,0.4038328100999334,0.607794867325676,0.24392898545366024,0.46862489025581366,,C. 유지·모니터링,True,False,False,False,False,False,False,False,False,False,False,False,False,32,,,,,
685,많은 시간과 많은 에너지 중 뭐가 더 좋은가요?,루틴,2,ACTIVE,2,2,0,0,100.0,0.0,0.4794098621142082,0.5074422673524159,0.40269140251511154,0.6120148051433396,0.24357094216731956,0.29783911365922466,,C. 유지·모니터링,True,False,False,False,False,False,False,False,False,False,False,False,False,26,,,,,
298,남과 나를 비교하게 될 때 어떤 생각이 드나요?,가치관,2,ACTIVE,1,1,0,0,100.0,0.0,0.4946671143123778,0.5086489788000668,0.4024603937208041,0.6146243651848113,0.2419485688375559,0.39505588469225966,,C. 유지·모니터링,False,False,False,False,False,False,False,False,False,False,False,False,False,26,,,,,
614,절대 되고 싶지 않은 사람의 모습은 무엇인가요?,가치관,2,ACTIVE,1,1,0,0,100.0,0.0,0.4946671143123778,0.5086489788000668,0.4024603937208041,0.6146243651848113,0.2419485688375559,0.39505588469225966,,C. 유지·모니터링,False,False,False,False,False,False,False,False,False,False,False,False,False,26,,,,,
14,집에서 가장 편한 자리는 어디인가요?,취향,2,ACTIVE,10,5,4,1,50.0,40.0,0.5033594703735095,0.5026152701681229,0.4075674360608504,0.597611889802476,0.24161132424887918,0.42476742956290775,,C. 유지·모니터링,False,False,False,False,False,False,False,False,False,False,False,False,False,20,,,,,
586,언제 가장 살아있다고 느끼나요?,가치관,2,ACTIVE,2,1,1,0,50.0,50.0,0.5088511038186331,0.508374495233505,0.4036156488397868,0.6129326771409533,0.23998206133313724,0.48644645260100294,,C. 유지·모니터링,False,False,False,False,False,False,False,False,False,False,False,False,False,17,,,,,
813,인생의 목적을 지금 아는 것과 서서히 깨닫는 것 중 뭐가 더 나은가요?,가치관,2,ACTIVE,1,1,0,0,100.0,0.0,0.49551753743250987,0.5094758718845339,0.4032803819853978,0.615437780084185,0.23881727921750948,0.39505588469225966,,C. 유지·모니터링,True,False,False,False,False,False,False,False,False,False,False,False,False,39,,,,,
563,끌리는 사람과 좋은 사람 중 누가 더 좋은가요?,사랑,2,ACTIVE,4,1,3,0,25.0,75.0,0.536741687541918,0.5074389937878779,0.40537792282658974,0.6093312510225721,0.2377861956908406,0.6528055841951683,,C. 유지·모니터링,True,False,False,False,False,False,False,False,False,False,False,False,False,26,,,,,
833,과거를 바꾸는 능력과 미래를 보는 능력 중 뭐가 더 갖고 싶나요?,가치관,1,ACTIVE,2,2,0,0,100.0,0.0,0.48127771624316706,0.5092095424652577,0.4044438656505433,0.6137545459433548,0.2367919932714679,0.29783911365922466,,C. 유지·모니터링,True,False,False,False,False,False,False,False,True,False,False,False,False,36,,,,,
255,가장 존경하는 인물은 누구인가요?,가치관,1,ACTIVE,3,0,2,1,0.0,66.7,0.5519661218285534,0.508552108097683,0.40516319326803035,0.6117416731932463,0.23634714101797444,0.7497047243297865,,C. 유지·모니터링,False,False,False,False,False,False,False,False,False,False,False,False,False,18,,,,,
639,내가 꿈꾸는 진짜 멋진 나는 어떤 사람인가요?,가치관,2,ACTIVE,1,1,0,0,100.0,0.0,0.49624310683302003,0.5101813657797254,0.4039802219578635,0.6161315374091094,0.23616335568101018,0.39505588469225966,,C. 유지·모니터링,False,False,False,False,False,False,False,False,False,False,False,False,False,25,,,,,
805,일 안 해도 빠듯한 삶과 힘들어도 여유로운 삶 중 뭐가 더 나은가요?,가치관,2,ACTIVE,1,0,1,0,0.0,100.0,0.5248172956886156,0.5102963244299794,0.4040942800074765,0.6162445629189193,0.23573245151722869,0.5980047203862283,,C. 유지·모니터링,True,False,False,False,False,False,False,False,False,True,False,False,False,38,,,,,
249,사랑하는 사람과 단둘이 보내는 시간이 왜 소중한가요?,사랑,2,ACTIVE,2,1,1,0,50.0,50.0,0.5107378939453593,0.510159686690601,0.4053866047905331,0.6146893285380994,0.23319081719993304,0.48644645260100294,,C. 유지·모니터링,False,False,False,False,False,False,False,False,False,False,False,False,False,29,,,,,
791,항상 솔직히 말하는 것과 돌려 말하는 것 중 뭐가 더 나에게 맞나요?,가치관,2,ACTIVE,1,1,0,0,100.0,0.0,0.49709357412947214,0.5110083018182148,0.4048008088570391,0.6169444385443268,0.23307341188675468,0.39505588469225966,,C. 유지·모니터링,True,False,False,False,False,False,False,False,False,False,False,False,False,38,,,,,
796,지금 가진 것에 만족하는 것과 더 원하는 것 중 뭐가 더 나다운가요?,가치관,2,ACTIVE,1,1,0,0,100.0,0.0,0.49709357412947214,0.5110083018182148,0.4048008088570391,0.6169444385443268,0.23307341188675468,0.39505588469225966,,C. 유지·모니터링,True,False,False,False,False,False,False,False,False,False,False,False,False,38,,,,,
680,내 감정을 완전히 다스리는 능력과 타인의 감정을 읽는 능력 중 뭐가 더 갖고 싶나요?,감정,2,ACTIVE,2,1,0,1,50.0,0.0,0.5111716444676938,0.5105700808918501,0.4057939212782602,0.6150929668679039,0.23164483274432232,0.48644645260100294,,C. 유지·모니터링,True,False,False,False,False,False,False,False,False,False,False,False,False,47,,,,,
569,내 인생에서 사랑은 어떤 의미인가요?,사랑,2,ACTIVE,3,1,2,0,33.3,66.7,0.5249040366205623,0.5098363489237302,0.4064375001222742,0.6130059123816123,0.23142890155519527,0.5734240410555717,,C. 유지·모니터링,False,False,False,False,False,False,False,False,False,False,False,False,False,20,,,,,
45,어떤 공간에 있을 때 가장 나답다고 느끼나요?,취향,2,ACTIVE,5,3,2,0,60.0,40.0,0.49547902388254406,0.5084979209127681,0.4076981328411195,0.6091098374934723,0.23082301474645536,0.3715733532338859,,C. 유지·모니터링,False,False,False,False,False,False,False,False,False,False,False,False,False,25,,,,,
723,전 애인과 밤새 술 마시는 것과 이성 친구와 단둘이 여행 가는 것 중 뭐가 더 불안한가요?,사랑,2,ACTIVE,2,2,0,0,100.0,0.0,0.4833107469889882,0.511133099869997,0.40635283648076787,0.6156465989509392,0.22953323604189646,0.29783911365922466,특정 활동 전제,C. 유지·모니터링,True,False,False,False,False,False,False,False,False,True,True,True,False,50,대상 확장(예: 책→책·영화·노래 무엇이든) 또는 활동 비경험자용 대안 제시,,,,
258,무엇을 가장 배우고 싶나요?,가치관,2,ACTIVE,2,1,0,1,50.0,0.0,0.5120019707148512,0.511355696261589,0.40657384821919784,0.6158654462966934,0.22870137850199526,0.48644645260100294,,C. 유지·모니터링,False,False,False,False,False,False,False,False,False,False,False,False,False,15,,,,,
57,최근에 가장 크게 웃었던 일은 무엇인가요?,감정,1,ACTIVE,8,5,1,2,62.5,12.5,0.48047974492082346,0.5072787201690192,0.41003030385693084,0.6043777741015139,0.22748083130823998,0.2808863594275994,최근·이번 주 회상,C. 유지·모니터링,False,False,False,False,False,False,True,True,False,False,False,False,False,23,기간 제한 제거('최근'→'지금까지/평소'),,,,
15,주말 아침에 가장 하고 싶은 일은 무엇인가요?,취향,2,ACTIVE,7,4,3,0,57.1,42.9,0.49547902388254406,0.5080946217803944,0.4097013223975798,0.606317742598906,0.2268991804601637,0.3612583483306613,,C. 유지·모니터링,False,False,False,False,False,False,False,False,False,False,False,False,False,25,,,,,
100,내 인생을 감정 한 줄로 요약하면 뭘까요?,감정,2,ACTIVE,1,0,1,0,0.0,100.0,0.5276321807752158,0.513033325525761,0.40681155196113367,0.6189338259074908,0.22560241777825132,0.5980047203862283,,C. 유지·모니터링,False,False,False,False,False,False,False,False,False,False,False,False,False,23,,,,,
48,내가 좋아하는 사람들의 공통점은 무엇인가요?,취향,2,ACTIVE,5,3,1,1,60.0,20.0,0.4970550587760244,0.5098776484547825,0.40906786999256284,0.6104690525540666,0.22547989932012746,0.3715733532338859,,C. 유지·모니터링,False,False,False,False,False,False,False,False,False,False,False,False,False,24,,,,,
621,5년 뒤 나는 어떤 사람이 되어 있을까요?,가치관,2,ACTIVE,1,1,0,0,100.0,0.0,0.4993952845280638,0.5132463270623379,0.4070231560213455,0.6191429744256713,0.2248245447272307,0.39505588469225966,,C. 유지·모니터링,False,False,False,False,False,False,False,False,False,False,False,False,False,23,,,,,
670,단순하게 사는 것과 복잡해도 풍부하게 사는 것 중 뭐가 더 나다운가요?,취향,1,ACTIVE,6,2,4,0,33.3,66.7,0.5395490418664257,0.5094753089113788,0.40989212589830853,0.6088542783930333,0.22422731440641538,0.6286304397310631,,C. 유지·모니터링,True,False,False,False,False,False,False,False,False,False,False,False,False,39,,,,,
98,나만 아는 내 마음의 모양은 어떤 걸까요?,감정,2,ACTIVE,3,1,2,0,33.3,66.7,0.5276321807752158,0.5123499152571985,0.4089336591477394,0.6154782949520523,0.2219701647275632,0.5734240410555717,,C. 유지·모니터링,False,False,False,False,False,False,False,False,False,False,False,False,False,23,,,,,
246,영원한 사랑이 있다고 생각하나요?,사랑,2,ACTIVE,3,1,2,0,33.3,66.7,0.5280474357674885,0.5127325090312852,0.4093138396841846,0.6158543837370216,0.2205500646023114,0.5734240410555717,,C. 유지·모니터링,False,False,False,False,False,False,False,False,False,False,False,False,False,18,,,,,
773,같은 월급이면 몸을 움직이는 일과 사무직 중 뭐가 더 마음이 가나요?,가치관,1,ACTIVE,4,1,2,1,25.0,50.0,0.5418737818870497,0.5120466293764144,0.409952157743107,0.6138677260682923,0.2201315606289573,0.6528055841951683,,C. 유지·모니터링,True,False,False,False,False,False,False,False,False,False,False,False,False,38,,,,,
814,죽어서 기억되는 것과 살아서 사랑받는 것 중 뭐가 더 소중한가요?,가치관,2,ACTIVE,1,0,1,0,0.0,100.0,0.5292318442383982,0.5145887285056034,0.4083572084864399,0.6204606346323837,0.2199573016977294,0.5980047203862283,,C. 유지·모니터링,True,False,False,False,False,False,False,True,False,True,False,False,False,36,,,,,
570,"이상형 중 특이한 조건이 있다면, 어떤 건가요?",사랑,1,ACTIVE,1,1,0,0,100.0,0.0,0.500981790349585,0.5147889364543298,0.408556239058513,0.620657084832712,0.21923661223347307,0.39505588469225966,경험 전제형(~있다면/~적 있),C. 유지·모니터링,False,True,False,False,True,False,False,False,False,False,False,False,False,26,'~한 적이 있다면'→'~하는 편인가요/주로 무엇인가요' 성향형으로 전환하거나 '없다면 ~' 대안 제시,,,,
73,남들 시선을 많이 신경 쓰는 편인가요? 어떤 상황에서 특히 그런가요?,감정,2,ACTIVE,4,1,3,0,25.0,75.0,0.542343555141078,0.5124683955830035,0.4103713128689363,0.6142825322183398,0.21855400540169606,0.6528055841951683,,C. 유지·모니터링,False,False,False,False,True,False,False,False,False,False,False,False,False,38,,,,,
68,나를 가장 편안하게 해주는 소리는 무엇인가요?,감정,1,ACTIVE,8,2,4,2,25.0,50.0,0.5689446534830443,0.5098014567764393,0.41253576631116246,0.6068660173332571,0.21750373200035625,0.7582389150991632,,C. 유지·모니터링,False,False,False,False,False,False,False,False,False,False,False,False,False,25,,,,,
735,안 싸우는 무난한 연애와 부딪혀도 솔직한 연애 중 더 선호하는 것은 무엇인가요?,사랑,2,ACTIVE,2,2,0,0,100.0,0.0,0.4871005474628662,0.514718829588545,0.4099156484467879,0.6191693277949958,0.21634115187519817,0.29783911365922466,,C. 유지·모니터링,False,False,False,False,False,False,False,False,False,False,False,False,False,44,,,,,
819,사람들의 속마음을 아는 것과 모르는 것 중 뭐가 더 편안한가요?,가치관,2,ACTIVE,1,1,0,0,100.0,0.0,0.5018219054853907,0.5156058067621901,0.4093684879663989,0.6214584407016925,0.21631022839323347,0.39505588469225966,,C. 유지·모니터링,True,False,False,False,False,False,False,False,False,False,False,False,False,35,,,,,
838,완벽해도 가짜인 삶과 평범해도 진짜인 삶 중 뭐가 더 나은가요?,가치관,2,ACTIVE,1,1,0,0,100.0,0.0,0.5018219054853907,0.5156058067621901,0.4093684879663989,0.6214584407016925,0.21631022839323347,0.39505588469225966,,C. 유지·모니터링,True,False,False,False,False,False,False,False,False,False,False,False,False,35,,,,,
304,"사진을 많이 찍나요, 눈으로만 담는 것을 즐기나요?",취향,2,ACTIVE,5,2,3,0,40.0,60.0,0.5291441733783767,0.513058266436816,0.41222846906818905,0.6135993727754901,0.21343356865394447,0.5515639135785486,,C. 유지·모니터링,False,False,False,False,True,False,False,False,False,False,False,False,False,28,,,,,
823,확고한 정체성과 계속 변하는 자유 중 뭐가 더 나에게 가깝나요?,가치관,2,ACTIVE,3,2,1,0,66.7,33.3,0.5018219054853907,0.5147875068916468,0.4113569442792866,0.617873373095998,0.21301207503715824,0.3827715142749046,,C. 유지·모니터링,True,False,False,False,False,False,False,False,False,False,False,False,False,35,,,,,
397,나만의 짜증이 나는 포인트는 무엇인가요?,감정,2,ACTIVE,7,3,4,0,42.9,57.1,0.5292032122200127,0.5124877720459334,0.41406658456113377,0.6106464211022997,0.20990889944036198,0.5318828740708023,,C. 유지·모니터링,False,False,False,False,False,False,False,False,False,False,False,False,False,22,,,,,
579,나의 생각과 감정 중 뭘 더 믿나요?,가치관,2,ACTIVE,1,1,0,0,100.0,0.0,0.5041235628965686,0.5178437804849884,0.4115953019356724,0.6236524082585375,0.2084096474393618,0.39505588469225966,,C. 유지·모니터링,False,False,False,False,False,False,False,False,False,False,False,False,False,20,,,,,
620,"나와 가장 닮은 영화, 책, 드라마 속 인물은 누구인가요?",가치관,1,ACTIVE,2,2,0,0,100.0,0.0,0.4903829206502323,0.5178244556410058,0.4130059226371139,0.6222158912172443,0.20527869865287224,0.29783911365922466,특정 활동 전제,C. 유지·모니터링,False,False,False,False,True,False,False,False,False,False,False,True,False,32,대상 확장(예: 책→책·영화·노래 무엇이든) 또는 활동 비경험자용 대안 제시,,,,
212,좋아하는 사람에게 제일 먼저 보여주고 싶은 내 모습은 뭘까요?,사랑,1,ACTIVE,2,0,2,0,0.0,100.0,0.5475929527138488,0.5181065171497756,0.4132867967363986,0.6224923816193667,0.20429089762072883,0.6795954909782459,,C. 유지·모니터링,False,False,False,False,False,False,False,False,False,False,False,False,False,34,,,,,
408,만약 감정이 사라진다면 어떨까요?,감정,2,ACTIVE,4,4,0,0,100.0,0.0,0.4613468306314951,0.5163928513093952,0.41427506319992546,0.6181386358620026,0.20419054937825112,0.1548493601593692,,C. 유지·모니터링,False,False,True,False,False,False,False,False,False,False,False,False,False,18,,,,,
264,실패했을 때 나를 일으켜 세우는 생각은 무엇인가요?,가치관,2,ACTIVE,2,1,0,1,50.0,0.0,0.5192493098024509,0.5182127852629551,0.41339262642421115,0.6225965418530603,0.20391947348146605,0.48644645260100294,,C. 유지·모니터링,False,False,False,False,False,False,False,False,False,True,False,False,False,28,,,,,
28,가장 좋아하는 꽃의 이름은 무엇인가요?,취향,2,ACTIVE,9,5,3,1,55.6,33.3,0.5017833893138356,0.5127468533631712,0.4165654756169051,0.6086727756910453,0.2034850426845781,0.35167853838418406,,C. 유지·모니터링,False,False,False,False,False,False,False,False,False,False,False,False,False,21,,,,,
33,누군가에게 선물할 때 가장 신경 쓰는 건 무엇인가요?,취향,2,ACTIVE,6,4,1,1,66.7,16.7,0.48917609573145454,0.5150606613172416,0.4154453671664582,0.6143513658727524,0.20315147219158752,0.28640870817930725,,C. 유지·모니터링,False,False,False,False,False,False,False,False,False,False,False,False,False,29,,,,,
611,사람은 변할 수 있다고 생각하나요?,가치관,2,ACTIVE,1,1,0,0,100.0,0.0,0.5056995335576827,0.5193761462099418,0.41312129572188133,0.6251533732849017,0.2030995427641373,0.39505588469225966,,C. 유지·모니터링,False,False,False,False,False,False,False,False,False,False,False,False,False,19,,,,,
296,나를 기억하는 사람들에게 어떤 인상을 남기고 싶나요?,가치관,2,ACTIVE,2,2,0,0,100.0,0.0,0.49121470784839466,0.5186114532933932,0.4137896932872733,0.622987258514411,0.20252965393661607,0.29783911365922466,,C. 유지·모니터링,False,False,False,False,False,False,False,True,False,False,False,False,False,29,,,,,
308,쉴 때마다 구경하는 앱은 무엇인가요?,취향,2,ACTIVE,7,4,1,2,57.1,14.3,0.5033594703735095,0.5146660868830863,0.4162339689531028,0.6127898704513767,0.2017696754709845,0.3612583483306613,,C. 유지·모니터링,False,False,False,False,False,False,False,False,False,False,False,False,False,20,,,,,
582,"내 한계를 인정하는 게 쉬운가요, 어려운가요?",가치관,2,ACTIVE,1,0,1,0,0.0,100.0,0.5346142974894923,0.519822256693438,0.41356574513740707,0.625590148279048,0.20156894159089506,0.5980047203862283,,C. 유지·모니터링,False,False,False,False,True,False,False,False,False,False,False,False,False,25,,,,,
95,내가 생각하는 진짜 용기란 무엇인가요?,감정,2,ACTIVE,2,2,0,0,100.0,0.0,0.4917468282014054,0.5191149203695061,0.4142912366711177,0.6234805856495853,0.2007825989075131,0.29783911365922466,,C. 유지·모니터링,False,False,False,True,False,False,False,False,False,False,False,False,False,21,,,,,
663,손에 남는 선물과 마음에 남는 경험 중 뭐가 더 기억에 남나요?,취향,1,ACTIVE,6,2,4,0,33.3,66.7,0.5470717822354367,0.5159009607677973,0.4162819427434809,0.615177279026893,0.20008634121804852,0.6286304397310631,,C. 유지·모니터링,True,False,False,False,False,False,False,True,False,False,False,False,False,35,,,,,
789,관계 문제는 커플 상담과 자기계발서 중 뭐가 더 효과적인가요?,가치관,1,ACTIVE,4,1,2,1,25.0,50.0,0.548127125781837,0.517660931830599,0.41553783979156655,0.6193832438975178,0.19967237084942757,0.6528055841951683,,C. 유지·모니터링,True,False,False,False,False,False,False,False,False,False,False,False,False,34,,,,,
736,더 사랑받는 관계와 더 많이 사랑하는 관계 중 뭐가 더 좋은가요?,사랑,2,ACTIVE,2,1,1,0,50.0,50.0,0.5210343728567796,0.5199017273820739,0.4150752573016619,0.6242513262854443,0.19807051208810378,0.48644645260100294,,C. 유지·모니터링,True,False,False,False,False,False,False,False,False,False,False,False,False,36,,,,,
818,다 기억하는 삶과 원할 때 잊는 삶 중 뭐가 더 좋은가요?,가치관,2,ACTIVE,1,1,0,0,100.0,0.0,0.5078249104699334,0.521442716872265,0.4151809077711863,0.6271759619574874,0.19606752424060006,0.39505588469225966,,C. 유지·모니터링,True,False,False,False,False,False,False,True,False,False,False,False,False,32,,,,,
786,여러 분야를 두루 하는 것과 한 우물 파는 것 중 뭐가 더 나에게 맞나요?,가치관,1,ACTIVE,1,0,1,0,0.0,100.0,0.5371749916255928,0.5223120999519895,0.41604792465825596,0.6280262811360615,0.19315386459795297,0.5980047203862283,,C. 유지·모니터링,True,False,False,False,False,False,False,False,False,False,False,False,False,41,,,,,
241,사랑이 변한다고 믿나요 아니면 사람이 변한다고 믿나요?,사랑,2,ACTIVE,1,1,0,0,100.0,0.0,0.5091623953787704,0.5227431954170213,0.4164779701187265,0.6284478002118111,0.19171892974190216,0.39505588469225966,,C. 유지·모니터링,False,False,False,False,False,False,False,False,False,False,False,False,False,30,,,,,
562,연인에게 절대 져줄 수 없는 것이 무엇인가요?,사랑,2,ACTIVE,2,0,1,1,0.0,50.0,0.5515729930886197,0.5218722428525416,0.41703997176706303,0.6261804271383562,0.1913759055830844,0.6795954909782459,,C. 유지·모니터링,False,False,False,False,False,False,False,False,False,False,True,False,False,25,,,,,
398,화난 감정이 얼마나 오래가나요?,감정,2,ACTIVE,3,1,2,0,33.3,66.7,0.5370490769951267,0.5210261405452795,0.4175705175522909,0.6239916459214152,0.19106892550423396,0.5734240410555717,,C. 유지·모니터링,False,False,False,False,False,False,False,False,False,False,False,False,False,17,,,,,
76,실수했을 때 나 자신에게 어떤 말을 해주나요?,감정,2,ACTIVE,2,1,1,0,50.0,50.0,0.5244885064592102,0.5231698650044739,0.4183346931015345,0.6274498577904424,0.18704397242494983,0.48644645260100294,,C. 유지·모니터링,False,False,False,False,False,False,False,False,False,False,False,False,False,25,,,,,
96,내 인생에 가장 큰 영향을 준 감정은 뭘까요?,감정,2,ACTIVE,2,1,1,0,50.0,50.0,0.5244885064592102,0.5231698650044739,0.4183346931015345,0.6274498577904424,0.18704397242494983,0.48644645260100294,,C. 유지·모니터링,False,False,False,False,False,False,False,False,False,False,False,False,False,25,,,,,
676,내 감정을 다스리는 것과 생각을 다스리는 것 중 뭐가 더 하고 싶나요?,감정,2,ACTIVE,4,2,2,0,50.0,50.0,0.5237645773010315,0.5213360286766027,0.419201392603763,0.6229864864382546,0.1869217496302584,0.46862489025581366,,C. 유지·모니터링,True,False,False,False,False,False,False,False,False,False,False,False,False,39,,,,,
409,나이가 들면서 감정이 변했나요?,감정,2,ACTIVE,7,3,3,1,42.9,42.9,0.5370490769951267,0.5190303996279126,0.4205821659357261,0.6170785458321203,0.18604209007891057,0.5318828740708023,,C. 유지·모니터링,False,False,False,False,False,False,False,False,False,False,False,False,False,17,,,,,
781,다수를 위한 희생과 내 행복 중 뭐가 더 우선인가요?,가치관,2,ACTIVE,1,1,0,0,100.0,0.0,0.5112767452662096,0.5247990441571119,0.4185299363556601,0.6304568554071758,0.18496596229548498,0.39505588469225966,,C. 유지·모니터링,True,False,False,False,False,False,False,False,False,False,False,False,False,29,,,,,
667,작은 도시에서 사는 것과 대도시에서 사는 것 중 뭐가 더 나에게 맞나요?,취향,1,ACTIVE,7,3,4,0,42.9,57.1,0.5379823934115752,0.5198086875418642,0.42135839103014994,0.6178425342733234,0.18331938730272515,0.5318828740708023,,C. 유지·모니터링,True,False,False,False,False,False,False,False,False,False,False,False,False,40,,,,,
788,남의 조언을 받아들이는 것과 내 판단만 믿는 것 중 뭐가 더 나은가요?,가치관,1,ACTIVE,1,0,0,1,0.0,0.0,0.5403083041346103,0.5253587180222726,0.4190888754229434,0.6310034683096883,0.18315343574396728,0.5980047203862283,,C. 유지·모니터링,True,False,False,False,False,False,False,False,False,False,False,False,False,39,,,,,
864,후회 없이 사는 것과 두려움 없이 사는 것 중 뭐가 더 중요한가요?,가치관,2,ACTIVE,2,1,1,0,50.0,50.0,0.5263892856515566,0.5249682922529196,0.42013030750879843,0.6292080058792471,0.18114124601412163,0.48644645260100294,,C. 유지·모니터링,True,False,False,False,False,False,False,False,False,True,False,False,False,37,,,,,
109,매일 사용하는 물건 중 가장 아끼는 것은 무엇인가요?,루틴,1,ACTIVE,2,2,0,0,100.0,0.0,0.498208279424978,0.525228439494592,0.4203901640435082,0.6294622104669421,0.1802971503870414,0.29783911365922466,,C. 유지·모니터링,False,False,False,False,False,False,False,False,False,False,False,False,False,29,,,,,
795,열정 넘치는 삶과 평온한 삶 중 뭐가 더 끌리나요?,가치관,2,ACTIVE,1,1,0,0,100.0,0.0,0.5128519504014537,0.5263306655372411,0.4200598746024346,0.631952406034217,0.18003212945094427,0.39505588469225966,,C. 유지·모니터링,True,False,False,False,False,False,False,False,False,False,False,False,False,28,,,,,
727,사랑을 찾는 것과 큰돈을 찾는 것 중 뭐가 더 중요한가요?,사랑,2,ACTIVE,2,1,0,1,50.0,0.0,0.5273240418552595,0.5258527143016045,0.4210138610517123,0.6300721049004763,0.1782816471913448,0.48644645260100294,,C. 유지·모니터링,True,False,False,False,False,False,False,False,False,False,False,False,False,32,,,,,
260,나의 좌우명은 무엇인가요?,가치관,2,ACTIVE,1,1,0,0,100.0,0.0,0.5135770622224413,0.5270357145135046,0.42076449602650995,0.6326405034079288,0.177788930053387,0.39505588469225966,,C. 유지·모니터링,False,False,False,False,False,False,False,False,False,False,False,False,False,14,,,,,
399,"울고 싶어도 꾹 참아야만 했던 순간, 주저하게 만든 건 무엇이었나요?",감정,2,ACTIVE,1,0,0,1,0.0,0.0,0.542343555141078,0.5273376564384126,0.4210663218194728,0.6329351187329166,0.17683366986729568,0.5980047203862283,,C. 유지·모니터링,False,False,False,False,True,False,False,False,False,False,False,False,False,38,,,,,
573,가장 좋아했던 사람은 누구인가요?,사랑,2,ACTIVE,2,1,1,0,50.0,50.0,0.5280474357674885,0.5265371553604875,0.42169786303191764,0.6307405852482508,0.17608825020574512,0.48644645260100294,,C. 유지·모니터링,False,False,False,False,False,False,False,False,False,False,False,False,False,18,,,,,
720,사소한 기념일까지 챙기는 것과 중요한 날만 챙기는 것 중 뭐가 더 편한가요?,사랑,1,ACTIVE,4,1,3,0,25.0,75.0,0.5562297375516844,0.524935521859572,0.4227951001323217,0.6265100829964911,0.17493358258545627,0.6528055841951683,,C. 유지·모니터링,True,False,False,False,False,False,False,False,False,False,False,False,False,42,,,,,
775,짧더라도 부유한 삶과 길고 가난한 삶 중 뭐가 더 나에게 맞나요?,가치관,2,ACTIVE,2,2,0,0,100.0,0.0,0.5002457894772464,0.5271562350069461,0.4223167207107558,0.6313450532048415,0.17411906616189693,0.29783911365922466,,C. 유지·모니터링,True,False,False,False,False,False,False,False,False,False,False,False,False,36,,,,,
297,도전을 해야할 때 나의 마음은 어떤가요?,가치관,2,ACTIVE,2,2,0,0,100.0,0.0,0.5009714070627906,0.5278427800002038,0.4230032141753128,0.6320151995637951,0.1719516899744507,0.29783911365922466,,C. 유지·모니터링,False,False,False,False,False,False,False,False,False,False,False,False,False,22,,,,,
420,약속 없는 휴일엔 무엇을 하나요?,루틴,1,ACTIVE,1,1,0,0,100.0,0.0,0.5155406291089325,0.5289449522104716,0.42267367550892776,0.634502737547116,0.17180326443014574,0.39505588469225966,,C. 유지·모니터링,False,False,False,False,False,False,False,False,False,False,False,False,False,18,,,,,
797,역사에 이름을 남기는 삶과 행복한 평범함 중 뭐가 더 나은가요?,가치관,2,ACTIVE,2,2,0,0,100.0,0.0,0.5018219054853907,0.5286474813269665,0.42380811572510174,0.6328004194120282,0.16943328284821066,0.29783911365922466,,C. 유지·모니터링,True,False,False,False,False,False,False,False,False,False,False,False,False,35,,,,,
686,언제 죽을지와 어떻게 죽을지 중 뭐가 더 궁금한가요?,루틴,2,ACTIVE,2,2,0,0,100.0,0.0,0.5024139846986685,0.5292076786369352,0.4243686185214246,0.6333468884999114,0.16769409606320887,0.29783911365922466,,C. 유지·모니터링,True,False,False,False,False,False,False,False,False,True,False,False,False,29,,,,,
764,후회 없는 20년과 후회 많은 50년 중 뭐가 더 나은가요?,가치관,2,ACTIVE,4,2,2,0,50.0,50.0,0.532671706404119,0.5293329208393522,0.4271928537406774,0.6308073390537358,0.16096529050298466,0.46862489025581366,,C. 유지·모니터링,True,False,False,False,False,False,False,False,False,True,False,False,False,33,,,,,
243,사랑에 빠졌을 때 가장 두려운 건 뭘까요?,사랑,2,ACTIVE,1,0,1,0,0.0,100.0,0.547794084206658,0.5326373768767697,0.42637054762623905,0.6380996988322751,0.16059612957171668,0.5980047203862283,,C. 유지·모니터링,False,False,False,False,False,False,False,False,False,True,False,False,False,23,,,,,
741,우연히 본 연인의 사생활을 솔직히 말하는 것과 모르는 척 넘어가는 것 중 뭐가 더 맞나요?,사랑,2,ACTIVE,2,1,1,0,50.0,50.0,0.5336431718530814,0.5318315758234019,0.42699576238914494,0.6359046687188648,0.1597012647347474,0.48644645260100294,,C. 유지·모니터링,True,False,False,False,False,False,False,False,False,False,True,False,False,50,,,,,
382,가장 힘들었던 경험은 무엇이었나요?,감정,2,ACTIVE,2,0,2,0,0.0,100.0,0.5626532420876436,0.5323558496805434,0.42752104384663847,0.6364153730740777,0.15813454188041276,0.6795954909782459,,C. 유지·모니터링,False,False,False,False,False,False,False,True,False,True,False,False,False,19,,,,,
295,"힘든 시간을 보내고 있는 사람에게, 어떤 말을 건네고 싶나요?",가치관,2,ACTIVE,1,1,0,0,100.0,0.0,0.5204731847165877,0.5337410308026038,0.4274766988465784,0.6391736512381896,0.1573409423127672,0.39505588469225966,,C. 유지·모니터링,False,False,False,False,True,False,False,False,False,False,False,False,False,34,,,,,
644,"무언가를 포기했던 순간, 내 마음은 어땠나요?",가치관,2,ACTIVE,2,1,1,0,50.0,50.0,0.5346142974894923,0.5327504089068119,0.4279164402420778,0.6367996412758745,0.1569621110952414,0.48644645260100294,,C. 유지·모니터링,False,False,False,False,True,False,False,False,False,False,False,False,False,25,,,,,
276,죽음 너머에는 무엇이 기다리고 있다고 생각하나요?,가치관,2,ACTIVE,1,1,0,0,100.0,0.0,0.5208229016330906,0.5340810715340135,0.42781761740277185,0.6395044324149842,0.15634678028325566,0.39505588469225966,,C. 유지·모니터링,False,False,False,False,False,False,False,False,False,True,False,False,False,27,,,,,
739,단짝 같은 연인과 매력적이지만 거리감이 있는 연인 중 누가 더 끌리나요?,사랑,2,ACTIVE,1,0,1,0,0.0,100.0,0.5492946729853194,0.5340964464320652,0.427833033198397,0.6395193874367842,0.156301927051905,0.5980047203862283,,C. 유지·모니터링,True,False,False,False,False,False,False,False,False,False,True,False,False,40,,,,,
752,확실한 10억과 반반 확률의 50억 중 뭐가 더 나은가요?,가치관,2,ACTIVE,2,2,0,0,100.0,0.0,0.5065499109990002,0.5331208962195084,0.42828777531989626,0.6371604037519228,0.1558664142304961,0.29783911365922466,,C. 유지·모니터링,True,False,False,False,False,False,False,False,False,False,False,False,False,32,,,,,
556,사랑에 빠지는 것과 사랑을 유지하는 것 중 무엇이 더 어려운가요?,사랑,2,ACTIVE,1,1,0,0,100.0,0.0,0.5210343728567796,0.5342866916403967,0.428023793103235,0.6397044285607711,0.15574762339554374,0.39505588469225966,,C. 유지·모니터링,True,False,False,False,False,False,False,False,False,False,False,False,False,36,,,,,
859,늘 관심의 중심이 되는 것과 아무도 모르게 지내는 것 중 뭐가 더 끌리나요?,가치관,1,ACTIVE,2,1,0,1,50.0,0.0,0.5356072180158497,0.5336898632828553,0.4288581606410405,0.6377143198207835,0.1541935370371675,0.48644645260100294,,C. 유지·모니터링,True,False,False,False,False,False,False,False,False,False,False,False,False,42,,,,,
218,연애할 때 나의 연락 스타일은 어떤가요?,사랑,2,ACTIVE,1,1,0,0,100.0,0.0,0.5217586627319367,0.5349909414129381,0.4287300873332993,0.6403892747171755,0.15370696037755446,0.39505588469225966,,C. 유지·모니터링,False,False,False,False,False,False,False,False,False,False,False,False,False,22,,,,,
777,"인간은 원래 착한 쪽인가요, 나쁜 쪽인가요?",가치관,2,ACTIVE,2,1,1,0,50.0,50.0,0.5361825203908647,0.5342341871430325,0.4294039732350252,0.6382441126905747,0.15260423866988637,0.48644645260100294,,C. 유지·모니터링,False,False,False,False,True,False,False,False,False,False,False,False,False,24,,,,,
559,사랑받고 있다고 느끼는 순간은 언제인가요?,사랑,1,ACTIVE,2,0,1,1,0.0,50.0,0.5647098798272274,0.5343017429047233,0.42947172276167767,0.638309856020516,0.15240775019511318,0.6795954909782459,,C. 유지·모니터링,False,False,False,False,False,False,False,False,False,False,False,False,False,23,,,,,
85,누군가에게 깊은 감동을 받았던 순간은 언제인가요?,감정,2,ACTIVE,1,1,0,0,100.0,0.0,0.522615688909778,0.5358242548576082,0.42956610301165404,0.6411993454985098,0.15131520952539232,0.39505588469225966,,C. 유지·모니터링,False,False,False,False,False,False,False,True,False,False,False,False,False,27,,,,,
236,나 자신을 사랑하는 방법은 무엇인가요?,사랑,2,ACTIVE,1,1,0,0,100.0,0.0,0.5233315810080827,0.5365203392082087,0.4302646798968223,0.6418757794920648,0.14933634089431244,0.39505588469225966,,C. 유지·모니터링,False,False,False,False,False,False,False,False,False,False,False,False,False,21,,,,,
560,이별 후 얼마나 지나야 새 연애를 시작할 수 있을 것 같나요?,사랑,2,ACTIVE,2,1,1,0,50.0,50.0,0.5375013910984949,0.5354820401431756,0.4306557260782816,0.6394581667634822,0.1490018273015473,0.48644645260100294,,C. 유지·모니터링,False,False,False,False,False,False,False,False,False,False,True,False,False,34,,,,,
672,스트레스 없는 삶과 지루함 없는 삶 중 뭐가 더 끌리나요?,취향,1,ACTIVE,9,4,3,2,44.4,33.3,0.550492007651253,0.5288702518620018,0.43265990678368693,0.6245020214181186,0.14786174388616607,0.5139852808228184,,C. 유지·모니터링,True,False,False,False,False,False,False,False,False,False,False,False,False,32,,,,,
234,사랑하는 사람에게 서운할 때 나는 어떻게 행동하나요?,사랑,2,ACTIVE,2,1,0,1,50.0,0.0,0.5384078969356175,0.5363397330329761,0.431516492836124,0.6402922351538527,0.14655886922564434,0.48644645260100294,,C. 유지·모니터링,False,False,False,False,False,False,False,False,False,True,False,False,False,29,,,,,
834,기억 없이 행복한 삶과 힘들어도 다 기억하는 삶 중 뭐가 더 끌리나요?,가치관,2,ACTIVE,1,1,0,0,100.0,0.0,0.5245171675840746,0.5376731222376405,0.4314220620769749,0.6429955484245053,0.14609717373702988,0.39505588469225966,,C. 유지·모니터링,True,False,False,False,False,False,False,True,False,True,False,False,False,39,,,,,
284,삶의 의미를 어디에서 찾나요?,가치관,2,ACTIVE,2,2,0,0,100.0,0.0,0.5104266408270719,0.5367888743759083,0.43196737174829203,0.640728877356074,0.14529033407104916,0.29783911365922466,,C. 유지·모니터링,False,False,False,False,False,False,False,False,False,False,False,False,False,16,,,,,
561,전 애인과 친구가 될 수 있다고 생각하나요?,사랑,2,ACTIVE,3,1,2,0,33.3,66.7,0.5531318365993957,0.5358439363797124,0.4323955336289441,0.6384568275412065,0.14476773213743405,0.5734240410555717,,C. 유지·모니터링,False,False,False,False,False,False,False,False,False,False,True,False,False,24,,,,,
381,가장 소중한 기억은 무엇인가요?,감정,2,ACTIVE,6,3,2,1,50.0,33.3,0.5383170963989764,0.5327290733869919,0.4330965536306893,0.6316562172106188,0.1446783978103177,0.4526255035054761,,C. 유지·모니터링,False,False,False,False,False,False,False,True,False,False,False,False,False,17,,,,,
86,한참 슬펐을 때 나를 건져준 건 무엇인가요?,감정,2,ACTIVE,5,2,1,2,40.0,20.0,0.5536214064309416,0.5344866705506036,0.4336316812028442,0.6345792394648344,0.14250929556461014,0.5515639135785486,,C. 유지·모니터링,False,False,False,False,False,False,False,False,False,True,False,False,False,24,,,,,
682,10분 늦는 것과 20분 일찍 오는 것 중 뭐가 더 편한가요?,루틴,1,ACTIVE,2,2,0,0,100.0,0.0,0.5116656520105575,0.5379611680765556,0.43314461499166285,0.6418681330361191,0.14201413171328658,0.29783911365922466,,C. 유지·모니터링,True,False,False,False,False,False,False,False,False,False,False,False,False,34,,,,,
835,우주의 비밀과 내 선택의 결과 중 뭐가 더 궁금한가요?,가치관,1,ACTIVE,3,1,2,0,33.3,66.7,0.5543653098981106,0.5369803928061786,0.4335364320607552,0.6395623522749914,0.14155770685009123,0.5734240410555717,,C. 유지·모니터링,True,False,False,False,False,False,False,False,False,False,False,False,False,30,,,,,
792,사람을 만나면 일단 믿는 것과 의심하는 것 중 뭐가 더 나에게 맞나요?,가치관,1,ACTIVE,2,1,1,0,50.0,50.0,0.5403083041346103,0.5381378083189285,0.43332205298301046,0.6420397431882845,0.1415248311744614,0.48644645260100294,,C. 유지·모니터링,True,False,False,False,False,False,False,False,False,False,False,False,False,39,,,,,
771,유명해지는 부와 조용한 부 중 뭐가 더 편안한가요?,가치관,1,ACTIVE,1,0,1,0,0.0,100.0,0.5574781159844975,0.5420534648420311,0.4358252449876065,0.6472450804836196,0.13422021946323584,0.5980047203862283,,C. 유지·모니터링,True,False,False,False,False,False,False,False,False,False,False,False,False,28,,,,,
770,가장 인기 있는 사람과 가장 똑똑한 사람 중 누가 더 되고 싶나요?,가치관,1,ACTIVE,4,2,1,1,50.0,25.0,0.5434384333097247,0.5389993748688621,0.43688884376173653,0.6402249034310334,0.13288437823313462,0.46862489025581366,,C. 유지·모니터링,True,False,False,False,False,False,False,False,False,False,False,False,False,37,,,,,
665,인터넷 없이 사는 것과 냉난방 없이 사는 것 중 뭐가 더 나은가요?,취향,1,ACTIVE,12,6,3,3,50.0,25.0,0.5426799651182985,0.5318157820603108,0.4387103837813454,0.6243253658658013,0.13105055647272115,0.41245412316844043,,C. 유지·모니터링,True,False,False,False,False,False,False,False,False,False,False,False,False,37,,,,,
724,연인과 유머 코드가 맞는 것과 사회 이슈에 화나는 포인트가 비슷한 것 중 뭐가 더 중요한가요?,사랑,2,ACTIVE,1,1,0,0,100.0,0.0,0.5305039052960843,0.5434942151681935,0.4372753662078342,0.6486409474326046,0.13046229453938799,0.39505588469225966,,C. 유지·모니터링,True,False,False,False,False,False,False,False,False,False,True,False,False,52,,,,,
821,두려움을 없애는 것과 강점을 키우는 것 중 뭐가 더 끌리나요?,가치관,2,ACTIVE,1,1,0,0,100.0,0.0,0.5311019938982663,0.5440757554830501,0.4378609498555924,0.6492041103024635,0.1289661809207132,0.39505588469225966,,C. 유지·모니터링,True,False,False,False,False,False,False,False,False,True,False,False,False,34,,,,,
221,좋아하는 사람에게 주고 싶은 선물은 무엇인가요?,사랑,1,ACTIVE,1,0,0,1,0.0,0.0,0.5600551472974244,0.5445591932502424,0.43834786313434,0.6496721565491123,0.1277315042340602,0.5980047203862283,,C. 유지·모니터링,False,False,False,False,False,False,False,False,False,False,False,False,False,26,,,,,
846,웃긴 사람과 똑똑한 사람 중 누가 더 끌리나요?,가치관,1,ACTIVE,1,0,1,0,0.0,100.0,0.5605864134410167,0.5450757599918424,0.4388682582378962,0.6501721623608503,0.12642128437759995,0.5980047203862283,,C. 유지·모니터링,True,False,False,False,False,False,False,False,False,False,False,False,False,26,,,,,
568,지금까지 만난 사람들의 공통점은 무엇인가요?,사랑,2,ACTIVE,2,2,0,0,100.0,0.0,0.5186115624956195,0.5445330596102477,0.4397553627703911,0.6482437056600105,0.12457370976476666,0.29783911365922466,,C. 유지·모니터링,False,False,False,False,False,False,False,False,False,False,False,False,False,24,,,,,
253,가장 보람을 느끼는 순간은 언제인가요?,가치관,1,ACTIVE,2,1,1,0,50.0,50.0,0.5472843631757542,0.5447382249885108,0.4399620450979338,0.6484424383704221,0.12405437125947033,0.48644645260100294,,C. 유지·모니터링,False,False,False,False,False,False,False,False,False,False,False,False,False,21,,,,,
815,죽는 날짜를 아는 것과 모르는 것 중 뭐가 더 편안한가요?,가치관,2,ACTIVE,1,1,0,0,100.0,0.0,0.5342407723907594,0.5471276883005795,0.4409365644508414,0.6521571361298586,0.12130896775714252,0.39505588469225966,,C. 유지·모니터링,True,False,False,False,False,False,False,False,False,True,False,False,False,32,,,,,
402,가장 위로가 되는 말은 무엇인가요?,감정,1,ACTIVE,6,2,2,2,33.3,33.3,0.5781963610515328,0.5424864466199674,0.44289954368323264,0.641157689718697,0.11778863984967292,0.6286304397310631,,C. 유지·모니터링,False,False,False,False,False,False,False,False,False,False,False,False,False,19,,,,,
601,"겉과 속이 다를 때, 나는 어떤 마음인가요?",가치관,2,ACTIVE,1,1,0,0,100.0,0.0,0.5361825203908647,0.5490157108096755,0.4428413104294977,0.6539818988478108,0.11673444740293727,0.39505588469225966,,C. 유지·모니터링,False,False,False,False,True,False,False,False,False,False,False,False,False,24,,,,,
237,사랑에 대해 내가 가진 가장 큰 두려움은 무엇인가요?,사랑,2,ACTIVE,1,1,0,0,100.0,0.0,0.5384078969356175,0.5511795142524908,0.4450262317161707,0.6560712510056397,0.1116430376976795,0.39505588469225966,,C. 유지·모니터링,False,False,False,False,False,False,False,False,False,True,False,False,False,29,,,,,
574,남의 시선을 얼마나 의식하나요?,가치관,1,ACTIVE,4,2,1,1,50.0,25.0,0.553524704942457,0.548054910680418,0.44600803252253746,0.6490113005236898,0.10981006663738109,0.46862489025581366,,C. 유지·모니터링,False,False,False,False,False,False,False,False,False,False,False,False,False,17,,,,,
213,내가 생각하는 사랑은 어떤 느낌인가요?,사랑,1,ACTIVE,5,2,3,0,40.0,60.0,0.5678067615748632,0.5469051298539397,0.4461233152982788,0.6466499913616091,0.10966519105845958,0.5515639135785486,,C. 유지·모니터링,False,False,False,False,False,False,False,False,False,False,False,False,False,21,,,,,
725,연락이 끊기는 애인과 술을 자주 마시는 애인 중 누가 더 아픈가요?,사랑,2,ACTIVE,2,1,1,0,50.0,50.0,0.5539725852038669,0.5510663039086949,0.4463459710852281,0.6545630524018449,0.10877179788878043,0.48644645260100294,,C. 유지·모니터링,True,False,False,False,False,False,False,False,False,False,True,False,False,37,,,,,
406,혼자 있을 때 불안함을 어느정도 느끼나요?,감정,2,ACTIVE,6,3,3,0,50.0,50.0,0.5551788717779373,0.5471317900768643,0.4475804511677765,0.6456673578161415,0.1063088688613841,0.4526255035054761,,C. 유지·모니터링,False,False,False,False,False,False,False,False,False,True,False,False,False,23,,,,,
230,사랑하는 사람이 슬플 때 나는 어떻게 대처하나요?,사랑,2,ACTIVE,1,1,0,0,100.0,0.0,0.541539986355212,0.5542249430745496,0.44810491935658187,0.6590083579815147,0.10474800215614123,0.39505588469225966,,C. 유지·모니터링,False,False,False,False,False,False,False,False,False,True,False,False,False,27,,,,,
349,"울컥하거나 감정이 터질 뻔한 순간, 어떻게 넘겼나요?",감정,2,ACTIVE,4,2,1,1,50.0,25.0,0.5563894226083328,0.5506268772462547,0.4486044487479174,0.6515004560654983,0.10381265217067295,0.46862489025581366,,C. 유지·모니터링,False,False,False,False,True,False,False,False,False,False,False,False,False,29,,,,,
55,지금 가장 보고 싶은 사람은 누구인가요?,감정,2,ACTIVE,2,2,0,0,100.0,0.0,0.5292032122200127,0.5545543769452853,0.4498723448387646,0.6579292535397006,0.10094811848596294,0.29783911365922466,,C. 유지·모니터링,False,False,False,False,False,False,False,False,False,False,False,False,False,22,,,,,
779,촘촘한 계획과 순간의 마음을 따르는 것 중 뭐가 더 나에게 맞나요?,가치관,1,ACTIVE,1,1,0,0,100.0,0.0,0.5434384333097247,0.5560708626183063,0.4499730139925745,0.6607866050643091,0.10072102158866905,0.39505588469225966,,C. 유지·모니터링,True,False,False,False,False,False,False,False,False,False,False,False,False,37,,,,,
666,번화한 도시와 고요한 숲속 중 뭐가 더 끌리나요?,취향,1,ACTIVE,12,6,5,1,50.0,41.7,0.5582792239392932,0.5434442503023891,0.4503973957303329,0.6356775299895934,0.09979698154358893,0.41245412316844043,,C. 유지·모니터링,True,False,False,False,False,False,False,False,False,False,False,False,False,27,,,,,
259,나를 가장 설레게 하는 단어는 무엇인가요?,가치관,1,ACTIVE,1,1,0,0,100.0,0.0,0.5441584841358338,0.5567709906304444,0.4506819511826356,0.6614606675562799,0.09922340628688169,0.39505588469225966,,C. 유지·모니터링,False,False,False,False,False,False,False,False,False,False,False,False,False,23,,,,,
225,연애할 때 가장 중요하게 보는 성격은 무엇인가요?,사랑,1,ACTIVE,2,1,1,0,50.0,50.0,0.558501177959464,0.5553510438940508,0.45067851074443377,0.6586973342402809,0.09921994188002314,0.48644645260100294,,C. 유지·모니터링,False,False,False,False,False,False,False,False,False,False,False,False,False,27,,,,,
734,무뚝뚝한 연인과 애정 표현이 과한 연인 중 누가 더 힘든가요?,사랑,2,ACTIVE,2,1,1,0,50.0,50.0,0.5586409569278613,0.5554832961338362,0.450812366938543,0.658824813908642,0.09893514800612958,0.48644645260100294,,C. 유지·모니터링,True,False,False,False,False,False,False,False,False,False,True,False,False,34,,,,,
58,지금 내 마음의 온도는 몇 도쯤 될까요?,감정,1,ACTIVE,3,1,2,0,33.3,66.7,0.5735769443982627,0.5546809668788917,0.45137806751254783,0.6567092928655561,0.0977078999816107,0.5734240410555717,,C. 유지·모니터링,False,False,False,False,False,False,False,False,False,False,False,False,False,22,,,,,
790,번 돈은 저축하는 것과 아낌없이 쓰는 것 중 뭐가 더 나다운가요?,가치관,1,ACTIVE,1,1,0,0,100.0,0.0,0.5450022279870034,0.5575913892521159,0.4515129513599665,0.6622502439841342,0.09748920826779481,0.39505588469225966,,C. 유지·모니터링,True,False,False,False,False,False,False,False,False,False,False,False,False,36,,,,,
758,돈을 빚지는 것과 부탁을 빚지는 것 중 뭐가 더 부담스러운가요?,가치관,1,ACTIVE,1,1,0,0,100.0,0.0,0.5465651355705872,0.5591110533368905,0.45305304945319774,0.6637120185769273,0.0943354593655582,0.39505588469225966,,C. 유지·모니터링,True,False,False,False,False,False,False,False,False,False,False,False,False,35,,,,,
51,지금 기분을 날씨로 말하면 어떤가요?,감정,1,ACTIVE,7,3,1,3,42.9,14.3,0.5766580336364459,0.5520601114114866,0.45374109702656995,0.649284659770704,0.09239760479366467,0.5318828740708023,,C. 유지·모니터링,False,False,False,False,False,False,False,False,False,False,False,False,False,20,,,,,
733,지나간 첫사랑과 새로운 사랑 중 누가 더 끌리나요?,사랑,2,ACTIVE,2,2,0,0,100.0,0.0,0.5336050493966574,0.5587191868051441,0.4540899056240672,0.661941528726955,0.09215120129220061,0.29783911365922466,,C. 유지·모니터링,True,False,False,False,False,False,False,False,False,False,False,False,False,28,,,,,
719,연애할 때 외모와 유머 감각 중 뭐가 더 중요한가요?,사랑,1,ACTIVE,1,0,1,0,0.0,100.0,0.5763561976821477,0.5604092160372346,0.45436948754522705,0.6649599099868257,0.0917011861976023,0.5980047203862283,,C. 유지·모니터링,True,False,False,False,False,False,False,False,False,False,False,False,False,29,,,,,
404,실패가 두려운 편인가요? 어떤 실패가 가장 무서운가요?,감정,2,ACTIVE,5,2,3,0,40.0,60.0,0.5820497481149651,0.5593740421167398,0.4587309835645404,0.6587045097538087,0.08252527001429702,0.5515639135785486,,C. 유지·모니터링,False,False,False,False,True,False,False,False,False,True,False,False,False,30,,,,,
743,대화를 주도하는 것과 경청하는 것 중 뭐가 더 편한가요?,가치관,1,ACTIVE,1,1,0,0,100.0,0.0,0.5528072904886199,0.5651804964313966,0.4592144399423222,0.6695399219276074,0.08248425609979505,0.39505588469225966,,C. 유지·모니터링,True,False,False,False,False,False,False,False,False,False,False,False,False,31,,,,,
731,말 없이도 알아채 주길 바라는 것과 명확히 말하는 것 중 뭐가 더 편한가요?,사랑,1,ACTIVE,1,1,0,0,100.0,0.0,0.5562297375516844,0.568508249101107,0.4625996423747833,0.672728208194731,0.07647856089407228,0.39505588469225966,,C. 유지·모니터링,True,False,False,False,False,False,False,False,False,False,False,False,False,42,,,,,
222,이상형과 실제 연인은 얼마나 닮았나요?,사랑,2,ACTIVE,1,1,0,0,100.0,0.0,0.5578019838400957,0.5700369935016174,0.46415645448267173,0.674191207522306,0.07383299814701418,0.39505588469225966,,C. 유지·모니터링,False,False,False,False,False,False,False,False,False,False,True,False,False,21,,,,,
780,미리 허락을 구하는 것과 일단 저지르는 것 중 뭐가 더 편한가요?,가치관,1,ACTIVE,2,2,0,0,100.0,0.0,0.5450022279870034,0.5695026574022608,0.46504561885893697,0.6722944062146066,0.07201476760305202,0.29783911365922466,,C. 유지·모니터링,True,False,False,False,False,False,False,False,False,False,False,False,False,36,,,,,
71,화가 났을 때 마음을 가라앉히는 방법은 무엇인가요?,감정,2,ACTIVE,2,2,0,0,100.0,0.0,0.5473813110548484,0.5717536331246152,0.46733906986702145,0.6744489794253188,0.06827016414766339,0.29783911365922466,,C. 유지·모니터링,False,False,False,False,False,False,False,False,False,True,False,False,False,28,,,,,
742,무너져가는 관계를 붙잡는 것과 정직하게 이별하는 것 중 뭐가 더 나은가요?,사랑,2,ACTIVE,2,2,0,0,100.0,0.0,0.5477333885956689,0.5720867522188933,0.46767866687388376,0.6747676400366542,0.06772892461321478,0.29783911365922466,,C. 유지·모니터링,True,False,False,False,False,False,False,False,False,False,True,False,False,41,,,,,
379,가장 많이 울었던 날은 언제였나요?,감정,2,ACTIVE,1,1,0,0,100.0,0.0,0.5626532420876436,0.5747540241195509,0.468966758053406,0.6786987113801081,0.06610727938329744,0.39505588469225966,,C. 유지·모니터링,False,False,False,False,False,False,False,True,False,True,False,False,False,19,,,,,
572,살면서 가장 설레었던 추억은 무엇인가요?,사랑,1,ACTIVE,1,1,0,0,100.0,0.0,0.5675114102663785,0.5794777734803991,0.47379404152803345,0.68320251030735,0.05900940318174731,0.39505588469225966,,C. 유지·모니터링,False,False,False,False,False,False,False,True,False,False,False,False,False,22,,,,,
366,"마음이 무거울 때, 어떻게 행동하나요?",감정,2,ACTIVE,1,1,0,0,100.0,0.0,0.5688001129683821,0.5807308195547525,0.4750762583779765,0.6843955049590488,0.0572299545484986,0.39505588469225966,,C. 유지·모니터링,False,False,False,False,True,False,False,False,False,False,False,False,False,21,,,,,
72,슬픈 감정을 실컷 쏟아내고 나면 어떤가요?,감정,2,ACTIVE,2,2,0,0,100.0,0.0,0.5551788717779373,0.5791313157782753,0.474871850387524,0.6814948196125367,0.05703812595509698,0.29783911365922466,,C. 유지·모니터링,False,False,False,False,False,False,False,False,False,True,False,False,False,23,,,,,
726,매일 만나고 싶어 하는 애인과 만날 시간 잡기 어려운 애인 중 누가 더 좋은가요?,사랑,1,ACTIVE,2,1,1,0,50.0,50.0,0.5856018790472128,0.5809924437391434,0.4767759626645908,0.6832683780151917,0.0544465490474895,0.48644645260100294,,C. 유지·모니터링,True,False,False,False,False,False,False,False,False,False,True,False,False,45,,,,,
729,질투 많은 연인과 질투가 없는 연인 중 누가 더 좋은가요?,사랑,2,ACTIVE,1,1,0,0,100.0,0.0,0.5888549751933468,0.6002307913819408,0.4951232585826834,0.7028679154609495,0.03459338967351191,0.39505588469225966,,C. 유지·모니터링,True,False,False,False,False,False,False,False,False,True,True,False,False,32,,,,,
316,가장 좋아하는 유튜버는 누구인가요?,취향,2,ACTIVE,5,3,2,0,60.0,40.0,0.5049354846727554,0.5167765062767132,0.41592863415743353,0.6172534852571463,0.1998383054062692,0.3715733532338859,,D. 우수(레퍼런스),False,False,False,False,False,False,False,False,False,False,False,False,False,19,,,,,
6,가장 좋아하는 과일은 무엇인가요?,취향,2,ACTIVE,3,2,1,0,66.7,33.3,0.5065114008976616,0.5191081575321683,0.41565846913092874,0.62211243597335,0.19766282900371238,0.3827715142749046,,D. 우수(레퍼런스),False,False,False,False,False,False,False,False,False,False,False,False,False,18,,,,,
313,이동하는 시간에 나는 주로 무슨 생각을 하나요?,취향,2,ACTIVE,4,3,1,0,75.0,25.0,0.4939030788280015,0.5200741239829149,0.4179428099515501,0.6217498958458963,0.1912419957764016,0.2920669637843254,,D. 우수(레퍼런스),False,False,False,False,False,False,False,False,False,False,False,False,False,26,,,,,
822,내 무의식을 다 아는 것과 미스터리로 남겨두는 것 중 뭐가 더 끌리나요?,가치관,2,ACTIVE,4,3,1,0,75.0,25.0,0.49394158980928377,0.5201086994517142,0.4179772854530651,0.6217837866673797,0.1911228145897672,0.2920669637843254,,D. 우수(레퍼런스),True,False,False,False,False,False,False,False,False,False,False,False,False,40,,,,,
16,가장 좋아하는 신발은 무엇인가요?,취향,2,ACTIVE,11,6,5,0,54.5,45.5,0.5065114008976616,0.5157952283170375,0.4216963123284147,0.609591737937137,0.1868076629509143,0.3427225047492409,,D. 우수(레퍼런스),False,False,False,False,False,False,False,False,False,False,False,False,False,18,,,,,
97,"마지막 순간에 느끼고 싶은 감정이 있다면, 어떤 감정인가요?",감정,2,ACTIVE,5,5,0,0,100.0,0.0,0.4526765195539234,0.5208498977487843,0.41998882121574205,0.6212500277737708,0.18555822533040273,0.10737938157877162,경험 전제형(~있다면/~적 있),D. 우수(레퍼런스),False,True,False,False,True,False,False,False,False,False,False,False,False,33,'~한 적이 있다면'→'~하는 편인가요/주로 무엇인가요' 성향형으로 전환하거나 '없다면 ~' 대안 제시,,,,
12,혼자 시간을 보낼 때 찾는 장소는 어디인가요?,취향,2,ACTIVE,6,4,2,0,66.7,33.3,0.49547902388254406,0.5204443938386718,0.4208102602012642,0.6196379077131453,0.18400020055626376,0.28640870817930725,,D. 우수(레퍼런스),False,False,False,False,False,False,False,False,False,False,False,False,False,25,,,,,
738,한 사람에게 깊이 이해받는 것과 여럿에게 사랑받는 것 중 뭐가 더 끌리나요?,사랑,2,ACTIVE,3,2,1,0,66.7,33.3,0.5115879750742971,0.5237854418750726,0.42032403953267583,0.6266924082535207,0.1818223341723669,0.3827715142749046,,D. 우수(레퍼런스),True,False,False,False,False,False,False,False,False,False,False,False,False,42,,,,,
42,내가 모은 물건들의 공통점은 무엇인가요?,취향,2,ACTIVE,8,5,3,0,62.5,37.5,0.5002072728129517,0.5233480927984157,0.42603318556141945,0.6201838896100673,0.16841701054334482,0.2808863594275994,,D. 우수(레퍼런스),False,False,False,False,False,False,False,False,False,False,False,False,False,22,,,,,
322,좋아하는 계절과 시간대는 언제인가요?,취향,2,ACTIVE,4,3,1,0,75.0,25.0,0.5033594703735095,0.5285641483850482,0.4264234299972923,0.6300566632576379,0.1633534003458556,0.2920669637843254,,D. 우수(레퍼런스),False,False,False,False,False,False,False,False,False,False,False,False,False,20,,,,,
856,평온한 삶과 위험한 도전이 가득한 삶 중 뭐가 더 끌리나요?,가치관,2,ACTIVE,4,3,0,1,75.0,0.0,0.5049739975627022,0.5300136838836778,0.4278744020944647,0.6314718685938308,0.1588696514704404,0.2920669637843254,,D. 우수(레퍼런스),True,False,False,False,False,False,False,False,False,False,False,False,False,33,,,,,
387,싫어하는 것이 나에게 주는 의외의 이점이 있을까요?,감정,2,ACTIVE,3,2,1,0,66.7,33.3,0.5197694314496187,0.5313233988663376,0.42786281832115647,0.6340538378086672,0.15801725297775243,0.3827715142749046,,D. 우수(레퍼런스),False,False,False,False,False,False,False,False,False,False,False,False,False,28,,,,,
867,완전한 자유와 무조건적인 권력 중 뭐가 더 갖고 싶나요?,가치관,2,ACTIVE,4,3,1,0,75.0,25.0,0.5081256942899143,0.5328433025594046,0.43070938563821237,0.6342319115852295,0.15035106299166726,0.2920669637843254,,D. 우수(레퍼런스),True,False,False,False,False,False,False,False,False,False,False,False,False,31,,,,,
89,나를 가장 미소 짓게 하는 추억은 무엇인가요?,감정,2,ACTIVE,5,3,1,1,60.0,20.0,0.5244885064592102,0.5338940477727666,0.4330371810894757,0.6340015952294553,0.14422713965179854,0.3715733532338859,,D. 우수(레퍼런스),False,False,False,False,False,False,False,False,False,False,False,False,False,25,,,,,
673,아파도 감정을 그대로 느끼는 것과 부정적인 감정을 안 느끼는 것 중 뭐가 더 좋나요?,감정,2,ACTIVE,4,3,1,0,75.0,25.0,0.5111716444676938,0.5355779811323655,0.4334524698322212,0.6368961284990983,0.1424120498305711,0.2920669637843254,,D. 우수(레퍼런스),True,False,False,False,False,False,False,False,False,False,False,False,False,47,,,,,
759,당장의 빚과 평생 이어지는 소득 한계 중 뭐가 더 견디기 쉬운가요?,가치관,2,ACTIVE,3,3,0,0,100.0,0.0,0.49866966858447864,0.5381010050941778,0.43466196810285307,0.6406519205047306,0.13843984422462705,0.21776014147689587,,D. 우수(레퍼런스),True,False,False,False,False,False,False,False,False,False,False,False,False,37,,,,,
26,스트레스를 받을 때 찾게 되는 노래는 어떤 분위기인가요?,취향,2,ACTIVE,4,4,0,0,100.0,0.0,0.4860257965444663,0.5385498254376577,0.436437042642485,0.6397878068723548,0.1341106665363467,0.1548493601593692,,D. 우수(레퍼런스),False,False,False,False,False,False,False,False,False,False,False,False,False,31,,,,,
392,남들보다 자주 느끼는 감정은 무엇인가요?,감정,2,ACTIVE,3,2,0,1,66.7,0.0,0.5292032122200127,0.5400151806775507,0.4365858037039227,0.6425118188045301,0.13322264427326524,0.3827715142749046,,D. 우수(레퍼런스),False,False,False,False,False,False,False,False,False,False,False,False,False,22,,,,,
615,통제할 수 없는 상황에서 어떻게 하나요?,가치관,2,ACTIVE,3,3,0,0,100.0,0.0,0.5009714070627906,0.5402217040087367,0.4367934635236085,0.6427123918354657,0.13266791849421822,0.21776014147689587,,D. 우수(레퍼런스),False,False,False,False,False,False,False,False,False,False,False,False,False,22,,,,,
606,"내가 생각하는 나와 남이 보는 나, 뭐가 다른가요?",가치관,2,ACTIVE,3,2,1,0,66.7,33.3,0.5299056442393996,0.5406623640283533,0.4372366098753166,0.6431402942740283,0.13148960244970448,0.3827715142749046,,D. 우수(레퍼런스),False,False,False,False,True,False,False,False,False,False,False,False,False,28,,,,,
394,다른 사람의 감정에 얼마나 예민하게 반응하는 편인가요?,감정,2,ACTIVE,4,3,1,0,75.0,25.0,0.5166213683061835,0.5404707870352308,0.4383682259093095,0.6416549563833316,0.12892454515692803,0.2920669637843254,,D. 우수(레퍼런스),False,False,False,False,False,False,False,False,False,False,False,False,False,30,,,,,
91,내 성격 중 가장 소중히 여기는 모습은 무엇인가요?,감정,2,ACTIVE,4,3,1,0,75.0,25.0,0.5197694314496187,0.543297143450212,0.441212472085996,0.6443992878184901,0.1215488565825641,0.2920669637843254,,D. 우수(레퍼런스),False,False,False,False,False,False,False,False,False,False,False,False,False,28,,,,,
77,내가 가장 예민하게 반응하는 포인트는 무엇인가요?,감정,2,ACTIVE,4,3,1,0,75.0,25.0,0.5213428901907666,0.544709807365809,0.4426353511196795,0.6457696808642273,0.11797524744677598,0.2920669637843254,,D. 우수(레퍼런스),False,False,False,False,False,False,False,False,False,False,False,False,False,27,,,,,
785,무리에 자연스럽게 섞이는 것과 확실히 돋보이는 것 중 뭐가 더 편한가요?,가치관,1,ACTIVE,5,3,1,1,60.0,20.0,0.5387420305330334,0.5463721850378559,0.4455859009270069,0.6461332976285802,0.11095286145966882,0.3715733532338859,,D. 우수(레퍼런스),True,False,False,False,False,False,False,False,False,False,False,False,False,40,,,,,
35,가장 좋아하는 작가나 아티스트는 누구인가요?,취향,2,ACTIVE,8,6,1,1,75.0,12.5,0.4970550587760244,0.5439596619771737,0.44671114975072873,0.6403061194524566,0.10858556463463621,0.15758817214781096,,D. 우수(레퍼런스),False,False,False,False,False,False,False,False,False,False,False,False,False,24,,,,,
251,인생에서 가장 소중한 단어 3개는 무엇인가요?,가치관,1,ACTIVE,3,2,0,1,66.7,0.0,0.5410291222615005,0.5509109426526674,0.44756664569800686,0.653068537526851,0.10609784724936937,0.3827715142749046,,D. 우수(레퍼런스),False,False,False,False,False,False,False,False,False,False,False,False,False,25,,,,,
312,낮잠 자는 걸 좋아하나요?,취향,2,ACTIVE,5,4,1,0,80.0,20.0,0.5128134591006951,0.5485847668641505,0.44781782049649693,0.6482776294627502,0.10567693847042935,0.21664027745870018,,D. 우수(레퍼런스),False,False,False,False,False,False,False,False,False,False,False,False,False,14,,,,,
853,죽는 시점과 죽는 방식 중 뭐가 더 알고 싶나요?,가치관,2,ACTIVE,3,2,1,0,66.7,33.3,0.5420753297358182,0.5518748623490598,0.4485405634416382,0.6539999921332774,0.10390498864534,0.3827715142749046,,D. 우수(레퍼런스),True,False,False,False,False,False,False,False,False,True,False,False,False,27,,,,,
310,최애 잠옷은 무엇인가요?,취향,2,ACTIVE,7,5,2,0,71.4,28.6,0.5143884156050594,0.5475923519352047,0.44922978861001683,0.6449543711361916,0.10249759422801792,0.21504416004935725,,D. 우수(레퍼런스),False,False,False,False,False,False,False,False,False,False,False,False,False,13,,,,,
783,편안함을 추구하는 삶과 끊임없이 애쓰는 삶 중 뭐가 더 나다운가요?,가치관,1,ACTIVE,3,2,1,0,66.7,33.3,0.5434384333097247,0.5531307531884634,0.44981008500855485,0.6552129800517177,0.1010972456732212,0.3827715142749046,,D. 우수(레퍼런스),True,False,False,False,False,False,False,False,False,False,False,False,False,37,,,,,
372,지금 내 마음이 가장 간절하게 외치는 소망은 무엇인가요?,감정,2,ACTIVE,3,3,0,0,100.0,0.0,0.5150468262168305,0.5531900435499973,0.4498700357843824,0.6552702280676379,0.10096606639091411,0.21776014147689587,,D. 우수(레퍼런스),False,False,False,False,False,False,False,False,False,False,False,False,False,31,,,,,
749,퇴사 날 아무도 모르게 조용히 나가는 것과 배웅받으며 화려하게 나가는 것 중 뭐가 더 하고 싶나요?,가치관,1,ACTIVE,3,3,0,0,100.0,0.0,0.5151733227511078,0.553306590701407,0.4499878855587681,0.6553827561324859,0.10070856707402155,0.21776014147689587,,D. 우수(레퍼런스),True,False,False,False,False,False,False,False,False,False,False,False,False,55,,,,,
261,돈을 기분 좋게 썼던 기억은 무엇인가요?,가치관,2,ACTIVE,4,4,0,0,100.0,0.0,0.5022466568421847,0.5531130443027483,0.45111693632747074,0.6539038886091849,0.09824364291844354,0.1548493601593692,,D. 우수(레퍼런스),False,False,False,False,False,False,False,True,False,False,False,False,False,22,,,,,
391,가장 실망하는 순간은 어떤 때인가요?,감정,2,ACTIVE,6,4,2,0,66.7,33.3,0.5323435090916417,0.5519326994560689,0.45242753386015194,0.6503186313689697,0.09531404880491433,0.28640870817930725,,D. 우수(레퍼런스),False,False,False,False,False,False,False,False,False,False,False,False,False,20,,,,,
812,하루 종일 말하는 것과 듣기만 하는 것 중 뭐가 더 나다운가요?,가치관,1,ACTIVE,3,2,1,0,66.7,33.3,0.5465651355705872,0.5560115296768604,0.452724713740924,0.6579927599126021,0.09486553565656258,0.3827715142749046,,D. 우수(레퍼런스),True,False,False,False,False,False,False,False,False,False,False,False,False,35,,,,,
757,개인적인 삶의 성공과 커리어의 성공 중 뭐가 더 중요한가요?,가치관,2,ACTIVE,4,4,0,0,100.0,0.0,0.5049739975627022,0.5555616727419044,0.4535940734849266,0.6562684466094242,0.09297476743296786,0.1548493601593692,,D. 우수(레퍼런스),True,False,False,False,False,False,False,False,False,False,False,False,False,33,,,,,
413,미안하다는 표현을 잘하는 편인가요?,감정,2,ACTIVE,4,3,0,1,75.0,0.0,0.5339127128205217,0.5559950952415845,0.4540328098191302,0.6566867205545031,0.09206421287522411,0.2920669637843254,,D. 우수(레퍼런스),False,False,False,False,False,False,False,False,False,False,False,False,False,19,,,,,
410,감정을 글로 쓰면 정리가 되나요? 쓰고 나면 뭐가 달라지나요?,감정,2,ACTIVE,5,3,1,1,60.0,20.0,0.5485958284536254,0.5549986161154454,0.45429938594308217,0.6544819772395662,0.09140869736382383,0.3715733532338859,,D. 우수(레퍼런스),False,False,False,False,True,False,False,False,False,False,False,False,False,34,,,,,
343,"내가 느끼는 감정과 남들이 보는 내 감정, 얼마나 다른가요?",감정,2,ACTIVE,3,2,0,1,66.7,0.0,0.5501565807530433,0.5593204954746248,0.4560770155899044,0.6611812660576828,0.08806051841141041,0.3827715142749046,,D. 우수(레퍼런스),False,False,False,False,True,False,False,False,False,False,False,False,False,33,,,,,
801,내 의도와 행동 중 뭐가 더 중요하게 평가받길 바라나요?,가치관,2,ACTIVE,4,4,0,0,100.0,0.0,0.5081256942899143,0.5583912914176311,0.4564598381606843,0.6589977131496356,0.08714846507212552,0.1548493601593692,,D. 우수(레퍼런스),True,False,False,False,False,False,False,False,False,False,False,False,False,31,,,,,
70,기분이 울적할 때 찾게 되는 음식은 무엇인가요?,감정,2,ACTIVE,5,4,1,0,80.0,20.0,0.5229159255531206,0.557428892882139,0.45675986147172276,0.6568283320777928,0.08639122062835047,0.21664027745870018,,D. 우수(레퍼런스),False,False,False,False,False,False,False,False,False,False,False,False,False,26,,,,,
873,과거 기억을 잃는 것과 새 기억을 못 만드는 것 중 뭐가 더 두렵나요?,가치관,2,ACTIVE,5,5,0,0,100.0,0.0,0.4967927250094117,0.5594710881601747,0.45882936744279673,0.6587980727091504,0.08233584250883094,0.10737938157877162,,D. 우수(레퍼런스),True,False,False,False,False,False,False,True,False,False,False,False,False,39,,,,,
744,매번 늦는 사람과 재촉하는 사람 중 누가 더 미운가요?,가치관,1,ACTIVE,3,2,1,0,66.7,33.3,0.5543653098981106,0.5631981937508261,0.460011570810797,0.6649117293901595,0.0805546037085274,0.3827715142749046,,D. 우수(레퍼런스),True,False,False,False,False,False,False,False,False,False,False,False,False,30,,,,,
307,인생 드라마는 무엇인가요?,취향,1,ACTIVE,9,5,2,2,55.6,22.2,0.5574401079711045,0.557055871588213,0.46104321112380553,0.6519251268852699,0.07718647055321587,0.35167853838418406,,D. 우수(레퍼런스),False,False,False,False,False,False,False,False,False,False,False,False,False,14,,,,,
740,쉽게 용서하는 사람과 서운함을 같이 풀어가는 사람 중 누가 더 편한가요?,사랑,2,ACTIVE,4,3,1,0,75.0,25.0,0.5423845010307251,0.5636011348485739,0.46174523393600003,0.6640137908973487,0.07713770105644209,0.2920669637843254,,D. 우수(레퍼런스),True,False,False,False,False,False,False,False,False,True,False,False,False,40,,,,,
678,사랑을 못 느끼는 것과 두려움을 못 느끼는 것 중 뭐가 덜 두렵나요?,감정,2,ACTIVE,5,4,1,0,80.0,20.0,0.5317200100871344,0.5651363605048746,0.46457967292361724,0.664253079544661,0.07183332732617997,0.21664027745870018,,D. 우수(레퍼런스),False,False,False,False,False,False,False,False,False,True,False,False,False,38,,,,,
750,바빠서 지치는 것과 한가해서 지치는 것 중 뭐가 더 버거운가요?,가치관,1,ACTIVE,4,3,1,0,75.0,25.0,0.5465651355705872,0.567354542169857,0.46556032436265926,0.6676203504644043,0.07048220364238032,0.2920669637843254,,D. 우수(레퍼런스),True,False,False,False,False,False,False,False,False,False,False,False,False,35,,,,,
2,가장 자주 듣는 노래는 무엇인가요?,취향,1,ACTIVE,6,4,1,1,66.7,16.7,0.549650031827415,0.5667153032002268,0.4674127500739809,0.6645800591845724,0.06670602832109397,0.28640870817930725,,D. 우수(레퍼런스),False,False,False,False,False,False,False,False,False,False,False,False,False,19,,,,,
677,평생 남을 후회와 한순간의 창피함 중 뭐가 더 두렵나요?,감정,2,ACTIVE,3,2,1,0,66.7,33.3,0.563786200396448,0.5718780991537433,0.4688425962541858,0.6732382167634041,0.06550779197677288,0.3827715142749046,,D. 우수(레퍼런스),True,False,False,False,False,False,False,False,False,True,False,False,False,31,,,,,
390,감정에 쉽게 휘둘리는 편인가요?,감정,2,ACTIVE,7,5,1,1,71.4,14.3,0.5370490769951267,0.566488964671484,0.46836680855365087,0.6632133387855117,0.06478322055351024,0.21504416004935725,,D. 우수(레퍼런스),False,False,False,False,False,False,False,False,False,False,False,False,False,17,,,,,
215,사랑하는 사람과 매일 하고 싶은 사소한 일은 무엇인가요?,사랑,1,ACTIVE,4,3,1,0,75.0,25.0,0.5522741308295153,0.572480124039718,0.4707799873917817,0.6725355542887042,0.06211394756086311,0.2920669637843254,,D. 우수(레퍼런스),False,False,False,False,False,False,False,False,False,False,False,False,False,31,,,,,
317,노래방에 가면 꼭 부르는 노래는 무엇인가요?,취향,1,ACTIVE,7,5,2,0,71.4,28.6,0.5418355351107912,0.5704803682688114,0.47242791291680725,0.6670511393273859,0.058401803642884026,0.21504416004935725,,D. 우수(레퍼런스),False,False,False,False,False,False,False,False,False,False,False,False,False,24,,,,,
393,"감정을 정리한 뒤에 대화하는 편인가요, 대화하면서 정리하는 편인가요?",감정,2,ACTIVE,7,5,2,0,71.4,28.6,0.542343555141078,0.5709040036433204,0.47285933592247004,0.6674580820219032,0.05775438102752843,0.21504416004935725,,D. 우수(레퍼런스),False,False,False,False,True,False,False,False,False,False,False,False,False,38,,,,,
576,"포기가 빠른 편인가요, 늦은 편인가요?",가치관,2,ACTIVE,3,3,0,0,100.0,0.0,0.5408827748088388,0.5769939068698013,0.47406299316324263,0.6781302078868292,0.05771351665132077,0.21776014147689587,,D. 우수(레퍼런스),False,False,False,False,True,False,False,False,False,False,False,False,False,21,,,,,
721,빠른 답장과 느려도 정성 담긴 답장 중 뭐가 더 좋은가요?,사랑,1,ACTIVE,3,2,1,0,66.7,33.3,0.5717315553785421,0.5791985249297722,0.47631624990044485,0.6802348081416696,0.05458661299276235,0.3827715142749046,,D. 우수(레퍼런스),True,False,False,False,False,False,False,False,False,False,False,False,False,32,,,,,
730,사랑은 말로 표현하는 것과 행동으로 보여주는 것 중 뭐가 더 중요하다고 생각하나요?,사랑,1,ACTIVE,3,3,0,0,100.0,0.0,0.5499964666999881,0.5853907758813316,0.4826566584324544,0.6861345931530383,0.046512415174244814,0.21776014147689587,,D. 우수(레퍼런스),True,False,False,False,False,False,False,False,False,False,False,False,False,46,,,,,
407,"미래가 불안할 때, 어떤 부분이 가장 걱정되나요?",감정,2,ACTIVE,5,5,0,0,100.0,0.0,0.5236536992446649,0.5829863200316435,0.48278730357316874,0.681350810700375,0.04534475585804709,0.10737938157877162,,D. 우수(레퍼런스),False,False,False,False,True,False,False,False,True,True,False,False,False,27,,,,,
346,지금 내 머릿속에 흐르는 BGM은 무엇인가요?,감정,2,ACTIVE,5,5,0,0,100.0,0.0,0.5244885064592102,0.5837171455425159,0.4835356983752728,0.6820479134503683,0.04445464418234393,0.10737938157877162,,D. 우수(레퍼런스),False,False,False,False,False,False,False,False,False,False,False,False,False,25,,,,,
65,혼자 있을 때 주로 어떤 감정을 느끼나요?,감정,2,ACTIVE,5,5,0,0,100.0,0.0,0.5276321807752158,0.5864692508765149,0.48635604502280305,0.6846709481631283,0.041227492394224546,0.10737938157877162,,D. 우수(레퍼런스),False,False,False,False,False,False,False,False,False,False,False,False,False,23,,,,,
232,결혼에 대한 나의 생각은 어떤가요?,사랑,2,ACTIVE,3,3,0,0,100.0,0.0,0.5609097981986463,0.5954457367213655,0.49298870517334414,0.6956781524561275,0.03545666703193261,0.21776014147689587,,D. 우수(레퍼런스),False,False,False,False,False,False,False,False,False,False,True,False,False,19,,,,,
558,"좋아하는 사람에게 먼저 연락하나요, 기다리나요?",사랑,2,ACTIVE,4,4,0,0,100.0,0.0,0.5536868758208003,0.5992964867160423,0.4982760565037182,0.6980638139986911,0.030164107434311496,0.1548493601593692,,D. 우수(레퍼런스),False,False,False,False,True,False,False,False,False,False,False,False,False,26,,,,,
4,카페에서 항상 고르는 메뉴는 무엇인가요?,취향,1,ACTIVE,9,7,2,0,77.8,22.2,0.5449640230659103,0.5924318006983098,0.4971215134440363,0.6858898389535377,0.02866196867455032,0.11292274584690463,,D. 우수(레퍼런스),False,False,False,False,False,False,False,False,False,False,False,False,False,22,,,,,
9,가장 좋아하는 날씨는 어떤 건가요?,취향,1,ACTIVE,5,5,0,0,100.0,0.0,0.549650031827415,0.6057446080645804,0.5062022862503637,0.7029494111145274,0.023557901636710458,0.10737938157877162,,D. 우수(레퍼런스),False,False,False,False,False,False,False,False,False,False,False,False,False,19,,,,,
557,좋아할 때 숨기기 어려운 건 무엇인가요?,사랑,1,ACTIVE,4,4,0,0,100.0,0.0,0.5662589675281947,0.6105838117879763,0.509945147445394,0.7087133247066821,0.02156579701664773,0.1548493601593692,,D. 우수(레퍼런스),False,False,False,False,False,False,False,False,False,False,False,False,False,22,,,,,
722,자주 삐지지만 금방 푸는 애인과 가끔 삐지지만 오래가는 애인 중 누가 더 힘든가요?,사랑,1,ACTIVE,3,3,0,0,100.0,0.0,0.5840711312981475,0.6167853521584205,0.5150683907868816,0.7157804682054132,0.018992719227089862,0.21776014147689587,,D. 우수(레퍼런스),True,False,False,False,False,False,False,False,False,False,True,False,False,46,,,,,
395,화가 나면 어떻게 표현하나요?,감정,1,ACTIVE,4,3,1,0,75.0,25.0,0.6095125685715204,0.6238692539029431,0.5237542063103151,0.7211738060631055,0.014174708649350503,0.2920669637843254,,D. 우수(레퍼런스),False,False,False,False,False,False,False,False,False,True,False,False,False,16,,,,,
544,나에게 우정이란 어떤 의미인가요?,관계,2,ACTIVE,0,0,0,0,,,0.3288657252025705,0.3288657252025705,0.23018103808072474,0.4318920116806694,0.9327887289425854,0.506594919605562,,E. 미노출(데이터 없음),False,False,False,True,False,False,False,False,False,False,False,False,False,18,,,,,
502,사람들과의 관계가 가장 크게 바뀌었던 순간은 언제인가요?,관계,2,ACTIVE,0,0,0,0,,,0.3466242702656081,0.3466242702656081,0.246355788568384,0.4507841653601287,0.8990299741913538,0.506594919605562,,E. 미노출(데이터 없음),False,False,False,False,False,False,False,True,False,False,False,False,False,31,,,,,
694,좋은 친구가 많지만 가난한 삶과 친구 없이 부유한 삶 중 뭐가 더 괜찮은가요?,관계,2,ACTIVE,0,0,0,0,,,0.3476680319086854,0.3476680319086854,0.24731161382002495,0.45188939948349854,0.8967258210464446,0.506594919605562,,E. 미노출(데이터 없음),True,False,False,False,False,False,False,False,False,False,False,False,False,43,,,,,
195,가장 오래된 인연과의 추억 중 하나는 무엇인가요?,관계,2,ACTIVE,0,0,0,0,,,0.35119421604547146,0.35119421604547146,0.25054488120822715,0.4556190930894866,0.888667044334216,0.506594919605562,,E. 미노출(데이터 없음),False,False,False,False,False,False,False,False,False,False,False,False,False,27,,,,,
168,다른 사람에게 내 이야기를 어디까지 털어놓나요?,관계,2,ACTIVE,0,0,0,0,,,0.3526320827862567,0.3526320827862567,0.2518651418716547,0.45713810708299846,0.8852582130488188,0.506594919605562,,E. 미노출(데이터 없음),False,False,False,False,False,False,False,False,False,False,False,False,False,26,,,,,
187,소중한 관계를 지키기 위해 어떤 노력을 하나요?,관계,2,ACTIVE,0,0,0,0,,,0.3526320827862567,0.3526320827862567,0.2518651418716547,0.45713810708299846,0.8852582130488188,0.506594919605562,,E. 미노출(데이터 없음),False,False,False,False,False,False,False,False,False,False,False,False,False,26,,,,,
164,반대되는 성격의 사람과도 잘 지내는 편인가요?,관계,2,ACTIVE,0,0,0,0,,,0.3540726237906196,0.3540726237906196,0.25318892013376454,0.4586588834280499,0.8817711345241838,0.506594919605562,,E. 미노출(데이터 없음),False,False,False,False,False,False,False,False,False,False,False,False,False,25,,,,,
177,누군가에게 실망했을 때 어떤 태도를 취하나요?,관계,2,ACTIVE,0,0,0,0,,,0.3540726237906196,0.3540726237906196,0.25318892013376454,0.4586588834280499,0.8817711345241838,0.506594919605562,,E. 미노출(데이터 없음),False,False,False,False,False,False,False,False,False,False,False,False,False,25,,,,,
208,관계에서 가장 힘든 순간은 어떤 때인가요?,관계,2,ACTIVE,0,0,0,0,,,0.35696164344532166,0.35696164344532166,0.255846962545696,0.4617056219838719,0.8745594049165119,0.506594919605562,,E. 미노출(데이터 없음),False,False,False,False,False,False,False,False,False,False,False,False,False,23,,,,,
707,로또에 당첨되면 누구에게까지 알릴 건가요?,관계,2,ACTIVE,0,0,0,0,,,0.35696164344532166,0.35696164344532166,0.255846962545696,0.4617056219838719,0.8745594049165119,0.506594919605562,,E. 미노출(데이터 없음),False,False,False,False,False,False,False,False,False,False,False,False,False,23,,,,,
172,거절을 해야 할 때 어떤 마음이 드나요?,관계,2,ACTIVE,0,0,0,0,,,0.35841007906437083,0.35841007906437083,0.25718119271618733,0.4632315332191308,0.8708334341608938,0.506594919605562,,E. 미노출(데이터 없음),False,False,False,False,False,False,False,False,False,False,False,False,False,22,,,,,
201,사람들 속에서 내 진짜 모습은 어떤가요?,관계,2,ACTIVE,0,0,0,0,,,0.35841007906437083,0.35841007906437083,0.25718119271618733,0.4632315332191308,0.8708334341608938,0.506594919605562,,E. 미노출(데이터 없음),False,False,False,False,False,False,False,False,False,False,False,False,False,22,,,,,
203,나를 가장 화나게 하는 말은 무엇인가요?,관계,2,ACTIVE,0,0,0,0,,,0.35841007906437083,0.35841007906437083,0.25718119271618733,0.4632315332191308,0.8708334341608938,0.506594919605562,,E. 미노출(데이터 없음),False,False,False,False,False,False,False,False,False,False,False,False,False,22,,,,,
511,다수 의견이랑 다를 때 말하는 편인가요?,관계,2,ACTIVE,0,0,0,0,,,0.35841007906437083,0.35841007906437083,0.25718119271618733,0.4632315332191308,0.8708334341608938,0.506594919605562,,E. 미노출(데이터 없음),False,False,False,False,False,False,False,False,False,False,False,False,False,22,,,,,
534,"""조금 더 다정하게 말할걸"" 하고 후회되는 순간은 언제인가요?",관계,2,ACTIVE,0,0,0,0,,,0.3665725904729813,0.3665725904729813,0.26471989592908285,0.47181085234059034,0.8484469360567063,0.506594919605562,,E. 미노출(데이터 없음),False,False,False,False,False,False,False,False,False,True,False,False,False,34,,,,,
496,"상대의 약한 모습을 알게 되면 더 가까워진 느낌인가요, 부담스러운가요?",관계,2,ACTIVE,0,0,0,0,,,0.3691788645309747,0.3691788645309747,0.26713401473954707,0.4745431822696239,0.840799948459128,0.506594919605562,,E. 미노출(데이터 없음),False,False,False,False,True,False,False,False,False,False,False,False,False,39,,,,,
693,가족의 마음과 대중의 평가 중 뭐가 더 중요한가요?,관계,2,ACTIVE,0,0,0,0,,,0.36941249280403105,0.36941249280403105,0.267350583069947,0.47478794518744155,0.8401026653742834,0.506594919605562,,E. 미노출(데이터 없음),True,False,False,False,False,False,False,False,False,False,False,False,False,28,,,,,
166,서운한 점이 있을 때 솔직하게 말하는 편인가요?,관계,2,ACTIVE,0,0,0,0,,,0.37836050623059947,0.37836050623059947,0.2756654903829764,0.4841421124174839,0.8119430708777717,0.506594919605562,,E. 미노출(데이터 없음),False,False,False,False,False,False,False,False,False,True,False,False,False,26,,,,,
194,나의 약한 모습을 보여주는 게 두려운가요?,관계,2,ACTIVE,0,0,0,0,,,0.38281915603960087,0.38281915603960087,0.27982332806594196,0.48878847934454717,0.7968667855676242,0.506594919605562,,E. 미노출(데이터 없음),False,False,False,False,False,False,False,False,False,True,False,False,False,23,,,,,
698,친구가 내 실수를 솔직하게 말해주는 것과 그냥 넘어가 주는 것 중 뭐가 더 나은가요?,관계,1,ACTIVE,0,0,0,0,,,0.3834313027463075,0.3834313027463075,0.28039493032141755,0.4894256428049648,0.7947436126988402,0.506594919605562,,E. 미노출(데이터 없음),True,False,False,False,False,False,False,False,False,False,False,False,False,47,,,,,
154,같이 밥 먹을 때 가장 편한 사람은 누구인가요?,관계,1,ACTIVE,0,0,0,0,,,0.3946099084120259,0.3946099084120259,0.2908649517820643,0.5010292601416088,0.7537825425054876,0.506594919605562,,E. 미노출(데이터 없음),False,False,False,False,False,False,False,False,False,False,False,False,False,26,,,,,
690,명절엔 가족과 있는 것과 친구들과 있는 것 중 뭐가 더 편한가요?,관계,1,ACTIVE,0,0,0,0,,,0.3999532708314071,0.3999532708314071,0.2958907455320119,0.5065546336599152,0.7328044891339299,0.506594919605562,,E. 미노출(데이터 없음),True,False,False,False,False,False,False,False,False,False,False,False,False,36,,,,,
477,나에게 '돈'이란 한마디로 무엇인가요?,루틴,2,ACTIVE,0,0,0,0,,,0.42738917619840455,0.42738917619840455,0.3219073877638182,0.5347136855316337,0.6134146175448095,0.506594919605562,,E. 미노출(데이터 없음),False,False,False,True,False,False,False,False,False,False,False,False,False,21,,,,,
840,"하나를 잃어야 한다면, 재산을 잃는 것과 기억을 잃는 것 중 뭐가 덜 두렵나요?",가치관,2,ACTIVE,0,0,0,0,,,0.43214839767507285,0.43214839767507285,0.32645592311560834,0.5395628276863731,0.5912041928406395,0.506594919605562,,E. 미노출(데이터 없음),False,False,True,False,True,False,False,True,False,False,False,False,False,44,,,,,
747,칭찬받을 때와 싫은 소리를 들을 때 중 언제 일이 더 잘되나요?,가치관,2,ACTIVE,0,0,0,0,,,0.4386278956646914,0.4386278956646914,0.33266524890229715,0.5461480756016015,0.5605331351680736,0.506594919605562,,E. 미노출(데이터 없음),False,False,False,False,False,False,False,False,False,False,False,False,True,35,,,,,
858,모든 걸 너무 진지하게 받아들이는 사람과 아무것도 진지하게 여기지 않는 사람 중 어떤 쪽이 되고 싶나요?,가치관,2,ACTIVE,0,0,0,0,,,0.4444610669754197,0.4444610669754197,0.33827156216396875,0.552060079489024,0.5326301656577694,0.506594919605562,,E. 미노출(데이터 없음),False,False,False,False,False,False,False,False,False,False,False,False,False,58,,,,,
137,잠이 오지 않을 때 몸을 편하게 만드는 방법은 무엇인가요?,루틴,2,ACTIVE,0,0,0,0,,,0.44878163504188134,0.44878163504188134,0.34243405371580865,0.5564290808428638,0.511867266313297,0.506594919605562,,E. 미노출(데이터 없음),False,False,False,False,False,False,False,False,False,False,False,False,False,32,,,,,
103,하루 중 에너지가 가장 넘치는 시간은 언제인가요?,루틴,2,ACTIVE,0,0,0,0,,,0.45659152432560596,0.456591524325606,0.34997961541857686,0.5643051013819671,0.47432492334901455,0.506594919605562,,E. 미노출(데이터 없음),False,False,False,False,False,False,False,False,False,False,False,False,False,27,,,,,
266,내가 생각하는 '성실하다'는 건 어떤 건가요?,가치관,2,ACTIVE,0,0,0,0,,,0.45728090611986,0.45728090611985994,0.3506469858305466,0.5649989994455868,0.471018964338923,0.506594919605562,,E. 미노출(데이터 없음),False,False,False,True,False,False,False,False,False,False,False,False,False,25,,,,,
142,평생 지키고 싶은 단 하나의 습관은 무엇인가요?,루틴,2,ACTIVE,0,0,0,0,,,0.458156191859709,0.45815619185970896,0.35149463264096964,0.5658797110822056,0.4668248093612689,0.506594919605562,,E. 미노출(데이터 없음),False,False,False,False,False,False,False,False,False,False,False,False,False,26,,,,,
603,TV에 나온다면 어떤 일로 나오게 될 것 같나요?,가치관,1,ACTIVE,0,0,0,0,,,0.46376156076581626,0.46376156076581626,0.35693116583496504,0.5715116610923588,0.44008249566318774,0.506594919605562,,E. 미노출(데이터 없음),False,False,True,False,False,False,False,False,False,False,False,False,False,27,,,,,
418,오래 쓰는 물건에 정이 드는 편인가요?,루틴,2,ACTIVE,0,0,0,0,,,0.46599130516760623,0.4659913051676062,0.3590976709237688,0.5737480571314002,0.42951807964226846,0.506594919605562,,E. 미노출(데이터 없음),False,False,False,False,False,False,False,False,False,False,False,False,False,21,,,,,
270,나에게 '약속'은 어떤 무게인가요?,가치관,2,ACTIVE,0,0,0,0,,,0.46668269080916336,0.4666826908091634,0.3597699004469652,0.5744410524632535,0.42625270069859034,0.506594919605562,,E. 미노출(데이터 없음),False,False,False,True,False,False,False,False,False,False,False,False,False,19,,,,,
144,남들이 보는 나는 어떤 사람일까요?,루틴,2,ACTIVE,0,0,0,0,,,0.46913027427038634,0.46913027427038634,0.3621513900891227,0.5768926131699634,0.4147367958783821,0.506594919605562,,E. 미노출(데이터 없음),False,False,False,False,False,False,False,False,False,False,False,False,False,19,,,,,
447,"여러 일을 동시에 챙기는 편인가요, 아니면 하나에 깊이 몰입하는 편인가요?",루틴,2,ACTIVE,0,0,0,0,,,0.4728696240638945,0.4728696240638945,0.3657949413724774,0.5806328608573335,0.39729220290497425,0.506594919605562,,E. 미노출(데이터 없음),False,False,False,False,True,False,False,False,False,False,False,False,False,41,,,,,
459,지금 내 방 상태가 어떤가요?,루틴,2,ACTIVE,0,0,0,0,,,0.47384323419545205,0.473843234195452,0.36674463462261037,0.5816056785899372,0.3927831675064667,0.506594919605562,,E. 미노출(데이터 없음),False,False,False,False,False,False,False,False,False,False,False,False,False,16,,,,,
638,가보지 않은 길에 대한 미련을 지우는 나만의 방식은 무엇인가요?,가치관,2,ACTIVE,0,0,0,0,,,0.4804917037873093,0.4804917037873094,0.37324110141297995,0.5882374181531287,0.3624146855602606,0.506594919605562,,E. 미노출(데이터 없음),False,False,False,False,False,False,False,False,False,False,False,False,False,35,,,,,
592,좋아하는 일과 잘하는 일 중 어느 쪽을 직업으로 삼고 싶나요?,가치관,2,ACTIVE,0,0,0,0,,,0.4820656168765241,0.48206561687652405,0.37478191825760415,0.5898044825839202,0.35534481656368305,0.506594919605562,,E. 미노출(데이터 없음),False,False,False,False,False,False,False,False,False,False,False,False,False,34,,,,,
817,100년 전 과거와 100년 후 미래 중 뭐가 더 궁금한가요?,가치관,1,ACTIVE,0,0,0,0,,,0.4844262461497148,0.4844262461497148,0.3770949790543252,0.592152768929916,0.34483590791146157,0.506594919605562,,E. 미노출(데이터 없음),True,False,False,False,False,False,False,False,True,False,False,False,False,34,,,,,
772,크게 이룬 것 없는 만족스러운 삶과 이루고도 불만족스러운 삶 중 뭐가 더 나은가요?,가치관,2,ACTIVE,0,0,0,0,,,0.48448952709181126,0.48448952709181126,0.3771570190266643,0.5922156848058335,0.34455581830838655,0.506594919605562,,E. 미노출(데이터 없음),True,False,False,False,False,False,False,False,False,False,False,False,False,46,,,,,
631,지난 7일을 되돌아보면 머릿속을 스치는 단어는 무엇인가요?,가치관,2,ACTIVE,0,0,0,0,,,0.48521447974500154,0.4852144797450016,0.3778678823527155,0.5929363278736748,0.3413532803647092,0.506594919605562,,E. 미노출(데이터 없음),False,False,False,False,False,False,False,False,False,False,False,False,False,32,,,,,
854,항상 진실만 말하는 것과 남의 거짓말을 알아채는 것 중 뭐가 더 나은가요?,가치관,2,ACTIVE,0,0,0,0,,,0.49236576256840614,0.49236576256840614,0.38489272787731793,0.6000325515974498,0.3104101796069697,0.506594919605562,,E. 미노출(데이터 없음),True,False,False,False,False,False,False,False,False,False,False,False,False,41,,,,,
282,인생에서 가장 큰 영향을 준 사건은 무엇인가요?,가치관,2,ACTIVE,0,0,0,0,,,0.4946671143123778,0.4946671143123778,0.38715823444850117,0.6023113410412146,0.3007204800056396,0.506594919605562,,E. 미노출(데이터 없음),False,False,False,False,False,False,False,False,False,False,False,False,False,26,,,,,
793,돈은 하나로 합치는 것과 각자 독립을 지키는 것 중 뭐가 더 편한가요?,가치관,2,ACTIVE,0,0,0,0,,,0.49551753743250987,0.4955175374325098,0.38799600821719216,0.6031528300681599,0.29717494410692424,0.506594919605562,,E. 미노출(데이터 없음),True,False,False,False,False,False,False,False,False,False,False,False,False,39,,,,,
872,선택지가 너무 많은 것과 하나의 길만 걷는 것 중 뭐가 더 답답한가요?,가치관,2,ACTIVE,0,0,0,0,,,0.49551753743250987,0.4955175374325098,0.38799600821719216,0.6031528300681599,0.29717494410692424,0.506594919605562,,E. 미노출(데이터 없음),True,False,False,False,False,False,False,False,False,False,False,False,False,39,,,,,
599,모두에게 이로운 거짓말은 괜찮다고 생각하나요?,가치관,2,ACTIVE,0,0,0,0,,,0.49624310683302003,0.49624310683302,0.3887110398596725,0.6038705225216041,0.2941652380799265,0.506594919605562,,E. 미노출(데이터 없음),False,False,False,False,False,False,False,False,False,False,False,False,False,25,,,,,
832,의미 없는 큰 성공과 좋아하는 일로 이룬 성공 중 뭐가 더 끌리나요?,가치관,2,ACTIVE,0,0,0,0,,,0.49709357412947214,0.4970935741294722,0.3895494537528598,0.6047114586455082,0.29065560267926693,0.506594919605562,,E. 미노출(데이터 없음),True,False,False,False,False,False,False,False,False,False,False,False,False,38,,,,,
756,아무도 몰라주는 최고와 존경받는 평범함 중 뭐가 더 만족스러운가요?,가치관,2,ACTIVE,0,0,0,0,,,0.49866966858447864,0.49866966858447864,0.3911040618345417,0.6062690387139682,0.2842041227067696,0.506594919605562,,E. 미노출(데이터 없음),True,False,False,False,False,False,False,False,False,False,False,False,False,37,,,,,
804,연봉이 두 배로 오르는 것과 1년 유급 휴가 중 뭐가 더 좋은가요?,가치관,2,ACTIVE,0,0,0,0,,,0.49866966858447864,0.49866966858447864,0.3911040618345417,0.6062690387139682,0.2842041227067696,0.506594919605562,,E. 미노출(데이터 없음),True,False,False,False,False,False,False,False,False,False,False,False,False,37,,,,,
265,나를 가장 성장시켰던 어려움은 무엇인가요?,가치관,2,ACTIVE,0,0,0,0,,,0.4993952845280638,0.49939528452806375,0.3918201573687441,0.6069857591700507,0.2812572550546181,0.506594919605562,,E. 미노출(데이터 없음),False,False,False,False,False,False,False,False,False,False,False,False,False,23,,,,,
765,짓지 않은 죄로 4년간 옥살이하는 것과 죄를 짓고 평생 불안하게 사는 것 중 뭐가 더 괴로운가요?,가치관,2,ACTIVE,0,0,0,0,,,0.4996197210138401,0.49961972101384006,0.39204169659656524,0.6072073967885467,0.2803487865301554,0.506594919605562,,E. 미노출(데이터 없음),True,False,False,False,False,False,False,False,False,True,False,False,False,54,,,,,
776,자유의지로 선택한 결과와 정해진 운명 중 뭐가 더 맞다고 믿나요?,가치관,2,ACTIVE,0,0,0,0,,,0.5002457894772464,0.5002457894772464,0.3926598016153221,0.607825539281885,0.2778221754780307,0.506594919605562,,E. 미노출(데이터 없음),True,False,False,False,False,False,False,False,False,False,False,False,False,36,,,,,
269,가장 큰 용기를 냈던 순간은 언제인가요?,가치관,2,ACTIVE,0,0,0,0,,,0.5009714070627906,0.5009714070627906,0.3933764077779524,0.6085417523514136,0.2749078617880018,0.506594919605562,,E. 미노출(데이터 없음),False,False,False,False,False,False,False,False,False,False,False,False,False,22,,,,,
660,인생의 마지막에 무엇을 남기고 싶나요?,가치관,2,ACTIVE,0,0,0,0,,,0.502547510292619,0.502547510292619,0.3949337447381989,0.6100966208662653,0.2686303144850396,0.506594919605562,,E. 미노출(데이터 없음),False,False,False,False,False,False,False,False,False,False,False,False,False,21,,,,,
767,보람 있게 열심히 일하는 삶과 편한 삶 중 뭐가 더 값진가요?,가치관,2,ACTIVE,0,0,0,0,,,0.5033979852869154,0.5033979852869154,0.3957745526093666,0.6109351782107638,0.26527320931958637,0.506594919605562,,E. 미노출(데이터 없음),True,False,False,False,False,False,False,False,False,False,False,False,False,34,,,,,
768,거저 받은 20억과 스스로 일군 50억 중 뭐가 더 값진가요?,가치관,2,ACTIVE,0,0,0,0,,,0.5033979852869154,0.5033979852869154,0.3957745526093666,0.6109351782107638,0.26527320931958637,0.506594919605562,,E. 미노출(데이터 없음),True,False,False,False,False,False,False,False,False,False,False,False,False,34,,,,,
806,혼자 일하는 것과 팀으로 일하는 것 중 뭐가 더 잘 맞나요?,가치관,2,ACTIVE,0,0,0,0,,,0.5049739975627022,0.5049739975627022,0.39733350185903643,0.6124882548570909,0.25910917473288486,0.506594919605562,,E. 미노출(데이터 없음),True,False,False,False,False,False,False,False,False,False,False,False,False,33,,,,,
654,가장 좋아하는 문장은 무엇인가요?,가치관,2,ACTIVE,0,0,0,0,,,0.5072753909655183,0.5072753909655183,0.3996119648774835,0.6147541701045574,0.2502433329971077,0.506594919605562,,E. 미노출(데이터 없음),False,False,False,False,False,False,False,False,False,False,False,False,False,18,,,,,
101,아침에 일어나면 가장 먼저 무엇을 하나요?,루틴,1,ACTIVE,0,0,0,0,,,0.5076644156712973,0.5076644156712973,0.3999973464394507,0.6151369646528435,0.248760756692906,0.506594919605562,,E. 미노출(데이터 없음),False,False,False,False,False,False,False,False,False,False,False,False,False,23,,,,,
248,내 인생에서 사랑이 차지하는 비중은 몇 퍼센트쯤일까요?,사랑,2,ACTIVE,0,0,0,0,,,0.5091623953787704,0.5091623953787704,0.401481927144741,0.6166103252192525,0.24309598500154048,0.506594919605562,,E. 미노출(데이터 없음),False,False,False,False,False,False,False,False,False,False,False,False,False,30,,,,,
852,항상 이해받는 것과 인정받는 것 중 뭐가 더 좋은가요?,가치관,2,ACTIVE,0,0,0,0,,,0.5097013161398921,0.5097013161398921,0.4020162718179793,0.6171401444774278,0.24107522434893827,0.506594919605562,,E. 미노출(데이터 없음),True,False,False,False,False,False,False,False,False,False,False,False,False,30,,,,,
226,내가 생각하는 '좋은 연인'은 어떤 사람인가요?,사랑,2,ACTIVE,0,0,0,0,,,0.5111125789354701,0.5111125789354701,0.4034161641439328,0.618526960488924,0.23582710405861773,0.506594919605562,,E. 미노출(데이터 없음),False,False,False,True,False,False,False,False,False,False,True,False,False,26,,,,,
414,아침형 인간인가요 저녁형 인간인가요?,루틴,1,ACTIVE,0,0,0,0,,,0.5123908507442955,0.5123908507442955,0.4046849026467311,0.6197823236396712,0.2311284901966218,0.506594919605562,,E. 미노출(데이터 없음),False,False,False,False,False,False,False,False,False,False,False,False,False,20,,,,,
217,설렘의 유통기한은 언제까지라고 생각하나요?,사랑,2,ACTIVE,0,0,0,0,,,0.5201853128603151,0.5201853128603151,0.4124369924672916,0.6274213390409502,0.20363575016117394,0.506594919605562,,E. 미노출(데이터 없음),False,False,False,False,False,False,False,False,False,False,False,False,False,23,,,,,
240,연애세포가 되살아나는 순간은 언제인가요?,사랑,2,ACTIVE,0,0,0,0,,,0.5217586627319367,0.5217586627319367,0.4140050760680884,0.6289600247025193,0.19833246753757805,0.506594919605562,,E. 미노출(데이터 없음),False,False,False,False,False,False,False,False,False,False,False,False,False,22,,,,,
847,친절한 사람으로 남는 것과 똑똑한 사람으로 남는 것 중 뭐가 더 좋은가요?,가치관,1,ACTIVE,0,0,0,0,,,0.5371749916255928,0.5371749916255928,0.4294283503975995,0.6439781592158786,0.15087284163724596,0.506594919605562,,E. 미노출(데이터 없음),True,False,False,False,False,False,False,False,False,False,False,False,False,41,,,,,
585,"나에게 엄격한 편인가요, 관대한 편인가요?",가치관,2,ACTIVE,0,0,0,0,,,0.5377500279950852,0.5377500279950852,0.4300057057319435,0.6445362831222249,0.14926208687392362,0.506594919605562,,E. 미노출(데이터 없음),False,False,False,False,True,False,False,False,False,False,False,False,False,23,,,,,
784,한곳에 정착하는 삶과 계속 떠도는 삶 중 뭐가 더 어울리나요?,가치관,1,ACTIVE,0,0,0,0,,,0.548127125781837,0.548127125781837,0.4404502120527102,0.6545826226490341,0.12215691452901607,0.506594919605562,,E. 미노출(데이터 없음),True,False,False,False,False,False,False,False,False,False,False,False,False,34,,,,,
224,질투심이 들 때 나는 어떻게 반응하나요?,사랑,2,ACTIVE,0,0,0,0,,,0.5493553314560999,0.5493553314560999,0.44168960876468005,0.6557684685124919,0.11919259040153404,0.506594919605562,,E. 미노출(데이터 없음),False,False,False,False,False,False,False,False,False,True,False,False,False,22,,,,,
235,이별을 통해 배운 가장 큰 깨달음은 무엇인가요?,사랑,2,ACTIVE,0,0,0,0,,,0.5500131355613227,0.5500131355613227,0.44235368687977994,0.6564033052501592,0.11762589636104714,0.506594919605562,,E. 미노출(데이터 없음),False,False,False,False,False,False,False,False,False,False,True,False,False,26,,,,,
737,연인이 내 모든 걸 아는 것과 모르는 것 중 뭐가 더 좋은가요?,사랑,2,ACTIVE,0,0,0,0,,,0.5570859427961942,0.5570859427961942,0.4495063303272347,0.6632167895035718,0.1016916431232664,0.506594919605562,,E. 미노출(데이터 없음),True,False,False,False,False,False,False,False,False,False,True,False,False,35,,,,,
233,오래된 연인들의 편안함과 설렘 중 무엇이 더 좋은가요?,사랑,2,ACTIVE,0,0,0,0,,,0.5648492246558608,0.5648492246558608,0.4573834086385683,0.6706692722286747,0.08606897863674146,0.506594919605562,,E. 미노출(데이터 없음),True,False,False,False,False,False,False,False,False,False,True,False,False,30,,,,,
220,가장 기억에 남는 고백의 순간은 언제인가요?,사랑,1,ACTIVE,0,0,0,0,,,0.5981945497392993,0.5981945497392993,0.49153326139747067,0.7023639905399668,0.03856871698522734,0.506594919605562,,E. 미노출(데이터 없음),False,False,False,False,False,False,False,True,False,False,True,False,False,24,,,,,
210,지금 내 주변 인연들에 대해 점수를 매긴다면?,관계,2,INACTIVE,0,0,0,0,,,0.2894059870885999,0.2894059870885999,0.19486202649369702,0.38929126502733236,0.9769380187178585,0.506594919605562,,비활성,False,False,True,False,False,False,False,False,False,False,False,False,False,25,,,,,
292,내가 생각하는 '사회적 책임'이란 무엇인가요?,가치관,2,INACTIVE,0,0,0,0,,,0.381348419179957,0.381348419179957,0.2784507471003649,0.48725689286400337,0.8019155649655956,0.506594919605562,특정 활동 전제,비활성,False,False,False,True,False,False,False,False,False,False,False,True,False,25,대상 확장(예: 책→책·영화·노래 무엇이든) 또는 활동 비경험자용 대안 제시,,,,
5,"계절이 바뀌 때 기억나는 냄새가 있다면, 어떤 냄새인가요?",취향,2,INACTIVE,0,0,0,0,,,0.4268845637869206,0.4268845637869206,0.3214257241276951,0.5341989287217048,0.615750441509042,0.506594919605562,경험 전제형(~있다면/~적 있),비활성,False,True,False,False,True,False,False,True,False,False,False,False,False,32,'~한 적이 있다면'→'~하는 편인가요/주로 무엇인가요' 성향형으로 전환하거나 '없다면 ~' 대안 제시,,,,
244,나에게 사랑은 '선택'인가요 아니면 '운명'인가요?,사랑,2,INACTIVE,0,0,0,0,,,0.4732746313187001,0.4732746313187001,0.3661899480913317,0.5810375899625899,0.39541475791074154,0.506594919605562,,비활성,False,False,False,True,False,False,False,False,False,False,False,False,False,28,,,,,
250,내가 생각하는 '좋은 파트너'란 어떤 사람인가요?,사랑,2,INACTIVE,0,0,0,0,,,0.5095371282656245,0.5095371282656245,0.4018534643973467,0.6169787431708034,0.24168989959458836,0.506594919605562,,비활성,False,False,False,True,False,False,False,False,False,False,True,False,False,27,,,,,
