id,q,cat,level,exp,ans,rep,nr,T,P,E,W,S,F,C,사후 답변율,사후 하한(10%),사후 상한(90%),P(평균 미만)
333,"오늘 기억에 남는 소리나 향기가 있다면, 어떤 건가요?",취향,2,12,1,8,3,2,2,1,1,1,r,0,0.2153259251599416,0.14587849542464645,0.3059904456283704,0.9997381316937622
338,오늘 새롭게 알게 된 것 중 더 궁금해진 건 무엇이었나요?,취향,2,10,1,8,1,2,2,2,1,1,r,0,0.18451225974213797,0.12254150474603545,0.2682418451236164,0.9999559048683432
337,오늘 온전한 휴식시간을 보냈나요?,취향,2,12,4,7,1,2,0,1,1,1,o,0,0.26161876507530724,0.16462110006571834,0.3891456354340713,0.987618428138375
332,오늘 먹은 것 중 기분까지 완벽하게 충전해준 메뉴는 무엇인가요?,취향,1,10,3,7,0,2,1,1,1,1,r,0,0.40670065469380484,0.3027212022342121,0.5197721281286795,0.8489399803710216
411,감정의 회복 속도가 빠른 편인가요 혹은 느린편인가요?,감정,2,10,3,7,0,0,0,1,1,1,c,0,0.5422509096649628,0.44637423748004945,0.6350970754502469,0.27519914437799564
29,사진 찍을 때 주로 담는 장면은 무엇인가요?,취향,2,14,7,6,1,0,1,1,1,1,t,0,0.5506435079351973,0.4570304420158481,0.6408016869701413,0.23352423717347998
8,요즘 자주 보는 영상의 주제는 무엇인가요?,취향,1,11,5,6,0,1,0,1,1,1,p,0,0.574992219376432,0.4654221276840309,0.6776582272747614,0.18207591985695043
365,오늘 나를 가장 진 빠지게 만든 감정은 무엇인가요?,감정,2,10,3,6,1,2,1,1,2,2,r,0,0.4654531969155106,0.3481713498394064,0.5866834134515791,0.631987291491354
330,돈 걱정 없이 한 달 살기 한다면 어디로 가고 싶나요?,취향,2,9,3,6,0,0,0,1,1,1,h,0,0.5200414962599788,0.4131687676748742,0.6251109504279732,0.39443642599764356
369,오늘 내가 필사적으로 피하고 싶었던 감정은 무엇인가요?,감정,2,9,3,6,0,2,2,2,2,2,r,1,0.23673471215299585,0.149600104193829,0.35352277298199064,0.9956476019792145
315,"나만의 공부 스타일이 있다면, 어떤 건가요?",취향,2,8,2,6,0,0,2,1,1,1,t,0,0.3479731953201007,0.2642866372203328,0.4422306092215076,0.977312869277761
335,오늘 쓴 돈이나 시간 중 가심비 최고였던 건 무엇이었나요?,취향,2,8,1,6,1,2,2,2,1,1,r,1,0.1618557097864439,0.10022310162450365,0.2508241013339138,0.9999297105464743
666,번화한 도시와 고요한 숲속 중 뭐가 더 끌리나요?,취향,1,12,6,5,1,0,0,1,1,1,c,0,0.5338663184969853,0.44131628296304537,0.6241422846444366,0.3078078792016099
16,가장 좋아하는 신발은 무엇인가요?,취향,2,11,6,5,0,0,0,1,1,1,p,0,0.5811290938695786,0.48457955400798763,0.671840602622607,0.13331452800577104
34,어떤 라이프스타일로 살고 싶나요?,취향,2,9,4,5,0,0,0,2,1,1,h,0,0.49157668185804115,0.38405710996982895,0.5998811829685932,0.5277576248706761
305,위시리스트에서 가장 사고 싶은 것은 무엇인가요?,취향,2,9,3,5,1,0,0,1,1,1,p,0,0.5593839884492721,0.46074980981743885,0.653542910272786,0.21059972825640855
667,작은 도시에서 사는 것과 대도시에서 사는 것 중 뭐가 더 나에게 맞나요?,취향,1,8,3,5,0,0,0,1,1,1,c,0,0.509356144318813,0.41543652403501036,0.602619908953023,0.43646779339688124
49,누군가 나에 대한 책을 쓴다면 제목은 뭘까요?,취향,2,7,2,5,0,0,0,3,1,2,h,1,0.35329635883327476,0.24108958570596214,0.4843934133985403,0.9201245023429938
60,지금 당장 하고 싶은 말이 있다면 무엇인가요?,감정,2,7,1,5,1,1,1,1,2,2,o,0,0.38849876639552333,0.25326258897085174,0.5433987167981404,0.8175613462480388
63,"내일 일어날 일 중 설레는 게 있다면, 어떤 건가요?",감정,2,7,1,5,1,2,2,1,1,1,p,0,0.36062154027409976,0.2586111403747058,0.47698245825701047,0.9333256270108414
662,전액 지원 세계 여행과 현금 4천만 원 중 뭐가 더 마음이 가나요?,취향,1,7,2,5,0,0,0,1,1,1,c,0,0.5006005761623703,0.4063147939357512,0.5948436656098031,0.48357337595112104
50,"예전엔 좋아했는데 지금은 아닌 취향이 있다면, 어떤 건가요?",취향,2,6,0,5,1,0,1,2,1,1,r,0,0.41168668591101404,0.31273683764115595,0.5183320511055737,0.8493764848025644
93,"내가 세상에 태어나길 잘했다고 느낀 순간이 있다면, 어떤 때였나요?",감정,2,6,0,5,1,0,2,3,3,3,r,0,0.2889725379457877,0.1905220198243397,0.41237957127182656,0.9816615168148326
350,몸과 마음이 기분 좋게 늘어진 순간이 있었나요?,감정,2,6,1,5,0,0,2,1,1,1,r,0,0.3843892678173452,0.28859567102832584,0.490075339255446,0.9147008203936476
357,"축 처져 있다가 기분이 다시 살아난 계기가 있다면, 어떤 건가요?",감정,2,6,1,5,0,0,1,1,2,1,r,0,0.5897223640438951,0.4814519718308871,0.6899448974570028,0.13722835738856431
386,지금 겪고 있는 힘든 일이 있다면 무엇인가요?,감정,2,6,1,5,0,1,2,1,3,3,o,0,0.23969555572348286,0.13760631887569588,0.38381569277244004,0.9843784664186054
43,딱 한 권만 남길 수 있다면 어떤 책인가요?,취향,2,5,0,5,0,0,2,2,1,1,h,0,0.2932814039933792,0.20546529597165972,0.3997467427511386,0.9907734331107116
347,"오늘 속으로 나를 가만히 안아준 적이 있다면, 어떤 순간이었나요?",감정,2,5,0,5,0,2,2,2,2,2,r,1,0.21016706555140935,0.13042579409057714,0.32068227137256455,0.9983464251997848
14,집에서 가장 편한 자리는 어디인가요?,취향,2,10,5,4,1,0,0,1,1,1,p,0,0.5837887155321687,0.48613439529434505,0.6752810305796033,0.1285738867365404
339,유튜버가 된다면 어떤 콘텐츠를 올리고 싶나요?,취향,1,10,5,4,1,0,0,1,1,1,h,0,0.584886161571569,0.4790468112732167,0.6834323581649916,0.14471929553047758
13,가방 속에 늘 챙기는 물건은 무엇인가요?,취향,2,9,4,4,1,0,0,1,1,1,t,0,0.5423392637457909,0.45105604515369113,0.6308655766083284,0.26477440200035585
319,반대되는 성격이 좋나요 아니면 비슷한 성격이 좋나요?,취향,2,9,4,4,1,0,0,1,1,1,c,0,0.49529350936274874,0.4005284289180405,0.5903979609019473,0.5119206179435546
326,평소 좋아하는 메이크업 분위기는 무엇인가요?,취향,2,9,4,4,1,0,2,1,1,1,p,0,0.41411193495159154,0.31662863727553486,0.5188220890528088,0.8468666145879319
329,하루만 다른 사람으로 살 수 있다면 어떤 사람으로 살고 싶나요?,취향,2,9,5,4,0,0,0,2,1,1,h,0,0.5088168036844655,0.40049665379675864,0.6163153767627103,0.4475478104137337
36,"나만의 특별한 요리 레시피가 있다면, 어떤 건가요?",취향,2,8,2,4,2,0,2,1,1,1,p,0,0.3936168857060502,0.29746243906380415,0.49878576717838663,0.8973485858981955
68,나를 가장 편안하게 해주는 소리는 무엇인가요?,감정,1,8,2,4,2,0,0,1,1,1,p,0,0.6740974707723708,0.5803760092622483,0.7556978048227513,0.00949397649948105
668,전기·인터넷 같은 기술을 포기하는 것과 영화·TV·책 같은 오락을 포기하는 것 중 뭐가 덜 아쉬운가요?,취향,1,8,4,4,0,0,0,1,1,1,c,0,0.526852972120154,0.4325390323265347,0.6192886662291417,0.34572073395043357
25,"나만 알고 있는 맛집이 있다면, 어떤 곳인가요?",취향,2,7,2,4,1,0,2,1,1,1,p,0,0.3936168856411311,0.29746243903442343,0.4987857670775407,0.8973485861137993
301,최근에 꼭 필요하지 않지만 산 물건은 무엇인가요?,취향,2,7,3,4,0,1,1,1,1,1,r,0,0.475798645201903,0.361892563752239,0.5922795654155291,0.5937275025233624
341,평소 어떤 상상을 가장 자주 하나요?,취향,2,7,1,4,2,0,0,1,1,2,t,0,0.48356359686990086,0.388506906363743,0.5798247689718234,0.5732878592420896
397,나만의 짜증이 나는 포인트는 무엇인가요?,감정,2,7,3,4,0,0,0,1,1,1,t,0,0.6172477597789949,0.5256681080445069,0.7011965960143932,0.04781852869666592
323,가장 좋아하는 브랜드는 무엇인가요?,취향,2,6,2,4,0,0,0,1,1,1,p,0,0.561448369355279,0.4615566431564501,0.6565961678125334,0.2058734207168489
325,좋아하는 시의 제목이나 글귀가 있다면 어떤 건가요?,취향,2,6,1,4,1,0,2,1,1,1,p,0,0.3829670079091573,0.28765368457734347,0.4882170866138219,0.9181522946778269
356,"오늘 아주 잠깐이라도 행복이 스친 순간이 있다면, 어떤 순간이었나요?",감정,1,6,2,4,0,2,2,1,1,1,r,0,0.33574801790608994,0.23899902562038317,0.44857594859751937,0.964927715557759
661,여러 나라를 도는 여행과 한 곳에 머무는 여행 중 뭐가 더 마음이 가나요?,취향,1,6,2,4,0,0,1,1,1,1,c,0,0.5137182229034396,0.4134275351272515,0.6129162668875339,0.4187684190234067
663,손에 남는 선물과 마음에 남는 경험 중 뭐가 더 기억에 남나요?,취향,1,6,2,4,0,0,0,1,1,1,c,0,0.5096727673207329,0.4144318846518076,0.6042166063992849,0.4356898941868015
670,단순하게 사는 것과 복잡해도 풍부하게 사는 것 중 뭐가 더 나다운가요?,취향,1,6,2,4,0,0,0,1,1,1,c,0,0.5096727671870054,0.4144318845325575,0.6042166062608647,0.4356898948820791
56,오늘 나를 기운 나게 한 말은 무엇인가요?,감정,1,5,1,4,0,2,2,1,1,1,r,0,0.3248510012064798,0.22975809774305042,0.43697305453907387,0.9734781965174304
67,최근에 질투를 느꼈던 순간이 있다면 어떤 상황이었나요?,감정,2,5,1,4,0,1,2,2,3,3,r,0,0.32833165216374577,0.21655661541845106,0.4636556813133395,0.9437228325399468
84,"남에게 말하지 못한 비밀스러운 걱정이 있다면, 어떤 건가요?",감정,2,5,1,4,0,0,2,2,3,3,o,0,0.22336426306877893,0.13029727228686233,0.3557171042756008,0.9924405944173671
110,"하루를 시작할 때 듣는 음악 장르가 있다면, 어떤 장르인가요?",루틴,2,5,1,4,0,0,2,1,1,1,t,0,0.35005452149172617,0.25956699316848447,0.4527962940360308,0.9654193950596285
129,"기념일에 반복적으로 하는 일이 있다면, 어떤 건가요?",루틴,2,5,1,4,0,0,2,1,1,1,t,0,0.35005452180283897,0.25956699340478256,0.4527962944090192,0.9654193947027248
219,"사랑하는 사람의 습관 중 귀여운 점이 있다면, 어떤 건가요?",사랑,2,5,1,4,0,0,2,1,1,1,t,0,0.44213107646524547,0.3371101908546034,0.5525956192133651,0.7399379538941112
471,"나만의 작은 성취를 기록하는 방식이 있다면, 어떤 건가요?",루틴,2,5,1,4,0,0,2,1,1,1,t,0,0.3500545217414499,0.2595669933609214,0.4527962943318556,0.9654193947778085
38,"전시회에서 작품을 보는 나만의 방식이 있다면, 어떤 건가요?",취향,2,4,0,4,0,0,2,2,1,1,t,0,0.2942825712912363,0.2159706011853609,0.3869752105843364,0.9962422239075533
602,죽기 전에 꼭 해보고 싶은 건 무엇인가요?,가치관,2,4,0,4,0,0,0,2,1,1,p,0,0.5644859352216854,0.4647684220116054,0.6592462356999219,0.19448228036331716
798,"지금 아니면 못 갈 것 같다면, 여행과 커리어 중 뭐가 더 끌리나요?",가치관,2,4,0,4,0,0,1,1,1,1,c,0,0.5309834488124908,0.43116369044152725,0.6283840246424964,0.33435834723658353
665,인터넷 없이 사는 것과 냉난방 없이 사는 것 중 뭐가 더 나은가요?,취향,1,12,6,3,3,0,0,1,1,1,c,0,0.5521002255825201,0.4582376163900222,0.6423916686944272,0.22802997580948536
18,책을 고를 때 가장 먼저 보는 것은 무엇인가요?,취향,2,9,4,3,2,0,2,1,1,1,t,0,0.3872325110851622,0.2980788859974267,0.4846404242903956,0.9261846221302146
28,가장 좋아하는 꽃의 이름은 무엇인가요?,취향,2,9,5,3,1,0,0,1,1,1,p,0,0.5936987584244863,0.4957228525470905,0.6847447233760579,0.10416533221397595
672,스트레스 없는 삶과 지루함 없는 삶 중 뭐가 더 끌리나요?,취향,1,9,4,3,2,0,0,1,1,1,c,0,0.5361931308101968,0.4411020854138973,0.6287231157008022,0.30152080114843355
42,내가 모은 물건들의 공통점은 무엇인가요?,취향,2,8,5,3,0,0,1,2,1,1,t,0,0.517404627986193,0.41918108098634055,0.6143013730985275,0.39841175445750954
327,유독 마음이 끌리는 외국어가 있다면 무엇인가요?,취향,2,8,5,3,0,0,1,1,1,1,p,0,0.5975088592589671,0.49472902574321626,0.6923815005199058,0.10619131105308593
7,집에서 가장 좋아하는 컵은 무엇인가요?,취향,2,7,3,3,1,0,0,1,1,1,p,0,0.5792669991790823,0.4796349232182808,0.6728350130661572,0.14622060352053945
15,주말 아침에 가장 하고 싶은 일은 무엇인가요?,취향,2,7,4,3,0,0,0,1,1,1,p,0,0.5866223937310988,0.48781197335418336,0.6789174908118291,0.1237210994348531
27,자기 전 머릿속으로 그리는 상상은 무엇인가요?,취향,2,7,1,3,3,0,1,2,1,2,t,0,0.44714151811829544,0.34728154570176356,0.5514562343163284,0.7321394218110578
409,나이가 들면서 감정이 변했나요?,감정,2,7,3,3,1,0,0,2,1,1,t,0,0.5816399502752753,0.48588338099773076,0.6716152881033798,0.12991142220745688
19,가장 아끼는 옷은 어떤 스타일인가요?,취향,2,6,3,3,0,0,0,1,1,1,p,0,0.5792669992731194,0.47963492329288643,0.672835013170228,0.14622060329034942
22,서점에서 제목만 보고 고르는 분야는 무엇인가요?,취향,2,6,2,3,1,0,1,1,1,1,t,0,0.5395248786692629,0.4410216579679263,0.6350345884263615,0.29273362040971496
24,입었을 때 가장 나다운 옷차림은 무엇인가요?,취향,2,6,3,3,0,0,0,2,1,2,p,0,0.4988946592025828,0.39516325204475444,0.6027213037311883,0.49339663758806085
31,"좋아하는 목소리나 말투가 있다면, 어떤 느낌인가요?",취향,2,6,3,3,0,0,1,1,1,1,p,0,0.5832348410492401,0.47882594831401126,0.6806761696944583,0.1460476777503239
47,상상 속 완벽한 하루는 어떤 모습인가요?,취향,2,6,0,3,3,0,0,2,1,1,h,0,0.47144464455058505,0.36184436642700835,0.5838689457088675,0.6162264261032092
78,"과거의 나에게 해주고 싶은 위로가 있다면, 어떤 말인가요?",감정,2,6,2,3,1,0,1,2,2,2,r,0,0.5374190574166343,0.42364464556754483,0.6474256895180469,0.32728518904467985
318,가장 좋아하는 게임은 무엇인가요?,취향,2,6,2,3,1,0,1,1,1,1,p,0,0.5756684815917757,0.47047124460155904,0.6744291329670065,0.1701915380794381
406,혼자 있을 때 불안함을 어느정도 느끼나요?,감정,2,6,3,3,0,0,0,1,2,2,t,0,0.6293093011826677,0.5311726182382047,0.7178166825822269,0.04376937499369578
80,"최근에 누군가를 용서했던 경험이 있다면, 어떤 일이었나요?",감정,2,5,2,3,0,1,2,2,3,3,r,0,0.34500270150301204,0.22952509329047463,0.48221675333015385,0.9221161824390649
115,"미루고 싶을 때 나를 움직이게 하는 나만의 방법이 있다면, 어떤 건가요?",루틴,2,5,2,3,0,0,2,1,1,1,t,0,0.3671664013358354,0.2741681296750601,0.4712298556637912,0.9447752629672375
213,내가 생각하는 사랑은 어떤 느낌인가요?,사랑,1,5,2,3,0,0,0,3,1,1,d,0,0.47688267977628135,0.3550472565705977,0.601532743377552,0.5831908734051992
304,"사진을 많이 찍나요, 눈으로만 담는 것을 즐기나요?",취향,2,5,2,3,0,0,0,1,1,1,c,0,0.4857825099115711,0.38949429586947093,0.5831378037930204,0.5610061748764276
331,SNS에 일상을 올리는 편인가요? 올린다면 어떤 순간을 주로 올리나요?,취향,2,5,1,3,1,0,2,1,1,2,t,0,0.32414243395310494,0.23991326319496536,0.4215427266986748,0.9868173516583673
342,감정이 격해질 때 말이 많아지나요 적어지나요?,감정,2,5,1,3,1,0,0,1,1,1,c,0,0.565421495021831,0.465713475156221,0.6601025804222141,0.19115208408167222
360,오늘 하루 중 가장 단골손님처럼 찾아온 감정은 무엇인가요?,감정,2,5,1,3,1,2,0,2,1,1,t,1,0.41364385041016266,0.2968187253656489,0.5410695256647503,0.8012552238730578
374,오늘 느낀 감정 중 다시 느끼고 싶지 않은 건 무엇인가요?,감정,2,5,2,3,0,2,1,1,2,2,r,0,0.4814009318076918,0.3609261182374191,0.6040778690811651,0.5661298009460001
378,하나의 감정만 느낄 수 있다면 무엇을 남기고 싶나요?,감정,2,5,2,3,0,0,0,2,1,1,h,0,0.5784419311050507,0.4659974565664999,0.6833005699167466,0.17779539154952184
385,나의 어떤 면을 아직 받아들이지 못하고 있나요?,감정,2,5,2,3,0,0,0,3,3,3,t,0,0.5287940961508079,0.4041880968742155,0.6499120385201104,0.37498039208104006
396,"참다 참다 폭발한 적이 있다면, 어떤 상황이었나요?",감정,2,5,1,3,1,0,2,1,3,3,r,0,0.4013776411534627,0.28455986674631933,0.5305862214547395,0.8306594351714376
404,실패가 두려운 편인가요? 어떤 실패가 가장 무서운가요?,감정,2,5,2,3,0,0,0,2,2,2,t,0,0.5756389764757057,0.47264591521410765,0.6724568058951652,0.16517976987828725
623,돌아보니 칭찬해주고 싶은 오늘의 선택은 무엇인가요?,가치관,2,5,1,3,1,2,1,2,1,1,r,0,0.40117657243601873,0.2953338581536594,0.5171151764256348,0.857132460546507
632,문득 나 자신이 어른스러워졌다고 느낀 최근의 순간은 언제인가요?,가치관,2,5,1,3,1,1,2,2,1,1,r,0,0.3134157664449466,0.22046471386903663,0.4242290846801776,0.9809056648315939
664,도시의 작은 아파트와 시골의 넓은 집 중 뭐가 더 마음이 가나요?,취향,1,5,2,3,0,0,0,1,1,1,c,0,0.5190667226646346,0.42289546394814215,0.6138456104811585,0.38774533349725704
669,예술 없는 삶과 과학 없는 삶 중 뭐가 더 힘드나요?,취향,2,5,2,3,0,0,0,2,1,1,c,0,0.4371035515503463,0.3420891461037123,0.5369691510056753,0.7813300535320991
671,물건을 소유하는 삶과 경험을 쌓는 삶 중 뭐가 더 남나요?,취향,2,5,2,3,0,0,0,1,1,1,c,0,0.48578250999957084,0.38949429595425855,0.583137803877615,0.5610061744236282
11,최근 새로 시도해서 재밌던 일은 무엇인가요?,취향,2,4,1,3,0,1,2,2,1,1,r,0,0.2561312227680057,0.17398878961576808,0.36014565692353623,0.997062575244719
61,최근 나를 가장 답답하게 만든 일은 무엇인가요?,감정,2,4,1,3,0,1,1,1,2,2,r,0,0.5561815377268149,0.4312771637816655,0.6743663491633904,0.27393697726306376
73,남들 시선을 많이 신경 쓰는 편인가요? 어떤 상황에서 특히 그런가요?,감정,2,4,1,3,0,0,0,2,2,2,t,0,0.5677668408817349,0.46399102146451476,0.6659173331636815,0.19256147974777138
87,다른 사람을 보며 멋지다고 느끼는 포인트는 무엇인가요?,감정,2,4,1,3,0,0,0,1,1,1,t,0,0.6144536310233318,0.5206719241293872,0.7004431816940158,0.05578493614842172
94,가장 힘들었던 순간에서 배운게 있다면 무엇인가요?,감정,2,4,1,3,0,0,1,3,3,3,r,0,0.4804725794649856,0.349790605331589,0.6138822805215667,0.5641609426459874
119,"내가 지키는 습관 중 남들에게 추천하고 싶은 게 있다면, 어떤 건가요?",루틴,2,4,1,3,0,0,2,2,1,1,t,0,0.3114819518532138,0.22563286340459615,0.41259129122720856,0.9887546855228875
293,나의 인생을 한 단어로 표현한다면 무엇인가요?,가치관,2,4,1,3,0,0,0,2,1,2,d,0,0.41978788031628933,0.31515384664533075,0.532166725053104,0.8129274816317649
328,꾸준히 수집하는 물건이 있다면 무엇인가요?,취향,2,4,1,3,0,0,2,1,1,1,p,0,0.3898701364690756,0.29315266546039703,0.49610131451248834,0.9029589832480445
351,"내 안에서 낯선 감정이 고개를 들었던 적이 있다면, 어떤 느낌이었나요?",감정,2,4,1,3,0,0,2,3,2,2,r,1,0.26945978572881846,0.17513741119590157,0.39053015213355213,0.9890344425640882
362,"오늘 감정의 온도가 급격히 변한 시점이 있다면, 어떤 때였나요?",감정,2,4,1,3,0,2,2,2,1,1,r,1,0.22502742185999067,0.14273340276448868,0.33616302283862304,0.9976495731085628
364,최근 나를 가장 강하게 흔들어 놓은 감정은 무엇인가요?,감정,2,4,1,3,0,1,1,2,2,2,r,0,0.5064773683360823,0.38158169021939115,0.6305697901473654,0.4640975307029735
563,끌리는 사람과 좋은 사람 중 누가 더 좋은가요?,사랑,2,4,1,3,0,0,0,1,1,1,c,0,0.5749138942123745,0.4660874784502561,0.6769336910837892,0.18068672391489898
567,"이번 주, 마음이 몽글몽글한 순간은 언제였나요?",사랑,2,4,1,3,0,2,1,1,1,2,r,1,0.40005726163005007,0.27183978749529425,0.5436027559504202,0.8088036615718104
634,관계에서 내가 절대 포기할 수 없는 0순위는 무엇인가요?,가치관,2,4,0,3,1,0,0,2,1,1,d,0,0.44300042938834405,0.3379044293395923,0.5534597158857593,0.7366381892984913
688,위험해도 나을 가능성에 도전하는 것과 안전하게 지내는 것 중 뭐가 더 나은가요?,루틴,2,4,1,3,0,0,0,2,2,1,c,0,0.4633538587325211,0.3568843616983643,0.573272849716682,0.6543674381491731
720,사소한 기념일까지 챙기는 것과 중요한 날만 챙기는 것 중 뭐가 더 편한가요?,사랑,1,4,1,3,0,0,0,1,1,1,c,0,0.607760887362795,0.5011707914218522,0.7049821478789043,0.09264719307878594
23,무인도에 딱 하나만 가져간다면 무엇인가요?,취향,2,3,0,3,0,0,0,1,1,1,h,0,0.5222302327698143,0.4117617366894558,0.6305661541442114,0.3881140305983989
90,지금 내가 가장 필요한 감정은 뭘까요?,감정,2,3,0,3,0,1,0,3,2,2,d,1,0.34839753556115377,0.22590361641914372,0.49485192821795077,0.9039366105903455
99,나에게 사랑이란 어떤 감정인가요?,감정,2,3,0,3,0,0,0,3,2,2,d,0,0.41487967284973987,0.3001448139148638,0.5396541470800348,0.8026964145124471
127,"운동하기 싫을 때 나를 움직이게 하는 주문이 있다면, 어떤 건가요?",루틴,2,3,0,3,0,0,2,1,1,1,t,1,0.30299273274083494,0.2077541249468589,0.4188106912118424,0.9815750452354555
138,"새로운 취미를 시작할 때 거치는 과정이 있다면, 어떤 건가요?",루틴,2,3,0,3,0,0,2,2,1,1,t,0,0.30025546429069955,0.2161102430305636,0.4004276412431991,0.9922924464753702
167,나랑 유머 코드가 가장 잘 맞는 사람은 누구인가요?,관계,1,3,0,3,0,0,0,1,1,1,n,0,0.42529504417167435,0.2991914511401793,0.5619312836548871,0.7512664658898249
170,나를 가장 잘 이해한다고 느끼는 사람은 누구인가요?,관계,2,3,0,3,0,0,1,1,2,2,n,0,0.39749180412354446,0.26853509184913343,0.5424509909344937,0.8126928641343127
191,나를 가장 힘들게 했던 인연은 누구였나요?,관계,2,3,0,3,0,0,2,2,3,3,n,0,0.20489779244886872,0.11883365627284702,0.32995313595251957,0.9961400479901811
192,사람들에게 듣고 싶은 진심 어린 말은 무엇인가요?,관계,2,3,0,3,0,0,0,2,2,2,p,0,0.44900852675005987,0.3368857016841205,0.5665647003189818,0.7013837154804315
354,오늘 하루 감정 그래프를 그리면 어떤 모양일까요?,감정,2,3,0,3,0,2,0,2,1,2,o,1,0.2057908540401039,0.11733015548081607,0.3355890572340601,0.9949749847172518
412,고마운 마음을 잘 표현하는 편인가요?,감정,2,3,0,3,0,0,0,1,1,1,t,0,0.6073607575377851,0.512507705478872,0.6947502554890622,0.0693841712963877
434,"아침이나 저녁, 평소와 달랐던 순간은 언제였나요?",루틴,2,3,0,3,0,1,1,2,1,1,r,1,0.3612540733368376,0.24227292833250366,0.5001019661270628,0.8958985684303891
450,"집중이 안 될 때 나를 다시 잡아주는 나만의 방법이 있다면, 어떤 건가요?",루틴,2,3,0,3,0,0,2,1,1,1,t,0,0.3449304404290155,0.2543056312244794,0.4484294717553953,0.9687893895318669
453,"쉬고 있는데도 불안했던 적이 있다면, 그 불안은 어디에서 오는 걸까요?",루틴,2,3,0,3,0,0,2,3,2,2,r,0,0.22699354099787122,0.15003410775354212,0.32818663549559807,0.9988958422294909
536,"이번 주, 소중한 사람과 함께한 기억을 한 줄로 적어볼까요?",관계,2,3,0,3,0,2,2,1,1,1,r,0,0.18205417182071826,0.11757057223546805,0.27104175040009093,0.9999034508678455
728,"나쁜 연애를 지속하는 삶과 평생 혼자 지내는 삶 중, 어떤 쪽이 더 낫다고 생각하시나요?",사랑,2,3,0,3,0,0,0,2,2,1,c,0,0.5526375878677625,0.4383083592696702,0.6616592419116241,0.2685767190760132
4,카페에서 항상 고르는 메뉴는 무엇인가요?,취향,1,9,7,2,0,0,1,1,1,1,p,0,0.6497981004027124,0.5518874546496367,0.73652874483015,0.02477735958460013
307,인생 드라마는 무엇인가요?,취향,1,9,5,2,2,0,1,1,1,1,p,0,0.6381131986837876,0.5381847211551866,0.7273723557517047,0.037074017259660835
30,가장 좋아하는 영화 장르는 무엇인가요?,취향,1,8,4,2,2,0,0,1,1,1,p,0,0.6280945526076673,0.5318071154570907,0.715185047186135,0.04225447381781878
40,수집하고 싶은 물건이 있다면 무엇인가요?,취향,2,8,5,2,1,0,1,1,1,1,p,0,0.6077175503770231,0.5047634508974397,0.7019083451506107,0.08532537464294027
20,"좋아하는 향이 있다면, 어떤 향인가요?",취향,2,7,5,2,0,0,1,1,1,1,p,0,0.6077175510916493,0.5047634516475383,0.7019083457771789,0.08532537320942457
41,10년 뒤에는 어떤 분위기의 사람이고 싶나요?,취향,2,7,3,2,2,0,0,2,1,2,h,0,0.475958519116684,0.36462427234764144,0.5897347150900182,0.5952705089277015
310,최애 잠옷은 무엇인가요?,취향,2,7,5,2,0,0,0,1,1,1,p,0,0.6038737098569185,0.5056560234493799,0.6943719576261982,0.08288144718702523
317,노래방에 가면 꼭 부르는 노래는 무엇인가요?,취향,1,7,5,2,0,0,1,1,1,1,p,0,0.638113198746907,0.5381847212224136,0.7273723558064719,0.03707401719214162
334,이번 주 가장 꽂혔던 키워드는 뭐였나요?,취향,2,7,3,2,2,2,1,1,1,1,r,0,0.4110330577255117,0.30332579048478964,0.5280000784339723,0.8290108743312855
371,지금 내 마음의 색깔을 고른다면 어떤 색인가요?,감정,2,7,5,2,0,1,0,1,1,1,t,1,0.5889001683023142,0.463935310383384,0.7033602777498392,0.1738235902011493
393,"감정을 정리한 뒤에 대화하는 편인가요, 대화하면서 정리하는 편인가요?",감정,2,7,5,2,0,0,0,1,1,1,c,0,0.6054999111419715,0.5088789334539715,0.6945229669179789,0.07641249298540836
760,인간관계 없는 숲속의 고요함과 소란한 도시의 삶 중 뭐가 더 편안한가요?,가치관,2,7,4,2,1,0,0,1,1,1,c,0,0.5796859407869478,0.48657530959302703,0.6674513276952311,0.12885554719812609
12,혼자 시간을 보낼 때 찾는 장소는 어디인가요?,취향,2,6,4,2,0,0,0,1,1,1,t,0,0.5617749184195485,0.4691638609346483,0.6502727906286775,0.18674438597933984
39,가장 좋아하는 계절의 풍경은 무엇인가요?,취향,2,6,3,2,1,0,0,1,1,1,p,0,0.5896467569158925,0.4896261742389384,0.6827658488934648,0.11875505456500834
302,평생 한 가지 음식만 먹을 수 있다면 뭘 고르겠어요?,취향,2,6,4,2,0,0,0,1,1,1,h,0,0.5661219382020248,0.4570506196201636,0.6691435174679011,0.20988486781107368
306,최근 산 것 중 가장 만족스러운 건 무엇인가요?,취향,2,6,1,2,3,1,1,1,1,1,r,0,0.47397277632879814,0.35807585095622496,0.5927436441414331,0.5995342008222622
345,최근 나에게 고생했다고 토닥여주고 싶은 날은 언제였나요?,감정,2,6,4,2,0,1,1,1,2,2,r,0,0.589885905261241,0.4663711693522354,0.703017000659705,0.168422173131634
381,가장 소중한 기억은 무엇인가요?,감정,2,6,3,2,1,0,0,1,1,2,r,0,0.5653989807221834,0.4608273632915961,0.6644567165553843,0.20250560532976947
391,가장 실망하는 순간은 어떤 때인가요?,감정,2,6,4,2,0,0,0,1,2,2,t,0,0.6462031018332963,0.549266203991139,0.7324474060163184,0.026253687986903234
402,가장 위로가 되는 말은 무엇인가요?,감정,1,6,2,2,2,0,0,1,1,1,p,0,0.6960531327996607,0.6036803151948389,0.7749232562771174,0.004203262354719168
829,하지 않은 일로 인정받는 것과 억울하게 비난받는 것 중 뭐가 더 불편한가요?,가치관,2,6,3,2,1,0,0,2,1,1,c,0,0.5235303436813539,0.42747462568547695,0.6178763305676244,0.3649864110012425
17,여행지에서 꼭 들르는 곳은 어디인가요?,취향,2,5,1,2,2,0,2,1,1,1,t,0,0.3612538995003735,0.2732489390302082,0.45967496071612446,0.9606327035494072
45,어떤 공간에 있을 때 가장 나답다고 느끼나요?,취향,2,5,3,2,0,0,0,2,1,2,t,0,0.471547784776733,0.3751447253458374,0.5701208644812746,0.6317807271118902
311,취미에 일주일에 얼마나 시간을 쓰나요?,취향,2,5,2,2,1,0,1,1,1,1,t,0,0.5495732852966105,0.45032362553442995,0.6450284297555761,0.25083578876176704
316,가장 좋아하는 유튜버는 누구인가요?,취향,2,5,3,2,0,0,1,1,1,1,n,0,0.4908130195777828,0.3600970839473627,0.6227973673420146,0.5255282570615122
320,"힘들 때마다 찾게 되는 곳이 있다면, 어디인가요?",취향,2,5,1,2,2,0,1,1,2,2,p,0,0.5800540639174607,0.4677879111030032,0.6846053282626597,0.17265219122948583
344,오늘 갑자기 멍해진 순간이 있었나요?,감정,2,5,2,2,1,2,2,1,1,1,r,0,0.31701210195364987,0.22232263796790164,0.4297448341463072,0.9774437580120015
353,오늘 내 자신에게 칭찬 한 마디를 남긴다면 무엇일까요?,감정,2,5,1,2,2,2,0,1,1,1,o,0,0.32446395557671165,0.20846991881000726,0.46692561841037317,0.9386050935103558
363,감정이 멈추거나 굳어버린 것 같은 기분이 들었나요?,감정,2,5,2,2,1,0,2,2,3,2,r,1,0.36000155753359486,0.24282691229058373,0.49663210414889875,0.901445763581545
37,가장 좋아하는 요일은 언제인가요?,취향,2,4,2,2,0,0,0,1,1,1,p,0,0.5820945053176286,0.4811888492580618,0.6765660436584444,0.14109072146511026
44,나를 가장 잘 표현하는 단어 하나는 무엇인가요?,취향,2,4,2,2,0,0,0,2,1,2,d,0,0.37114652868008347,0.2703918979285399,0.48451307925823434,0.9229367814617914
46,내 취향이 남들과 가장 다른 점은 뭘까요?,취향,2,4,2,2,0,0,0,2,1,2,t,0,0.4616529853725205,0.3652104817610651,0.5610537872662504,0.6778980937956309
64,칭찬을 들었을 때 어떤 반응을 보이나요?,감정,2,4,2,2,0,0,0,1,1,1,t,0,0.6321898127278859,0.5394392051163762,0.7160923494970307,0.032679115677252665
181,나를 있는 그대로 봐주는 사람은 누구인가요?,관계,2,4,2,2,0,0,1,1,2,2,n,0,0.4267268470889898,0.29331725000889003,0.5717245223412436,0.7343764159196903
283,나의 가치관과 충돌하는 상황에서 나는 어떻게 하나요?,가치관,2,4,2,2,0,0,0,2,2,1,t,0,0.5996243599520332,0.5046073738170729,0.6876961175612847,0.08446276107084
419,"잠 들기 전 꼭 하는 일이 있다면, 어떤 건가요?",루틴,2,4,1,2,1,0,1,1,1,1,t,0,0.5423783980376196,0.435939251128022,0.6450844996433425,0.294988246725355
507,"가족이라서 참고 있는 게 있다면, 어떤 건가요?",관계,2,4,1,2,1,0,2,2,3,3,t,0,0.2701243576991406,0.17827452892171505,0.3870091302858755,0.9908997436595826
571,데이트 중 가장 창피했던 일은 무엇인가요?,사랑,2,4,0,2,2,0,2,1,2,2,r,0,0.4058222045096995,0.29365291050613906,0.5287635451012841,0.831168624399538
605,"괜찮지 않은데 '괜찮아'라고 넘긴 적이 있다면, 어떤 순간이었나요?",가치관,2,4,1,2,1,0,1,2,2,2,r,0,0.5183296059354,0.4079637504996185,0.6269354515534551,0.4054535363171636
676,내 감정을 다스리는 것과 생각을 다스리는 것 중 뭐가 더 하고 싶나요?,감정,2,4,2,2,0,0,0,2,1,1,c,0,0.5346543479055644,0.43296927422348674,0.6335383625578289,0.32045440855835367
764,후회 없는 20년과 후회 많은 50년 중 뭐가 더 나은가요?,가치관,2,4,2,2,0,0,0,1,1,1,c,0,0.5641071214754738,0.46929062015031026,0.6544567340445836,0.1838221663874337
773,같은 월급이면 몸을 움직이는 일과 사무직 중 뭐가 더 마음이 가나요?,가치관,1,4,1,2,1,0,0,1,1,1,c,0,0.5896672110569343,0.4960173542627397,0.6772386564341257,0.1036450883254671
789,관계 문제는 커플 상담과 자기계발서 중 뭐가 더 효과적인가요?,가치관,1,4,1,2,1,0,0,1,1,1,c,0,0.5896672110542533,0.4960173542712369,0.6772386564218517,0.1036450883051766
816,신중히 곱씹는 삶과 후회 없이 실수하는 삶 중 뭐가 더 나다운가요?,가치관,2,4,1,2,1,0,0,1,1,1,c,0,0.5558358124442423,0.460197948135144,0.6475079744040138,0.2171654949190207
820,남의 마음을 읽는 것과 내 마음을 나누는 것 중 뭐가 더 하고 싶나요?,가치관,2,4,2,2,0,0,0,1,1,1,c,0,0.564107121999975,0.469290620696111,0.654456734513756,0.18382216444223115
855,가장 행복할 날과 가장 불행할 날 중 뭐가 더 궁금한가요?,가치관,2,4,2,2,0,0,0,1,1,1,c,0,0.5641071214792538,0.46929062015435874,0.6544567340478603,0.18382216637312454
58,지금 내 마음의 온도는 몇 도쯤 될까요?,감정,1,3,1,2,0,1,0,2,1,2,t,1,0.5069813942814747,0.37840610715959466,0.6346397778100809,0.46319729171805707
98,나만 아는 내 마음의 모양은 어떤 걸까요?,감정,2,3,1,2,0,0,0,3,2,2,d,1,0.38751995088770563,0.2644765096438181,0.526807262073799,0.8451388295663806
124,"약속 시간에 늦지 않기 위해 하는 준비가 있다면, 어떤 건가요?",루틴,2,3,1,2,0,0,2,1,1,1,t,0,0.3625322564931146,0.26921460237283157,0.46750351130072,0.9491520205375679
143,나를 가장 잘 보여주는 생활 습관은 무엇인가요?,루틴,2,3,1,2,0,0,0,2,1,1,t,0,0.48738492566189195,0.38536587341190165,0.5904659580340741,0.5497373867000143
147,"반복되는 일상 속, 나를 가장 뿌듯하게 만드는 루틴은 무엇인가요?",루틴,2,3,1,2,0,0,0,1,1,1,t,0,0.5381273547424279,0.43644707067570243,0.6367316005931087,0.3048616746969464
148,과거의 나보다 좋아진 습관이 있다면 무엇인가요?,루틴,2,3,1,2,0,0,1,2,1,1,t,0,0.49165421432965334,0.3849557914205088,0.5991184101914283,0.5276161013207787
176,내가 생각하는 '좋은 사람'의 기준은 무엇인가요?,관계,2,3,1,2,0,0,0,2,1,1,d,0,0.3390654878480343,0.23964266582964394,0.4550508273877476,0.9581777850916473
180,다른 사람 칭찬을 잘해주는 편인가요?,관계,2,3,1,2,0,0,0,1,1,1,t,0,0.47923005047511164,0.37765688656497975,0.5825499960606568,0.5892085855316163
190,"관계를 정리할 때 나만의 기준이 있다면, 어떤 건가요?",관계,2,3,1,2,0,0,2,2,2,2,t,0,0.268868714562127,0.18649412334086196,0.3710333606811636,0.996386069206766
227,사랑하는 사람과 다툼이 생기면 어떻게 해결하나요?,사랑,2,3,1,2,0,0,1,2,2,2,t,0,0.5921293448028792,0.4750258699139906,0.6996285576691587,0.14979846458619822
246,영원한 사랑이 있다고 생각하나요?,사랑,2,3,1,2,0,0,0,1,1,1,d,0,0.5430183543125536,0.4221228682901845,0.6590502391679298,0.315493910967981
254,5년 뒤 '잘 살고 있다'고 느끼려면 뭐가 필요할까요?,가치관,2,3,1,2,0,0,0,2,1,1,h,0,0.5611460790707804,0.45153159243139335,0.6651018330025468,0.2283745092739532
255,가장 존경하는 인물은 누구인가요?,가치관,1,3,0,2,1,0,0,1,1,1,n,0,0.5637189112623985,0.4357316896673001,0.6837460873726438,0.253802438906402
271,내가 생각하는 '공정하다'는 건 어떤 건가요?,가치관,2,3,1,2,0,0,0,3,1,1,d,0,0.4119710216685945,0.30546916584099776,0.5274078187984231,0.829542169252927
291,"과거로 돌아갈 수 있다면 바꾸고 싶은 선택이 있다면, 어떤 건가요?",가치관,2,3,1,2,0,0,1,2,2,2,h,0,0.5670117238181112,0.44756840012393795,0.6791435966562245,0.22780800486738517
348,오늘 하루를 관통한 감정에 이름을 붙인다면 무엇일까요?,감정,2,3,1,2,0,2,0,2,1,2,d,1,0.3019129503194074,0.19531994267771266,0.4352151528849248,0.9669655220512893
355,오늘 감정을 억누르기 힘든 순간이 있었나요?,감정,2,3,1,2,0,2,2,1,2,2,r,0,0.3071873204192374,0.21066306663861975,0.42417184286837645,0.9787412076345121
361,오늘 감정이 내 예상과 전혀 다르게 흘러갔나요?,감정,2,3,1,2,0,2,0,2,1,1,r,0,0.42446797626583566,0.3153724537209876,0.5414556174154963,0.7887747854840004
375,이번 주 통틀어 가장 환하게 웃었던 기쁜 순간은 언제인가요?,감정,2,3,1,2,0,2,1,1,1,1,r,0,0.4790355667450492,0.36254547750476973,0.5978510650422114,0.5782914755929125
398,화난 감정이 얼마나 오래가나요?,감정,2,3,1,2,0,0,0,1,1,1,t,0,0.6255315512334952,0.5316463137161179,0.7108331232752207,0.0413883707108173
416,워라밸이 얼마나 중요한가요?,루틴,2,3,1,2,0,0,0,1,1,1,d,0,0.44352337427600536,0.3318842115909292,0.5611735030043161,0.7218166212979631
423,오늘 나를 정신없이 달리게 만든 주범은 무엇인가요?,루틴,2,3,1,2,0,2,1,1,1,1,r,1,0.3462774374737738,0.23195135475674336,0.48161826338361813,0.9231940791952307
443,"집중이 잘 되는 시간대가 있다면, 언제인가요?",루틴,2,3,1,2,0,0,1,1,1,1,t,0,0.5423783980626555,0.43593925114827736,0.6450844996706709,0.2949882466290825
474,한 달에 가장 많이 쓰는 카테고리가 뭔가요?,루틴,2,3,1,2,0,0,0,1,1,1,t,0,0.5381273547337625,0.4364470706706257,0.6367316005817546,0.30486167472903547
475,누군가에게 돈을 쓸 때 기분이 어떤가요?,루틴,2,3,1,2,0,0,0,1,1,1,t,0,0.5381273547457811,0.43644707071402644,0.6367316005633096,0.3048616746198207
500,의견이 다를 때 어떻게 대화를 풀어나가나요?,관계,2,3,1,2,0,0,0,1,1,1,t,0,0.4792300504881785,0.37765688659832813,0.5825499960516171,0.5892085854877971
509,"부모님한테 인정받고 싶은 마음이 있다면, 어떤 부분에서 인정받고 싶나요?",관계,2,3,1,2,0,0,1,2,3,3,t,0,0.4362848514769307,0.313417928669123,0.5675054960094689,0.7251247430380924
519,나의 말이나 행동이 타인에게 기분 좋은 울림을 줬나요?,관계,2,3,0,2,1,0,0,2,1,1,o,0,0.23891045850879855,0.1479104689392671,0.3621048974702452,0.9935265107836386
521,누군가와 '진짜 함께 있다'는 건 어떤 느낌일까요?,관계,2,3,1,2,0,0,0,3,1,1,d,1,0.25637257448678974,0.16321963138388815,0.3786336200262231,0.9912025712643865
524,"말을 건네고 싶었지만 꾹 참은 사람이 있다면, 어떤 말을 하고 싶었나요?",관계,2,3,1,2,0,0,2,2,3,3,n,0,0.21790646748237888,0.1272700327583847,0.34739678422423853,0.9939670702429769
528,오늘 누군가와 진심이 닿는 대화를 나눴나요?,관계,2,3,0,2,1,2,2,1,1,1,o,0,0.10506971382919694,0.058225897566940035,0.18230500043481918,0.999989829075983
542,남이 말해줘서 알게 된 나의 특징은 무엇인가요?,관계,2,3,0,2,1,0,1,2,1,1,t,0,0.4222242574662384,0.31882095142181066,0.5329265528094828,0.8088957695682331
553,연애할 때 혼자만의 시간은 어떤 의미인가요?,사랑,2,3,1,2,0,0,1,2,1,1,d,0,0.4965506271407753,0.3721424270326128,0.6213874176104279,0.5039514412098189
561,전 애인과 친구가 될 수 있다고 생각하나요?,사랑,2,3,1,2,0,0,0,1,1,1,d,0,0.5430183543408271,0.4221228682485808,0.6590502392574575,0.31549391096113455
564,이상형과 실제 사귄 사람이 같은 편인가요? 다르다면 어떤 점이 다른가요?,사랑,2,3,1,2,0,0,2,1,1,2,t,0,0.42470181667886064,0.3178997826164828,0.5390299512533445,0.7933820156888371
565,이상형의 조건 중 양보할 수 있는 것과 없는 것은 무엇인가요?,사랑,2,3,1,2,0,0,0,2,1,1,p,0,0.6227291287211644,0.5108339782156278,0.7229122773655239,0.07628054532530262
569,내 인생에서 사랑은 어떤 의미인가요?,사랑,2,3,1,2,0,0,0,3,1,1,d,0,0.44167566929321744,0.3213912619051146,0.5692169552160533,0.7125461306047133
593,돈과 시간 중 더 소중한 건 무엇인가요?,가치관,1,3,0,2,1,0,0,1,1,1,c,0,0.5818393227793421,0.48718564979517015,0.6708265478819385,0.12661579991909572
647,"모든 물건이 있는 집에 불이 났을 때, 소중한 가족과 애완동물을 대피시킨 후 하나의 물건만 가져나올 수 있다면 뭘 고를 것인가요?",가치관,2,3,1,2,0,0,0,1,1,1,h,0,0.6104998480589736,0.5041039746095763,0.7073216547498835,0.0870132137385673
674,몸의 아픔을 못 느끼는 것과 마음의 아픔을 못 느끼는 것 중 뭐가 더 나은가요?,감정,2,3,1,2,0,0,0,2,2,1,c,0,0.5618454726669776,0.4562441859048846,0.6621259311783729,0.21735116930966109
679,감정을 못 드러내는 것과 못 숨기는 것 중 뭐가 덜 힘든가요?,감정,2,3,1,2,0,0,0,1,1,1,c,0,0.5760137427026971,0.47575875955623537,0.6703795041444649,0.15752506988796677
689,친구 한 명을 잃는 것과 나머지 모든 친구를 잃는 것 중 뭐가 더 아픈가요?,관계,2,3,1,2,0,0,0,2,3,1,c,0,0.4497240344864573,0.33456792876130675,0.5705327500418168,0.693679461070869
753,남 밑에서 편하게 일하는 것과 내 사업을 하는 것 중 뭐가 더 나은가요?,가치관,2,3,1,2,0,0,0,1,1,1,c,0,0.5558358124431159,0.4601979481413543,0.647507974396225,0.21716549490580167
774,노숙자를 돕는 일과 아이들을 가르치는 일 중 뭐가 더 마음이 가나요?,가치관,2,3,1,2,0,0,0,1,1,1,c,0,0.5558358124424334,0.46019794814477716,0.6475079743918183,0.21716549489861126
794,먼 미래를 계획하는 연애와 지금을 즐기는 연애 중 뭐가 더 편한가요?,가치관,2,3,0,2,1,0,0,1,1,1,c,0,0.54722031795465,0.45079087839540843,0.6402311220005188,0.2545732584917706
799,늘 옳은 결정을 내리는 힘과 실수에서 빨리 배우는 힘 중 뭐가 더 필요한가요?,가치관,2,3,1,2,0,0,0,2,1,1,c,0,0.5052508564796045,0.40824623148434613,0.6018617622430328,0.45983242583571843
824,한 달을 슬퍼하고 달라지는 것과 1년을 무감각하게 사는 것 중 뭐가 더 나은가요?,가치관,2,3,1,2,0,0,0,2,2,1,c,0,0.541536188355793,0.44053949296369294,0.6392314340497801,0.28859705083602605
835,우주의 비밀과 내 선택의 결과 중 뭐가 더 궁금한가요?,가치관,1,3,1,2,0,0,0,1,1,1,c,0,0.589667211061926,0.49601735424356574,0.6772386564599105,0.10364508837129438
869,규칙이 하나도 없는 세상과 너무 많은 세상 중 뭐가 더 답답한가요?,가치관,2,3,1,2,0,0,0,1,1,1,c,0,0.5558358124434902,0.4601979481393327,0.6475079743987745,0.2171654949100929
21,"남들은 모르지만 혼자 발견한 풍경이 있다면, 어떤 풍경인가요?",취향,2,2,0,2,0,0,2,2,1,1,r,0,0.26694256703709984,0.1891815284268836,0.3623812109224641,0.9980116051183561
114,하루 중 온전히 나만을 위해 쓰는 시간은 얼마나 되나요?,루틴,2,2,0,2,0,0,0,1,1,1,t,0,0.5291207893400975,0.4268502932350436,0.6290034238664209,0.3467639652300579
117,새로운 루틴을 만들 때 가장 힘든 점은 무엇인가요?,루틴,2,2,0,2,0,0,1,2,1,1,t,0,0.481729091846565,0.374943036162163,0.5902106597470782,0.5734260832506844
121,주말에 꼭 하는 일은 무엇인가요?,루틴,2,2,0,2,0,0,0,1,1,1,t,0,0.5291207892473083,0.42685029314713646,0.6290034237764565,0.3467639656537615
132,"중요한 일을 앞두고 지키는 징크스 같은 행동이 있다면, 어떤 건가요?",루틴,2,2,0,2,0,0,2,1,1,1,t,0,0.35112673191567206,0.25903751969076316,0.4558147266780005,0.9618436101484196
141,지금의 습관이 10년 뒤 나를 어디로 데려갈까요?,루틴,2,2,0,2,0,0,0,3,1,2,h,1,0.35088409003157683,0.23392853466412813,0.48898905198197995,0.9128192950628176
150,오늘 하루를 기록한다면 어떤 제목을 붙이고 싶나요?,루틴,2,2,0,2,0,2,0,2,1,1,o,0,0.20344500359645493,0.12043278448474634,0.3226843691779827,0.9973281539294098
155,최근 누군가에게 받은 기분 좋은 문자는 무엇인가요?,관계,1,2,0,2,0,1,2,1,1,1,r,0,0.2710145336849728,0.18210353448442562,0.3830074922170958,0.9928345819539671
157,길에서 우연히 만나면 반가울 사람은 누구인가요?,관계,1,2,0,2,0,0,0,1,1,1,n,0,0.43349782413331606,0.3058108722424827,0.5706709926200304,0.72514274257713
183,다투면 먼저 사과하는 편인가요? 사과할 때 나만의 방식이 있나요?,관계,2,2,0,2,0,0,0,2,2,2,t,0,0.41963086097161156,0.31539645437779695,0.5315658683857961,0.8143541073868352
212,좋아하는 사람에게 제일 먼저 보여주고 싶은 내 모습은 뭘까요?,사랑,1,2,0,2,0,0,0,2,1,2,t,0,0.5782657646361195,0.4685432436683613,0.6807693941715375,0.17243007204912125
214,"첫눈에 반한 적이 있다면, 어떤 느낌이었나요?",사랑,2,2,0,2,0,0,2,1,1,2,r,0,0.37055646521858154,0.2658681356441986,0.48900866570153056,0.9149023773137437
223,사랑과 우정의 경계선은 어디라고 생각하나요?,사랑,2,2,0,2,0,0,0,2,1,1,d,0,0.4823614081961735,0.3620976783769097,0.6047039093903742,0.5623759225400409
289,내가 가장 중요하게 생각하는 옮고 그름의 기준은 무엇인가요?,가치관,2,2,0,2,0,0,0,3,1,1,d,0,0.40091690446835876,0.29530340846552877,0.516611823371172,0.8582781765413935
299,"인생의 마지막 날, 되돌아본다면 나에게 어떤 말을 할까요?",가치관,2,2,0,2,0,0,0,3,2,2,h,0,0.5027385221877116,0.3833169589752689,0.6218484477048216,0.47813190706122966
382,가장 힘들었던 경험은 무엇이었나요?,감정,2,2,0,2,0,0,0,2,3,3,r,0,0.5271453936068944,0.40045061322225556,0.6504379440786464,0.38339109698395646
388,내 삶에서 가장 들키기 싫은 건 무엇인가요?,감정,2,2,0,2,0,0,0,2,3,3,t,0,0.571970636899721,0.45002503229326646,0.685757970699148,0.2167325867512585
389,감정을 숨기기 어려워하는 편인가요?,감정,2,2,0,2,0,0,0,1,1,1,t,0,0.6185843469766998,0.5235534472998284,0.7053288324199197,0.05213576457455736
400,혼자 울 때와 누군가 앞에서 울 때가 다른가요?,감정,2,2,0,2,0,0,1,2,2,2,t,0,0.5745541989568075,0.4648788777721132,0.6773521821506122,0.18366901504661948
405,걱정이 많은 편인가요? 요즘 가장 큰 걱정은 뭔가요?,감정,2,2,0,2,0,1,0,1,2,2,t,0,0.5981809008976765,0.4824501138572705,0.7039149635947464,0.13214018897134927
435,오늘 정리한 나의 생활이나 마음은 무엇이었나요?,루틴,2,2,0,2,0,2,2,2,1,1,r,1,0.1610131053005545,0.09740135402626661,0.2544570329479123,0.9998702041251756
465,"운동 전에 꼭 하는 루틴이 있다면, 어떤 건가요?",루틴,2,2,0,2,0,0,2,1,1,1,t,0,0.3511267319671454,0.2590375197304181,0.45581472673883167,0.961843610086962
483,"꿈을 기록해본 적이 있다면, 어떤 경험이었나요?",루틴,2,2,0,2,0,0,2,1,1,1,r,0,0.310878862812061,0.2213861300530867,0.4171654108923032,0.985472060833567
487,가장 귀찮은 루틴은 무엇인가요?,루틴,1,2,0,2,0,0,0,1,1,1,p,0,0.6016585696105673,0.4947616655951666,0.6996675670893456,0.10587006481590377
495,오래된 관계와 새로운 관계 중 어디에 더 힘을 쓰나요?,관계,2,2,0,2,0,0,0,1,1,1,c,0,0.41723358650935555,0.31654584827968957,0.5253310562284749,0.8300041048626747
515,최근에 가장 기분 좋게 이야기를 나눈 사람은 누구인가요?,관계,1,2,0,2,0,1,1,1,1,1,n,0,0.41511849679690366,0.27898719193829496,0.5655703130760713,0.759115583881198
520,나는 사람들에게 마음을 얼마나 열어두고 있나요?,관계,2,2,0,2,0,0,0,2,2,2,t,0,0.4196308609724622,0.3153964543794208,0.5315658683856629,0.8143541073863156
529,상대의 감정을 예민하게 읽어낸 순간이 있었나요?,관계,2,2,0,2,0,0,2,2,1,1,r,0,0.2231767252620466,0.15139040644919716,0.3163145965865975,0.9995629104384711
548,아버지와의 관계에 대해 어떻게 생각하나요?,관계,2,2,0,2,0,0,1,2,3,3,t,0,0.42551371861023707,0.30356721988237917,0.5572503590870712,0.7585883577010313
588,"과거의 나에게 '괜찮아, 그럴 수 있어'라고 말해주고 싶은 순간이 있나요?",가치관,2,2,0,2,0,0,1,2,2,2,r,0,0.5089099764346277,0.39824357732605026,0.6187099673352628,0.44826216911150996
594,성공은 어떤 의미인가요?,가치관,2,2,0,2,0,0,0,3,1,1,d,0,0.40091690485539505,0.29530340877185046,0.5166118238084022,0.8582781754795711
595,꿈과 현실의 균형을 어떻게 맞추고 있나요?,가치관,2,2,0,2,0,0,0,3,1,1,t,0,0.4963471288720838,0.39713023510290724,0.5958525452603858,0.5060283505808717
607,어떤 순간에 나를 더 안아주고 싶어지나요?,가치관,2,2,0,2,0,0,0,2,2,2,t,1,0.5014094748963318,0.38380571540129166,0.6188574881182566,0.4834623240463794
608,채워지지 않는 결핍이 있다면 무엇인가요?,가치관,2,2,0,2,0,0,1,3,3,3,t,1,0.45575336622811846,0.320917854068389,0.5974029086794959,0.6463269544018467
635,지금 당장 감사하다고 말하고 싶은 단 한 가지는 무엇인가요?,가치관,2,2,0,2,0,1,0,1,1,1,p,0,0.6135546479133498,0.5021725896086592,0.7141992970833365,0.09109876580282628
640,나의 생각과 삶의 태도에 가장 큰 변화를 준 사람은 누구인가요?,가치관,2,2,0,2,0,0,1,2,1,1,n,0,0.4813851569080974,0.35100944718773197,0.6143459346205785,0.5609432772693284
713,널리 얕게 사랑받는 것과 미움받아도 깊은 관계 하나 중 뭐가 더 소중한가요?,관계,2,2,0,2,0,0,0,2,1,1,c,0,0.3678027321040881,0.2719131762222857,0.475426817777275,0.9379140783148036
715,권위형 리더와 솔선수범형 리더 중 어느 쪽에 더 가깝나요?,관계,2,2,0,2,0,0,1,1,1,1,c,0,0.42147147959226994,0.31641624029987014,0.5341515319611453,0.8070635840377323
716,남의 운명을 좌우하는 것과 내 삶을 내 뜻대로 하는 것 중 뭐가 더 좋나요?,관계,2,2,0,2,0,0,0,2,1,1,c,0,0.3678027320311735,0.27191317616768135,0.47542681768965084,0.9379140784417513
732,돈 많고 성격 나쁜 사람과 가난해도 착한 사람 중 누가 더 끌리나요?,사랑,2,2,0,2,0,0,0,1,1,1,c,0,0.5776787986108017,0.4675882392564147,0.6805570100845267,0.17499766543431167
826,아픈 진실을 말하는 것과 자비로운 거짓말을 하는 것 중 뭐가 더 옳은가요?,가치관,2,2,0,2,0,0,0,2,1,1,c,0,0.4955794776540248,0.39819564757196707,0.5932998732332369,0.5101139032411385
841,거짓말을 알아채는 능력과 들키지 않는 능력 중 뭐가 더 탐나나요?,가치관,2,2,0,2,0,0,0,1,1,1,c,0,0.5472203176352786,0.45079087811072266,0.6402311216715808,0.2545732597854019
842,꿈꾸던 일과 진정한 사랑 중 뭐가 더 이루고 싶나요?,가치관,2,2,0,2,0,0,0,1,1,1,c,0,0.5472203178162275,0.45079087827323006,0.6402311218568235,0.2545732590497817
843,평범한 사람들 틈에서 돋보이는 삶과 천재들 틈에서 평범한 삶 중 뭐가 더 끌리나요?,가치관,2,2,0,2,0,0,0,1,1,1,c,0,0.547220318016555,0.45079087845070986,0.640231122064167,0.25457325824075633
863,완전히 이해받는 것과 있는 그대로라도 받아들여지는 것 중 뭐가 더 필요한가요?,가치관,2,2,0,2,0,0,0,2,1,1,c,0,0.4955794779750529,0.3981956478526524,0.5932998735703567,0.5101139015777987
35,가장 좋아하는 작가나 아티스트는 누구인가요?,취향,2,8,6,1,1,0,0,1,1,1,p,0,0.6208980878546202,0.5235055222133691,0.7094330962116492,0.053125527363333154
57,최근에 가장 크게 웃었던 일은 무엇인가요?,감정,1,8,5,1,2,1,1,1,1,1,r,0,0.6368370860413403,0.522113178256906,0.7378481688565851,0.06080440960906768
321,"한 번쯤은 시도해보고 싶은 패션 스타일이 있다면, 어떤 건가요?",취향,2,8,6,1,1,0,1,1,1,1,p,0,0.6246900356498201,0.5226276158117562,0.7167575363274399,0.05604710314208629
51,지금 기분을 날씨로 말하면 어떤가요?,감정,1,7,3,1,3,1,0,1,1,2,t,1,0.5842840250364549,0.4562326507835304,0.7018846283168332,0.19212880319658593
66,최근에 가장 뿌듯했던 순간은 언제인가요?,감정,1,7,5,1,1,1,1,1,1,1,r,0,0.636837085806526,0.5221131780088117,0.7378481686561394,0.06080440993183613
308,쉴 때마다 구경하는 앱은 무엇인가요?,취향,2,7,4,1,2,0,0,1,1,1,t,0,0.5719489373810523,0.47875756474188835,0.6603008890832305,0.15277146213470338
390,감정에 쉽게 휘둘리는 편인가요?,감정,2,7,5,1,1,0,0,1,1,1,t,0,0.6613028844131946,0.5721200734303803,0.7403339812496305,0.010770110464417854
1,요즘 자주 찾는 색깔은 무엇인가요?,취향,2,6,2,1,3,1,0,1,1,1,p,0,0.5708064157899294,0.4555721343537989,0.678844250588651,0.20724680436394283
2,가장 자주 듣는 노래는 무엇인가요?,취향,1,6,4,1,1,0,0,1,1,1,p,0,0.638879797535296,0.5426735463587179,0.7250996542072661,0.031279411841180584
33,누군가에게 선물할 때 가장 신경 쓰는 건 무엇인가요?,취향,2,6,4,1,1,0,1,2,1,1,t,0,0.5275403072392845,0.4271721750286634,0.6257305170788914,0.351448864012605
303,"야심 차게 시작했다가 금방 포기한 취미가 있다면, 어떤 건가요?",취향,2,6,5,1,0,0,1,1,1,1,r,0,0.5421268283246188,0.43761366949326375,0.6430594738500827,0.292596670807513
309,"언젠가 살아보고 싶은 곳이 있다면, 어디인가요?",취향,2,6,5,1,0,0,1,1,1,1,p,0,0.6181849875068837,0.5151540406648586,0.7115796299655109,0.06731453193271478
48,내가 좋아하는 사람들의 공통점은 무엇인가요?,취향,2,5,3,1,1,0,0,2,1,1,t,0,0.5144585443860039,0.41864324907086337,0.6092227086945792,0.41110440251843317
70,기분이 울적할 때 찾게 되는 음식은 무엇인가요?,감정,2,5,4,1,0,0,0,1,1,1,p,0,0.6881784386946375,0.5941939144733335,0.768863288867686,0.006147623869528487
86,한참 슬펐을 때 나를 건져준 건 무엇인가요?,감정,2,5,2,1,2,0,1,2,3,3,r,0,0.5594574707615841,0.4288555965651539,0.6823175492660163,0.2719739651157439
89,나를 가장 미소 짓게 하는 추억은 무엇인가요?,감정,2,5,3,1,1,0,0,1,1,2,r,0,0.5757998239813954,0.4707206941835195,0.6744454143844384,0.16951495001459815
312,낮잠 자는 걸 좋아하나요?,취향,2,5,4,1,0,0,0,1,1,1,t,0,0.5719489373635626,0.47875756467130837,0.6603008891146224,0.15277146232873468
410,감정을 글로 쓰면 정리가 되나요? 쓰고 나면 뭐가 달라지나요?,감정,2,5,3,1,1,0,1,2,1,1,t,0,0.6067817532738007,0.5055196444270288,0.6996284694783064,0.08363546474939776
678,사랑을 못 느끼는 것과 두려움을 못 느끼는 것 중 뭐가 덜 두렵나요?,감정,2,5,4,1,0,0,0,2,2,1,c,0,0.5957782643769279,0.492220647782936,0.691454894902647,0.11188163507195759
785,무리에 자연스럽게 섞이는 것과 확실히 돋보이는 것 중 뭐가 더 편한가요?,가치관,1,5,3,1,1,0,0,1,1,1,c,0,0.6151862096061291,0.5233389824287332,0.6994976942673342,0.05114066547152472
3,"비 올 때 듣고 싶은 노래가 있다면, 어떤 노래인가요?",취향,2,4,3,1,0,0,1,1,1,1,p,0,0.6043650685165217,0.49940257247650177,0.7005173791312267,0.09610383066278372
52,오늘 나를 웃게 만든 장면은 무엇인가요?,감정,1,4,2,1,1,2,1,1,1,1,r,0,0.532715505146217,0.414588796271721,0.6472848885821642,0.35222005207198437
77,내가 가장 예민하게 반응하는 포인트는 무엇인가요?,감정,2,4,3,1,0,0,0,2,2,2,t,0,0.6043350662530189,0.5015675460289046,0.6986446103043008,0.09157050469260047
79,행복의 기준이 있다면 무엇인가요?,감정,2,4,2,1,1,0,1,3,1,1,d,0,0.4551604455646021,0.33673938365078887,0.5788796573180437,0.6690986481932713
91,내 성격 중 가장 소중히 여기는 모습은 무엇인가요?,감정,2,4,3,1,0,0,0,2,1,2,t,0,0.5696399216193131,0.46908556936208456,0.6647601488630781,0.1787120808403584
123,"건강을 위해 매일 챙겨 먹는 게 있다면, 어떤 건가요?",루틴,2,4,3,1,0,0,2,1,1,1,t,0,0.39153391364627926,0.29477970154497735,0.49763597984484215,0.8997967520290929
206,사람들에게 어떤 부분에서 인정받고 싶나요?,관계,2,4,3,1,0,0,0,2,2,2,t,0,0.4596482266986505,0.3527163330563815,0.5704292549600818,0.6689834183244929
215,사랑하는 사람과 매일 하고 싶은 사소한 일은 무엇인가요?,사랑,1,4,3,1,0,0,0,1,1,1,p,0,0.7199127434632229,0.6223007216837743,0.8003898213003846,0.002988540442468758
313,이동하는 시간에 나는 주로 무슨 생각을 하나요?,취향,2,4,3,1,0,0,0,1,1,1,t,0,0.564002801259994,0.4699600961055532,0.6536565854826419,0.18223575744570203
322,좋아하는 계절과 시간대는 언제인가요?,취향,2,4,3,1,0,0,0,1,1,1,p,0,0.6003194016348881,0.4999993087757023,0.6928750508958036,0.09464858918406227
349,"울컥하거나 감정이 터질 뻔한 순간, 어떻게 넘겼나요?",감정,2,4,2,1,1,0,2,2,3,3,r,0,0.37856291735145237,0.26378423367419396,0.5087708492931651,0.879614052433794
394,다른 사람의 감정에 얼마나 예민하게 반응하는 편인가요?,감정,2,4,3,1,0,0,0,1,1,1,t,0,0.6495977893868995,0.5581133655220782,0.731261963608393,0.018114337557572423
395,화가 나면 어떻게 표현하나요?,감정,1,4,3,1,0,0,0,1,2,2,t,0,0.6814945843995458,0.587956607794519,0.7623801464021805,0.007394803611874036
439,좋아하는 운동은 어떤 운동인가요?,루틴,1,4,2,1,1,0,1,1,1,1,p,0,0.631190631924194,0.5220537061642856,0.728373097730069,0.059182460186489
452,공부하다 잠깐 쉴 때 주로 뭘 하나요?,루틴,2,4,3,1,0,0,2,1,1,1,t,0,0.39153391273578775,0.29477970070756826,0.4976359789410126,0.8997967539168918
463,공간이 깨끗해지면 마음도 달라지나요?,루틴,2,4,2,1,1,0,0,1,1,1,t,0,0.5571233415536374,0.4553780274226916,0.6542909749857843,0.22632087200243878
464,"운동할 때 꼭 듣는 음악이 있다면, 어떤 건가요?",루틴,2,4,3,1,0,0,2,1,1,1,p,0,0.42762772752895983,0.32122506226698727,0.5411751512730336,0.7854096511858132
574,남의 시선을 얼마나 의식하나요?,가치관,1,4,2,1,1,0,0,1,1,1,t,0,0.6561841425477022,0.5709876996811671,0.7323911638352139,0.009820784480881336
649,어떻게 죽게 될지에 대한 나만의 예감이 있나요?,가치관,2,4,3,1,0,0,1,2,3,2,h,0,0.6274989679708936,0.5028237159215101,0.737247174547441,0.09097996024116695
673,아파도 감정을 그대로 느끼는 것과 부정적인 감정을 안 느끼는 것 중 뭐가 더 좋나요?,감정,2,4,3,1,0,0,0,2,2,1,c,0,0.5883635780898295,0.4839151899327723,0.6854150993525552,0.13222890804282816
705,"10억을 준다면, 절친을 배신하는 것과 의리를 지키는 것 중 뭐가 더 끌리나요?",관계,2,4,3,1,0,0,0,1,2,1,c,0,0.492911722961441,0.3845271796756173,0.6019666610652993,0.5213805344534425
740,쉽게 용서하는 사람과 서운함을 같이 풀어가는 사람 중 누가 더 편한가요?,사랑,2,4,3,1,0,0,0,1,1,1,c,0,0.6113097181456293,0.5036922798942292,0.7090701743465638,0.08792185044178857
750,바빠서 지치는 것과 한가해서 지치는 것 중 뭐가 더 버거운가요?,가치관,1,4,3,1,0,0,0,1,1,1,c,0,0.6151862097111545,0.5233389825522428,0.6994976943497697,0.05114066528912693
770,가장 인기 있는 사람과 가장 똑똑한 사람 중 누가 더 되고 싶나요?,가치관,1,4,2,1,1,0,0,1,1,1,c,0,0.6081130564796653,0.5151792393984341,0.6938199640089749,0.06418670651955705
822,내 무의식을 다 아는 것과 미스터리로 남겨두는 것 중 뭐가 더 끌리나요?,가치관,2,4,3,1,0,0,0,2,1,1,c,0,0.5333296492494787,0.43640550324039507,0.6278014094630705,0.3184505775952469
867,완전한 자유와 무조건적인 권력 중 뭐가 더 갖고 싶나요?,가치관,2,4,3,1,0,0,0,1,1,1,c,0,0.5825354036411239,0.48805896703793183,0.6713183157868355,0.12423720493111134
6,가장 좋아하는 과일은 무엇인가요?,취향,2,3,2,1,0,0,0,1,1,1,p,0,0.5928805398547005,0.49159303034089047,0.6868435415992274,0.11367488901846312
32,"오래된 물건 중 버리지 못하는 게 있다면, 어떤 물건인가요?",취향,2,3,1,1,1,0,1,1,1,1,p,0,0.5893558318916489,0.48249499771700755,0.6884010748700226,0.13506179471932617
69,"최근에 용기를 냈던 경험이 있다면, 어떤 순간이었나요?",감정,2,3,2,1,0,1,2,2,2,2,r,0,0.35585372693868383,0.24785868859173907,0.48082273949549853,0.9261230517359591
112,집중력이 필요할 때 찾는 장소는 어디인가요?,루틴,2,3,2,1,0,0,0,1,1,1,t,0,0.5571233415435626,0.45537802738275074,0.65429097500374,0.2263208721075004
169,다른 사람의 고민을 잘 들어주는 편인가요?,관계,2,3,1,1,1,0,0,1,1,1,t,0,0.4885810644338848,0.3858124941011979,0.5923240889010496,0.5435965927354384
200,내가 꿈꾸는 이상적인 관계는 어떤 모습인가요?,관계,2,3,2,1,0,0,0,2,1,1,h,0,0.45228610669432934,0.33739778226576633,0.5724945163944785,0.6848570293936296
256,돈을 쓸 때 가장 아깝지 않은 곳은 어디인가요?,가치관,2,3,0,1,2,0,0,1,1,1,t,0,0.609990738923558,0.5187658149387082,0.6941191627536929,0.05772461367390741
275,내가 생각하는 행복은 어떤 상태인가요?,가치관,2,3,1,1,1,0,0,3,1,1,d,0,0.41984114561237995,0.3118514428410211,0.536093791563724,0.8047154496520237
359,요즘 나를 든든하게 지탱해주는 감정은 무엇인가요?,감정,2,3,2,1,0,1,0,2,1,1,t,0,0.573331409890909,0.46140240619948175,0.6782215746381419,0.19235568038552275
370,"오늘 아침, 눈을 떴을 때 가장 먼저 든 기분은 무엇인가요?",감정,2,3,2,1,0,2,0,1,1,1,r,0,0.49392366873764715,0.3804252946389996,0.6080518070041724,0.5159315933912744
380,하나의 감정을 더 이상 느끼지 않을 수 있다면 무엇을 고르고 싶나요?,감정,2,3,2,1,0,0,0,2,2,1,h,0,0.6343275401981358,0.5203871100005177,0.7349845175930286,0.06283659247317205
383,내 모습을 숨김없이 다 보여준다면 어떤 일이 벌어질 것 같나요?,감정,2,3,1,1,1,0,0,3,2,3,h,0,0.5078022042470194,0.37750487253198983,0.6370481419757135,0.4605432709414836
384,"나도 이해 안 되는 내 모습이 있다면, 어떤 모습인가요?",감정,2,3,1,1,1,0,1,2,2,2,t,0,0.5935493199738128,0.48435969893242437,0.6942144875583086,0.12956000802161433
387,싫어하는 것이 나에게 주는 의외의 이점이 있을까요?,감정,2,3,2,1,0,0,0,3,1,1,d,0,0.45092763464356345,0.3365750731008139,0.5707098061016855,0.6906596615054026
401,슬픈 영화나 노래를 일부러 찾아보며 감정을 쏟아내고 싶었던 적이 있나요?,감정,2,3,2,1,0,0,2,1,2,2,r,0,0.4259613328782676,0.3187028587472017,0.5406706896269988,0.78852798886478
417,"최근에 시작한 일 중 루틴에 넣고 싶은 일이 있다면, 어떤 건가요?",루틴,2,3,2,1,0,1,2,1,1,1,r,0,0.31917505987363076,0.2200426611564098,0.4378940967458958,0.9704118209252818
424,딱 5분만 투자해서 매일 하고 싶은 작은 습관은 무엇인가요?,루틴,2,3,1,1,1,0,0,1,1,1,p,0,0.5865198628441209,0.4778971770984736,0.6873293246037071,0.14648498842374647
467,운동할 때 혼자하는 것과 같이 하는 것 중 무엇이 더 좋은가요?,루틴,2,3,1,1,1,0,2,1,1,1,c,0,0.321530973111191,0.23159195872362448,0.42698915471908144,0.9815374730141826
597,재능과 노력 중 무엇이 더 중요하다고 생각하나요?,가치관,2,3,0,1,2,0,0,1,1,1,c,0,0.5579650529264772,0.46076828236750994,0.6509152861458244,0.21259325086378456
598,"좋은 의도의 나쁜 결과와 나쁜 의도의 좋은 결과, 뭐가 더 나쁜가요?",가치관,2,3,1,1,1,0,0,3,1,1,c,0,0.4633866768141209,0.36207986218302823,0.5678087575777552,0.6620139046266229
606,"내가 생각하는 나와 남이 보는 나, 뭐가 다른가요?",가치관,2,3,2,1,0,0,0,2,1,2,t,0,0.5411787151560462,0.4446135837200219,0.634746979833474,0.2814451821247119
610,"가장 최근에 생각이 바뀐 주제가 있다면, 어떤 건가요?",가치관,2,3,2,1,0,1,1,2,1,1,r,0,0.5131527355265839,0.396083546841762,0.628796411165696,0.43297990085383076
625,"예전이라면 크게 흔들렸을 상황에서, 의외로 덤덤해진 나를 발견한 순간이 있었나요?",가치관,2,3,2,1,0,0,2,3,2,2,r,0,0.3123797663637295,0.22045463304118904,0.42189107324640157,0.9824268571346454
645,"성장했다고 느낀 순간이 있다면, 어떤 때였나요?",가치관,2,3,2,1,0,0,1,2,1,1,r,0,0.5357746790443509,0.4307922212753476,0.6376795768358797,0.3208507972632305
677,평생 남을 후회와 한순간의 창피함 중 뭐가 더 두렵나요?,감정,2,3,2,1,0,0,0,1,2,1,c,0,0.62927971362467,0.5280806770544033,0.7202727657044952,0.04868233088013855
687,잠들지 못하는 것과 깨지 못하는 것 중 뭐가 더 두렵나요?,루틴,2,3,2,1,0,0,0,1,2,1,c,0,0.5420825348837691,0.43328154919031914,0.6470126191151745,0.3003082055307209
718,친구의 착각을 바로잡는 것과 관계를 위해 그냥 두는 것 중 뭐가 더 맞나요?,관계,1,3,2,1,0,0,0,1,1,1,c,0,0.4813673133848446,0.3769900618420536,0.5873965282331987,0.576852293460635
721,빠른 답장과 느려도 정성 담긴 답장 중 뭐가 더 좋은가요?,사랑,1,3,2,1,0,0,0,1,1,1,c,0,0.6367546825825071,0.5312800265238882,0.7305329844367934,0.046592227984781506
738,한 사람에게 깊이 이해받는 것과 여럿에게 사랑받는 것 중 뭐가 더 끌리나요?,사랑,2,3,2,1,0,0,0,1,1,1,c,0,0.6041260940869849,0.49553518632718774,0.7033359135129174,0.10413553953474847
744,매번 늦는 사람과 재촉하는 사람 중 누가 더 미운가요?,가치관,1,3,2,1,0,0,0,1,1,1,c,0,0.6081130564809305,0.5151792393939525,0.6938199640150423,0.06418670652902475
746,연봉 2천에 매일 칼퇴근하는 것과 연봉 6천에 주 7일 일하는 것 중 뭐가 더 나에게 맞나요?,가치관,2,3,2,1,0,0,0,1,1,1,c,0,0.5746841624134547,0.4792812567440058,0.6648313562954705,0.1497038809829404
778,성격은 타고난 본성과 자란 환경 중 뭐가 더 크게 좌우하나요?,가치관,2,3,2,1,0,0,0,2,1,1,c,0,0.5243937805470691,0.4268802688318223,0.620082020999782,0.3626858829187834
783,편안함을 추구하는 삶과 끊임없이 애쓰는 삶 중 뭐가 더 나다운가요?,가치관,1,3,2,1,0,0,0,1,1,1,c,0,0.608113056474415,0.5151792394082987,0.6938199639912245,0.06418670649789766
812,하루 종일 말하는 것과 듣기만 하는 것 중 뭐가 더 나다운가요?,가치관,1,3,2,1,0,0,0,1,1,1,c,0,0.6081130564793716,0.5151792393992994,0.6938199640077153,0.06418670651771251
823,확고한 정체성과 계속 변하는 자유 중 뭐가 더 나에게 가깝나요?,가치관,2,3,2,1,0,0,0,2,1,1,c,0,0.5243937805390574,0.4268802688044513,0.6200820210110027,0.3626858829849402
853,죽는 시점과 죽는 방식 중 뭐가 더 알고 싶나요?,가치관,2,3,2,1,0,0,0,2,2,1,c,0,0.5605074564404676,0.4595030468901089,0.6567370674622307,0.2119268132352612
10,빵집에 가면 가장 먼저 집는 빵은 무엇인가요?,취향,2,2,1,1,0,0,1,1,1,1,p,0,0.5893558318069758,0.48249499760129627,0.688401074819331,0.13506179500813792
53,오늘 하루 중 가장 차분했던 때는 언제인가요?,감정,2,2,1,1,0,2,1,1,1,1,r,0,0.4883887694904186,0.3706646438888545,0.6074151960900417,0.5386801943455652
54,"최근에 눈물이 났던 적이 있다면, 어떤 순간이었나요?",감정,2,2,1,1,0,1,2,2,3,3,r,0,0.3459482271799621,0.22928356821927048,0.4846463850542622,0.918711107048497
62,"불안한 마음이 들 때 나를 잡아주는 문장이 있다면, 어떤 문장인가요?",감정,2,2,1,1,0,0,2,2,2,2,p,0,0.4466238284067421,0.3349334820112724,0.5639755258554657,0.7107544303996622
76,실수했을 때 나 자신에게 어떤 말을 해주나요?,감정,2,2,1,1,0,0,0,2,2,2,t,0,0.5893288335782222,0.48463267155725265,0.6865139519373253,0.1302809929340757
83,"내 감정을 다스리는 나만의 루틴이 있다면, 어떤 건가요?",감정,2,2,1,1,0,0,2,1,2,1,t,0,0.49491834905129034,0.3897844660461106,0.6005035529583349,0.5125028670201267
96,내 인생에 가장 큰 영향을 준 감정은 뭘까요?,감정,2,2,1,1,0,0,0,3,2,2,d,0,0.4420174791970614,0.3234389558300517,0.567597546175577,0.714368007737155
100,내 인생을 감정 한 줄로 요약하면 뭘까요?,감정,2,2,1,1,0,0,0,3,2,2,d,1,0.39482856758084833,0.27009656325794,0.5349460511162009,0.8271287100096893
111,나에게 주는 확실한 보상은 무엇인가요?,루틴,2,2,1,1,0,0,0,1,1,1,t,0,0.5485328511807099,0.44605627383178015,0.6470522699217633,0.26191530701101895
116,반복되는 일상에서 가장 지루하게 느끼는 순간은 언제인가요?,루틴,2,2,0,1,1,0,0,1,1,1,t,0,0.5395815795997347,0.4364165315939928,0.6394631704973848,0.3011115894758419
125,"가계부를 쓰거나 돈을 관리하는 방법이 있다면, 어떤 건가요?",루틴,2,2,0,1,1,0,2,1,1,2,t,0,0.3251225322866481,0.23481974941240152,0.4306095128674478,0.9796956290489873
128,"여행 가방을 싸는 나만의 규칙이 있다면, 어떤 건가요?",루틴,2,2,0,1,1,0,2,1,1,1,t,0,0.3575964971280773,0.26399283051929007,0.46348889847446334,0.9534694568219867
156,내 생일에 가장 먼저 축하해준 사람은 누구인가요?,관계,2,2,1,1,0,0,1,1,1,1,n,0,0.4223869181353811,0.2925186180610252,0.5639523040706697,0.7521600275812969
165,"주변 사람들로부터 자주 듣는 부탁이 있다면, 어떤 건가요?",관계,2,2,1,1,0,0,1,1,1,1,t,0,0.49293244641724193,0.38551022282657793,0.6010112392003907,0.5214823262194981
171,친구 사이에도 꼭 지켜야 하는 선은 무엇인가요?,관계,2,2,1,1,0,0,0,2,1,1,d,0,0.345130152402455,0.24417887208268957,0.4622902152829239,0.9506857330697618
197,사람들에게 내가 줄 수 있는 도움은 무엇인가요?,관계,2,2,1,1,0,0,0,2,1,1,t,0,0.43711555516352146,0.33625633064644517,0.5434572584013888,0.7670411531303516
202,"다른 사람의 성공을 축하해줄 때, 진심으로 기뻐할 수 있나요?",관계,2,2,1,1,0,0,0,2,2,3,t,0,0.40424668195026586,0.2950378767981814,0.5238412919147828,0.8419089945575517
205,내가 생각하는 믿음의 무게는 어느 정도인가요?,관계,2,2,1,1,0,0,0,3,1,1,d,1,0.2603702398924289,0.16586234242581863,0.3839419151096189,0.9898407471622434
225,연애할 때 가장 중요하게 보는 성격은 무엇인가요?,사랑,1,2,1,1,0,0,0,1,1,1,p,0,0.7107600863582673,0.6106456759084501,0.7938237050470399,0.004741515508142419
228,"사랑하는 사람과 나누고 싶은 깊은 대화 주제가 있다면, 어떤 건가요?",사랑,2,2,1,1,0,0,2,2,1,1,p,0,0.4548617636811312,0.3399162255602065,0.5748277049056427,0.6752935614542186
249,사랑하는 사람과 단둘이 보내는 시간이 왜 소중한가요?,사랑,2,2,1,1,0,0,1,2,1,1,d,0,0.5062457449975726,0.3806941477832561,0.6310145074242813,0.4652185143722677
253,가장 보람을 느끼는 순간은 언제인가요?,가치관,1,2,1,1,0,0,0,2,1,1,t,0,0.6014678396367987,0.509860761718785,0.686481643831483,0.07333159752629262
272,인생에서 '운'이 차지하는 비중은 어느 정도일까요?,가치관,2,2,1,1,0,0,0,2,1,1,d,0,0.47099856682271524,0.3629868185347031,0.5817962745724934,0.6198878275627114
277,내가 가장 자유롭다고 느끼는 순간은 언제인가요?,가치관,2,2,1,1,0,0,0,2,1,1,t,0,0.567252228359777,0.4732973739894603,0.6566070306789917,0.17050508686331628
287,나에게 '일'은 어떤 의미인가요?,가치관,2,2,1,1,0,0,0,2,1,1,d,0,0.4709985664656976,0.3629868182263631,0.581796274199673,0.6198878291554756
288,더 나은 세상을 위해 소소하게라도 하고 있는 행동이 있나요?,가치관,2,2,0,1,1,0,2,2,1,1,t,0,0.375593710507982,0.28572406093414526,0.4749351064303725,0.941308603204466
290,"사람은 원래 착하다고 생각하나요, 아니면 노력해야 착해질 수 있다고 생각하나요?",가치관,2,2,1,1,0,0,0,2,1,1,c,0,0.5151016476507381,0.4170521858540149,0.612002209549454,0.4098734415076179
368,지금 내 기분을 딱 한 단어로 정의한다면 뭘까요?,감정,2,2,1,1,0,1,0,1,1,1,t,0,0.6152167789884049,0.505924968445309,0.7139993919207421,0.08408116650819053
373,"오늘이 지나도 꼭 간직하고 싶은 감정이 있다면, 어떤 건가요?",감정,2,2,1,1,0,2,2,1,1,1,p,0,0.38734797140621324,0.27934923597548555,0.5076855292783949,0.8800473305399947
377,"오늘 완전히 방전됐다가 다시 충전된 순간이 있다면, 어떤 때였나요?",감정,2,2,1,1,0,2,2,1,1,1,r,1,0.2707791121642441,0.17600533524175485,0.39228990771939504,0.9884919341281807
455,시험이나 발표 전에 긴장하는 편이에요?,루틴,2,2,1,1,0,0,1,1,1,1,t,0,0.5528474719634557,0.4456600982373139,0.6553378525053298,0.2542501827052833
469,운동하기 싫은 날은 어떻게 하나요?,루틴,2,2,1,1,0,0,2,1,1,1,t,0,0.36917617823634136,0.27437602807440375,0.47527695897352457,0.9385930143297032
472,"운동으로 성취감을 느낀 적이 있다면, 어떤 순간이었나요?",루틴,2,2,1,1,0,0,2,1,1,1,r,0,0.3279382707543006,0.2352331294975322,0.436333568463461,0.9753121496572743
479,나에게 투자할 가치가 있는 분야는 무엇인가요?,루틴,2,2,1,1,0,0,0,2,1,1,d,0,0.40144099857811366,0.2928067732121442,0.5207036439947728,0.8497171820359137
484,자기 전에 하루를 돌아보면 어떤 장면이 주로 떠오르나요?,루틴,2,2,1,1,0,0,0,2,1,1,t,0,0.4968982072893997,0.3937291460539143,0.6003320769041847,0.5031039913625915
493,절친을 이성에게 소개한다면 누구인가요?,관계,2,2,0,1,1,0,1,1,1,1,n,0,0.4112570928643385,0.2827008577024473,0.5531883924617101,0.782686114622593
512,"상황이 사람을 바꾼다고 느꼈던 적이 있다면, 어떤 경험이었나요?",관계,2,2,0,1,1,0,2,2,2,2,r,0,0.22759127437875853,0.15168725510935047,0.32684348142470504,0.9990651251964383
539,인생에 가장 영향력 있던 사람은 누구인가요?,관계,2,2,1,1,0,0,0,2,1,1,n,0,0.3686491919857767,0.24972685035159356,0.5060090295801476,0.8857636589801612
547,어머니와의 관계에 대해 어떻게 생각하나요?,관계,2,2,1,1,0,0,1,2,3,3,t,0,0.4447327784818677,0.32035870296038876,0.5764390268658021,0.6959446514820672
554,사랑과 좋아함의 차이는 무엇인가요?,사랑,2,2,0,1,1,0,0,3,1,1,d,0,0.43945453295574644,0.31841117923480455,0.5681558029993717,0.7183921024174805
555,싸운 뒤 바로 풀려고 하는 편인가요 아니면 시간을 두고 대화하는 편인가요?,사랑,2,2,1,1,0,0,0,1,1,1,c,0,0.5966339112852596,0.4870803744010236,0.6973284510560082,0.12289574317032842
559,사랑받고 있다고 느끼는 순간은 언제인가요?,사랑,1,2,0,1,1,0,0,2,1,2,t,0,0.5894082248361924,0.479281116995759,0.6912483895634349,0.14210261070217783
560,이별 후 얼마나 지나야 새 연애를 시작할 수 있을 것 같나요?,사랑,2,2,1,1,0,0,1,1,1,1,d,0,0.5578013011857771,0.4321928011344837,0.676426411409879,0.2695304358257641
562,연인에게 절대 져줄 수 없는 것이 무엇인가요?,사랑,2,2,0,1,1,0,1,1,1,1,t,0,0.6436740759514037,0.5356554196583547,0.7388170444369936,0.04289503027350196
573,가장 좋아했던 사람은 누구인가요?,사랑,2,2,1,1,0,0,2,1,2,3,n,0,0.3661759139264074,0.23654597462640947,0.5185902111440764,0.8661307695161198
575,거절을 해야 할 때 나는 어떻게 하나요?,가치관,2,2,1,1,0,0,0,1,1,1,t,0,0.6172739239028409,0.5272329167332438,0.6999263441355806,0.04507402672393885
586,언제 가장 살아있다고 느끼나요?,가치관,2,2,1,1,0,0,0,2,1,1,t,0,0.5672522283117338,0.47329737395923094,0.6566070306180769,0.17050508698414546
587,가장 간절히 원했던 것은 무엇이었나요?,가치관,2,2,1,1,0,0,0,2,2,2,r,0,0.5240682608149906,0.4173011944078564,0.6286797729206391,0.37584965591549757
612,"절대 바뀌지 않을 것 같은 생각이 있다면, 어떤 건가요?",가치관,2,2,1,1,0,0,1,2,1,1,d,0,0.47533833744642284,0.3629434539528118,0.5902884275977791,0.5969698450423337
617,과정이 나빠도 결과가 좋으면 괜찮나요?,가치관,2,2,1,1,0,0,0,1,1,1,d,0,0.5227420027705542,0.41391753736877623,0.629449379360051,0.3841266262269353
630,어제보다 나아졌다고 느낀 점은 뭔가요?,가치관,2,2,1,1,0,2,1,2,1,1,r,0,0.4164435442422433,0.30762579731786,0.5340626252248449,0.8121498549692734
641,오늘의 작은 선택이 미래의 나를 어떻게 바꿀까요?,가치관,2,2,1,1,0,2,0,3,1,1,h,1,0.36436765087708944,0.24453246028297626,0.5037686465066775,0.8898407525114653
643,"이번 주, 나에 대해 새롭게 발견한 의외의 면은 무엇인가요?",가치관,2,2,1,1,0,2,1,2,1,2,r,0,0.3824550564686508,0.27614448263940616,0.501346544322997,0.8927465586441158
644,"무언가를 포기했던 순간, 내 마음은 어땠나요?",가치관,2,2,1,1,0,0,1,2,2,2,r,0,0.5284127859127177,0.41710389602085457,0.6369662915033288,0.36191914914826384
646,"지금보다 나은 나를 위해 요즘 시도하고 있는 것이 있다면, 어떤 건가요?",가치관,2,2,1,1,0,1,2,1,1,1,t,0,0.41463247504555056,0.3106923683220067,0.5267717877147874,0.8288775751504727
648,"절대 장난스럽게 얘기할 수 없는 진지한 주제가 있다면, 무엇인가요?",가치관,2,2,1,1,0,0,1,2,2,2,d,0,0.4770305998245813,0.3594910351635911,0.5971704944325031,0.5857450271271223
683,몸의 컨디션과 마음의 안정 중 뭐가 더 먼저인가요?,루틴,2,2,1,1,0,0,0,1,1,1,c,0,0.49613019001655834,0.3909703929865944,0.6016334828194652,0.5067141700643015
684,당장 소원 하나와 10년 후 소원 세 개 중 뭐가 더 좋은가요?,루틴,1,2,1,1,0,0,0,1,1,1,c,0,0.5312972617859413,0.42616517912542623,0.6337226200983787,0.34097601113152154
691,두려움의 대상과 사랑받는 사람 중 누가 더 되고 싶나요?,관계,2,2,1,1,0,0,0,2,1,1,c,0,0.3861879923177305,0.28770567362942073,0.4949562611611736,0.9051428299282108
695,5년을 혼자 지내는 것과 늘 사람들과 붙어 지내는 것 중 뭐가 더 편안한가요?,관계,1,2,1,1,0,0,0,1,1,1,c,0,0.47126204884560563,0.36686682217006217,0.5782331819611748,0.6229186025036586
701,모임을 이끄는 것과 따르는 것 중 어디에 더 가까운 편인가요?,관계,1,2,0,1,1,0,0,1,1,1,c,0,0.4607911328838482,0.3564816137355459,0.5686515584257817,0.668384492713797
704,순간의 행복을 주는 힘과 오래가는 관계를 만드는 힘 중 뭐가 더 갖고 싶나요?,관계,2,2,0,1,1,0,0,2,1,1,c,0,0.3747066588785537,0.27728101825845664,0.48346456902602464,0.925549406054589
709,늘 웃게 해주는 친구와 생각하게 만드는 친구 중 누가 더 끌리나요?,관계,1,2,1,1,0,0,0,1,1,1,c,0,0.47126204894984774,0.366866822244486,0.578233182087087,0.6229186020036372
711,관계를 정리할 때 주로 어떻게 하는 편인가요?,관계,2,2,1,1,0,0,1,1,1,1,t,0,0.49293244638362094,0.3855102228049401,0.6010112391577833,0.5214823263784195
725,연락이 끊기는 애인과 술을 자주 마시는 애인 중 누가 더 아픈가요?,사랑,2,2,1,1,0,0,0,1,1,1,c,0,0.596633911391338,0.4870803745762854,0.697328451094008,0.12289574277210352
726,매일 만나고 싶어 하는 애인과 만날 시간 잡기 어려운 애인 중 누가 더 좋은가요?,사랑,1,2,1,1,0,0,0,1,1,1,c,0,0.6300762612747169,0.5234756472173391,0.7253419435506718,0.05648046726055378
734,무뚝뚝한 연인과 애정 표현이 과한 연인 중 누가 더 힘든가요?,사랑,2,2,1,1,0,0,0,1,1,1,c,0,0.5966339113772788,0.48708037455036246,0.697328451091248,0.12289574283062854
736,더 사랑받는 관계와 더 많이 사랑하는 관계 중 뭐가 더 좋은가요?,사랑,2,2,1,1,0,0,0,1,1,1,c,0,0.5966339113211668,0.48708037445516017,0.6973284510732548,0.122895743046596
741,우연히 본 연인의 사생활을 솔직히 말하는 것과 모르는 척 넘어가는 것 중 뭐가 더 맞나요?,사랑,2,2,1,1,0,0,0,2,1,1,c,0,0.5459082230942597,0.43383140707771567,0.6535179509540783,0.2904483916836058
754,지금 당장 꿈의 직업과 매년 한 달 휴가 중 뭐가 더 나은가요?,가치관,2,2,1,1,0,0,0,1,1,1,c,0,0.5665002782252644,0.47018839414988917,0.6580375057182667,0.1790826666541389
777,"인간은 원래 착한 쪽인가요, 나쁜 쪽인가요?",가치관,2,2,1,1,0,0,0,1,1,1,c,0,0.5665002781944207,0.4701883941294136,0.6580375056802381,0.1790826667359804
792,사람을 만나면 일단 믿는 것과 의심하는 것 중 뭐가 더 나에게 맞나요?,가치관,1,2,1,1,0,0,0,1,1,1,c,0,0.6007341184681579,0.5067103059818369,0.6878757566953928,0.08003348032400859
802,망해가는 회사의 사장과 잘나가는 대기업의 평사원 중 뭐가 더 편한가요?,가치관,2,2,0,1,1,0,1,1,1,1,c,0,0.5623421929160374,0.460208953997012,0.6594508296557977,0.20780868846435135
803,외로운 천재와 단순해도 행복한 사람 중 누가 더 나에게 가깝나요?,가치관,2,2,0,1,1,0,0,1,1,1,c,0,0.5579650529211921,0.4607682823062864,0.6509152861920768,0.2125932510177026
825,거짓말을 항상 알아채는 것과 전혀 못 알아채는 것 중 뭐가 더 나은가요?,가치관,2,2,0,1,1,0,0,1,1,1,c,0,0.5579650529235984,0.46076828232912503,0.6509152861756238,0.21259325095965037
827,"평소 '법을 어기더라도 불의에 맞서야 한다'고 생각하시나요, 아니면 '부당해도 법은 지켜야 한다'고 생각하시나요?",가치관,2,2,1,1,0,0,0,2,1,1,c,0,0.5151016478879193,0.41705218604996824,0.6120022098090374,0.40987344034309475
836,안 한 일로 기억되는 것과 한 일이 잊히는 것 중 뭐가 더 억울한가요?,가치관,2,2,1,1,0,0,0,2,1,1,c,0,0.5151016475297799,0.41705218575637065,0.6120022094148362,0.4098734420993943
864,후회 없이 사는 것과 두려움 없이 사는 것 중 뭐가 더 중요한가요?,가치관,2,2,1,1,0,0,0,2,1,1,c,0,0.5151016477739876,0.417052185951743,0.6120022096883468,0.4098734409062583
868,과거의 모든 일과 미래의 모든 일 중 뭐가 더 궁금한가요?,가치관,2,2,0,1,1,0,0,1,1,1,c,0,0.5579650529271168,0.4607682823764745,0.6509152861388044,0.21259325084144343
871,완벽한 하루가 반복되는 삶과 굴곡 있는 진짜 삶 중 뭐가 더 나은가요?,가치관,2,2,1,1,0,0,0,1,1,1,c,0,0.5665002782808626,0.4701883941913906,0.658037505782668,0.17908266649516336
874,완벽한 하루가 반복되는 삶과 굴곡 있는 진짜 삶 중 뭐가 더 나은가요?,가치관,2,2,1,1,0,0,0,1,1,1,c,0,0.5665002780983392,0.47018839406201224,0.6580375055650424,0.17908266699994463
74,"최근에 느낀 감정 중 이름 붙이기 힘든 게 있었다면, 어떤 느낌이었나요?",감정,2,1,0,1,0,1,2,3,2,2,r,1,0.24869518484078493,0.15395370479766696,0.3758396359470914,0.9905363419076681
120,주말과 평일의 루틴 중 가장 큰 차이점은 무엇인가요?,루틴,2,1,0,1,0,0,0,1,1,1,t,0,0.5395815795998935,0.4364165315944074,0.6394631704972906,0.30111158947469513
130,정리 정돈을 할 때 가장 먼저 하는 일은 무엇인가요?,루틴,2,1,0,1,0,0,0,1,1,1,t,0,0.5395815796229226,0.4364165316546401,0.6394631704835739,0.3011115893081753
133,"계절이 바뀔 때 집 안에서 바꾸는 게 있다면, 어떤 건가요?",루틴,2,1,0,1,0,0,2,1,1,1,t,0,0.3575964971626413,0.26399283055254985,0.4634888985067263,0.9534694567869747
140,"중요한 약속 전날 꼭 하는 준비가 있다면, 어떤 건가요?",루틴,2,1,0,1,0,0,2,1,1,1,t,0,0.35759649690441897,0.26399283030536286,0.46348889826404044,0.9534694570510184
145,나에게 '규칙적인 하루'란 어떤 건가요?,루틴,2,1,0,1,0,0,0,2,1,1,d,0,0.39008680334629514,0.28256129509966343,0.5094731901284124,0.8760278322497708
149,일상을 꾸려간다는 게 나에게 어떤 의미인가요?,루틴,2,1,0,1,0,0,0,3,1,1,d,0,0.34109125281264846,0.23805008875165656,0.46170755327280094,0.9501261211776664
159,"요즘 새로 알게 된 사람 중 호감이 가는 사람이 있다면, 어떤 점이 끌리나요?",관계,2,1,0,1,0,1,2,1,2,2,n,0,0.22959366452386737,0.13658782488348448,0.3595564819018654,0.9924477469437041
162,처음 만난 사람과 어색함을 풀기 위해 주로 어떤 말을 하나요?,관계,1,1,0,1,0,0,0,1,1,1,t,0,0.514279886532534,0.4109241570270237,0.616428535332794,0.4184857621165632
175,"나를 힘들게 하는 사람과 거리를 두는 방법이 있다면, 어떤 건가요?",관계,2,1,0,1,0,0,2,2,2,2,t,0,0.26184140707361186,0.18045912790881777,0.3636401492289077,0.9971027325817323
178,나를 성장하게 한 인연이 있다면 누구인가요?,관계,2,1,0,1,0,0,2,2,2,2,n,0,0.20947090181397643,0.12688778074138518,0.32574923108881176,0.9975442214379773
186,나를 믿어주는 사람들의 공통점은 무엇인가요?,관계,2,1,0,1,0,0,0,2,1,1,t,0,0.4261405377606999,0.3257065603214006,0.5330611562293689,0.8044247096346946
193,누군가에게 배운 삶의 자세가 있다면 무엇인가요?,관계,2,1,0,1,0,0,2,2,1,1,t,0,0.26050799457176316,0.18272408659856315,0.35694228412081713,0.9982106324566843
198,진심이 통했다고 느꼈던 특별한 순간은 언제인가요?,관계,2,1,0,1,0,0,1,2,2,2,r,0,0.3875279912558645,0.2786258206847394,0.5089635192910021,0.8775618618680048
199,나를 진심으로 아껴주는 사람들의 행동은 무엇인가요?,관계,2,1,0,1,0,0,0,2,1,1,t,0,0.426140537786064,0.32570656035533324,0.5330611562425448,0.8044247095772915
204,사람들과 헤어지고 집에 가는 길에 드는 생각은 무엇인가요?,관계,2,1,0,1,0,0,0,2,1,2,t,0,0.39127660228575173,0.2924193304211874,0.49994108161417405,0.8950189885018087
209,사람 사이의 진심은 언제 확인된다고 생각하나요?,관계,2,1,0,1,0,0,0,3,1,1,d,0,0.2881947003147553,0.19531941980244588,0.4031090980357649,0.9874587789516555
216,좋아하는 사람의 외모에서 끌리는 포인트는 무엇인가요?,사랑,2,1,0,1,0,0,0,1,1,2,p,0,0.6426979865641173,0.5300634717406517,0.7415016202875655,0.050574042541905395
231,나만의 독특한 연애관이 있다면 무엇인가요?,사랑,2,1,0,1,0,0,2,2,1,1,d,0,0.31493994161791156,0.2147482893635809,0.4359263842355462,0.9708306060949263
243,사랑에 빠졌을 때 가장 두려운 건 뭘까요?,사랑,2,1,0,1,0,0,0,2,2,2,t,0,0.5912514473706609,0.4771260219018045,0.6963215703412793,0.14586612285399808
247,"사랑하는 사람에게 끝내 하지 못한 말이 있다면, 어떤 말인가요?",사랑,2,1,0,1,0,0,2,2,3,3,r,0,0.36511463182358866,0.24662545589879203,0.5025563531813468,0.8917540775093264
257,내가 생각하는 '부자'의 기준은 무엇인가요?,가치관,2,1,0,1,0,0,0,2,1,1,d,0,0.46052402131934317,0.3526705400433674,0.5722053374503029,0.6640054073894723
268,나에게 '시간'은 어떤 의미인가요?,가치관,2,1,0,1,0,0,0,3,1,1,d,0,0.4086651676302307,0.3015004478365239,0.5252760700234081,0.8362634629317112
280,요즘 나의 일상 균형은 잘 맞고 있나요? 어느 쪽으로 기울어져 있나요?,가치관,2,1,0,1,0,1,0,2,1,2,t,0,0.4993901951571628,0.3888776140026994,0.6099623890608632,0.49155931696315913
281,나에게 '가족'이란 어떤 존재인가요?,가치관,2,1,0,1,0,0,0,2,2,2,d,0,0.4622429354243147,0.34913866730547954,0.5793717270473185,0.6496896167562942
285,돈으로 살 수 없는 것 중 가장 아끼는 건 무엇인가요?,가치관,2,1,0,1,0,0,0,2,1,1,p,0,0.5972038948508607,0.4960892514360807,0.6906798345853683,0.10320384447546033
294,억울한 일을 당했을 때 나는 어떻게 대처하나요?,가치관,2,1,0,1,0,0,0,2,2,2,t,0,0.5604463080502902,0.4590776500406516,0.6570112533428238,0.21298870807600429
336,오늘 내 복잡한 마음을 잠시 쉬게 해준 건 무엇이었나요?,취향,2,1,0,1,0,2,2,1,2,2,r,0,0.22717109921961856,0.15024932974005462,0.3282608463782807,0.9989014127721974
421,지하철이나 버스에서 주로 무엇을 하며 시간을 보내나요?,루틴,1,1,0,1,0,0,0,1,1,1,t,0,0.5749903173808,0.4732467536166496,0.6707541158125722,0.1642542184153024
425,오늘 아무 생각 없이 기계적으로 반복한 행동은 무엇인가요?,루틴,2,1,0,1,0,2,1,2,1,1,r,0,0.33789669438721714,0.23450886283161523,0.4595042676581336,0.951994427858738
428,계속 미루고 있는 일 하나를 지금 꺼낸다면 무엇인가요?,루틴,2,1,0,1,0,1,0,1,1,1,o,0,0.3152945165184076,0.19828309069381603,0.4615999075542199,0.9427851163277788
430,오늘 조금 과하다 싶었던 나의 행동은 무엇이었나요?,루틴,2,1,0,1,0,2,2,1,1,2,r,0,0.20252430069677121,0.131240930446397,0.29919127149211405,0.9996064519744264
449,타이머나 시간 관리 도구를 쓰나요?,루틴,2,1,0,1,0,0,0,1,1,1,t,0,0.5395815796274203,0.43641653166556116,0.6394631704816847,0.3011115892771545
454,"잘하고 싶은 마음 vs 해야 하는 마음, 뭐가 더 크나요?",루틴,2,1,0,1,0,0,0,2,1,1,c,0,0.43368816230855994,0.330673186756901,0.5427711322252108,0.7737668965313054
461,누군가 내 방에 오면 신경 쓰이나요?,루틴,2,1,0,1,0,0,0,1,1,1,t,0,0.539581579606544,0.4364165316122638,0.6394631704928965,0.30111158942578364
470,"운동 목표가 있다면, 어떤 목표인가요?",루틴,2,1,0,1,0,0,2,1,1,1,t,0,0.35759649726881054,0.2639928306546102,0.4634888986059597,0.9534694566792319
476,"소비 습관 중 바꾸고 싶은 게 있다면, 어떤 건가요?",루틴,2,1,0,1,0,0,1,1,1,2,t,0,0.5080433520330928,0.3982920522460915,0.6170248095557115,0.4517922260109052
480,10년 후 나의 경제적 모습은 어떨 것 같나요?,루틴,2,1,0,1,0,0,0,2,2,2,h,0,0.4933894633638932,0.3707344909389449,0.6168453752183188,0.516862378403111
481,지금 구독하고 있는 서비스는 무엇이 있나요?,루틴,2,1,0,1,0,1,2,1,1,1,t,0,0.3361957522488409,0.23677265553989207,0.4526097035087674,0.9601940243091843
485,"밤에 갑자기 마음이 무거워진 적이 있다면, 어떤 생각이 찾아왔나요?",루틴,2,1,0,1,0,0,2,2,3,3,r,0,0.2750977160369981,0.17934735482544534,0.3972239465640479,0.9870332181430235
488,이불 속에서 눈을 감으면 가장 먼저 떠오르는 생각은 뭔가요?,루틴,2,1,0,1,0,0,0,1,1,1,t,0,0.5395815796210908,0.4364165316501025,0.6394631704844271,0.3011115893209696
489,"생각할 틈도 없이 자동으로 나오는 나만의 반응이 있다면, 어떤 건가요?",루틴,2,1,0,1,0,0,1,2,1,1,t,1,0.4421968989508092,0.32238402169931013,0.569138155627676,0.7116488045934979
494,친한 친구가 큰 잘못을 하고 숨겨달라고 하면 어떻게 할 것 같나요?,관계,2,1,0,1,0,0,0,2,2,2,h,0,0.43251429549819376,0.31414957504289376,0.559119652266553,0.7449810589254888
497,관계에서 주고받는 것의 균형을 중요하게 생각하나요?,관계,2,1,0,1,0,0,0,1,1,1,d,0,0.3820385421397676,0.27572397733629095,0.5009907743222306,0.8934446962696447
503,관계가 자연스럽게 멀어질 때 어떻게 행동하나요?,관계,2,1,0,1,0,0,0,1,1,1,t,0,0.47840858950794296,0.3755040115063492,0.5831789225822464,0.591871197440693
508,"오래 알았는데 멀어진 사람이 있다면, 어떤 사이였나요?",관계,2,1,0,1,0,0,2,2,2,2,r,0,0.22759127432860785,0.15168725506191263,0.32684348138028174,0.999065125197112
513,"외로움이 무서워서 관계를 유지한 적이 있다면, 어떤 관계였나요?",관계,2,1,0,1,0,0,2,2,3,3,r,0,0.22879395906074423,0.14515183633829412,0.34138597980003277,0.9971815562430691
523,사람들과 이야기할 때 나는 사실 무엇을 원하나요?,관계,2,1,0,1,0,0,0,3,2,2,t,0,0.37706036086284245,0.27351042779104695,0.49319934286043754,0.9079781717132478
525,오늘 누군가에게 미안한 마음이 가볍게 스쳤나요?,관계,2,1,0,1,0,2,0,1,1,1,o,0,0.20070670414276848,0.11850113557224894,0.31928373281454836,0.9975553039772499
531,오늘 내가 누군가를 소리 내어 웃게 만들었나요?,관계,1,1,0,1,0,2,0,1,1,1,o,0,0.22488231964338523,0.13484286906055348,0.35067482386414933,0.9943284905539024
535,"지금 이 순간, 문득 생각나서 연락하고 싶은 사람은 누구인가요?",관계,2,1,0,1,0,1,0,1,1,1,n,0,0.3843975563195538,0.25544449661903584,0.531939984434766,0.8381066603127383
543,"주변 사람을 덕질해 본 적이 있다면, 누구였나요?",관계,2,1,0,1,0,0,2,1,1,2,n,0,0.21964756072586478,0.13541770390187077,0.33591312551733055,0.997022250707764
551,친한 친구가 된다면 그 사람이 알아야 할 중요한 사항은 무엇인가요?,관계,2,1,0,1,0,0,0,2,1,2,t,0,0.39127660215887056,0.29241933027783773,0.4999410815210202,0.8950189887002089
552,어린 시절이 행복했다고 느끼나요?,관계,2,1,0,1,0,0,0,2,2,2,r,0,0.3833231648987752,0.27837218068181707,0.5004042742242465,0.89448959989429
578,나에게 좀 더 다정해지고 싶은 순간이 있나요?,가치관,2,1,0,1,0,0,0,2,1,1,o,0,0.35357759216753876,0.23823410175757187,0.488923075009962,0.9131774170641047
581,내가 틀렸다는 걸 인정하기 어려운 주제가 있다면 무엇인가요?,가치관,2,1,0,1,0,0,1,2,2,3,t,0,0.5290903389759071,0.41485857588389147,0.6403541814574343,0.3625229133617005
582,"내 한계를 인정하는 게 쉬운가요, 어려운가요?",가치관,2,1,0,1,0,0,0,1,1,1,c,0,0.5579650529202652,0.4607682823005319,0.6509152861956314,0.2125932510327978
591,"잊고 싶은 기억이 있다면, 어떤 종류의 기억인가요?",가치관,2,1,0,1,0,0,1,2,3,3,t,0,0.5665309821491532,0.44377013463187187,0.6816354367518724,0.23554054240804106
613,예전엔 중요했는데 지금은 중요하지 않은 것이 있다면 무엇인가요?,가치관,2,1,0,1,0,0,1,2,1,1,r,0,0.5172897745636944,0.41131137412537355,0.6217353021168562,0.4063864731336462
618,"예전보다 조심스러워진 부분이 있다면, 어떤 건가요?",가치관,2,1,0,1,0,0,1,2,1,1,t,0,0.5631116251008256,0.4631898595700522,0.6581605555811989,0.19988809410155073
619,"확신이 무너졌던 경험이 있다면, 어떤 일이었나요?",가치관,2,1,0,1,0,0,2,2,3,2,r,0,0.3693641306286203,0.26395840545212035,0.4889027638991344,0.914940796481483
622,요즘 내 인생에서 과감히 덜어내기로 한 것은 무엇인가요?,가치관,2,1,0,1,0,1,2,2,1,1,r,0,0.3126503364966384,0.2187226039234814,0.4249734740301416,0.9800126187761855
628,오늘 누구의 눈치도 보지 않고 오직 내 마음대로 정한 건 무엇인가요?,가치관,2,1,0,1,0,2,2,1,1,1,r,0,0.2817979147567093,0.19607874492624677,0.38695342225625745,0.9937093139884519
629,"예전에는 당연했는데 지금은 다르게 보이는 것이 있다면, 어떤 건가요?",가치관,2,1,0,1,0,0,1,2,1,1,t,0,0.5631116251229582,0.46318985963966924,0.6581605555586872,0.1998880939095593
637,나를 키우는 가장 나다운 성장 방식은 무엇인가요?,가치관,2,1,0,1,0,0,0,3,1,1,d,1,0.3618779024469781,0.2490148795105367,0.4923575061616248,0.9084152570812695
650,어떤 방식으로 유명해지고 싶나요?,가치관,2,1,0,1,0,0,0,1,1,1,h,0,0.6145524768440063,0.5070157180388667,0.7119582460442142,0.08189048688816236
656,세상을 더 따뜻하게 만들기 위해서 하고 싶은 일은 무엇인가요?,가치관,2,1,0,1,0,0,0,2,1,1,h,0,0.5634584407409579,0.45249912146742527,0.6684090577128623,0.22301283320856724
657,이 세상에서 가장 부러운 사람은 누구인가요?,가치관,2,1,0,1,0,0,0,1,1,2,n,0,0.5032655694618469,0.3733954320174625,0.632696554773647,0.47792715570543964
659,어떤 상황에서도 절대 하지 않을 것 같은 한 가지 일은 무엇인가요?,가치관,2,1,0,1,0,0,0,2,1,1,d,0,0.4605240212518667,0.35267053994697883,0.5722053374206876,0.6640054076203789
675,감정을 강렬하게 느끼는 것과 잔잔하게 한결같이 느끼는 것 중 뭐가 더 나다운가요?,감정,2,1,0,1,0,0,0,1,1,1,c,0,0.5788811339513559,0.477202307782533,0.6742823616442369,0.15225025837661038
681,복잡해도 빠른 출근길과 여유롭지만 긴 출근길 중 뭐가 더 나은가요?,루틴,1,1,0,1,0,0,1,1,1,1,c,0,0.526396474247259,0.4161641297068941,0.6341143579471469,0.36943353183695815
696,삶에서 일과 가족 중 뭐가 더 우선인가요?,관계,2,1,0,1,0,0,0,2,1,1,c,0,0.3747066590690255,0.27728101845927206,0.48346456918179825,0.9255494058118904
700,너무 솔직해서 상처받는 친구 그룹과 불편한 주제를 피하는 친구 그룹 중 뭐가 더 좋은가요?,관계,2,1,0,1,0,0,0,2,1,1,c,0,0.3747066586963724,0.27728101808983247,0.4834645688478081,0.9255494063400447
703,늘 들어주는 역할과 늘 털어놓는 역할 중 뭐가 더 편한가요?,관계,2,1,0,1,0,0,0,1,1,1,c,0,0.42537327195760966,0.3232020787364866,0.5343427893328789,0.8024747059341473
706,인성은 아쉽지만 능력 좋은 동료와 인성 좋지만 인성은 아쉬운 동료 중 누구와 함께하고 싶나요?,관계,2,1,0,1,0,0,1,1,1,1,c,0,0.4297167223361016,0.323169455097261,0.5431995502528165,0.7785431321652501
710,어려울 때 먼저 떠오르는 친구와 기쁠 때 먼저 생각나는 친구 중 어느 쪽이 되고 싶나요?,관계,1,1,0,1,0,0,0,2,1,1,c,0,0.40893001266494955,0.3079934420341856,0.5181760181964405,0.851208037623388
714,아무 문제 없는 세상과 내가 다스리는 세상 중 뭐가 더 좋은가요?,관계,2,1,0,1,0,0,0,2,1,1,c,0,0.374706658911744,0.2772810182926281,0.48346456905419216,0.9255494060104305
719,연애할 때 외모와 유머 감각 중 뭐가 더 중요한가요?,사랑,1,1,0,1,0,0,0,1,1,1,c,0,0.6231028199446166,0.5153709268100519,0.7199019228220505,0.06825885713796105
739,단짝 같은 연인과 매력적이지만 거리감이 있는 연인 중 누가 더 끌리나요?,사랑,2,1,0,1,0,0,0,1,1,1,c,0,0.5888144247210898,0.47831441408612296,0.691027993932524,0.14446841429123203
745,퇴사 못 하는 회사에서 월 600을 버는 것과 백수로 지내며 월 200을 받는 것 중 뭐가 더 나은가요?,가치관,2,1,0,1,0,0,1,1,1,1,c,0,0.5623421928751893,0.4602089538699432,0.6594508296961246,0.20780868880931153
766,10년만 버티고 은퇴하는 끔찍한 일과 평생 할 꿈의 직업 중 뭐가 더 나은가요?,가치관,2,1,0,1,0,0,0,1,1,1,c,0,0.5579650529266736,0.46076828237027834,0.6509152861436541,0.2125932508568869
771,유명해지는 부와 조용한 부 중 뭐가 더 편안한가요?,가치관,1,1,0,1,0,0,0,1,1,1,c,0,0.5930304642558631,0.49791741257749617,0.681645736412353,0.0990993256334437
786,여러 분야를 두루 하는 것과 한 우물 파는 것 중 뭐가 더 나에게 맞나요?,가치관,1,1,0,1,0,0,0,1,1,1,c,0,0.5930304642229614,0.49791741261158856,0.6816457363235925,0.09909932555363632
805,일 안 해도 빠듯한 삶과 힘들어도 여유로운 삶 중 뭐가 더 나은가요?,가치관,2,1,0,1,0,0,0,1,1,1,c,0,0.5579650529291411,0.4607682824020698,0.6509152861191264,0.21259325077736663
807,야근 잦은 회사와 강도 높아도 칼퇴하는 회사 중 뭐가 더 끌리나요?,가치관,2,1,0,1,0,0,1,1,1,1,c,0,0.5623421928638187,0.460208953900416,0.6594508296478253,0.20780868875466485
808,적은 월급에 좋아하는 일과 고액 연봉에 싫은 일 중 뭐가 더 만족스러운가요?,가치관,2,1,0,1,0,0,0,1,1,1,c,0,0.5579650529257754,0.4607682823575973,0.6509152861535963,0.21259325088848063
811,평생 야근하는 것과 연봉이 동결되는 것 중 뭐가 더 견딜 만한가요?,가치관,2,1,0,1,0,0,1,1,1,1,c,0,0.5623421928988478,0.46020895394760225,0.6594508296690949,0.20780868860021928
814,죽어서 기억되는 것과 살아서 사랑받는 것 중 뭐가 더 소중한가요?,가치관,2,1,0,1,0,0,0,2,1,1,c,0,0.5054376878522708,0.40691554073822583,0.6035393351628042,0.4595070429744859
828,무고한 사람을 벌하는 것과 죄인을 풀어주는 것 중 뭐가 더 나은가요?,가치관,2,1,0,1,0,0,0,2,1,1,c,0,0.5054376878279094,0.4069155406815096,0.6035393351723983,0.45950704311281604
830,결과를 미리 아는 것과 모른 채 결정하는 것 중 뭐가 더 나은가요?,가치관,2,1,0,1,0,0,0,1,1,1,c,0,0.557965052923528,0.4607682823283063,0.6509152861762428,0.21259325096170867
839,생각을 표현 못 하는 것과 조롱받는 것 중 뭐가 더 힘든가요?,가치관,2,1,0,1,0,0,0,1,1,1,c,0,0.5579650529235405,0.46076828232845085,0.6509152861761335,0.21259325096134524
844,"하나를 잃어야 한다면, 말하는 능력과 읽는 능력 중 뭐가 덜 아깝나요?",가치관,2,1,0,1,0,0,0,1,1,1,c,0,0.5579650529200586,0.460768282299488,0.6509152861962053,0.21259325103559268
846,웃긴 사람과 똑똑한 사람 중 누가 더 끌리나요?,가치관,1,1,0,1,0,0,0,1,1,1,c,0,0.5930304642678501,0.4979174125650984,0.6816457364446707,0.09909932566246604
848,다른 삶으로 태어나는 것과 기억을 지킨 채 환생하는 것 중 뭐가 더 하고 싶나요?,가치관,2,1,0,1,0,0,0,1,1,1,c,0,0.5579650529269988,0.46076828237483414,0.6509152861400871,0.212593250845533
850,"초능력이 생긴다면, 결정을 되돌리는 힘과 시간을 멈추는 힘 중 뭐가 더 탐나나요?",가치관,1,1,0,1,0,0,0,1,1,1,c,0,0.5930304642513178,0.49791741258252176,0.6816457363998167,0.09909932562168217
860,수백 명이 깊이 읽는 것과 수백만 명이 스치듯 읽는 것 중 뭐가 더 뿌듯한가요?,가치관,2,1,0,1,0,0,0,1,1,1,c,0,0.557965052919628,0.46076828229759365,0.6509152861971443,0.21259325104074506
861,가난해도 행복한 삶과 부유해도 불행한 삶 중 뭐가 더 나은가요?,가치관,2,1,0,1,0,0,0,1,1,1,c,0,0.5579650529249264,0.4607682823458929,0.650915286162736,0.21259325091767012
865,도전과 안정 중 지금 뭐가 더 끌리나요?,가치관,2,1,0,1,0,1,0,1,1,1,c,0,0.534613040368505,0.42367967605532214,0.642224874490482,0.33487894557312337
866,가짜 모습으로 사랑받는 것과 미움받아도 진짜 나로 사는 것 중 뭐가 더 끌리나요?,가치관,2,1,0,1,0,0,0,1,1,1,c,0,0.5579650529208269,0.46076828230380884,0.6509152861936695,0.21259325102415244
875,선택지가 너무 많은 것과 하나의 길만 걷는 것 중 뭐가 더 답답한가요?,가치관,2,1,0,1,0,0,0,1,1,1,c,0,0.5579650529195771,0.4607682822973949,0.6509152861972325,0.2125932510412939
9,가장 좋아하는 날씨는 어떤 건가요?,취향,1,5,5,0,0,0,0,1,1,1,p,0,0.655869188561277,0.5610140030405197,0.7397367324777139,0.01787485637557934
65,혼자 있을 때 주로 어떤 감정을 느끼나요?,감정,2,5,5,0,0,0,0,2,2,2,t,0,0.6288740795918906,0.5280755193535229,0.7195759050901331,0.04853176868357921
81,"감정을 솔직하게 표현해서 후련했던 순간이 있다면, 어떤 때였나요?",감정,2,5,3,0,2,0,2,2,2,2,r,0,0.3952657320687114,0.2903109252892869,0.5108514789359446,0.8720027812446833
97,"마지막 순간에 느끼고 싶은 감정이 있다면, 어떤 감정인가요?",감정,2,5,5,0,0,0,1,3,3,2,h,0,0.6239962459551415,0.4912282421605716,0.7404254639010103,0.11087179306553935
346,지금 내 머릿속에 흐르는 BGM은 무엇인가요?,감정,2,5,5,0,0,1,0,1,1,1,t,1,0.6097602198607284,0.48453766374152213,0.7220148327982202,0.1249814323039235
407,"미래가 불안할 때, 어떤 부분이 가장 걱정되나요?",감정,2,5,5,0,0,0,0,2,2,2,t,0,0.6288740794967002,0.5280755192703761,0.7195759049928567,0.04853176878055026
873,과거 기억을 잃는 것과 새 기억을 못 만드는 것 중 뭐가 더 두렵나요?,가치관,2,5,5,0,0,0,0,1,2,1,c,0,0.640935241984081,0.5466052434446725,0.7254955853926219,0.027155859950864603
26,스트레스를 받을 때 찾게 되는 노래는 어떤 분위기인가요?,취향,2,4,4,0,0,0,0,1,1,1,p,0,0.6182885567618487,0.5188220932919657,0.7087367562633399,0.060587102452601474
104,휴식을 취할 때 몸이 가장 좋아하는 자세는 무엇인가요?,루틴,1,4,2,0,2,0,0,1,1,1,t,0,0.6020109611886607,0.5018529013759262,0.6942980522946764,0.09076353880631732
261,돈을 기분 좋게 썼던 기억은 무엇인가요?,가치관,2,4,4,0,0,0,1,1,1,1,r,0,0.611508655140329,0.5104836568201851,0.7037825591341373,0.07453101836226535
324,지금 당장 떠나고 싶은 여행지는 어디인가요?,취향,2,4,4,0,0,1,0,1,1,1,p,0,0.5970370556113997,0.48303700746960265,0.7014363808668874,0.13128926730155943
340,집에 방이 하나 더 생긴다면 무엇을 하는 장소로 만들고 싶나요?,취향,2,4,4,0,0,0,0,1,1,1,h,0,0.5868767305889898,0.4769528127335665,0.6887735302173106,0.14837851561586307
408,만약 감정이 사라진다면 어떨까요?,감정,2,4,4,0,0,0,0,3,1,1,h,0,0.5770601150831698,0.4587022929068835,0.6871869827702589,0.19417273768691612
413,미안하다는 표현을 잘하는 편인가요?,감정,2,4,3,0,1,0,0,1,1,1,t,0,0.6608424725881326,0.5696327812319721,0.7414940750243021,0.012434369903486373
557,좋아할 때 숨기기 어려운 건 무엇인가요?,사랑,1,4,4,0,0,0,1,1,1,1,t,0,0.7081112726784007,0.6104435678992551,0.7897269053172551,0.004298516388910613
558,"좋아하는 사람에게 먼저 연락하나요, 기다리나요?",사랑,2,4,4,0,0,0,1,1,1,1,c,0,0.6330502657159024,0.5222724156453743,0.7313536394347404,0.05940776532446145
757,개인적인 삶의 성공과 커리어의 성공 중 뭐가 더 중요한가요?,가치관,2,4,4,0,0,0,0,1,1,1,c,0,0.6007512280373698,0.5068695271125438,0.6877696120742609,0.07968828529230226
801,내 의도와 행동 중 뭐가 더 중요하게 평가받길 바라나요?,가치관,2,4,4,0,0,0,0,2,1,1,c,0,0.552008678183435,0.45498208827686243,0.645230748565413,0.23584795552730015
856,평온한 삶과 위험한 도전이 가득한 삶 중 뭐가 더 끌리나요?,가치관,2,4,3,0,1,0,0,1,1,1,c,0,0.5933288713753528,0.49843063315725183,0.681736923371275,0.09790825982920981
92,오늘 밤 잠들기 전 나에게 해주고 싶은 말은 무엇인가요?,감정,2,3,3,0,0,2,0,1,2,2,o,0,0.3606749106166491,0.23326050344180937,0.5112778734683564,0.8784954822472761
108,집에 도착하자마자 가장 먼저 하는 일은 무엇인가요?,루틴,1,3,1,0,2,0,0,1,1,1,t,0,0.5943336482968629,0.49312912515503693,0.6881114475003844,0.1100182623586341
151,가족 중 가장 편하게 대화하는 사람은 누구인가요?,관계,1,3,2,0,1,0,1,1,1,2,n,0,0.44141245721113814,0.3077260731196994,0.5841682810370536,0.6923308547067804
196,새로운 사람을 만나는 게 설레나요 혹은 부담되나요?,관계,2,3,3,0,0,0,0,1,1,1,c,0,0.46602209270204403,0.36151866222877554,0.5735954796462409,0.6457980215938138
232,결혼에 대한 나의 생각은 어떤가요?,사랑,2,3,3,0,0,0,0,2,1,1,d,0,0.5305895537767196,0.40835573365016486,0.6492602847090209,0.36545220845646764
251,인생에서 가장 소중한 단어 3개는 무엇인가요?,가치관,1,3,2,0,1,0,0,2,1,1,d,0,0.5256864299013773,0.41611437423071485,0.6328394314955482,0.3718022218536313
278,내가 주변 사람들에게 줄 수 있는 좋은 영향은 뭘까요?,가치관,2,3,2,0,1,0,0,2,1,1,t,0,0.5863305897234355,0.4927961505969813,0.6740259176465996,0.11175076023244362
314,여행 갈 때 계획파인가요 무계획파인가요?,취향,2,3,3,0,0,0,1,1,1,1,c,0,0.527801344056904,0.4239246277149665,0.6293252492088758,0.35511566204630063
343,"내가 느끼는 감정과 남들이 보는 내 감정, 얼마나 다른가요?",감정,2,3,2,0,1,0,0,2,1,2,t,0,0.5722268225868968,0.47028127560152067,0.6683872619322561,0.1735144590818935
372,지금 내 마음이 가장 간절하게 외치는 소망은 무엇인가요?,감정,2,3,3,0,0,1,0,2,2,2,d,1,0.4523254169724225,0.3143709534650423,0.5980157627386075,0.6536121019220587
392,남들보다 자주 느끼는 감정은 무엇인가요?,감정,2,3,2,0,1,0,0,1,1,1,t,0,0.6547934886502453,0.5623431386754185,0.7368532922359925,0.01622308146776436
458,물건의 자리가 정해져 있는 편인가요? 나만의 정리 규칙이 있다면 어떤 건가요?,루틴,2,3,2,0,1,0,1,1,1,1,t,0,0.5720805466469343,0.46502962649963886,0.6727831311759835,0.1857117627851423
490,"겉으론 '응'이라고 하지만 속으론 '싫어' 하는 게 있다면, 어떤 건가요?",루틴,2,3,2,0,1,0,1,1,1,2,t,0,0.5371302041970174,0.42722889126953373,0.643538526708357,0.32273177623527394
537,곁에 있어줘서 가장 고마운 사람은 누구인가요?,관계,2,3,3,0,0,0,0,1,1,1,n,0,0.4479047434812021,0.3180092380501215,0.5853209912285795,0.6776621570138428
576,"포기가 빠른 편인가요, 늦은 편인가요?",가치관,2,3,3,0,0,0,0,1,1,1,c,0,0.5933288713782814,0.498430633159724,0.6817369233743964,0.09790825982351914
577,내 인생에서 가장 비싸게 얻은 깨달음은 무엇인가요?,가치관,2,3,2,0,1,0,0,3,2,2,r,0,0.4918289266155464,0.38099817054481927,0.6034687122433321,0.5257652760686092
596,다수의 의견과 내 생각이 다를 때 어떻게 하나요?,가치관,2,3,1,0,2,0,0,1,1,1,t,0,0.6287779314814036,0.538608941043844,0.7107874537470419,0.032276780959812096
615,통제할 수 없는 상황에서 어떻게 하나요?,가치관,2,3,3,0,0,0,0,2,2,1,t,0,0.6287004711400462,0.5344501613190628,0.7140778416687555,0.03842372115356263
699,무모한 결정에도 무조건 지지해주는 것과 말려주는 것 중 뭐가 더 좋은가요?,관계,1,3,3,0,0,0,0,1,1,1,c,0,0.5005247280074893,0.39516107038965864,0.605841804031711,0.4857068985183255
722,자주 삐지지만 금방 푸는 애인과 가끔 삐지지만 오래가는 애인 중 누가 더 힘든가요?,사랑,1,3,3,0,0,0,0,1,1,1,c,0,0.6543717505688411,0.5503614889546602,0.7454502918016696,0.02842345940632804
730,사랑은 말로 표현하는 것과 행동으로 보여주는 것 중 뭐가 더 중요하다고 생각하나요?,사랑,1,3,3,0,0,0,0,1,1,1,c,0,0.6543717506929856,0.5503614890362134,0.7454502919474474,0.02842345936370982
749,퇴사 날 아무도 모르게 조용히 나가는 것과 배웅받으며 화려하게 나가는 것 중 뭐가 더 하고 싶나요?,가치관,1,3,3,0,0,0,1,1,1,1,c,0,0.6302893269116872,0.5334572140281197,0.7176606928040026,0.04064181811281198
759,당장의 빚과 평생 이어지는 소득 한계 중 뭐가 더 견디기 쉬운가요?,가치관,2,3,3,0,0,0,0,2,1,1,c,0,0.5434690208972726,0.4457217605824819,0.6379792404133557,0.27368436784157063
763,위안이 되는 거짓말과 불편한 진실 중 뭐가 더 나은가요?,가치관,2,3,1,0,2,0,0,1,1,1,c,0,0.5775094889016695,0.4806016205914932,0.6687968138053423,0.14479887400423902
800,"단 하나만 고를 수 있다면, 세상을 지키는 것과 나 자신을 지키는 것 중 뭐가 더 끌리나요?",가치관,2,3,3,0,0,0,0,2,1,1,c,0,0.5434690209265586,0.4457217606543412,0.6379792404007008,0.27368436762495874
55,지금 가장 보고 싶은 사람은 누구인가요?,감정,2,2,2,0,0,1,0,1,2,2,n,0,0.5670354520265791,0.41976223725321304,0.7033457896158993,0.27298462173638427
59,오늘 하루 중 가장 아쉬웠던 순간은 언제인가요?,감정,2,2,2,0,0,2,1,1,2,2,r,0,0.5096201353181607,0.3857162603546225,0.6323532216083103,0.45106175404184634
71,화가 났을 때 마음을 가라앉히는 방법은 무엇인가요?,감정,2,2,2,0,0,0,0,1,2,1,t,0,0.6876400193376424,0.595329318720304,0.7671302298490061,0.0055359964955429344
72,슬픈 감정을 실컷 쏟아내고 나면 어떤가요?,감정,2,2,2,0,0,0,1,2,2,2,t,0,0.6122778886468109,0.5038943803121637,0.7105829382994445,0.08763269050688349
75,내가 생각하는 나만의 장점은 무엇인가요?,감정,2,2,1,0,1,0,0,2,1,2,t,0,0.5638228289849316,0.46101534190859805,0.66142229600033,0.2040446937562045
82,"두려움을 극복하고 무언가 해낸 적이 있다면, 어떤 일이었나요?",감정,2,2,2,0,0,0,2,2,2,2,r,0,0.3840617808375915,0.28019331747210857,0.4997041049354243,0.8958030046060288
95,내가 생각하는 진짜 용기란 무엇인가요?,감정,2,2,2,0,0,0,0,3,1,1,d,0,0.45969158289350204,0.3439567471495111,0.579943669130019,0.6560276028946137
109,매일 사용하는 물건 중 가장 아끼는 것은 무엇인가요?,루틴,1,2,2,0,0,0,0,1,1,1,p,0,0.6385190373322849,0.5338030112183911,0.7315430716254926,0.043532752753351
122,할 일이 많을 때 어떤 순서로 처리하나요?,루틴,2,2,2,0,0,0,0,1,1,1,t,0,0.5678034346411265,0.4654257379790018,0.6646994517582917,0.18920735413450712
134,스마트폰 없이 보내는 시간이 하루에 얼마나 되나요?,루틴,2,2,2,0,0,0,0,1,1,1,t,0,0.567803434559498,0.46542573791339353,0.6646994516687927,0.189207354375021
139,집 청소를 가장 꼼꼼히 하는 날은 언제인가요?,루틴,2,2,2,0,0,0,0,1,1,1,t,0,0.567803434566182,0.4654257379189085,0.6646994516759932,0.18920735435499458
174,관계에서 오는 스트레스를 어떻게 해결하나요?,관계,2,2,1,0,1,0,0,2,2,2,t,0,0.4474332450033547,0.339743219223151,0.5602914402272704,0.7152160934921139
184,사람들에게 내 이야기를 잘 하는 편인가요?,관계,2,2,2,0,0,0,0,1,1,2,t,0,0.47276013228091657,0.3681337169950097,0.5798351334168874,0.6159572549606271
189,나를 바꾸려 하는 사람을 만나면 어떻게 하나요?,관계,2,2,1,0,1,0,0,2,2,1,t,0,0.4833090434305341,0.37545845412500306,0.5927372706212135,0.5655402399104777
211,"사랑이 시작될 때 나만 아는 신호가 있다면, 어떤 건가요?",사랑,2,2,2,0,0,0,2,2,1,2,t,0,0.40147149740282706,0.2954627117939806,0.5175736090373703,0.8560618351266528
229,"사랑이 나를 더 나은 사람으로 만든 적이 있다면, 어떻게 달라졌나요?",사랑,2,2,2,0,0,0,2,2,2,2,r,0,0.39358352446066813,0.28183760029569765,0.5176969326380825,0.8590527676347567
234,사랑하는 사람에게 서운할 때 나는 어떻게 행동하나요?,사랑,2,2,1,0,1,0,1,2,2,2,t,0,0.6145842818378665,0.4972026578973566,0.7199949493823394,0.10061776254148419
238,사랑에서 '진심을 다한다'는 건 어떤 건가요?,사랑,2,2,2,0,0,0,0,3,1,1,d,0,0.46965580338240454,0.34596830660703026,0.597186643159616,0.609389679673081
242,사랑하는 사람과 함께 꿈꾸는 노후의 모습은 무엇인가요?,사랑,2,2,2,0,0,0,1,2,1,1,h,0,0.6246197645295668,0.5000659318246234,0.7346108183238881,0.09558964871693348
258,무엇을 가장 배우고 싶나요?,가치관,2,2,1,0,1,0,0,1,1,1,p,0,0.6648456056963179,0.5703830990467172,0.7477244754547192,0.013289957844472112
262,내가 생각하는 멋진 어른은 어떤 모습인가요?,가치관,2,2,1,0,1,0,0,2,1,1,d,0,0.4803617253148575,0.3710607089794054,0.5915754393812535,0.5777537481801577
264,실패했을 때 나를 일으켜 세우는 생각은 무엇인가요?,가치관,2,2,1,0,1,0,0,2,2,2,t,0,0.5799647859626068,0.47890415456646057,0.6747375007030956,0.14759171542853217
284,삶의 의미를 어디에서 찾나요?,가치관,2,2,2,0,0,0,0,3,1,1,d,0,0.43899592984310354,0.3288837279160316,0.5554613650620512,0.740396408793264
296,나를 기억하는 사람들에게 어떤 인상을 남기고 싶나요?,가치관,2,2,2,0,0,0,0,2,1,1,h,0,0.5909053121032414,0.48116300999381845,0.692280365368783,0.1373977646542478
297,도전을 해야할 때 나의 마음은 어떤가요?,가치관,2,2,2,0,0,0,0,2,2,2,t,0,0.5879880815023797,0.487901550366868,0.6812912130673852,0.12315596646311872
415,계획이 바뀌었을 때 어떻게 행동하나요?,루틴,2,2,2,0,0,0,0,1,1,1,t,0,0.5678034347372282,0.4654257380505874,0.6646994518687254,0.1892073538645207
442,"공부나 작업을 시작하기 전에 꼭 하는 게 있다면, 어떤 건가요?",루틴,2,2,2,0,0,0,2,1,1,1,t,0,0.387586653603641,0.2902535117229259,0.4948044634473666,0.9055181638425227
456,"공부나 작업할 때 옆에 꼭 있어야 편한 것이 있다면, 어떤 건가요?",루틴,2,2,2,0,0,0,2,1,1,1,t,0,0.3875866535815876,0.2902535117059128,0.4948044634215609,0.9055181638936528
473,"물건을 살 때 가격을 꼼꼼히 따져보는 편인가요, 아니면 가격보다 더 중요하게 여기는 나만의 기준이 있나요?",루틴,2,2,2,0,0,0,0,2,1,1,c,0,0.46393261968855376,0.35894427181960764,0.5722184542683659,0.6540733543222884
499,넓고 얕은 관계와 좁고 깊은 관계 중 뭐가 더 좋나요?,관계,2,2,1,0,1,0,0,1,1,1,c,0,0.4449498186267077,0.3408719547906838,0.5540917008749209,0.7315926038936555
501,인간관계에 쏟는 에너지는 어느 정도인가요?,관계,2,2,2,0,0,0,0,1,1,1,t,0,0.5081072617021786,0.4044802150393692,0.6110422946466756,0.4485666736946019
504,친해지고 싶은 사람이 생기면 어떻게 하나요?,관계,2,2,1,0,1,0,0,1,1,1,t,0,0.49830276652243805,0.39435557110276925,0.6023968801182157,0.49627903594143674
516,지금 가장 보고 싶은 존재는 무엇인가요?,관계,2,2,2,0,0,1,0,1,2,2,n,0,0.41627950688950704,0.2784983591851283,0.5685142310426018,0.7533965122924141
526,"오늘 관계 때문에 마음이 조금 무거웠다면, 어떤 일이었나요?",관계,2,2,1,0,1,2,2,2,2,2,r,0,0.16829699835370546,0.10529340233252345,0.2581233908831443,0.9999132150685927
541,"그때 하지 못한 말이 있다면, 지금은 할 수 있을까요?",관계,2,2,1,0,1,0,2,2,2,2,r,1,0.20740971368776706,0.12980575334330946,0.3146339319486841,0.9987945769450969
546,우정에서 무엇을 가장 중요하게 생각하나요?,관계,2,2,0,0,2,0,0,2,1,1,d,0,0.3396341942821199,0.23880646047349222,0.4574493260160229,0.9552825834929679
550,나의 가족은 얼마나 가깝고 따뜻한가요?,관계,2,2,1,0,1,0,0,2,3,3,t,0,0.4491379062670734,0.3270951217812689,0.5776280763193996,0.6849016982836826
568,지금까지 만난 사람들의 공통점은 무엇인가요?,사랑,2,2,2,0,0,0,2,2,1,2,t,0,0.4014714975003694,0.2954627118514462,0.5175736091711562,0.8560618348087773
583,"편안함이 성장을 막고 있다고 느낀 적이 있다면, 어떤 순간이었나요?",가치관,2,2,2,0,0,0,2,3,1,2,r,1,0.24811401831534904,0.16235562735376544,0.3597180429072282,0.9959344678041853
589,과거로 돌아가고 싶은 순간이 있나요?,가치관,2,2,2,0,0,0,1,1,2,2,o,0,0.4395299526827012,0.30445914554621223,0.5841936737234594,0.6958790091461653
600,가장 이기고 싶을 땐 언제인가요?,가치관,2,2,1,0,1,0,0,1,1,1,t,0,0.6287779315430873,0.5386089410907318,0.7107874538169052,0.032276780921173066
620,"나와 가장 닮은 영화, 책, 드라마 속 인물은 누구인가요?",가치관,1,2,2,0,0,0,1,2,1,1,n,0,0.5554632831699932,0.42225907439326016,0.6811466194959515,0.28912368771500874
655,지니를 만난다면 빌고 싶은 세 가지 소원은 무엇인가요?,가치관,1,2,2,0,0,0,0,1,1,1,h,0,0.671847528036584,0.5708529888412559,0.7591040878640265,0.015427993799599488
680,내 감정을 완전히 다스리는 능력과 타인의 감정을 읽는 능력 중 뭐가 더 갖고 싶나요?,감정,2,2,1,0,1,0,0,1,1,1,c,0,0.5981720684788581,0.4970945919522106,0.6915404088539089,0.10096145671657797
682,10분 늦는 것과 20분 일찍 오는 것 중 뭐가 더 편한가요?,루틴,1,2,2,0,0,0,0,1,1,1,c,0,0.550697253689737,0.445365568732699,0.6516705302127512,0.2589597630449407
685,많은 시간과 많은 에너지 중 뭐가 더 좋은가요?,루틴,2,2,2,0,0,0,0,1,1,1,c,0,0.5156547395028351,0.4097204866781299,0.6202006226618294,0.41401869306470385
686,언제 죽을지와 어떻게 죽을지 중 뭐가 더 궁금한가요?,루틴,2,2,2,0,0,0,0,2,2,1,c,0,0.5009453968393299,0.39089228552029714,0.6109069812064641,0.4844102611091087
692,친구들에게 인정받는 것과 부모님께 인정받는 것 중 뭐가 더 중요한가요?,관계,2,2,2,0,0,0,0,2,1,2,c,0,0.37123942680302163,0.27260919889715485,0.48191238803223685,0.9275639907302696
723,전 애인과 밤새 술 마시는 것과 이성 친구와 단둘이 여행 가는 것 중 뭐가 더 불안한가요?,사랑,2,2,2,0,0,0,0,1,1,1,c,0,0.6153142729062535,0.5066184356476023,0.7136009094267901,0.08277134778200368
727,사랑을 찾는 것과 큰돈을 찾는 것 중 뭐가 더 중요한가요?,사랑,2,2,1,0,1,0,0,1,1,1,c,0,0.6079624482128975,0.49821303668402234,0.707786719643809,0.09862938200788335
733,지나간 첫사랑과 새로운 사랑 중 누가 더 끌리나요?,사랑,2,2,2,0,0,0,1,1,1,2,c,0,0.585522734291999,0.468496454378839,0.6936321146511375,0.16713687949819273
735,안 싸우는 무난한 연애와 부딪혀도 솔직한 연애 중 더 선호하는 것은 무엇인가요?,사랑,2,2,2,0,0,0,0,1,1,1,c,0,0.6153142728571049,0.5066184355636882,0.7136009094105298,0.08277134793470287
742,무너져가는 관계를 붙잡는 것과 정직하게 이별하는 것 중 뭐가 더 나은가요?,사랑,2,2,2,0,0,0,0,2,2,1,c,0,0.6012758029222065,0.4871730255467023,0.7053460143301589,0.12168144172021661
752,확실한 10억과 반반 확률의 50억 중 뭐가 더 나은가요?,가치관,2,2,2,0,0,0,0,1,1,1,c,0,0.5855879509905696,0.4896792293517801,0.6754194536484843,0.11949048544882707
761,평생 다달이 받는 200만 원과 지금 당장의 5억 중 뭐가 더 든든한가요?,가치관,2,2,1,0,1,0,0,1,1,1,c,0,0.5775094888880066,0.4806016205833396,0.6687968137877698,0.14479887403170005
775,짧더라도 부유한 삶과 길고 가난한 삶 중 뭐가 더 나에게 맞나요?,가치관,2,2,2,0,0,0,0,1,1,1,c,0,0.5855879509897896,0.48967922932150415,0.6754194536736358,0.11949048552251368
780,미리 허락을 구하는 것과 일단 저지르는 것 중 뭐가 더 편한가요?,가치관,1,2,2,0,0,0,0,1,1,1,c,0,0.619343778900555,0.5262211304801249,0.704443235506926,0.047745896309645625
797,역사에 이름을 남기는 삶과 행복한 평범함 중 뭐가 더 나은가요?,가치관,2,2,2,0,0,0,0,1,1,1,c,0,0.585587950983255,0.4896792293068178,0.6754194536747135,0.11949048555961816
810,싫은 상사와 일하는 것과 친한 동료와 떨어지는 것 중 뭐가 더 나은가요?,가치관,1,2,2,0,0,0,1,1,1,1,c,0,0.623458312196603,0.5254816084295334,0.7122816703741552,0.05070472661995313
831,경직돼도 공정한 법과 유연해서 가끔 불공정한 법 중 뭐가 더 옳다고 생각하나요?,가치관,2,2,0,0,2,0,0,2,1,1,c,0,0.5156819252044296,0.41599441135739307,0.6141369153343075,0.40846574286877535
833,과거를 바꾸는 능력과 미래를 보는 능력 중 뭐가 더 갖고 싶나요?,가치관,1,2,2,0,0,0,0,1,1,1,c,0,0.6193437789461465,0.5262211305467008,0.7044432355318536,0.047745896213145976
849,속마음을 다 말하는 것과 평생 입을 다무는 것 중 뭐가 더 나은가요?,가치관,2,2,1,0,1,0,0,1,1,1,c,0,0.5775094888909055,0.4806016205846034,0.6687968137919118,0.1447988740270279
859,늘 관심의 중심이 되는 것과 아무도 모르게 지내는 것 중 뭐가 더 끌리나요?,가치관,1,2,1,0,1,0,0,1,1,1,c,0,0.6121103560376223,0.5178185320468413,0.6986924375040422,0.06034689524959007
85,누군가에게 깊은 감동을 받았던 순간은 언제인가요?,감정,2,1,1,0,0,0,1,2,2,2,r,0,0.5599660956066872,0.44349987309917427,0.6701843144686324,0.24602521348298517
105,외출하기 전 꼭 챙기는 물건은 무엇인가요?,루틴,2,1,1,0,0,0,0,1,1,1,t,0,0.5592947982112859,0.4560887628453526,0.6576185695967677,0.2213966178859561
106,"식사 후에 습관적으로 하는 행동이 있다면, 어떤 건가요?",루틴,2,1,1,0,0,0,1,1,1,1,t,0,0.563669373217288,0.45580804287644955,0.6658257552942046,0.21576933483541288
107,하루 중 스마트폰을 가장 많이 보는 시간은 언제인가요?,루틴,2,1,1,0,0,0,0,1,1,1,t,0,0.5592947982261075,0.45608876284223693,0.657618569626674,0.22139661787069936
113,"스트레스가 쌓였을 때 나도 모르게 하는 행동이 있다면, 어떤 건가요?",루틴,2,1,1,0,0,0,1,1,2,2,t,0,0.5653757389767237,0.45177730521946885,0.6724989965817727,0.22181770127774153
126,"업무나 공부를 시작하기 전 마음을 가다듬는 행동이 있다면, 어떤 건가요?",루틴,2,1,1,0,0,0,2,1,1,1,t,0,0.3761135452794384,0.2797846430119716,0.48335002902769414,0.9260710812913175
131,망가진 하루를 바로잡는 나만의 방법은 무엇인가요?,루틴,2,1,0,0,1,0,1,2,2,1,t,0,0.539735004420374,0.42643918442787393,0.6490682198342022,0.3171402555737593
146,지루한 반복을 견디게 하는 생각은 무엇인가요?,루틴,2,1,1,0,0,0,0,2,1,1,t,0,0.5067826359209812,0.4024869876201663,0.6104912687950861,0.4552987575316044
152,고민이 있을 때 가장 먼저 생각나는 친구는 누구인가요?,관계,1,1,1,0,0,0,1,1,1,2,n,0,0.4305127205168241,0.29791917561852826,0.573881916482313,0.7254124859723897
160,연락처 목록에서 가장 의외의 인물은 누구인가요?,관계,2,1,0,0,1,0,0,1,1,1,n,0,0.41503622509138666,0.28828059091819125,0.5541323092120728,0.7769885295061963
161,사람들이 말하는 나의 첫인상은 어떤가요?,관계,2,1,1,0,0,0,1,1,1,1,t,0,0.5027407039983469,0.3941633540245463,0.611060177957805,0.47586031150931546
163,친구를 사귀 때 가장 중요하게 보는 점은 무엇인가요?,관계,2,1,0,0,1,0,0,1,1,1,t,0,0.48811232043744807,0.3838800111102027,0.5933887879637185,0.5451951924632576
173,진정한 친구는 몇 명이면 충분하다고 생각하나요?,관계,2,1,1,0,0,0,0,1,1,1,d,0,0.4010247648880195,0.2919308024325793,0.5208955447680074,0.8495393581031441
179,사람들과 어울리는 것과 혼자 있는 것 중 무엇이 더 좋나요?,관계,2,1,1,0,0,0,0,1,1,1,c,0,0.44494981865041994,0.34087195484797117,0.5540917008593678,0.731592603874951
182,오해가 생겼을 때 어떻게 대처하나요?,관계,2,1,0,0,1,0,0,2,2,1,t,0,0.4728415316995834,0.36494461307471576,0.5833363931505957,0.6120349669463935
188,"누군가에게 의도치 않게 상처를 준 적이 있다면, 어떤 일이었나요?",관계,2,1,1,0,0,0,2,2,3,3,r,0,0.24322288481234378,0.15537713715242454,0.3595895260303855,0.9951261547076853
207,나를 기억할 때 사람들이 떠올렸으면 하는 이미지는 무엇인가요?,관계,2,1,1,0,0,0,0,2,1,2,h,0,0.4150415198682397,0.30113038185878943,0.5388207726344768,0.8041232631606406
218,연애할 때 나의 연락 스타일은 어떤가요?,사랑,2,1,1,0,0,0,1,1,1,1,t,0,0.6617525879023483,0.5554145813253706,0.7539248370066363,0.02584381074947141
221,좋아하는 사람에게 주고 싶은 선물은 무엇인가요?,사랑,1,1,0,0,1,0,0,1,1,1,p,0,0.717555814191223,0.617361076770123,0.8000132651611966,0.003909477826190454
222,이상형과 실제 연인은 얼마나 닮았나요?,사랑,2,1,1,0,0,0,2,2,1,2,t,0,0.39011491547844085,0.28514547350647235,0.5063549512589479,0.882158828202738
230,사랑하는 사람이 슬플 때 나는 어떻게 대처하나요?,사랑,2,1,1,0,0,0,1,2,2,1,t,0,0.6481772808729899,0.535894981600616,0.7461619700925963,0.04426676986857718
236,나 자신을 사랑하는 방법은 무엇인가요?,사랑,2,1,1,0,0,0,0,2,1,1,t,0,0.6087071837374155,0.5010298859709948,0.7067481916692075,0.09299541180881538
237,사랑에 대해 내가 가진 가장 큰 두려움은 무엇인가요?,사랑,2,1,1,0,0,0,0,3,2,3,t,0,0.5233083542448684,0.3967964098288812,0.6468984245080321,0.39814047174760997
241,사랑이 변한다고 믿나요 아니면 사람이 변한다고 믿나요?,사랑,2,1,1,0,0,0,0,2,1,1,c,0,0.5566284118379314,0.4438224364436215,0.6638820566876057,0.2510227940556172
252,"지칠 때 힘이 되는 나만의 문장이 있다면, 어떤 문장인가요?",가치관,2,1,1,0,0,0,2,2,2,1,p,0,0.47012863968118074,0.3621200566169071,0.5810094072403121,0.6236309502900472
259,나를 가장 설레게 하는 단어는 무엇인가요?,가치관,1,1,1,0,0,0,0,2,1,1,p,0,0.6495927816162302,0.5529883217780738,0.735312807040888,0.02346534192813122
260,나의 좌우명은 무엇인가요?,가치관,2,1,1,0,0,0,1,1,1,1,d,0,0.537513050636114,0.42333023332093594,0.6478921230933319,0.3274900935143067
263,"매일 지키고 싶은 나만의 마음가짐이 있다면, 어떤 건가요?",가치관,2,1,1,0,0,0,2,2,1,1,t,0,0.3944631074522795,0.3022749675841487,0.49482724803855926,0.9058502993681156
267,사람들에게 보여주고 싶은 나의 모습은 무엇인가요?,가치관,2,1,1,0,0,0,0,2,1,2,t,0,0.5427528942943606,0.44462361010395907,0.6376729615761775,0.2776177312409934
273,나는 '직감'을 믿는 편인가요?,가치관,2,1,1,0,0,0,0,1,1,1,t,0,0.6287779314323872,0.5386089410121163,0.7107874536869503,0.03227678098252705
274,손해를 봐도 지키고 싶은 원칙은 무엇인가요?,가치관,2,1,0,0,1,0,0,2,1,1,d,0,0.4698424604446643,0.3605576707982943,0.5820977899720424,0.6233802831937658
276,죽음 너머에는 무엇이 기다리고 있다고 생각하나요?,가치관,2,1,1,0,0,0,0,3,2,1,d,0,0.46540335818902895,0.34971747913868045,0.5849348988788428,0.6340344267253425
279,100억이 생긴다면 내 삶의 목표가 바뀔까요?,가치관,2,1,1,0,0,0,0,2,1,1,h,0,0.5829449373816479,0.4722923962713797,0.6858294577591534,0.16083835247093242
295,"힘든 시간을 보내고 있는 사람에게, 어떤 말을 건네고 싶나요?",가치관,2,1,1,0,0,0,0,2,2,1,t,0,0.614660154157092,0.5180934169442848,0.702970284255031,0.060710923088767466
298,남과 나를 비교하게 될 때 어떤 생각이 드나요?,가치관,2,1,1,0,0,0,0,2,2,2,t,0,0.579964785951555,0.4789041545606421,0.674737500688299,0.1475917154483969
300,"내 인생에서 꼭 한 번은 경험하고 싶은 순간이 있다면, 어떤 건가요?",가치관,2,1,1,0,0,0,1,2,1,1,h,0,0.5872602717193107,0.4723311836740045,0.6934057857321695,0.15805180689617682
352,"나를 가장 잘 설명해주는 노래 한 소절이 있다면, 어떤 노래인가요?",감정,2,1,1,0,0,0,1,2,1,2,p,0,0.6064202496793777,0.49372926138210366,0.7088206827139144,0.10768275772436764
366,"마음이 무거울 때, 어떻게 행동하나요?",감정,2,1,1,0,0,0,0,1,2,1,t,0,0.6821827801836302,0.5885697775093046,0.7630702349653338,0.0072695430867603895
367,"이번 주에 아직 꺼내지 못한 감정이 있다면, 무엇인가요?",감정,2,1,0,0,1,2,2,2,2,3,o,0,0.13612684057401858,0.07473481053018687,0.23513432220037306,0.9997880304005314
376,"오늘 감정을 말로 설명하기 참 어려웠던 순간이 있다면, 어떤 때였나요?",감정,2,1,1,0,0,2,2,2,2,2,r,0,0.27385502085674246,0.183397403640359,0.3877441501622105,0.9914987966085386
379,가장 많이 울었던 날은 언제였나요?,감정,2,1,1,0,0,0,1,1,3,3,r,0,0.612850091997838,0.4838660757478698,0.727737725694225,0.12552761054925837
399,"울고 싶어도 꾹 참아야만 했던 순간, 주저하게 만든 건 무엇이었나요?",감정,2,1,0,0,1,0,2,2,3,3,r,0,0.3624390461026567,0.2493038558652234,0.4931857622133843,0.907095169190948
403,"밤에 갑자기 불안해진 적이 있다면, 어떤 생각이 찾아왔나요?",감정,2,1,1,0,0,0,2,2,3,3,r,0,0.37417644113640486,0.2593335955622636,0.5051880726958698,0.8865290789022028
414,아침형 인간인가요 저녁형 인간인가요?,루틴,1,1,1,0,0,0,0,1,1,1,c,0,0.5417930904218456,0.4357902498267265,0.6441429765944712,0.29667403888429245
420,약속 없는 휴일엔 무엇을 하나요?,루틴,1,1,1,0,0,0,0,1,1,1,t,0,0.5943336483324292,0.49312912515795326,0.6881114475611985,0.11001826234832252
422,"나도 모르게 반복하는, 조금 신경 쓰이는 버릇은 무엇인가요?",루틴,2,1,1,0,0,0,0,1,1,2,t,0,0.5234963357071936,0.4176740155298015,0.627250267518884,0.37738853180492155
426,오늘 나의 에너지를 가장 많이 잡아먹은 일은 무엇인가요?,루틴,2,1,0,0,1,2,1,1,1,1,r,0,0.39424572295788723,0.2817410662577091,0.5192009543637868,0.8559150005756784
429,요즘 내 삶에 기분 좋게 스며든 나만의 루틴은 무엇인가요?,루틴,2,1,1,0,0,1,1,1,1,1,t,1,0.4910874140186304,0.35792424497710373,0.6255274465341546,0.5240174806388708
431,오늘 하루 종일 가장 많이 반복한 행동은 무엇이었나요?,루틴,2,1,1,0,0,2,1,2,1,1,r,0,0.3559687023233515,0.24914139904448412,0.47935866975918157,0.9284456984352137
433,오늘 루틴 중에서 나를 칭찬해주고 싶은 순간은 무엇인가요?,루틴,2,1,1,0,0,2,2,1,1,1,r,0,0.2413268055829822,0.1604566207276891,0.34615049016853205,0.9978607440120596
436,계획보다 시간이 훨씬 더 오래 걸린 일은 무엇인가요?,루틴,2,1,1,0,0,0,1,1,1,1,r,0,0.5178524710900362,0.4045743799713238,0.6293248213880946,0.4099928402717194
441,몸을 움직이고 난 뒤의 기분은 어떤가요?,루틴,2,1,0,0,1,0,1,1,1,1,t,0,0.5548921362806976,0.4462064270580499,0.6585691875779324,0.24942941516890088
445,공부할 때 음악을 듣는 편인가요? 어떤 분위기의 음악인가요?,루틴,2,1,1,0,0,0,2,1,1,1,t,0,0.3761135452357724,0.27978464296446026,0.48335002899363333,0.9260710813443889
446,무언가에 한 번 몰입하면 집중력은 보통 얼마나 지속되나요?,루틴,2,1,1,0,0,0,0,1,1,1,t,0,0.5592947982101517,0.4560887628459756,0.6576185695941301,0.22139661788627052
460,"주변이 어수선할 때 그대로 두는 편인가요, 아니면 정리를 해야만 마음이 편해지나요?",루틴,2,1,1,0,0,0,0,1,1,1,c,0,0.506000094823238,0.39970814979853064,0.6117524039169678,0.4598668808502539
482,꿈을 자주 꾸나요?,루틴,2,1,1,0,0,0,0,1,1,1,t,0,0.5592947982382188,0.45608876285430205,0.6576185696378499,0.22139661782581666
486,잠들기 전 핸드폰을 얼마나 보나요?,루틴,2,1,1,0,0,0,0,1,1,1,t,0,0.5592947981870584,0.4560887628664405,0.6576185695333656,0.2213966178754087
491,오늘 충분히 휴식했나요?,루틴,2,1,1,0,0,2,0,1,1,1,o,0,0.25819534060764043,0.1578057140809618,0.3926723421686098,0.9847559149128223
505,친구들이 말하는 나는 어떤 사람인가요?,관계,1,1,0,0,1,0,0,1,1,1,t,0,0.5246873863383537,0.4202393850409121,0.6270192869880851,0.3702556908036165
506,"나만 노력하는 것 같은 관계가 있다면, 어떤 관계인가요?",관계,2,1,0,0,1,0,2,2,3,3,t,0,0.2674469617938644,0.17544294076270725,0.3851616037677,0.9910664001397358
510,실망해도 기회를 또 주는 편인가요?,관계,2,1,1,0,0,0,0,1,1,1,t,0,0.49830276648177524,0.39435557115670594,0.6023968799862109,0.49627903613495383
514,"요즘 가장 신경쓰이는 사람이 있다면, 어떤 이유인가요?",관계,2,1,1,0,0,1,2,2,2,3,n,0,0.18419010918353007,0.10431134525930877,0.304446382723895,0.9978952264500333
522,사람들과 더 가까워지는 걸 방해하는 게 있다면요?,관계,2,1,0,0,1,0,1,2,2,2,t,0,0.44084825389994053,0.32929778334386167,0.5587085551713878,0.7312332803073396
527,지금 내 곁에서 가장 소중하게 느껴지는 사람은 누구인가요?,관계,2,1,0,0,1,1,0,1,1,1,n,0,0.3919103917674753,0.26108593255710016,0.5403505524304937,0.8200785227986697
540,나에게 상처를 줬지만 덕분에 강해진 경험이 있나요?,관계,2,1,1,0,0,0,2,2,3,3,r,0,0.2432228849254151,0.15537713727971403,0.359589526089952,0.995126154711027
549,"내가 자란 환경에서 바꾸 수 있다면, 뭘 바꾸고 싶나요?",관계,2,1,1,0,0,0,0,2,2,2,h,0,0.45216306490735236,0.3315673858225833,0.5786502343429317,0.6766258952115328
556,사랑에 빠지는 것과 사랑을 유지하는 것 중 무엇이 더 어려운가요?,사랑,2,1,1,0,0,0,0,2,1,1,c,0,0.5566284118094467,0.4438224364331143,0.6638820566455941,0.251022794125204
570,"이상형 중 특이한 조건이 있다면, 어떤 건가요?",사랑,1,1,1,0,0,0,1,1,1,1,p,0,0.725769523132698,0.6234925895058002,0.8087839739760208,0.003601741023423942
572,살면서 가장 설레었던 추억은 무엇인가요?,사랑,1,1,1,0,0,0,1,1,1,2,r,0,0.6190675884633307,0.5017770447810148,0.7239373015245113,0.09224540613886067
579,나의 생각과 감정 중 뭘 더 믿나요?,가치관,2,1,1,0,0,0,0,2,1,1,c,0,0.5253228903071734,0.42626366172727953,0.6224284203124916,0.3602598292248165
584,삶에서 놓치고 있는 게 있다면 무엇인가요?,가치관,2,1,1,0,0,0,0,3,2,2,t,0,0.5278316645145898,0.4208744759105261,0.632293429868123,0.35904375453740145
590,"과거에 받은 상처 중 아직 아물지 않은 게 있다면, 어떤 건가요?",가치관,2,1,0,0,1,0,2,2,3,3,r,0,0.3426030490748797,0.2359980964744992,0.46787318862162014,0.9421121873307989
601,"겉과 속이 다를 때, 나는 어떤 마음인가요?",가치관,2,1,1,0,0,0,0,2,2,2,t,0,0.579964786068213,0.4789041546398517,0.6747375008288361,0.14759171519642234
611,사람은 변할 수 있다고 생각하나요?,가치관,2,1,1,0,0,0,0,1,1,1,d,0,0.5330951293855799,0.4233340192427494,0.6397433544839726,0.3396919760568614
614,절대 되고 싶지 않은 사람의 모습은 무엇인가요?,가치관,2,1,1,0,0,0,0,2,1,1,d,0,0.480361725314869,0.37106070897947036,0.5915754393812085,0.5777537481801456
616,"자존심 때문에 놓친 게 있다면, 어떤 건가요?",가치관,2,1,1,0,0,0,2,2,2,2,r,0,0.35285008116419747,0.25658914911039093,0.4627449894729989,0.9527796219407664
621,5년 뒤 나는 어떤 사람이 되어 있을까요?,가치관,2,1,1,0,0,0,0,2,1,1,h,0,0.5829449374528262,0.4722923963111328,0.6858294578509506,0.16083835233777977
624,이번 주가 나에게 조용히 건네준 교훈은 무엇인가요?,가치관,2,1,1,0,0,2,1,3,1,1,r,1,0.32887470777444566,0.21873774350148883,0.46169505533782457,0.9463572436832235
639,내가 꿈꾸는 진짜 멋진 나는 어떤 사람인가요?,가치관,2,1,1,0,0,0,0,2,1,1,h,0,0.5829449374877407,0.4722923963295362,0.6858294578969272,0.16083835227485271
642,오늘 겪은 시련이나 실수에서 찾은 뜻밖의 배움은 무엇이었나요?,가치관,2,1,1,0,0,2,2,2,2,2,r,0,0.2571743290447785,0.17306342545545572,0.3641620971380343,0.9962694703453784
651,세상 누구든 한 명과 저녁을 먹을 수 있다면 누구를 고르겠어요?,가치관,1,1,1,0,0,0,0,1,1,1,h,0,0.665965606306905,0.5637009112497718,0.7546914729677358,0.019337275049120306
652,인생에서 가장 감사하다고 느끼는 것은 무엇인가요?,가치관,2,1,1,0,0,0,0,2,1,1,d,0,0.4803617253174421,0.371060708994522,0.5915754393706067,0.5777537481778955
653,"능력과 상관없이 하고 싶은 직업이 있다면, 어떤 건가요?",가치관,2,1,1,0,0,0,0,1,1,1,h,0,0.6332557285734552,0.526907580464672,0.7280367679896296,0.05204746424510921
658,믿는 미신이 있다면 무엇인가요?,가치관,2,1,1,0,0,0,2,1,1,1,t,0,0.4458780537531027,0.3504710844009998,0.54544686298488,0.7470939920094861
702,모든 게 공유되는 세상과 모든 게 비밀인 세상 중 뭐가 더 편안한가요?,관계,2,1,0,0,1,0,0,2,1,1,c,0,0.3819216483994555,0.2828710305111496,0.4918669975069665,0.9109028483841632
708,힘든 순간에 곁을 지키는 것과 좋은 순간을 축하하는 것 중 더 중요한 건 뭐라고 생각하나요?,관계,2,1,1,0,0,0,0,2,1,1,c,0,0.3935612539091517,0.2935443095431029,0.5033744164767946,0.8877128042022631
712,편안한 우정과 나를 성장시키는 우정 중 뭐가 더 끌리나요?,관계,2,1,0,0,1,0,0,1,1,1,c,0,0.4338706299845331,0.33014417809304825,0.5437331103300113,0.7715071166895117
717,내 뜻대로 하는 힘과 모두에게 믿음받는 것 중 뭐가 더 나은가요?,관계,2,1,0,0,1,0,0,2,1,1,c,0,0.3819216483994555,0.2828710305111496,0.4918669975069665,0.9109028483841632
724,연인과 유머 코드가 맞는 것과 사회 이슈에 화나는 포인트가 비슷한 것 중 뭐가 더 중요한가요?,사랑,2,1,1,0,0,0,0,1,1,1,c,0,0.607962448278556,0.4982130367328845,0.707786719717336,0.09862938191052878
729,질투 많은 연인과 질투가 없는 연인 중 누가 더 좋은가요?,사랑,2,1,1,0,0,0,0,1,1,1,c,0,0.6079624482383892,0.49821303670218264,0.707786719673026,0.09862938197171406
731,말 없이도 알아채 주길 바라는 것과 명확히 말하는 것 중 뭐가 더 편한가요?,사랑,1,1,1,0,0,0,0,1,1,1,c,0,0.6416360761629697,0.5352372383865723,0.7357046526194434,0.04269190826006147
743,대화를 주도하는 것과 경청하는 것 중 뭐가 더 편한가요?,가치관,1,1,1,0,0,0,0,1,1,1,c,0,0.6121103561569573,0.5178185321149499,0.6986924376582356,0.060346895160212015
748,바쁘지만 성장하는 회사와 여유롭지만 성장 없는 회사 중 뭐가 더 나은가요?,가치관,2,1,1,0,0,0,1,1,1,1,c,0,0.5818398025278961,0.48004134010441885,0.6771135307040642,0.1439241024656378
758,돈을 빚지는 것과 부탁을 빚지는 것 중 뭐가 더 부담스러운가요?,가치관,1,1,1,0,0,0,0,1,1,1,c,0,0.6121103560968706,0.5178185320803267,0.6986924375808752,0.060346895205852104
762,한 사람을 깊이 돕는 것과 백 명을 조금씩 돕는 것 중 뭐가 더 의미 있나요?,가치관,2,1,0,0,1,0,0,2,1,1,c,0,0.5156819252044296,0.41599441135739307,0.6141369153343075,0.40846574286877535
779,촘촘한 계획과 순간의 마음을 따르는 것 중 뭐가 더 나에게 맞나요?,가치관,1,1,1,0,0,0,0,1,1,1,c,0,0.6121103562255472,0.5178185321591626,0.6986924377425895,0.06034689509905089
781,다수를 위한 희생과 내 행복 중 뭐가 더 우선인가요?,가치관,2,1,1,0,0,0,0,2,1,1,c,0,0.5253228902989638,0.4262636617422021,0.6224284202826773,0.3602598292328787
782,위험해도 자유로운 것과 안전을 위해 참는 것 중 뭐가 더 나에게 맞나요?,가치관,2,1,1,0,0,0,0,1,1,1,c,0,0.577509488862952,0.48060162057646066,0.6687968137483825,0.14479887406207048
788,남의 조언을 받아들이는 것과 내 판단만 믿는 것 중 뭐가 더 나은가요?,가치관,1,1,0,0,1,0,0,1,1,1,c,0,0.6045503305969909,0.5090238087331405,0.6927108817415368,0.07589000400963387
790,번 돈은 저축하는 것과 아낌없이 쓰는 것 중 뭐가 더 나다운가요?,가치관,1,1,1,0,0,0,0,1,1,1,c,0,0.6121103561041437,0.5178185320844395,0.6986924375903051,0.0603468952004786
791,항상 솔직히 말하는 것과 돌려 말하는 것 중 뭐가 더 나에게 맞나요?,가치관,2,1,1,0,0,0,0,1,1,1,c,0,0.5775094888096559,0.48060162056773,0.6687968136593604,0.1447988741120611
795,열정 넘치는 삶과 평온한 삶 중 뭐가 더 끌리나요?,가치관,2,1,1,0,0,0,0,1,1,1,c,0,0.5775094888129643,0.48060162056826,0.6687968136648971,0.1447988741089874
796,지금 가진 것에 만족하는 것과 더 원하는 것 중 뭐가 더 나다운가요?,가치관,2,1,1,0,0,0,0,1,1,1,c,0,0.5775094888689006,0.48060162057770733,0.6687968137580771,0.14479887405581687
813,인생의 목적을 지금 아는 것과 서서히 깨닫는 것 중 뭐가 더 나은가요?,가치관,2,1,1,0,0,0,0,2,1,1,c,0,0.5253228903110513,0.4262636617204545,0.6224284203263596,0.3602598292207006
815,죽는 날짜를 아는 것과 모르는 것 중 뭐가 더 편안한가요?,가치관,2,1,1,0,0,0,0,2,2,1,c,0,0.5628056286416616,0.4603374845057139,0.6601801166088149,0.20690389895007455
818,다 기억하는 삶과 원할 때 잊는 삶 중 뭐가 더 좋은가요?,가치관,2,1,1,0,0,0,0,1,1,1,c,0,0.5775094888783127,0.48060162058005834,0.6687968137730802,0.1447988740449852
819,사람들의 속마음을 아는 것과 모르는 것 중 뭐가 더 편안한가요?,가치관,2,1,1,0,0,0,0,1,1,1,c,0,0.5775094888978507,0.4806016205885214,0.6687968138010455,0.14479887401363
821,두려움을 없애는 것과 강점을 키우는 것 중 뭐가 더 끌리나요?,가치관,2,1,1,0,0,0,0,1,1,1,c,0,0.57750948891824,0.48060162065780526,0.6687968137765863,0.14479887383124102
834,기억 없이 행복한 삶과 힘들어도 다 기억하는 삶 중 뭐가 더 끌리나요?,가치관,2,1,1,0,0,0,0,2,1,1,c,0,0.525322890293062,0.4262636617524873,0.6224284202616694,0.36025982923928246
837,아이 같은 순수한 시선과 어른의 지혜 중 뭐가 더 갖고 싶나요?,가치관,2,1,0,0,1,0,0,1,1,1,c,0,0.5690734405739141,0.47112565248063387,0.6618993045633531,0.1743001750684956
838,완벽해도 가짜인 삶과 평범해도 진짜인 삶 중 뭐가 더 나은가요?,가치관,2,1,1,0,0,0,0,1,1,1,c,0,0.5775094887792913,0.48060162056209854,0.6687968136092246,0.1447988741421699
845,10년의 감옥살이와 20년의 혼수상태 중 뭐가 더 견딜 만한가요?,가치관,2,1,0,0,1,0,0,1,2,1,c,0,0.6064022587756225,0.5063385586402058,0.6982698742206807,0.08188021363118264
857,야생에서 사는 것과 감옥에서 사는 것 중 뭐가 덜 힘든가요?,가치관,2,1,1,0,0,0,0,1,1,1,c,0,0.5775094888063251,0.48060162056718664,0.6687968136537948,0.14479887411517978
862,생명을 만드는 힘과 없애는 힘 중 뭐가 더 부담스럽나요?,가치관,2,1,0,0,1,0,0,2,1,1,c,0,0.5156819252044296,0.41599441135739307,0.6141369153343075,0.40846574286877535
870,세상을 바꾸려 애쓰는 것과 있는 그대로 받아들이는 것 중 뭐가 더 나에게 맞나요?,가치관,2,1,1,0,0,0,0,2,1,1,c,0,0.525322890308584,0.42626366172473207,0.6224284203175985,0.36025982922340805
5,"계절이 바뀌 때 기억나는 냄새가 있다면, 어떤 냄새인가요?",취향,2,0,0,0,0,0,1,2,1,1,r,0,0.45287732512661516,0.34680709286680067,0.563406855258667,0.6974806157393225
88,"최근에 나의 한계를 느꼈던 적이 있다면, 어떤 순간이었나요?",감정,2,0,0,0,0,1,2,2,3,3,r,0,0.34053780701166014,0.2243452007876537,0.47969234091552243,0.9249957487719456
101,아침에 일어나면 가장 먼저 무엇을 하나요?,루틴,1,0,0,0,0,0,0,1,1,1,t,0,0.586313126081256,0.48401668601278375,0.681667233653522,0.13272129664805898
102,"매일 밤 자기 전 꼭 지키는 습관이 있다면, 어떤 건가요?",루틴,2,0,0,0,0,0,2,1,1,1,t,0,0.36435809781261497,0.2691473345760489,0.471520002702304,0.9433312503987836
103,하루 중 에너지가 가장 넘치는 시간은 언제인가요?,루틴,2,0,0,0,0,0,0,1,1,1,t,0,0.5504168443437913,0.44636478477947333,0.6502366537999412,0.25749333050031875
118,"하루 일정을 정리하는 나만의 도구가 있다면, 어떤 건가요?",루틴,2,0,0,0,0,0,2,1,1,1,t,0,0.36435809781261497,0.2691473345760489,0.471520002702304,0.9433312503987836
135,"화난 마음을 가라앉히는 나만의 루틴이 있다면, 어떤 건가요?",루틴,2,0,0,0,0,0,2,1,2,1,t,0,0.40074644830399986,0.2980584014700032,0.5129593517523722,0.8659554866777492
136,"매일 일기를 쓰거나 기록을 남기는 습관이 있다면, 어떤 방식인가요?",루틴,2,0,0,0,0,0,2,1,1,1,t,0,0.36435809781261497,0.2691473345760489,0.471520002702304,0.9433312503987836
137,잠이 오지 않을 때 몸을 편하게 만드는 방법은 무엇인가요?,루틴,2,0,0,0,0,0,0,1,1,1,t,0,0.5504168443437913,0.44636478477947333,0.6502366537999412,0.25749333050031875
142,평생 지키고 싶은 단 하나의 습관은 무엇인가요?,루틴,2,0,0,0,0,0,0,2,1,1,p,0,0.5368977284439101,0.4247188710056004,0.6454619956893453,0.3271103788272316
144,남들이 보는 나는 어떤 사람일까요?,루틴,2,0,0,0,0,0,0,2,1,2,t,0,0.4600727448253506,0.3549608718711076,0.5688605691735001,0.6701052169843861
153,"만났을 때 기운을 얻게 되는 사람이 있다면, 누구인가요?",관계,2,0,0,0,0,0,1,1,1,2,n,0,0.3841043252959662,0.25815995935161995,0.5277782334403978,0.8450874733333555
154,같이 밥 먹을 때 가장 편한 사람은 누구인가요?,관계,1,0,0,0,0,0,0,1,1,1,n,0,0.4509595366315171,0.32003183332636265,0.5890492601518083,0.6664906060776234
158,"나를 웃게 만드는 재주가 있는 친구가 있다면, 어떤 사람인가요?",관계,2,0,0,0,0,0,2,1,1,1,n,0,0.24935834876306442,0.156927890042685,0.37219571667049917,0.9921656917197593
164,반대되는 성격의 사람과도 잘 지내는 편인가요?,관계,2,0,0,0,0,0,0,1,1,1,t,0,0.48811232043744807,0.3838800111102027,0.5933887879637185,0.5451951924632576
166,서운한 점이 있을 때 솔직하게 말하는 편인가요?,관계,2,0,0,0,0,0,0,1,2,2,t,0,0.489876711971489,0.37997737038791934,0.6007633875687518,0.5348308570334428
168,다른 사람에게 내 이야기를 어디까지 털어놓나요?,관계,2,0,0,0,0,0,0,2,1,2,t,0,0.39892062427307773,0.2984474286960394,0.5086923648208388,0.8755397584069474
172,거절을 해야 할 때 어떤 마음이 드나요?,관계,2,0,0,0,0,0,0,2,2,2,t,0,0.4363909747553278,0.329101621793252,0.549984149102198,0.7551003563630341
177,누군가에게 실망했을 때 어떤 태도를 취하나요?,관계,2,0,0,0,0,0,0,2,2,2,t,0,0.4363909747553278,0.329101621793252,0.549984149102198,0.7551003563630341
185,"사람들 사이에서 소외감을 느꼈던 적이 있다면, 어떤 상황이었나요?",관계,2,0,0,0,0,0,2,2,3,3,r,0,0.2322118812429714,0.14732625559379373,0.3461513709229084,0.9966853033336074
187,소중한 관계를 지키기 위해 어떤 노력을 하나요?,관계,2,0,0,0,0,0,0,2,1,1,t,0,0.4346550825762186,0.3326740689603616,0.5424845396765342,0.7729191061413391
194,나의 약한 모습을 보여주는 게 두려운가요?,관계,2,0,0,0,0,0,0,2,3,3,t,0,0.4381284269561714,0.3167806394512425,0.5673590015897104,0.7220593005808755
195,가장 오래된 인연과의 추억 중 하나는 무엇인가요?,관계,2,0,0,0,0,0,1,1,1,2,r,0,0.40980100825625154,0.3008032355840317,0.5284441887896438,0.8290074588426294
201,사람들 속에서 내 진짜 모습은 어떤가요?,관계,2,0,0,0,0,0,0,3,2,2,t,1,0.33794154772177754,0.2287970222647562,0.4675841690534909,0.9412059271933115
203,나를 가장 화나게 하는 말은 무엇인가요?,관계,2,0,0,0,0,0,0,1,2,2,t,0,0.489876711971489,0.37997737038791934,0.6007633875687518,0.5348308570334428
208,관계에서 가장 힘든 순간은 어떤 때인가요?,관계,2,0,0,0,0,0,0,2,2,2,t,0,0.4363909747553278,0.329101621793252,0.549984149102198,0.7551003563630341
210,지금 내 주변 인연들에 대해 점수를 매긴다면?,관계,2,0,0,0,0,1,0,2,2,2,o,0,0.23016652669837306,0.13499867747512448,0.364177919164306,0.9908816005552684
217,설렘의 유통기한은 언제까지라고 생각하나요?,사랑,2,0,0,0,0,0,0,2,1,1,d,0,0.501946712240482,0.37914455314482537,0.624514458961294,0.48199375990661325
220,가장 기억에 남는 고백의 순간은 언제인가요?,사랑,1,0,0,0,0,0,2,1,1,2,r,0,0.4200319885633575,0.30803476106344957,0.5409180189102499,0.7949331771294481
224,질투심이 들 때 나는 어떻게 반응하나요?,사랑,2,0,0,0,0,0,0,2,2,2,t,0,0.6027386860846317,0.4883166412899983,0.7069301454362723,0.11906890735655329
226,내가 생각하는 '좋은 연인'은 어떤 사람인가요?,사랑,2,0,0,0,0,0,0,2,1,1,d,0,0.501946712240482,0.37914455314482537,0.624514458961294,0.48199375990661325
233,오래된 연인들의 편안함과 설렘 중 무엇이 더 좋은가요?,사랑,2,0,0,0,0,0,0,1,1,1,c,0,0.6002808521965727,0.489435528936232,0.701726965412808,0.11720164651743675
235,이별을 통해 배운 가장 큰 깨달음은 무엇인가요?,사랑,2,0,0,0,0,0,2,2,3,3,r,0,0.37211551216897304,0.2518249074771872,0.5106481938909231,0.8775363934210554
239,사랑하는 사람을 위해 어디까지 양보할 수 있나요?,사랑,2,0,0,0,0,0,0,2,2,2,t,0,0.6027386860846317,0.4883166412899983,0.7069301454362723,0.11906890735655329
240,연애세포가 되살아나는 순간은 언제인가요?,사랑,2,0,0,0,0,0,0,1,1,1,t,0,0.6513893819728994,0.5478243159345335,0.7423885168594055,0.030165901844662262
244,나에게 사랑은 '선택'인가요 아니면 '운명'인가요?,사랑,2,0,0,0,0,0,0,2,1,1,c,0,0.5476826376715578,0.4341657254507896,0.6564465959169176,0.28597802360885494
245,"사랑하는 사람 때문에 내가 바뀐 점이 있다면, 어떤 건가요?",사랑,2,0,0,0,0,0,2,2,2,2,r,0,0.3704672374188907,0.26147622904518747,0.494471261120306,0.9053256931733434
248,내 인생에서 사랑이 차지하는 비중은 몇 퍼센트쯤일까요?,사랑,2,0,0,0,0,0,0,2,1,1,d,0,0.501946712240482,0.37914455314482537,0.624514458961294,0.48199375990661325
250,내가 생각하는 '좋은 파트너'란 어떤 사람인가요?,사랑,2,0,0,0,0,0,0,2,1,1,d,0,0.501946712240482,0.37914455314482537,0.624514458961294,0.48199375990661325
265,나를 가장 성장시켰던 어려움은 무엇인가요?,가치관,2,0,0,0,0,0,1,3,3,3,r,0,0.4774942724760919,0.3482319588738999,0.6098430098666286,0.5759529424402912
266,내가 생각하는 '성실하다'는 건 어떤 건가요?,가치관,2,0,0,0,0,0,0,2,1,1,d,0,0.4698424604446643,0.3605576707982943,0.5820977899720424,0.6233802831937658
269,가장 큰 용기를 냈던 순간은 언제인가요?,가치관,2,0,0,0,0,0,1,2,2,2,r,0,0.5295103521746722,0.41675229779243084,0.6393346381810375,0.3589713800482548
270,나에게 '약속'은 어떤 무게인가요?,가치관,2,0,0,0,0,0,0,3,1,1,d,1,0.36878436528574515,0.25417051177998173,0.5004051935379521,0.8951334724404489
282,인생에서 가장 큰 영향을 준 사건은 무엇인가요?,가치관,2,0,0,0,0,0,1,2,2,2,r,0,0.5295103521746722,0.41675229779243084,0.6393346381810375,0.3589713800482548
286,다시 태어난다면 어떤 사람으로 살고 싶나요?,가치관,2,0,0,0,0,0,0,2,1,1,h,0,0.574632589240703,0.4630454216697337,0.6791010134529885,0.1875564742067407
292,내가 생각하는 '사회적 책임'이란 무엇인가요?,가치관,2,0,0,0,0,0,0,3,1,1,d,0,0.41675707238688053,0.30796665462091655,0.534306522450914,0.81136423458728
358,"오늘 내 마음이 회색빛처럼 흐릿했던 때가 있다면, 어떤 순간이었나요?",감정,2,0,0,0,0,2,2,2,2,2,r,1,0.22532535224408098,0.13995249804913756,0.3420637382516788,0.996566637884627
418,오래 쓰는 물건에 정이 드는 편인가요?,루틴,2,0,0,0,0,0,0,1,1,1,t,0,0.5504168443437913,0.44636478477947333,0.6502366537999412,0.25749333050031875
427,오늘 몸이 가장 바쁘게 움직였던 시간은 언제인가요?,루틴,2,0,0,0,0,2,1,1,1,1,r,0,0.39424572295788723,0.2817410662577091,0.5192009543637868,0.8559150005756784
432,오늘은 하루를 계획적으로 보냈나요 아니면 즉흥적으로 보냈나요?,루틴,2,0,0,0,0,2,0,1,1,1,c,0,0.3827553314510869,0.2769248100179147,0.5010070322925048,0.8933715028250824
437,"손이 안 가서 끝까지 붙잡고 있었던 일이 있다면, 어떤 건가요?",루틴,2,0,0,0,0,0,2,2,1,1,r,1,0.2384119067486399,0.15439818699088498,0.34925892894697985,0.9969047925507303
438,"운동을 시작하게 된 계기가 있다면, 어떤 건가요?",루틴,2,0,0,0,0,0,2,1,1,1,r,0,0.32196691600998384,0.22946526098556164,0.430904569725408,0.9782332388892518
440,운동이 나에게 주는 가장 큰 선물은 무엇인가요?,루틴,2,0,0,0,0,0,2,2,1,1,t,0,0.31608516281157917,0.22764302865017025,0.4201944172232783,0.9850269406612511
444,어디서 공부하는 게 가장 잘 되나요?,루틴,1,0,0,0,0,0,2,1,1,1,t,0,0.3988860815116126,0.29988983967739136,0.5069008845314167,0.8793809914573825
447,"여러 일을 동시에 챙기는 편인가요, 아니면 하나에 깊이 몰입하는 편인가요?",루틴,2,0,0,0,0,0,0,1,1,1,c,0,0.49595971775203773,0.38934226074620715,0.6029458856798495,0.5074222462227473
448,공부하다 막히면 어떻게 하나요?,루틴,2,0,0,0,0,0,2,1,1,1,t,0,0.36435809781261497,0.2691473345760489,0.471520002702304,0.9433312503987836
451,"번아웃이 온 적이 있다면, 어떤 상황에서였나요?",루틴,2,0,0,0,0,0,2,2,3,3,r,0,0.27970027357914,0.18244246691647067,0.40323322376723364,0.9848347538503246
457,물건을 잘 버리는 편인가요? 버릴 때 기준이 있다면 어떤 건가요?,루틴,2,0,0,0,0,0,1,1,1,1,t,0,0.5548921362806976,0.4462064270580499,0.6585691875779324,0.24942941516890088
459,지금 내 방 상태가 어떤가요?,루틴,2,0,0,0,0,1,0,1,1,1,t,0,0.5265375746972465,0.4098945026590046,0.640354198817189,0.3759339944420233
462,"지금 당장 버리고 싶은 것이 있다면, 어떤 건가요?",루틴,2,0,0,0,0,1,1,1,1,1,o,0,0.32495518001527063,0.20305145753889972,0.47630452153779856,0.9268604225531636
466,"운동 후에 꼭 하는 것이 있다면, 어떤 건가요?",루틴,2,0,0,0,0,0,2,1,1,1,t,0,0.36435809781261497,0.2691473345760489,0.471520002702304,0.9433312503987836
468,운동하면서 나 자신에 대해 알게 된 점이 있나요?,루틴,2,0,0,0,0,0,2,2,1,1,t,0,0.31608516281157917,0.22764302865017025,0.4201944172232783,0.9850269406612511
477,나에게 '돈'이란 한마디로 무엇인가요?,루틴,2,0,0,0,0,0,0,2,1,1,d,0,0.39771141453247005,0.2885170943744796,0.5181362758518986,0.8565423476165099
478,"돈 때문에 고민했던 경험이 있다면, 어떤 상황이었나요?",루틴,2,0,0,0,0,0,2,2,3,3,r,0,0.27970027357914,0.18244246691647067,0.40323322376723364,0.9848347538503246
492,"오늘 일과 삶의 균형을 위해 노력한 게 있다면, 어떤 건가요?",루틴,2,0,0,0,0,2,2,2,1,1,r,0,0.1943828645447554,0.12568108123662175,0.2882578858933596,0.9997619152288644
496,"상대의 약한 모습을 알게 되면 더 가까워진 느낌인가요, 부담스러운가요?",관계,2,0,0,0,0,0,0,2,1,1,c,0,0.3819216483994555,0.2828710305111496,0.4918669975069665,0.9109028483841632
498,어떤 연락 스타일을 갖고 있나요?,관계,2,0,0,0,0,0,0,1,1,1,t,0,0.48811232043744807,0.3838800111102027,0.5933887879637185,0.5451951924632576
502,사람들과의 관계가 가장 크게 바뀌었던 순간은 언제인가요?,관계,2,0,0,0,0,0,1,2,2,2,r,0,0.39508924108121046,0.28450399731331455,0.5175653080950597,0.8587242835411449
511,다수 의견이랑 다를 때 말하는 편인가요?,관계,2,0,0,0,0,0,0,1,1,1,t,0,0.48811232043744807,0.3838800111102027,0.5933887879637185,0.5451951924632576
517,"나 자신과 했던 약속 중 아직 유효한 게 있다면, 어떤 건가요?",관계,2,0,0,0,0,0,2,2,1,2,t,0,0.2370687418350812,0.1628927262100791,0.33164037754844944,0.9992468500664571
518,"오늘 누군가에게 ""고마워""라고 말하고 싶었나요?",관계,2,0,0,0,0,2,0,1,1,1,o,0,0.2034755885285752,0.12014466168548892,0.32336232354388517,0.9972161964851641
530,"오늘 내가 먼저 용기 내어 다가간 적이 있다면, 어떤 순간이었나요?",관계,2,0,0,0,0,2,2,1,2,2,r,0,0.1901079223175074,0.12059722564706013,0.2866252174102332,0.9997007796256795
532,"가장 가까운 사람에게 꼭 전하고 싶은 말이 있다면, 어떤 말인가요?",관계,2,0,0,0,0,0,1,2,2,2,o,0,0.251022909943486,0.15200580752669243,0.3852381334773131,0.9867419606197215
533,"이번 주, 존재만으로도 감사했던 사람이 있었나요?",관계,2,0,0,0,0,2,1,1,1,1,n,0,0.31285830871094555,0.198054701534917,0.4563406965630541,0.9482119064820427
534,"""조금 더 다정하게 말할걸"" 하고 후회되는 순간은 언제인가요?",관계,2,0,0,0,0,0,1,2,2,2,r,0,0.39508924108121046,0.28450399731331455,0.5175653080950597,0.8587242835411449
538,"다시 잡고 싶은 인연이 있다면, 어떤 사이였나요?",관계,2,0,0,0,0,0,2,2,3,3,r,0,0.2322118812429714,0.14732625559379373,0.3461513709229084,0.9966853033336074
544,나에게 우정이란 어떤 의미인가요?,관계,2,0,0,0,0,0,0,3,1,1,d,0,0.2931263219581616,0.1987408637295344,0.40943198159321514,0.9850149685743023
545,소중한 사람에게 아직 전하지 못한 고마운 말이 있나요?,관계,2,0,0,0,0,0,1,2,2,2,o,0,0.251022909943486,0.15200580752669243,0.3852381334773131,0.9867419606197215
566,"처음엔 별로였는데 나중에 좋아진 적이 있다면, 어떤 경험이었나요?",사랑,2,0,0,0,0,0,2,1,1,1,r,0,0.4202005075527648,0.3094905934048204,0.5395673955758719,0.7973856741423129
580,"바꾸고 싶은 나의 모습이 있다면, 어떤 건가요?",가치관,2,0,0,0,0,0,1,2,2,2,t,0,0.576013103426598,0.4692762640668046,0.6760998949740409,0.17262645483884242
585,"나에게 엄격한 편인가요, 관대한 편인가요?",가치관,2,0,0,0,0,0,0,1,1,1,c,0,0.5690734405739141,0.47112565248063387,0.6618993045633531,0.1743001750684956
592,좋아하는 일과 잘하는 일 중 어느 쪽을 직업으로 삼고 싶나요?,가치관,2,0,0,0,0,0,0,2,1,1,c,0,0.5156819252044296,0.41599441135739307,0.6141369153343075,0.40846574286877535
599,모두에게 이로운 거짓말은 괜찮다고 생각하나요?,가치관,2,0,0,0,0,0,0,2,1,1,d,0,0.4698424604446643,0.3605576707982943,0.5820977899720424,0.6233802831937658
603,TV에 나온다면 어떤 일로 나오게 될 것 같나요?,가치관,1,0,0,0,0,0,0,2,1,1,h,0,0.6099654901274977,0.5007434172017239,0.7091708829039622,0.09364576916648776
604,최근에 가장 기억에 남는 뉴스는 뭔가요?,가치관,2,0,0,0,0,1,1,1,1,1,r,0,0.5573308465091442,0.43899523648607125,0.6694975873008346,0.25872085201811856
609,회피하고 있는게 있다면 무엇인가요?,가치관,2,0,0,0,0,0,1,2,2,3,t,0,0.5397525554535925,0.4245627266970272,0.6508468110281923,0.3199088689838794
626,오늘 나를 움직이게 한 가장 큰 동력은 무엇인가요?,가치관,2,0,0,0,0,2,1,2,1,1,r,1,0.36541781004154505,0.25048768403879806,0.49804054409572085,0.899169236760753
627,시간을 되돌린다면 오늘을 어떻게 다르게 살까요?,가치관,2,0,0,0,0,2,0,2,2,2,h,0,0.46160834581132953,0.3385686443947951,0.5895100645117766,0.639755828407923
631,지난 7일을 되돌아보면 머릿속을 스치는 단어는 무엇인가요?,가치관,2,0,0,0,0,1,0,2,1,1,r,0,0.4992277016351682,0.38493267461314484,0.6136034963352369,0.492562654778192
633,"오늘 나의 원칙을 잘 지켜냈다면, 어떤 방식으로 지켰나요?",가치관,2,0,0,0,0,2,2,2,1,1,r,0,0.24461434118022915,0.16627417154007054,0.34460831381649243,0.9984374154202561
636,이번 주에 얻은 가장 값진 인생의 힌트는 무엇인가요?,가치관,2,0,0,0,0,2,1,3,1,1,r,1,0.31707451079659554,0.2092874592080473,0.4488614042664546,0.9579374407243239
638,가보지 않은 길에 대한 미련을 지우는 나만의 방식은 무엇인가요?,가치관,2,0,0,0,0,0,1,3,2,2,t,0,0.5227603407777315,0.4107604731394925,0.6325172613735841,0.38731417715907146
654,가장 좋아하는 문장은 무엇인가요?,가치관,2,0,0,0,0,0,1,1,1,1,p,0,0.6627377589777425,0.5625453960451536,0.7501735814929286,0.019153076154812175
660,인생의 마지막에 무엇을 남기고 싶나요?,가치관,2,0,0,0,0,0,0,3,2,1,h,0,0.559614174393018,0.43982728409162725,0.6728394579449463,0.25333398762146797
690,명절엔 가족과 있는 것과 친구들과 있는 것 중 뭐가 더 편한가요?,관계,1,0,0,0,0,0,0,1,1,1,c,0,0.47011401036740486,0.3643827506346846,0.5785974632689317,0.6263882973533259
693,가족의 마음과 대중의 평가 중 뭐가 더 중요한가요?,관계,2,0,0,0,0,0,0,2,1,1,c,0,0.3819216483994555,0.2828710305111496,0.4918669975069665,0.9109028483841632
694,좋은 친구가 많지만 가난한 삶과 친구 없이 부유한 삶 중 뭐가 더 괜찮은가요?,관계,2,0,0,0,0,0,0,1,1,1,c,0,0.4338706299845331,0.33014417809304825,0.5437331103300113,0.7715071166895117
697,연애는 SNS에 공개하는 것과 비공개로 두는 것 중 뭐가 더 편한가요?,관계,1,0,0,0,0,0,1,1,1,1,c,0,0.4746256710602426,0.36441539503141585,0.5873646670793188,0.6020068120335048
698,친구가 내 실수를 솔직하게 말해주는 것과 그냥 넘어가 주는 것 중 뭐가 더 나은가요?,관계,1,0,0,0,0,0,0,1,1,1,c,0,0.47011401036740486,0.3643827506346846,0.5785974632689317,0.6263882973533259
707,로또에 당첨되면 누구에게까지 알릴 건가요?,관계,2,0,0,0,0,0,0,1,1,1,h,0,0.4929887270567799,0.3745891768621912,0.612179988350994,0.5191815661130547
737,연인이 내 모든 걸 아는 것과 모르는 것 중 뭐가 더 좋은가요?,사랑,2,0,0,0,0,0,0,1,1,1,c,0,0.6002808521965727,0.489435528936232,0.701726965412808,0.11720164651743675
747,칭찬받을 때와 싫은 소리를 들을 때 중 언제 일이 더 잘되나요?,가치관,2,0,0,0,0,0,1,1,1,1,c,0,0.5735069199628742,0.470694305182865,0.6703359745301728,0.1714490034185357
751,배울 게 많은 상사와 편한 상사 중 누가 더 좋은가요?,가치관,2,0,0,0,0,0,1,1,1,1,c,0,0.5735069199628742,0.470694305182865,0.6703359745301728,0.1714490034185357
755,존중하는 상사의 힘든 일과 무관심한 상사의 편한 일 중 뭐가 더 나은가요?,가치관,2,0,0,0,0,0,1,1,1,1,c,0,0.5735069199628742,0.470694305182865,0.6703359745301728,0.1714490034185357
756,아무도 몰라주는 최고와 존경받는 평범함 중 뭐가 더 만족스러운가요?,가치관,2,0,0,0,0,0,0,2,1,1,c,0,0.5156819252044296,0.41599441135739307,0.6141369153343075,0.40846574286877535
765,짓지 않은 죄로 4년간 옥살이하는 것과 죄를 짓고 평생 불안하게 사는 것 중 뭐가 더 괴로운가요?,가치관,2,0,0,0,0,0,0,2,2,1,c,0,0.5540110850886133,0.45066251215457737,0.6528919269998765,0.2418231112673152
767,보람 있게 열심히 일하는 삶과 편한 삶 중 뭐가 더 값진가요?,가치관,2,0,0,0,0,0,0,1,1,1,c,0,0.5690734405739141,0.47112565248063387,0.6618993045633531,0.1743001750684956
768,거저 받은 20억과 스스로 일군 50억 중 뭐가 더 값진가요?,가치관,2,0,0,0,0,0,0,1,1,1,c,0,0.5690734405739141,0.47112565248063387,0.6618993045633531,0.1743001750684956
769,세상 문제에 책임감을 느끼는 삶과 신경 쓰지 않고 즐기는 삶 중 뭐가 더 나다운가요?,가치관,2,0,0,0,0,0,0,2,1,1,c,0,0.5156819252044296,0.41599441135739307,0.6141369153343075,0.40846574286877535
772,크게 이룬 것 없는 만족스러운 삶과 이루고도 불만족스러운 삶 중 뭐가 더 나은가요?,가치관,2,0,0,0,0,0,0,2,1,1,c,0,0.5156819252044296,0.41599441135739307,0.6141369153343075,0.40846574286877535
776,자유의지로 선택한 결과와 정해진 운명 중 뭐가 더 맞다고 믿나요?,가치관,2,0,0,0,0,0,0,2,1,1,c,0,0.5156819252044296,0.41599441135739307,0.6141369153343075,0.40846574286877535
784,한곳에 정착하는 삶과 계속 떠도는 삶 중 뭐가 더 어울리나요?,가치관,1,0,0,0,0,0,0,1,1,1,c,0,0.6045503305969909,0.5090238087331405,0.6927108817415368,0.07589000400963387
787,학교에서 배운 것과 직접 부딪힌 경험 중 뭐가 더 크게 남나요?,가치관,2,0,0,0,0,0,1,1,1,1,c,0,0.5735069199628742,0.470694305182865,0.6703359745301728,0.1714490034185357
793,돈은 하나로 합치는 것과 각자 독립을 지키는 것 중 뭐가 더 편한가요?,가치관,2,0,0,0,0,0,1,1,1,1,c,0,0.5735069199628742,0.470694305182865,0.6703359745301728,0.1714490034185357
804,연봉이 두 배로 오르는 것과 1년 유급 휴가 중 뭐가 더 좋은가요?,가치관,2,0,0,0,0,0,0,1,1,1,c,0,0.5690734405739141,0.47112565248063387,0.6618993045633531,0.1743001750684956
806,혼자 일하는 것과 팀으로 일하는 것 중 뭐가 더 잘 맞나요?,가치관,2,0,0,0,0,0,0,1,1,1,c,0,0.5690734405739141,0.47112565248063387,0.6618993045633531,0.1743001750684956
809,자유로운 프리랜서와 안정적인 직장인 중 누가 더 나에게 가깝나요?,가치관,2,0,0,0,0,0,0,1,1,1,c,0,0.5690734405739141,0.47112565248063387,0.6618993045633531,0.1743001750684956
817,100년 전 과거와 100년 후 미래 중 뭐가 더 궁금한가요?,가치관,1,0,0,0,0,0,0,1,1,1,c,0,0.6045503305969909,0.5090238087331405,0.6927108817415368,0.07589000400963387
832,의미 없는 큰 성공과 좋아하는 일로 이룬 성공 중 뭐가 더 끌리나요?,가치관,2,0,0,0,0,0,0,1,1,1,c,0,0.5690734405739141,0.47112565248063387,0.6618993045633531,0.1743001750684956
840,"하나를 잃어야 한다면, 재산을 잃는 것과 기억을 잃는 것 중 뭐가 덜 두렵나요?",가치관,2,0,0,0,0,0,0,1,1,1,c,0,0.5690734405739141,0.47112565248063387,0.6618993045633531,0.1743001750684956
847,친절한 사람으로 남는 것과 똑똑한 사람으로 남는 것 중 뭐가 더 좋은가요?,가치관,1,0,0,0,0,0,0,1,1,1,c,0,0.6045503305969909,0.5090238087331405,0.6927108817415368,0.07589000400963387
851,지금의 삶을 이어가는 것과 처음부터 다시 시작하는 것 중 뭐가 더 마음 편한가요?,가치관,2,0,0,0,0,0,0,2,1,1,c,0,0.5156819252044296,0.41599441135739307,0.6141369153343075,0.40846574286877535
852,항상 이해받는 것과 인정받는 것 중 뭐가 더 좋은가요?,가치관,2,0,0,0,0,0,0,1,1,1,c,0,0.5690734405739141,0.47112565248063387,0.6618993045633531,0.1743001750684956
854,항상 진실만 말하는 것과 남의 거짓말을 알아채는 것 중 뭐가 더 나은가요?,가치관,2,0,0,0,0,0,0,1,1,1,c,0,0.5690734405739141,0.47112565248063387,0.6618993045633531,0.1743001750684956
858,모든 걸 너무 진지하게 받아들이는 사람과 아무것도 진지하게 여기지 않는 사람 중 어떤 쪽이 되고 싶나요?,가치관,2,0,0,0,0,0,0,1,1,1,c,0,0.5690734405739141,0.47112565248063387,0.6618993045633531,0.1743001750684956
872,선택지가 너무 많은 것과 하나의 길만 걷는 것 중 뭐가 더 답답한가요?,가치관,2,0,0,0,0,0,0,1,1,1,c,0,0.5690734405739141,0.47112565248063387,0.6618993045633531,0.1743001750684956
